visibility_score,visibility_label,swell_band,forecast_issued_at_utc,lead_time_hours,location,valid_time_utc,valid_time_local,wind_speed_kmh,wind_dir_deg,wind_gust_kmh,rainfall_mm,swell_height_m,swell_period_s,swell_dir_deg,wave_height_m,wind_wave_height_m,current_velocity_kmh,current_dir_deg,sea_level_height_m,sea_surface_temp_c,chlorophyll_mg_m3,chlorophyll_source,notes
88.3,Excellent,Amazing,2026-10-08T12:41:38Z,0,Williamstown,2026-10-08T13:00:00Z,2026-10-09T00:00,10.5,31,13.3,0.0,0.12,9.95,211,0.16,0.06,0.3,225,-0.2,15.5,,unavailable (no satellite pass / dataset error),
88.8,Excellent,Amazing,2026-10-08T12:41:38Z,1,Williamstown,2026-10-08T14:00:00Z,2026-10-09T01:00,10.2,31,13.7,0.0,0.1,9.4,210,0.14,0.06,0.3,225,-0.31,15.4,,unavailable (no satellite pass / dataset error),
88.8,Excellent,Amazing,2026-10-08T12:41:38Z,2,Williamstown,2026-10-08T15:00:00Z,2026-10-09T02:00,10.2,31,13.7,0.0,0.1,9.0,210,0.14,0.06,0.3,225,-0.35,15.4,,unavailable (no satellite pass / dataset error),
89.1,Excellent,Amazing,2026-10-08T12:41:38Z,3,Williamstown,2026-10-08T16:00:00Z,2026-10-09T03:00,9.9,25,13.7,0.0,0.1,8.9,210,0.16,0.08,0.2,270,-0.29,15.4,,unavailable (no satellite pass / dataset error),
89.5,Excellent,Amazing,2026-10-08T12:41:38Z,4,Williamstown,2026-10-08T17:00:00Z,2026-10-09T04:00,9.4,17,13.0,0.0,0.08,9.0,210,0.16,0.08,0.2,270,-0.17,15.3,,unavailable (no satellite pass / dataset error),
89.2,Excellent,Amazing,2026-10-08T12:41:38Z,5,Williamstown,2026-10-08T18:00:00Z,2026-10-09T05:00,9.6,21,12.2,0.0,0.08,9.25,210,0.18,0.1,0.2,270,-0.05,15.3,,unavailable (no satellite pass / dataset error),
87.1,Excellent,Amazing,2026-10-08T12:41:38Z,6,Williamstown,2026-10-08T19:00:00Z,2026-10-09T06:00,11.4,21,14.8,0.0,0.1,9.85,211,0.2,0.14,0.3,225,0.09,15.3,,unavailable (no satellite pass / dataset error),
85.9,Excellent,Amazing,2026-10-08T12:41:38Z,7,Williamstown,2026-10-08T20:00:00Z,2026-10-09T07:00,12.5,18,16.9,0.0,0.1,10.6,213,0.22,0.16,0.3,225,0.22,15.3,,unavailable (no satellite pass / dataset error),
84.1,Excellent,Amazing,2026-10-08T12:41:38Z,8,Williamstown,2026-10-08T21:00:00Z,2026-10-09T08:00,14.3,18,18.7,0.0,0.12,11.2,214,0.24,0.2,0.3,225,0.28,15.3,,unavailable (no satellite pass / dataset error),
80.1,Excellent,Amazing,2026-10-08T12:41:38Z,9,Williamstown,2026-10-08T22:00:00Z,2026-10-09T09:00,18.1,23,23.8,0.0,0.12,11.4,214,0.28,0.24,0.4,207,0.24,15.4,,unavailable (no satellite pass / dataset error),
77.9,Good,Amazing,2026-10-08T12:41:38Z,10,Williamstown,2026-10-08T23:00:00Z,2026-10-09T10:00,19.9,18,23.8,0.0,0.12,11.45,214,0.34,0.3,0.4,207,0.15,15.4,,unavailable (no satellite pass / dataset error),
72.3,Good,Amazing,2026-10-08T12:41:38Z,11,Williamstown,2026-10-09T00:00:00Z,2026-10-09T11:00,25.7,13,32.0,0.0,0.12,11.45,214,0.38,0.34,0.4,207,0.08,15.4,,unavailable (no satellite pass / dataset error),
73.2,Good,Amazing,2026-10-08T12:41:38Z,12,Williamstown,2026-10-09T01:00:00Z,2026-10-09T12:00,24.5,14,32.4,0.0,0.12,11.5,214,0.4,0.36,0.4,207,0.01,15.5,,unavailable (no satellite pass / dataset error),
72.4,Good,Amazing,2026-10-08T12:41:38Z,13,Williamstown,2026-10-09T02:00:00Z,2026-10-09T13:00,24.9,10,30.2,0.0,0.12,11.55,215,0.44,0.4,0.4,207,-0.09,15.5,,unavailable (no satellite pass / dataset error),
72.1,Good,Amazing,2026-10-08T12:41:38Z,14,Williamstown,2026-10-09T03:00:00Z,2026-10-09T14:00,25.1,4,31.0,0.0,0.12,11.55,215,0.46,0.42,0.4,207,-0.17,15.6,,unavailable (no satellite pass / dataset error),
73.7,Good,Amazing,2026-10-08T12:41:38Z,15,Williamstown,2026-10-09T04:00:00Z,2026-10-09T15:00,23.3,5,30.6,0.0,0.12,11.55,215,0.46,0.42,0.4,207,-0.16,15.7,,unavailable (no satellite pass / dataset error),
75.0,Good,Amazing,2026-10-08T12:41:38Z,16,Williamstown,2026-10-09T05:00:00Z,2026-10-09T16:00,22.0,8,27.7,0.0,0.12,11.5,215,0.44,0.42,0.4,207,-0.08,15.7,,unavailable (no satellite pass / dataset error),
74.4,Good,Amazing,2026-10-08T12:41:38Z,17,Williamstown,2026-10-09T06:00:00Z,2026-10-09T17:00,22.7,11,28.1,0.0,0.12,11.5,215,0.44,0.42,0.4,207,0.0,15.8,,unavailable (no satellite pass / dataset error),
75.5,Good,Amazing,2026-10-08T12:41:38Z,18,Williamstown,2026-10-09T07:00:00Z,2026-10-09T18:00,22.2,20,28.1,0.0,0.12,11.75,215,0.4,0.38,0.3,225,0.08,15.8,,unavailable (no satellite pass / dataset error),
79.1,Good,Amazing,2026-10-08T12:41:38Z,19,Williamstown,2026-10-09T08:00:00Z,2026-10-09T19:00,18.4,28,26.3,0.0,0.12,11.95,215,0.38,0.36,0.3,225,0.19,15.8,,unavailable (no satellite pass / dataset error),
80.5,Excellent,Amazing,2026-10-08T12:41:38Z,20,Williamstown,2026-10-09T09:00:00Z,2026-10-09T20:00,17.2,28,21.6,0.0,0.12,11.5,215,0.34,0.32,0.3,225,0.28,15.8,,unavailable (no satellite pass / dataset error),
80.0,Excellent,Amazing,2026-10-08T12:41:38Z,21,Williamstown,2026-10-09T10:00:00Z,2026-10-09T21:00,18.3,28,21.2,0.0,0.12,9.6,155,0.3,0.26,0.3,225,0.27,15.8,,unavailable (no satellite pass / dataset error),
81.5,Excellent,Amazing,2026-10-08T12:41:38Z,22,Williamstown,2026-10-09T11:00:00Z,2026-10-09T22:00,16.8,10,22.0,0.0,0.14,7.05,96,0.28,0.22,0.3,225,0.22,15.8,,unavailable (no satellite pass / dataset error),
82.5,Excellent,Amazing,2026-10-08T12:41:38Z,23,Williamstown,2026-10-09T12:00:00Z,2026-10-09T23:00,16.4,335,19.8,0.0,0.14,5.25,36,0.24,0.16,0.2,180,0.17,15.8,,unavailable (no satellite pass / dataset error),
83.0,Excellent,Amazing,2026-10-08T12:41:38Z,24,Williamstown,2026-10-09T13:00:00Z,2026-10-10T00:00,15.8,322,23.8,0.0,0.14,5.0,32,0.24,0.18,0.2,180,0.13,15.8,,unavailable (no satellite pass / dataset error),
86.0,Excellent,Amazing,2026-10-08T12:41:38Z,25,Williamstown,2026-10-09T14:00:00Z,2026-10-10T01:00,12.2,343,18.4,0.0,0.12,5.55,27,0.26,0.22,0.2,180,0.08,15.8,,unavailable (no satellite pass / dataset error),
85.0,Excellent,Amazing,2026-10-08T12:41:38Z,26,Williamstown,2026-10-09T15:00:00Z,2026-10-10T02:00,13.4,345,15.8,0.0,0.12,6.1,23,0.26,0.24,0.2,180,0.01,15.7,,unavailable (no satellite pass / dataset error),
85.1,Excellent,Amazing,2026-10-08T12:41:38Z,27,Williamstown,2026-10-09T16:00:00Z,2026-10-10T03:00,13.3,339,16.6,0.1,0.12,6.25,329,0.24,0.18,0.2,180,-0.01,15.7,,unavailable (no satellite pass / dataset error),
90.0,Excellent,Amazing,2026-10-08T12:41:38Z,28,Williamstown,2026-10-09T17:00:00Z,2026-10-10T04:00,8.8,337,15.5,0.0,0.1,6.4,276,0.2,0.14,0.0,90,0.08,15.7,,unavailable (no satellite pass / dataset error),
90.6,Excellent,Amazing,2026-10-08T12:41:38Z,29,Williamstown,2026-10-09T18:00:00Z,2026-10-10T05:00,8.4,335,10.1,0.0,0.1,6.95,222,0.18,0.08,0.0,90,0.18,15.7,,unavailable (no satellite pass / dataset error),
89.9,Excellent,Amazing,2026-10-08T12:41:38Z,30,Williamstown,2026-10-09T19:00:00Z,2026-10-10T06:00,9.4,288,10.4,0.0,0.1,8.25,220,0.16,0.08,0.0,90,0.27,15.7,,unavailable (no satellite pass / dataset error),
85.9,Excellent,Amazing,2026-10-08T12:41:38Z,31,Williamstown,2026-10-09T20:00:00Z,2026-10-10T07:00,13.9,271,17.3,0.0,0.1,9.95,218,0.16,0.1,0.0,90,0.38,15.7,,unavailable (no satellite pass / dataset error),
87.6,Excellent,Amazing,2026-10-08T12:41:38Z,32,Williamstown,2026-10-09T21:00:00Z,2026-10-10T08:00,11.7,291,17.3,0.0,0.1,11.1,216,0.14,0.1,0.2,90,0.48,15.7,,unavailable (no satellite pass / dataset error),
84.8,Excellent,Amazing,2026-10-08T12:41:38Z,33,Williamstown,2026-10-09T22:00:00Z,2026-10-10T09:00,14.6,292,18.4,0.0,0.1,11.55,216,0.16,0.14,0.2,90,0.51,15.7,,unavailable (no satellite pass / dataset error),
82.4,Excellent,Amazing,2026-10-08T12:41:38Z,34,Williamstown,2026-10-09T23:00:00Z,2026-10-10T10:00,16.8,283,20.5,0.0,0.1,11.45,217,0.2,0.16,0.2,90,0.46,15.7,,unavailable (no satellite pass / dataset error),
82.2,Excellent,Amazing,2026-10-08T12:41:38Z,35,Williamstown,2026-10-10T00:00:00Z,2026-10-10T11:00,16.8,286,21.6,0.0,0.1,10.65,217,0.22,0.2,0.2,90,0.36,15.8,,unavailable (no satellite pass / dataset error),
81.3,Excellent,Amazing,2026-10-08T12:41:38Z,36,Williamstown,2026-10-10T01:00:00Z,2026-10-10T12:00,17.6,297,21.2,0.0,0.12,8.55,224,0.24,0.2,0.2,90,0.29,15.8,,unavailable (no satellite pass / dataset error),
80.6,Excellent,Amazing,2026-10-08T12:41:38Z,37,Williamstown,2026-10-10T02:00:00Z,2026-10-10T13:00,17.9,294,23.0,0.0,0.12,5.75,230,0.28,0.22,0.2,90,0.19,15.9,,unavailable (no satellite pass / dataset error),
82.0,Excellent,Amazing,2026-10-08T12:41:38Z,38,Williamstown,2026-10-10T03:00:00Z,2026-10-10T14:00,16.1,284,21.6,0.0,0.14,3.65,237,0.3,0.22,0.2,90,0.07,16.0,,unavailable (no satellite pass / dataset error),
80.8,Excellent,Amazing,2026-10-08T12:41:38Z,39,Williamstown,2026-10-10T04:00:00Z,2026-10-10T15:00,17.2,288,20.5,0.0,0.14,2.95,234,0.3,0.2,0.3,45,-0.03,16.1,,unavailable (no satellite pass / dataset error),
80.0,Excellent,Amazing,2026-10-08T12:41:38Z,40,Williamstown,2026-10-10T05:00:00Z,2026-10-10T16:00,18.3,287,21.6,0.0,0.14,2.95,231,0.28,0.2,0.3,45,-0.03,16.1,,unavailable (no satellite pass / dataset error),
81.3,Excellent,Amazing,2026-10-08T12:41:38Z,41,Williamstown,2026-10-10T06:00:00Z,2026-10-10T17:00,16.9,292,22.0,0.0,0.14,3.2,228,0.28,0.18,0.3,45,0.02,16.2,,unavailable (no satellite pass / dataset error),
83.1,Excellent,Amazing,2026-10-08T12:41:38Z,42,Williamstown,2026-10-10T07:00:00Z,2026-10-10T18:00,15.1,298,19.8,0.0,0.14,3.6,232,0.26,0.16,0.3,45,0.07,16.2,,unavailable (no satellite pass / dataset error),
86.0,Excellent,Amazing,2026-10-08T12:41:38Z,43,Williamstown,2026-10-10T08:00:00Z,2026-10-10T19:00,12.1,297,17.6,0.0,0.12,4.25,237,0.26,0.16,0.2,0,0.14,16.2,,unavailable (no satellite pass / dataset error),
89.2,Excellent,Amazing,2026-10-08T12:41:38Z,44,Williamstown,2026-10-10T09:00:00Z,2026-10-10T20:00,9.3,311,13.7,0.0,0.12,4.65,241,0.24,0.14,0.0,90,0.22,16.1,,unavailable (no satellite pass / dataset error),
88.9,Excellent,Amazing,2026-10-08T12:41:38Z,45,Williamstown,2026-10-10T10:00:00Z,2026-10-10T21:00,9.8,319,11.2,0.0,0.12,4.6,234,0.22,0.1,0.0,90,0.27,16.1,,unavailable (no satellite pass / dataset error),
89.3,Excellent,Amazing,2026-10-08T12:41:38Z,46,Williamstown,2026-10-10T11:00:00Z,2026-10-10T22:00,9.6,332,11.5,0.0,0.12,4.3,227,0.2,0.06,0.0,90,0.24,16.1,,unavailable (no satellite pass / dataset error),
89.9,Excellent,Amazing,2026-10-08T12:41:38Z,47,Williamstown,2026-10-10T12:00:00Z,2026-10-10T23:00,9.2,332,11.5,0.0,0.12,4.05,220,0.18,0.02,0.0,90,0.18,16.0,,unavailable (no satellite pass / dataset error),
91.3,Excellent,Amazing,2026-10-08T12:41:38Z,48,Williamstown,2026-10-10T13:00:00Z,2026-10-11T00:00,7.6,315,11.2,0.0,0.12,4.0,219,0.18,0.02,0.0,90,0.14,16.0,,unavailable (no satellite pass / dataset error),
93.3,Excellent,Amazing,2026-10-08T12:41:38Z,49,Williamstown,2026-10-10T14:00:00Z,2026-10-11T01:00,5.4,323,9.4,0.0,0.14,3.95,218,0.18,0.0,0.0,90,0.11,16.0,,unavailable (no satellite pass / dataset error),
93.8,Excellent,Amazing,2026-10-08T12:41:38Z,50,Williamstown,2026-10-10T15:00:00Z,2026-10-11T02:00,4.8,340,6.5,0.0,0.14,3.95,217,0.18,0.0,0.0,90,0.06,16.0,,unavailable (no satellite pass / dataset error),
94.3,Excellent,Amazing,2026-10-08T12:41:38Z,51,Williamstown,2026-10-10T16:00:00Z,2026-10-11T03:00,4.4,339,6.5,0.0,0.14,3.8,215,0.18,0.0,0.0,90,0.0,15.9,,unavailable (no satellite pass / dataset error),
93.6,Excellent,Amazing,2026-10-08T12:41:38Z,52,Williamstown,2026-10-10T17:00:00Z,2026-10-11T04:00,5.1,343,7.9,0.0,0.14,3.7,214,0.18,0.0,0.0,90,-0.01,15.9,,unavailable (no satellite pass / dataset error),
93.3,Excellent,Amazing,2026-10-08T12:41:38Z,53,Williamstown,2026-10-10T18:00:00Z,2026-10-11T05:00,5.5,347,9.0,0.0,0.14,3.95,212,0.18,0.0,0.0,90,0.04,15.9,,unavailable (no satellite pass / dataset error),
92.8,Excellent,Amazing,2026-10-08T12:41:38Z,54,Williamstown,2026-10-10T19:00:00Z,2026-10-11T06:00,6.1,358,10.1,0.0,0.14,4.95,214,0.18,0.0,0.0,90,0.11,15.9,,unavailable (no satellite pass / dataset error),
92.2,Excellent,Amazing,2026-10-08T12:41:38Z,55,Williamstown,2026-10-10T20:00:00Z,2026-10-11T07:00,6.5,8,10.4,0.0,0.12,6.3,217,0.2,0.0,0.0,90,0.17,16.0,,unavailable (no satellite pass / dataset error),
93.2,Excellent,Amazing,2026-10-08T12:41:38Z,56,Williamstown,2026-10-10T21:00:00Z,2026-10-11T08:00,5.4,21,10.4,0.0,0.12,7.3,219,0.2,0.0,0.0,90,0.25,16.0,,unavailable (no satellite pass / dataset error),
94.1,Excellent,Amazing,2026-10-08T12:41:38Z,57,Williamstown,2026-10-10T22:00:00Z,2026-10-11T09:00,4.4,35,9.0,0.0,0.12,7.55,216,0.2,0.0,0.0,90,0.33,16.0,,unavailable (no satellite pass / dataset error),
88.3,Excellent,Amazing,2026-10-08T12:41:38Z,58,Williamstown,2026-10-10T23:00:00Z,2026-10-11T10:00,10.3,359,10.4,0.0,0.14,7.45,213,0.2,0.02,0.2,180,0.33,16.1,,unavailable (no satellite pass / dataset error),
79.9,Good,Amazing,2026-10-08T12:41:38Z,59,Williamstown,2026-10-11T00:00:00Z,2026-10-11T11:00,19.7,352,22.7,0.0,0.14,7.35,210,0.2,0.02,0.2,180,0.26,16.1,,unavailable (no satellite pass / dataset error),
77.9,Good,Amazing,2026-10-08T12:41:38Z,60,Williamstown,2026-10-11T01:00:00Z,2026-10-11T12:00,21.5,354,27.0,0.0,0.14,7.3,210,0.2,0.04,0.4,180,0.18,16.2,,unavailable (no satellite pass / dataset error),
77.0,Good,Amazing,2026-10-08T12:41:38Z,61,Williamstown,2026-10-11T02:00:00Z,2026-10-11T13:00,22.3,353,27.0,0.0,0.14,7.3,210,0.22,0.08,0.4,180,0.12,16.2,,unavailable (no satellite pass / dataset error),
77.0,Good,Amazing,2026-10-08T12:41:38Z,62,Williamstown,2026-10-11T03:00:00Z,2026-10-11T14:00,22.0,350,27.0,0.0,0.14,7.65,210,0.22,0.1,0.5,180,0.03,16.3,,unavailable (no satellite pass / dataset error),
75.0,Good,Amazing,2026-10-08T12:41:38Z,63,Williamstown,2026-10-11T04:00:00Z,2026-10-11T15:00,23.3,349,28.1,0.0,0.14,8.8,213,0.28,0.16,0.6,162,-0.09,16.3,,unavailable (no satellite pass / dataset error),
74.6,Good,Amazing,2026-10-08T12:41:38Z,64,Williamstown,2026-10-11T05:00:00Z,2026-10-11T16:00,23.3,345,29.2,0.0,0.16,10.3,217,0.32,0.24,0.6,162,-0.18,16.4,,unavailable (no satellite pass / dataset error),
74.8,Good,Amazing,2026-10-08T12:41:38Z,65,Williamstown,2026-10-11T06:00:00Z,2026-10-11T17:00,22.9,347,29.5,0.0,0.16,11.35,220,0.38,0.3,0.4,153,-0.2,16.4,,unavailable (no satellite pass / dataset error),
75.9,Good,Amazing,2026-10-08T12:41:38Z,66,Williamstown,2026-10-11T07:00:00Z,2026-10-11T18:00,21.9,6,29.2,0.0,0.16,11.55,220,0.36,0.28,0.4,153,-0.17,16.4,,unavailable (no satellite pass / dataset error),
79.7,Good,Amazing,2026-10-08T12:41:38Z,67,Williamstown,2026-10-11T08:00:00Z,2026-10-11T19:00,18.2,8,26.6,0.0,0.16,11.35,219,0.36,0.28,0.2,180,-0.13,16.4,,unavailable (no satellite pass / dataset error),
80.7,Excellent,Amazing,2026-10-08T12:41:38Z,68,Williamstown,2026-10-11T09:00:00Z,2026-10-11T20:00,17.3,4,21.6,0.0,0.16,11.1,219,0.34,0.26,0.2,180,-0.07,16.3,,unavailable (no satellite pass / dataset error),
81.6,Excellent,Amazing,2026-10-08T12:41:38Z,69,Williamstown,2026-10-11T10:00:00Z,2026-10-11T21:00,16.1,6,20.5,0.0,0.16,11.0,219,0.36,0.3,0.2,180,0.03,16.3,,unavailable (no satellite pass / dataset error),
79.6,Good,Amazing,2026-10-08T12:41:38Z,70,Williamstown,2026-10-11T11:00:00Z,2026-10-11T22:00,17.8,353,20.9,0.0,0.14,10.85,219,0.4,0.34,0.2,180,0.09,16.3,,unavailable (no satellite pass / dataset error),
74.8,Good,Amazing,2026-10-08T12:41:38Z,71,Williamstown,2026-10-11T12:00:00Z,2026-10-11T23:00,22.5,357,27.0,0.0,0.14,10.8,219,0.42,0.38,0.4,180,0.08,16.2,,unavailable (no satellite pass / dataset error),
74.4,Good,Amazing,2026-10-08T12:41:38Z,72,Williamstown,2026-10-11T13:00:00Z,2026-10-12T00:00,22.9,1,29.2,0.0,0.14,10.95,219,0.42,0.38,0.4,180,0.05,16.2,,unavailable (no satellite pass / dataset error),
74.4,Good,Amazing,2026-10-08T12:41:38Z,73,Williamstown,2026-10-11T14:00:00Z,2026-10-12T01:00,22.9,358,28.4,0.0,0.14,11.15,218,0.42,0.4,0.4,180,0.06,16.2,,unavailable (no satellite pass / dataset error),
74.1,Good,Amazing,2026-10-08T12:41:38Z,74,Williamstown,2026-10-11T15:00:00Z,2026-10-12T02:00,23.3,355,29.2,0.0,0.14,11.25,218,0.42,0.4,0.4,180,0.08,16.2,,unavailable (no satellite pass / dataset error),
75.8,Good,Amazing,2026-10-08T12:41:38Z,75,Williamstown,2026-10-11T16:00:00Z,2026-10-12T03:00,22.3,353,31.0,0.0,0.14,11.1,218,0.38,0.36,0.2,180,0.07,16.1,,unavailable (no satellite pass / dataset error),
79.7,Good,Amazing,2026-10-08T12:41:38Z,76,Williamstown,2026-10-11T17:00:00Z,2026-10-12T04:00,17.9,336,28.1,0.2,0.12,10.8,218,0.36,0.3,0.2,180,0.05,16.1,,unavailable (no satellite pass / dataset error),
86.2,Excellent,Amazing,2026-10-08T12:41:38Z,77,Williamstown,2026-10-11T18:00:00Z,2026-10-12T05:00,9.0,20,22.3,1.5,0.12,10.65,218,0.32,0.26,0.2,180,0.1,16.1,,unavailable (no satellite pass / dataset error),
87.9,Excellent,Amazing,2026-10-08T12:41:38Z,78,Williamstown,2026-10-11T19:00:00Z,2026-10-12T06:00,8.0,346,13.3,0.0,0.12,10.8,218,0.28,0.2,0.0,90,0.18,16.1,,unavailable (no satellite pass / dataset error),
87.3,Excellent,Amazing,2026-10-08T12:41:38Z,79,Williamstown,2026-10-11T20:00:00Z,2026-10-12T07:00,7.7,319,9.0,0.9,0.12,11.05,218,0.26,0.12,0.0,90,0.26,16.1,,unavailable (no satellite pass / dataset error),
82.6,Excellent,Amazing,2026-10-08T12:41:38Z,80,Williamstown,2026-10-11T21:00:00Z,2026-10-12T08:00,10.2,36,22.0,2.3,0.12,11.2,218,0.22,0.06,0.0,90,0.33,16.1,,unavailable (no satellite pass / dataset error),
82.9,Excellent,Amazing,2026-10-08T12:41:38Z,81,Williamstown,2026-10-11T22:00:00Z,2026-10-12T09:00,9.6,12,20.5,0.3,0.12,11.05,218,0.2,0.04,0.0,90,0.43,16.1,,unavailable (no satellite pass / dataset error),
77.2,Good,Amazing,2026-10-08T12:41:38Z,82,Williamstown,2026-10-11T23:00:00Z,2026-10-12T10:00,13.5,335,25.2,1.6,0.14,10.75,217,0.18,0.04,0.2,90,0.51,16.2,,unavailable (no satellite pass / dataset error),
79.2,Good,Amazing,2026-10-08T12:41:38Z,83,Williamstown,2026-10-12T00:00:00Z,2026-10-12T11:00,10.5,357,19.4,0.5,0.14,10.55,217,0.16,0.02,0.3,45,0.52,16.2,,unavailable (no satellite pass / dataset error),
78.9,Good,Amazing,2026-10-08T12:41:38Z,84,Williamstown,2026-10-12T01:00:00Z,2026-10-12T12:00,7.3,329,20.5,2.2,0.14,10.6,217,0.18,0.06,0.4,63,0.47,16.2,,unavailable (no satellite pass / dataset error),
75.8,Good,Amazing,2026-10-08T12:41:38Z,85,Williamstown,2026-10-12T02:00:00Z,2026-10-12T13:00,7.4,273,22.3,2.2,0.14,10.7,217,0.2,0.1,0.4,63,0.4,16.2,,unavailable (no satellite pass / dataset error),
70.3,Good,Amazing,2026-10-08T12:41:38Z,86,Williamstown,2026-10-12T03:00:00Z,2026-10-12T14:00,10.3,241,25.9,2.2,0.14,10.55,217,0.22,0.14,0.4,63,0.35,16.3,,unavailable (no satellite pass / dataset error),
68.3,Good,Amazing,2026-10-08T12:41:38Z,87,Williamstown,2026-10-12T04:00:00Z,2026-10-12T15:00,11.7,218,33.5,0.3,0.14,10.1,217,0.3,0.24,0.2,90,0.25,16.3,,unavailable (no satellite pass / dataset error),
65.6,Good,Amazing,2026-10-08T12:41:38Z,88,Williamstown,2026-10-12T05:00:00Z,2026-10-12T16:00,13.2,194,42.5,0.3,0.14,9.4,218,0.4,0.32,0.2,90,0.07,16.3,,unavailable (no satellite pass / dataset error),
62.7,Good,Amazing,2026-10-08T12:41:38Z,89,Williamstown,2026-10-12T06:00:00Z,2026-10-12T17:00,15.1,181,46.4,0.3,0.14,8.4,218,0.48,0.42,0.2,90,-0.07,16.3,,unavailable (no satellite pass / dataset error),
61.4,Good,Amazing,2026-10-08T12:41:38Z,90,Williamstown,2026-10-12T07:00:00Z,2026-10-12T18:00,15.9,174,40.3,0.0,0.3,6.85,213,0.54,0.32,0.2,90,-0.15,16.3,,unavailable (no satellite pass / dataset error),
61.2,Good,Great,2026-10-08T12:41:38Z,91,Williamstown,2026-10-12T08:00:00Z,2026-10-12T19:00,15.5,168,29.2,0.0,0.48,5.0,209,0.6,0.2,0.2,0,-0.19,16.3,,unavailable (no satellite pass / dataset error),
61.8,Good,Great,2026-10-08T12:41:38Z,92,Williamstown,2026-10-12T09:00:00Z,2026-10-12T20:00,14.1,169,20.5,0.0,0.64,3.7,204,0.66,0.1,0.2,0,-0.19,16.3,,unavailable (no satellite pass / dataset error),
64.6,Good,Great,2026-10-08T12:41:38Z,93,Williamstown,2026-10-12T10:00:00Z,2026-10-12T21:00,11.7,185,18.4,0.0,0.56,3.5,206,0.6,0.12,0.2,0,-0.14,16.3,,unavailable (no satellite pass / dataset error),
65.4,Good,Great,2026-10-08T12:41:38Z,94,Williamstown,2026-10-12T11:00:00Z,2026-10-12T22:00,11.0,218,19.1,0.0,0.5,3.85,209,0.56,0.12,0.3,45,-0.03,16.3,,unavailable (no satellite pass / dataset error),
64.8,Good,Great,2026-10-08T12:41:38Z,95,Williamstown,2026-10-12T12:00:00Z,2026-10-12T23:00,12.3,241,19.4,0.0,0.42,4.05,211,0.5,0.14,0.3,45,0.08,16.2,,unavailable (no satellite pass / dataset error),
65.2,Good,Great,2026-10-08T12:41:38Z,96,Williamstown,2026-10-12T13:00:00Z,2026-10-13T00:00,12.3,252,18.7,0.0,0.4,3.8,208,0.46,0.1,0.3,45,0.13,16.2,,unavailable (no satellite pass / dataset error),
67.2,Good,Great,2026-10-08T12:41:38Z,97,Williamstown,2026-10-12T14:00:00Z,2026-10-13T01:00,11.1,261,18.0,0.0,0.38,3.4,204,0.44,0.06,0.0,90,0.19,16.2,,unavailable (no satellite pass / dataset error),
68.7,Good,Great,2026-10-08T12:41:38Z,98,Williamstown,2026-10-12T15:00:00Z,2026-10-13T02:00,9.9,272,17.6,0.0,0.36,3.2,201,0.4,0.02,0.0,90,0.28,16.1,,unavailable (no satellite pass / dataset error),
69.3,Good,Great,2026-10-08T12:41:38Z,99,Williamstown,2026-10-12T16:00:00Z,2026-10-13T03:00,9.4,290,17.6,0.0,0.34,3.3,202,0.38,0.04,0.0,90,0.34,16.1,,unavailable (no satellite pass / dataset error),
69.1,Good,Amazing,2026-10-08T12:41:38Z,100,Williamstown,2026-10-12T17:00:00Z,2026-10-13T04:00,9.8,311,17.6,0.0,0.3,3.55,203,0.34,0.04,0.2,180,0.31,16.1,,unavailable (no satellite pass / dataset error),
70.2,Good,Amazing,2026-10-08T12:41:38Z,101,Williamstown,2026-10-12T18:00:00Z,2026-10-13T05:00,10.9,321,17.6,0.0,0.28,3.75,204,0.32,0.06,0.2,180,0.24,16.0,,unavailable (no satellite pass / dataset error),
69.6,Good,Amazing,2026-10-08T12:41:38Z,102,Williamstown,2026-10-12T19:00:00Z,2026-10-13T06:00,11.6,319,17.3,0.0,0.26,3.85,205,0.32,0.08,0.2,180,0.2,16.0,,unavailable (no satellite pass / dataset error),
70.6,Good,Amazing,2026-10-08T12:41:38Z,103,Williamstown,2026-10-12T20:00:00Z,2026-10-13T07:00,12.0,311,16.9,0.0,0.24,3.9,205,0.3,0.08,0.2,180,0.2,16.0,,unavailable (no satellite pass / dataset error),
73.6,Good,Amazing,2026-10-08T12:41:38Z,104,Williamstown,2026-10-12T21:00:00Z,2026-10-13T08:00,12.3,299,18.0,0.0,0.22,4.0,206,0.3,0.1,0.0,90,0.22,16.0,,unavailable (no satellite pass / dataset error),
72.3,Good,Amazing,2026-10-08T12:41:38Z,105,Williamstown,2026-10-12T22:00:00Z,2026-10-13T09:00,13.3,279,21.6,0.0,0.22,4.25,206,0.34,0.16,0.2,90,0.27,16.0,,unavailable (no satellite pass / dataset error),
71.4,Good,Amazing,2026-10-08T12:41:38Z,106,Williamstown,2026-10-12T23:00:00Z,2026-10-13T10:00,16.0,258,26.3,0.0,0.2,4.55,207,0.36,0.24,0.3,45,0.37,16.0,,unavailable (no satellite pass / dataset error),
69.3,Good,Amazing,2026-10-08T12:41:38Z,107,Williamstown,2026-10-13T00:00:00Z,2026-10-13T11:00,18.3,245,30.2,0.0,0.2,4.85,207,0.4,0.3,0.4,63,0.47,16.0,,unavailable (no satellite pass / dataset error),
71.2,Good,Amazing,2026-10-08T12:41:38Z,108,Williamstown,2026-10-13T01:00:00Z,2026-10-13T12:00,17.6,235,32.0,0.7,0.2,5.1,208,0.46,0.38,0.4,63,0.5,16.0,,unavailable (no satellite pass / dataset error),
74.1,Good,Amazing,2026-10-08T12:41:38Z,109,Williamstown,2026-10-13T02:00:00Z,2026-10-13T13:00,15.8,222,33.1,0.7,0.2,5.35,209,0.52,0.44,0.4,63,0.47,16.0,,unavailable (no satellite pass / dataset error),
75.4,Good,Amazing,2026-10-08T12:41:38Z,110,Williamstown,2026-10-13T03:00:00Z,2026-10-13T14:00,15.8,210,33.8,0.7,0.2,5.55,210,0.58,0.52,0.4,63,0.45,16.0,,unavailable (no satellite pass / dataset error),
72.4,Good,Amazing,2026-10-08T12:41:38Z,111,Williamstown,2026-10-13T04:00:00Z,2026-10-13T15:00,18.6,203,34.6,0.2,0.24,5.65,209,0.64,0.56,0.4,63,0.42,16.1,,unavailable (no satellite pass / dataset error),
68.5,Good,Amazing,2026-10-08T12:41:38Z,112,Williamstown,2026-10-13T05:00:00Z,2026-10-13T16:00,22.3,200,34.9,0.2,0.26,5.75,209,0.72,0.62,0.4,63,0.33,16.1,,unavailable (no satellite pass / dataset error),
65.7,Good,Amazing,2026-10-08T12:41:38Z,113,Williamstown,2026-10-13T06:00:00Z,2026-10-13T17:00,24.8,199,35.3,0.2,0.3,5.7,208,0.78,0.66,0.4,63,0.21,16.1,,unavailable (no satellite pass / dataset error),
65.4,Good,Great,2026-10-08T12:41:38Z,114,Williamstown,2026-10-13T07:00:00Z,2026-10-13T18:00,24.8,199,35.3,0.0,0.38,5.5,206,0.84,0.68,0.3,45,0.12,16.1,,unavailable (no satellite pass / dataset error),
65.7,Good,Great,2026-10-08T12:41:38Z,115,Williamstown,2026-10-13T08:00:00Z,2026-10-13T19:00,23.5,201,34.9,0.0,0.44,5.2,205,0.92,0.68,0.3,45,0.08,16.0,,unavailable (no satellite pass / dataset error),
66.4,Good,Great,2026-10-08T12:41:38Z,116,Williamstown,2026-10-13T09:00:00Z,2026-10-13T20:00,22.4,202,34.2,0.0,0.52,4.95,203,0.98,0.7,0.2,90,0.05,16.0,,unavailable (no satellite pass / dataset error),
66.9,Good,Great,2026-10-08T12:41:38Z,117,Williamstown,2026-10-13T10:00:00Z,2026-10-13T21:00,21.9,203,33.5,0.1,0.54,4.9,203,0.96,0.68,0.2,90,0.02,16.0,,unavailable (no satellite pass / dataset error),
67.1,Good,Great,2026-10-08T12:41:38Z,118,Williamstown,2026-10-13T11:00:00Z,2026-10-13T22:00,21.7,203,32.4,0.1,0.56,4.9,204,0.94,0.64,0.2,90,0.02,15.9,,unavailable (no satellite pass / dataset error),
67.7,Good,Great,2026-10-08T12:41:38Z,119,Williamstown,2026-10-13T12:00:00Z,2026-10-13T23:00,21.2,202,31.7,0.1,0.58,4.85,204,0.92,0.62,0.2,90,0.07,15.9,,unavailable (no satellite pass / dataset error),
52.8,Fair,Getting rough,2026-10-08T12:41:38Z,0,Robe,2026-10-08T13:00:00Z,2026-10-09T00:00,24.9,31,40.0,0.0,2.18,11.65,228,2.36,0.82,0.6,198,0.2,14.9,,unavailable (no satellite pass / dataset error),
49.2,Fair,Getting rough,2026-10-08T12:41:38Z,1,Robe,2026-10-08T14:00:00Z,2026-10-09T01:00,27.6,33,43.9,0.0,2.16,11.8,228,2.38,0.92,1.0,202,0.22,14.9,,unavailable (no satellite pass / dataset error),
47.3,Fair,Getting rough,2026-10-08T12:41:38Z,2,Robe,2026-10-08T15:00:00Z,2026-10-09T02:00,29.0,30,46.4,0.0,2.16,11.9,228,2.42,1.02,1.1,189,0.19,14.9,,unavailable (no satellite pass / dataset error),
45.8,Fair,Getting rough,2026-10-08T12:41:38Z,3,Robe,2026-10-08T16:00:00Z,2026-10-09T03:00,29.7,29,47.5,0.0,2.18,12.0,228,2.46,1.06,1.3,188,0.12,14.9,,unavailable (no satellite pass / dataset error),
46.3,Fair,Getting rough,2026-10-08T12:41:38Z,4,Robe,2026-10-08T17:00:00Z,2026-10-09T04:00,28.7,26,47.9,0.0,2.2,12.1,227,2.5,1.12,1.3,180,0.05,14.8,,unavailable (no satellite pass / dataset error),
46.6,Fair,Getting rough,2026-10-08T12:41:38Z,5,Robe,2026-10-08T18:00:00Z,2026-10-09T05:00,28.4,23,46.4,0.0,2.22,12.2,227,2.54,1.16,1.3,180,-0.02,14.8,,unavailable (no satellite pass / dataset error),
52.2,Fair,Getting rough,2026-10-08T12:41:38Z,6,Robe,2026-10-08T19:00:00Z,2026-10-09T06:00,21.6,345,46.1,0.0,2.26,12.25,227,2.58,1.18,1.5,173,-0.06,14.8,,unavailable (no satellite pass / dataset error),
53.9,Fair,Getting rough,2026-10-08T12:41:38Z,7,Robe,2026-10-08T20:00:00Z,2026-10-09T07:00,20.2,5,35.3,0.0,2.3,12.3,226,2.62,1.2,1.3,164,-0.06,14.8,,unavailable (no satellite pass / dataset error),
51.8,Fair,Getting rough,2026-10-08T12:41:38Z,8,Robe,2026-10-08T21:00:00Z,2026-10-09T08:00,22.3,16,35.3,0.0,2.34,12.3,226,2.66,1.22,1.4,157,-0.02,14.8,,unavailable (no satellite pass / dataset error),
51.2,Fair,Getting rough,2026-10-08T12:41:38Z,9,Robe,2026-10-08T22:00:00Z,2026-10-09T09:00,23.5,20,37.4,0.0,2.38,12.3,226,2.68,1.16,1.2,153,0.08,14.8,,unavailable (no satellite pass / dataset error),
51.9,Fair,Getting rough,2026-10-08T12:41:38Z,10,Robe,2026-10-08T23:00:00Z,2026-10-09T10:00,23.2,12,38.9,0.0,2.42,12.25,226,2.7,1.12,1.0,149,0.19,14.8,,unavailable (no satellite pass / dataset error),
49.5,Fair,Getting rough,2026-10-08T12:41:38Z,11,Robe,2026-10-09T00:00:00Z,2026-10-09T11:00,25.2,12,40.7,0.5,2.46,12.2,226,2.72,1.06,1.0,149,0.31,14.8,,unavailable (no satellite pass / dataset error),
46.0,Fair,Getting rough,2026-10-08T12:41:38Z,12,Robe,2026-10-09T01:00:00Z,2026-10-09T12:00,28.2,13,43.9,0.7,2.48,12.2,226,2.76,1.12,1.0,149,0.39,14.8,,unavailable (no satellite pass / dataset error),
45.6,Fair,Getting rough,2026-10-08T12:41:38Z,13,Robe,2026-10-09T02:00:00Z,2026-10-09T13:00,28.1,6,48.2,0.4,2.5,12.15,227,2.8,1.18,1.0,149,0.42,14.8,,unavailable (no satellite pass / dataset error),
41.9,Fair,Getting rough,2026-10-08T12:41:38Z,14,Robe,2026-10-09T03:00:00Z,2026-10-09T14:00,30.7,347,52.2,1.1,2.52,12.15,227,2.84,1.24,1.0,149,0.38,14.8,,unavailable (no satellite pass / dataset error),
41.1,Fair,Getting rough,2026-10-08T12:41:38Z,15,Robe,2026-10-09T04:00:00Z,2026-10-09T15:00,29.7,351,51.8,0.8,2.5,12.15,227,2.88,1.34,1.3,146,0.29,14.8,,unavailable (no satellite pass / dataset error),
40.4,Fair,Getting rough,2026-10-08T12:41:38Z,16,Robe,2026-10-09T05:00:00Z,2026-10-09T16:00,29.5,358,47.9,0.7,2.5,12.15,228,2.9,1.42,1.3,146,0.19,14.8,,unavailable (no satellite pass / dataset error),
36.8,Poor,Getting rough,2026-10-08T12:41:38Z,17,Robe,2026-10-09T06:00:00Z,2026-10-09T17:00,29.6,355,56.2,2.8,2.48,12.1,228,2.94,1.52,1.3,146,0.09,14.8,,unavailable (no satellite pass / dataset error),
35.7,Poor,Getting rough,2026-10-08T12:41:38Z,18,Robe,2026-10-09T07:00:00Z,2026-10-09T18:00,29.1,334,54.7,1.2,2.46,12.05,228,2.92,1.48,1.3,146,0.03,14.8,,unavailable (no satellite pass / dataset error),
27.9,Poor,Getting rough,2026-10-08T12:41:38Z,19,Robe,2026-10-09T08:00:00Z,2026-10-09T19:00,33.1,327,54.0,3.2,2.44,12.0,228,2.92,1.44,1.4,140,0.02,14.8,,unavailable (no satellite pass / dataset error),
28.2,Poor,Getting rough,2026-10-08T12:41:38Z,20,Robe,2026-10-09T09:00:00Z,2026-10-09T20:00,32.2,319,52.9,0.6,2.42,11.9,228,2.9,1.4,1.3,135,0.06,14.8,,unavailable (no satellite pass / dataset error),
30.3,Poor,Getting rough,2026-10-08T12:41:38Z,21,Robe,2026-10-09T10:00:00Z,2026-10-09T21:00,30.1,312,51.8,0.0,2.42,11.8,228,2.92,1.5,1.2,129,0.15,14.8,,unavailable (no satellite pass / dataset error),
26.9,Poor,Getting rough,2026-10-08T12:41:38Z,22,Robe,2026-10-09T11:00:00Z,2026-10-09T22:00,34.4,300,56.9,0.0,2.4,11.7,229,2.96,1.6,1.0,121,0.27,14.8,,unavailable (no satellite pass / dataset error),
26.9,Poor,Getting rough,2026-10-08T12:41:38Z,23,Robe,2026-10-09T12:00:00Z,2026-10-09T23:00,34.5,296,57.2,0.0,2.4,11.6,229,2.98,1.7,1.0,121,0.39,14.8,,unavailable (no satellite pass / dataset error),
25.9,Poor,Getting rough,2026-10-08T12:41:38Z,24,Robe,2026-10-09T13:00:00Z,2026-10-10T00:00,35.9,292,58.7,0.0,2.38,11.5,229,3.04,1.84,1.2,129,0.48,14.8,,unavailable (no satellite pass / dataset error),
26.0,Poor,Getting rough,2026-10-08T12:41:38Z,25,Robe,2026-10-09T14:00:00Z,2026-10-10T01:00,34.7,294,60.1,0.0,2.36,11.45,229,3.12,2.0,1.3,124,0.51,14.8,,unavailable (no satellite pass / dataset error),
25.6,Poor,Getting rough,2026-10-08T12:41:38Z,26,Robe,2026-10-09T15:00:00Z,2026-10-10T02:00,34.8,292,58.0,0.0,2.34,11.35,229,3.18,2.14,1.4,130,0.47,14.9,,unavailable (no satellite pass / dataset error),
25.5,Poor,Getting rough,2026-10-08T12:41:38Z,27,Robe,2026-10-09T16:00:00Z,2026-10-10T03:00,35.8,286,59.0,0.0,2.26,11.2,229,3.28,2.3,1.4,130,0.38,14.9,,unavailable (no satellite pass / dataset error),
25.5,Poor,Getting rough,2026-10-08T12:41:38Z,28,Robe,2026-10-09T17:00:00Z,2026-10-10T04:00,38.1,279,63.0,0.0,2.2,11.0,228,3.36,2.48,1.4,130,0.27,14.9,,unavailable (no satellite pass / dataset error),
25.2,Poor,Getting rough,2026-10-08T12:41:38Z,29,Robe,2026-10-09T18:00:00Z,2026-10-10T05:00,37.5,281,63.0,0.0,2.12,10.85,228,3.46,2.64,1.5,126,0.15,14.9,,unavailable (no satellite pass / dataset error),
24.8,Poor,Getting rough,2026-10-08T12:41:38Z,30,Robe,2026-10-09T19:00:00Z,2026-10-10T06:00,35.3,287,61.9,0.0,2.06,10.95,230,3.48,2.52,1.7,131,0.06,14.9,,unavailable (no satellite pass / dataset error),
25.9,Poor,Getting rough,2026-10-08T12:41:38Z,31,Robe,2026-10-09T20:00:00Z,2026-10-10T07:00,34.2,287,58.3,0.0,2.0,11.1,233,3.48,2.38,1.5,135,0.01,14.9,,unavailable (no satellite pass / dataset error),
26.8,Poor,Getting rough,2026-10-08T12:41:38Z,32,Robe,2026-10-09T21:00:00Z,2026-10-10T08:00,32.7,293,56.2,0.0,1.94,10.95,235,3.5,2.26,1.7,131,0.03,14.9,,unavailable (no satellite pass / dataset error),
24.8,Poor,Getting rough,2026-10-08T12:41:38Z,33,Robe,2026-10-09T22:00:00Z,2026-10-10T09:00,35.2,297,59.4,0.0,2.02,10.05,238,3.54,2.26,1.7,131,0.11,14.9,,unavailable (no satellite pass / dataset error),
24.8,Poor,Getting rough,2026-10-08T12:41:38Z,34,Robe,2026-10-09T23:00:00Z,2026-10-10T10:00,37.8,296,64.4,0.0,2.1,8.8,241,3.56,2.28,1.7,131,0.22,14.9,,unavailable (no satellite pass / dataset error),
25.7,Poor,Getting rough,2026-10-08T12:41:38Z,35,Robe,2026-10-10T00:00:00Z,2026-10-10T11:00,38.7,301,66.6,0.1,2.18,8.0,244,3.6,2.28,1.5,135,0.33,14.9,,unavailable (no satellite pass / dataset error),
26.5,Poor,Getting rough,2026-10-08T12:41:38Z,36,Robe,2026-10-10T01:00:00Z,2026-10-10T12:00,38.9,303,67.0,0.1,2.46,8.15,244,3.62,2.18,1.5,135,0.4,14.9,,unavailable (no satellite pass / dataset error),
26.9,Poor,Getting rough,2026-10-08T12:41:38Z,37,Robe,2026-10-10T02:00:00Z,2026-10-10T13:00,36.1,306,67.3,0.1,2.76,8.8,245,3.62,2.08,1.5,135,0.43,14.9,,unavailable (no satellite pass / dataset error),
27.6,Poor,Getting rough,2026-10-08T12:41:38Z,38,Robe,2026-10-10T03:00:00Z,2026-10-10T14:00,37.8,299,67.0,0.1,3.04,9.3,245,3.64,1.98,1.7,139,0.38,14.9,,unavailable (no satellite pass / dataset error),
29.8,Poor,Getting rough,2026-10-08T12:41:38Z,39,Robe,2026-10-10T04:00:00Z,2026-10-10T15:00,33.7,299,64.8,0.0,3.14,9.4,246,3.66,1.8,1.7,139,0.27,14.9,,unavailable (no satellite pass / dataset error),
32.9,Poor,Getting rough,2026-10-08T12:41:38Z,40,Robe,2026-10-10T05:00:00Z,2026-10-10T16:00,31.2,297,58.3,0.0,3.26,9.35,248,3.66,1.64,1.7,139,0.14,15.0,,unavailable (no satellite pass / dataset error),
37.2,Poor,Getting rough,2026-10-08T12:41:38Z,41,Robe,2026-10-10T06:00:00Z,2026-10-10T17:00,30.2,290,55.1,0.1,3.36,9.35,249,3.68,1.46,1.7,139,0.01,15.0,,unavailable (no satellite pass / dataset error),
43.1,Fair,Getting rough,2026-10-08T12:41:38Z,42,Robe,2026-10-10T07:00:00Z,2026-10-10T18:00,25.8,289,51.8,0.0,3.48,9.4,249,3.74,1.3,1.5,135,-0.07,15.0,,unavailable (no satellite pass / dataset error),
49.4,Fair,Getting rough,2026-10-08T12:41:38Z,43,Robe,2026-10-10T08:00:00Z,2026-10-10T19:00,23.2,290,44.3,0.0,3.58,9.5,249,3.78,1.12,1.5,135,-0.09,15.0,,unavailable (no satellite pass / dataset error),
54.4,Fair,Getting rough,2026-10-08T12:41:38Z,44,Robe,2026-10-10T09:00:00Z,2026-10-10T20:00,18.6,290,39.2,0.1,3.7,9.6,249,3.84,0.96,1.4,140,-0.05,15.0,,unavailable (no satellite pass / dataset error),
57.1,Fair,Getting rough,2026-10-08T12:41:38Z,45,Robe,2026-10-10T10:00:00Z,2026-10-10T21:00,15.6,293,30.2,0.1,3.84,9.75,248,3.94,0.8,1.3,135,0.06,14.9,,unavailable (no satellite pass / dataset error),
59.6,Fair,Getting rough,2026-10-08T12:41:38Z,46,Robe,2026-10-10T11:00:00Z,2026-10-10T22:00,13.1,299,25.2,0.0,4.0,9.9,248,4.06,0.62,1.2,129,0.2,14.9,,unavailable (no satellite pass / dataset error),
59.4,Fair,Getting rough,2026-10-08T12:41:38Z,47,Robe,2026-10-10T12:00:00Z,2026-10-10T23:00,13.7,303,22.0,0.1,4.14,10.05,247,4.16,0.46,1.0,135,0.35,14.9,,unavailable (no satellite pass / dataset error),
59.7,Fair,Getting rough,2026-10-08T12:41:38Z,48,Robe,2026-10-10T13:00:00Z,2026-10-11T00:00,13.7,308,22.3,0.0,4.26,10.25,246,4.28,0.4,0.9,127,0.47,14.9,,unavailable (no satellite pass / dataset error),
60.2,Good,Getting rough,2026-10-08T12:41:38Z,49,Robe,2026-10-10T14:00:00Z,2026-10-11T01:00,13.3,311,22.3,0.0,4.4,10.5,245,4.4,0.36,0.8,135,0.53,14.9,,unavailable (no satellite pass / dataset error),
59.5,Fair,Getting rough,2026-10-08T12:41:38Z,50,Robe,2026-10-10T15:00:00Z,2026-10-11T02:00,13.9,313,22.3,0.0,4.52,10.7,244,4.52,0.3,0.9,143,0.51,14.9,,unavailable (no satellite pass / dataset error),
59.4,Fair,Getting rough,2026-10-08T12:41:38Z,51,Robe,2026-10-10T16:00:00Z,2026-10-11T03:00,14.0,314,23.4,0.0,4.6,10.9,244,4.62,0.26,0.9,143,0.41,14.9,,unavailable (no satellite pass / dataset error),
62.2,Good,Getting rough,2026-10-08T12:41:38Z,52,Robe,2026-10-10T17:00:00Z,2026-10-11T04:00,10.9,324,22.7,0.0,4.7,11.05,243,4.7,0.22,0.9,143,0.26,14.9,,unavailable (no satellite pass / dataset error),
62.8,Good,Getting rough,2026-10-08T12:41:38Z,53,Robe,2026-10-10T18:00:00Z,2026-10-11T05:00,10.4,2,17.3,0.0,4.78,11.2,243,4.8,0.18,0.8,153,0.1,14.9,,unavailable (no satellite pass / dataset error),
58.3,Fair,Getting rough,2026-10-08T12:41:38Z,54,Robe,2026-10-10T19:00:00Z,2026-10-11T06:00,15.0,21,23.8,0.0,4.8,11.35,243,4.82,0.24,1.0,158,-0.02,14.9,,unavailable (no satellite pass / dataset error),
56.7,Fair,Getting rough,2026-10-08T12:41:38Z,55,Robe,2026-10-10T20:00:00Z,2026-10-11T07:00,16.7,11,26.6,0.0,4.8,11.45,242,4.82,0.3,1.0,158,-0.1,14.9,,unavailable (no satellite pass / dataset error),
55.4,Fair,Getting rough,2026-10-08T12:41:38Z,56,Robe,2026-10-10T21:00:00Z,2026-10-11T08:00,17.9,15,28.8,0.0,4.82,11.6,242,4.84,0.36,1.1,162,-0.11,14.9,,unavailable (no satellite pass / dataset error),
56.2,Fair,Getting rough,2026-10-08T12:41:38Z,57,Robe,2026-10-10T22:00:00Z,2026-10-11T09:00,17.0,22,29.9,0.0,4.82,11.75,242,4.84,0.44,1.1,162,-0.06,14.9,,unavailable (no satellite pass / dataset error),
54.4,Fair,Getting rough,2026-10-08T12:41:38Z,58,Robe,2026-10-10T23:00:00Z,2026-10-11T10:00,19.6,22,34.2,0.0,4.8,11.9,242,4.82,0.5,0.9,169,0.04,15.0,,unavailable (no satellite pass / dataset error),
49.5,Fair,Getting rough,2026-10-08T12:41:38Z,59,Robe,2026-10-11T00:00:00Z,2026-10-11T11:00,25.2,12,44.6,0.0,4.8,12.0,242,4.82,0.58,0.9,169,0.15,15.0,,unavailable (no satellite pass / dataset error),
51.4,Fair,Getting rough,2026-10-08T12:41:38Z,60,Robe,2026-10-11T01:00:00Z,2026-10-11T12:00,22.7,3,44.3,0.0,4.76,12.05,242,4.8,0.64,1.1,162,0.25,15.0,,unavailable (no satellite pass / dataset error),
51.1,Fair,Getting rough,2026-10-08T12:41:38Z,61,Robe,2026-10-11T02:00:00Z,2026-10-11T13:00,23.2,342,41.0,0.0,4.72,12.1,241,4.78,0.7,1.1,162,0.29,15.0,,unavailable (no satellite pass / dataset error),
52.0,Fair,Getting rough,2026-10-08T12:41:38Z,62,Robe,2026-10-11T03:00:00Z,2026-10-11T14:00,21.5,337,41.8,0.0,4.68,12.1,241,4.76,0.76,1.4,157,0.26,15.1,,unavailable (no satellite pass / dataset error),
50.2,Fair,Getting rough,2026-10-08T12:41:38Z,63,Robe,2026-10-11T04:00:00Z,2026-10-11T15:00,23.5,339,38.9,0.0,4.62,12.05,241,4.7,0.84,1.4,157,0.17,15.1,,unavailable (no satellite pass / dataset error),
50.1,Fair,Getting rough,2026-10-08T12:41:38Z,64,Robe,2026-10-11T05:00:00Z,2026-10-11T16:00,23.7,342,38.9,0.0,4.54,12.0,240,4.64,0.9,1.4,157,0.05,15.1,,unavailable (no satellite pass / dataset error),
48.9,Fair,Getting rough,2026-10-08T12:41:38Z,65,Robe,2026-10-11T06:00:00Z,2026-10-11T17:00,24.9,343,41.0,0.0,4.48,11.95,240,4.58,0.98,1.5,150,-0.08,15.1,,unavailable (no satellite pass / dataset error),
48.4,Fair,Getting rough,2026-10-08T12:41:38Z,66,Robe,2026-10-11T07:00:00Z,2026-10-11T18:00,26.0,319,41.8,0.0,4.42,11.9,240,4.52,0.88,1.3,146,-0.17,15.1,,unavailable (no satellite pass / dataset error),
51.6,Fair,Getting rough,2026-10-08T12:41:38Z,67,Robe,2026-10-11T08:00:00Z,2026-10-11T19:00,22.4,309,43.2,0.0,4.34,11.85,240,4.44,0.76,1.3,146,-0.19,15.1,,unavailable (no satellite pass / dataset error),
55.9,Fair,Getting rough,2026-10-08T12:41:38Z,68,Robe,2026-10-11T09:00:00Z,2026-10-11T20:00,18.0,288,35.3,0.0,4.28,11.8,240,4.38,0.66,1.2,141,-0.13,15.1,,unavailable (no satellite pass / dataset error),
62.4,Good,Getting rough,2026-10-08T12:41:38Z,69,Robe,2026-10-11T10:00:00Z,2026-10-11T21:00,11.3,279,28.8,0.0,4.2,11.75,240,4.28,0.56,1.0,135,-0.02,15.1,,unavailable (no satellite pass / dataset error),
65.4,Good,Getting rough,2026-10-08T12:41:38Z,70,Robe,2026-10-11T11:00:00Z,2026-10-11T22:00,8.3,281,20.5,0.0,4.1,11.7,241,4.18,0.44,0.9,127,0.16,15.1,,unavailable (no satellite pass / dataset error),
60.7,Good,Getting rough,2026-10-08T12:41:38Z,71,Robe,2026-10-11T12:00:00Z,2026-10-11T23:00,9.4,293,20.2,3.2,4.02,11.65,241,4.08,0.34,0.8,117,0.34,15.1,,unavailable (no satellite pass / dataset error),
62.9,Good,Getting rough,2026-10-08T12:41:38Z,72,Robe,2026-10-11T13:00:00Z,2026-10-12T00:00,5.3,294,15.8,1.6,3.96,11.6,241,4.0,0.32,0.6,124,0.51,15.1,,unavailable (no satellite pass / dataset error),
60.4,Good,Getting rough,2026-10-08T12:41:38Z,73,Robe,2026-10-11T14:00:00Z,2026-10-12T01:00,8.1,275,13.0,0.0,3.9,11.55,241,3.94,0.3,0.6,108,0.61,15.1,,unavailable (no satellite pass / dataset error),
62.0,Good,Getting rough,2026-10-08T12:41:38Z,74,Robe,2026-10-11T15:00:00Z,2026-10-12T02:00,6.3,272,13.0,0.0,3.84,11.5,241,3.86,0.28,0.6,124,0.63,15.0,,unavailable (no satellite pass / dataset error),
61.0,Good,Getting rough,2026-10-08T12:41:38Z,75,Robe,2026-10-11T16:00:00Z,2026-10-12T03:00,7.4,264,11.5,0.0,3.78,11.5,241,3.8,0.38,0.6,124,0.54,15.0,,unavailable (no satellite pass / dataset error),
59.2,Fair,Getting rough,2026-10-08T12:41:38Z,76,Robe,2026-10-11T17:00:00Z,2026-10-12T04:00,9.4,257,14.8,0.0,3.72,11.5,241,3.76,0.5,0.6,124,0.39,15.0,,unavailable (no satellite pass / dataset error),
57.6,Fair,Getting rough,2026-10-08T12:41:38Z,77,Robe,2026-10-11T18:00:00Z,2026-10-12T05:00,11.2,252,18.0,0.0,3.66,11.5,241,3.7,0.6,0.6,108,0.22,15.0,,unavailable (no satellite pass / dataset error),
53.6,Fair,Getting rough,2026-10-08T12:41:38Z,78,Robe,2026-10-11T19:00:00Z,2026-10-12T06:00,15.7,253,25.2,0.0,3.62,11.5,241,3.68,0.7,0.6,108,0.05,15.0,,unavailable (no satellite pass / dataset error),
52.1,Fair,Getting rough,2026-10-08T12:41:38Z,79,Robe,2026-10-11T20:00:00Z,2026-10-12T07:00,17.4,254,28.4,0.0,3.6,11.45,240,3.68,0.82,0.6,108,-0.06,15.0,,unavailable (no satellite pass / dataset error),
48.6,Fair,Getting rough,2026-10-08T12:41:38Z,80,Robe,2026-10-11T21:00:00Z,2026-10-12T08:00,21.1,248,33.8,0.1,3.56,11.4,240,3.66,0.92,0.6,108,-0.11,15.0,,unavailable (no satellite pass / dataset error),
46.8,Fair,Getting rough,2026-10-08T12:41:38Z,81,Robe,2026-10-11T22:00:00Z,2026-10-12T09:00,22.5,215,42.5,0.5,3.56,11.3,240,3.68,0.96,0.6,108,-0.09,15.0,,unavailable (no satellite pass / dataset error),
49.0,Fair,Getting rough,2026-10-08T12:41:38Z,82,Robe,2026-10-11T23:00:00Z,2026-10-12T10:00,19.8,215,40.3,0.1,3.58,11.2,239,3.72,1.0,0.6,108,-0.01,15.0,,unavailable (no satellite pass / dataset error),
46.9,Fair,Getting rough,2026-10-08T12:41:38Z,83,Robe,2026-10-12T00:00:00Z,2026-10-12T11:00,22.5,224,40.7,0.0,3.58,11.1,239,3.74,1.04,0.5,90,0.08,15.0,,unavailable (no satellite pass / dataset error),
47.0,Fair,Getting rough,2026-10-08T12:41:38Z,84,Robe,2026-10-12T01:00:00Z,2026-10-12T12:00,22.4,228,41.4,0.0,3.56,11.05,238,3.78,1.18,0.5,90,0.18,15.0,,unavailable (no satellite pass / dataset error),
47.1,Fair,Getting rough,2026-10-08T12:41:38Z,85,Robe,2026-10-12T02:00:00Z,2026-10-12T13:00,22.2,236,41.8,0.0,3.56,11.05,238,3.82,1.32,0.5,90,0.23,15.1,,unavailable (no satellite pass / dataset error),
46.4,Fair,Getting rough,2026-10-08T12:41:38Z,86,Robe,2026-10-12T03:00:00Z,2026-10-12T14:00,22.5,243,42.5,0.0,3.54,11.0,237,3.86,1.46,0.7,104,0.22,15.1,,unavailable (no satellite pass / dataset error),
45.3,Fair,Getting rough,2026-10-08T12:41:38Z,87,Robe,2026-10-12T04:00:00Z,2026-10-12T15:00,23.5,248,43.9,0.0,3.5,10.95,237,3.86,1.56,0.8,117,0.13,15.1,,unavailable (no satellite pass / dataset error),
44.1,Fair,Getting rough,2026-10-08T12:41:38Z,88,Robe,2026-10-12T05:00:00Z,2026-10-12T16:00,24.6,252,45.4,0.0,3.44,10.95,237,3.86,1.68,0.9,127,-0.01,15.1,,unavailable (no satellite pass / dataset error),
42.9,Fair,Getting rough,2026-10-08T12:41:38Z,89,Robe,2026-10-12T06:00:00Z,2026-10-12T17:00,25.6,254,46.8,0.0,3.4,10.9,237,3.86,1.78,1.0,121,-0.16,15.1,,unavailable (no satellite pass / dataset error),
42.2,Fair,Getting rough,2026-10-08T12:41:38Z,90,Robe,2026-10-12T07:00:00Z,2026-10-12T18:00,26.4,255,47.9,0.0,3.36,10.85,237,3.86,1.84,1.0,121,-0.28,15.1,,unavailable (no satellite pass / dataset error),
41.8,Fair,Getting rough,2026-10-08T12:41:38Z,91,Robe,2026-10-12T08:00:00Z,2026-10-12T19:00,26.9,256,49.0,0.0,3.32,10.75,237,3.84,1.9,1.0,121,-0.32,15.1,,unavailable (no satellite pass / dataset error),
41.2,Fair,Getting rough,2026-10-08T12:41:38Z,92,Robe,2026-10-12T09:00:00Z,2026-10-12T20:00,27.5,257,49.7,0.0,3.28,10.7,237,3.84,1.96,1.0,121,-0.28,15.1,,unavailable (no satellite pass / dataset error),
40.1,Fair,Getting rough,2026-10-08T12:41:38Z,93,Robe,2026-10-12T10:00:00Z,2026-10-12T21:00,28.2,259,49.7,0.0,3.28,10.6,237,3.86,2.0,1.2,117,-0.17,15.1,,unavailable (no satellite pass / dataset error),
39.3,Poor,Getting rough,2026-10-08T12:41:38Z,94,Robe,2026-10-12T11:00:00Z,2026-10-12T22:00,29.1,262,49.3,0.0,3.3,10.5,237,3.9,2.06,1.2,117,0.01,15.1,,unavailable (no satellite pass / dataset error),
42.7,Fair,Getting rough,2026-10-08T12:41:38Z,95,Robe,2026-10-12T12:00:00Z,2026-10-12T23:00,29.8,264,49.7,0.0,3.3,10.5,237,3.92,2.1,1.2,117,0.22,15.1,,unavailable (no satellite pass / dataset error),
44.1,Fair,Getting rough,2026-10-08T12:41:38Z,96,Robe,2026-10-12T13:00:00Z,2026-10-13T00:00,30.7,266,51.1,0.0,3.2,10.7,236,4.02,2.38,1.1,108,0.42,15.1,,unavailable (no satellite pass / dataset error),
43.5,Fair,Getting rough,2026-10-08T12:41:38Z,97,Robe,2026-10-12T14:00:00Z,2026-10-13T01:00,31.4,267,52.9,0.0,3.08,10.95,234,4.12,2.68,1.1,108,0.58,15.1,,unavailable (no satellite pass / dataset error),
43.1,Fair,Getting rough,2026-10-08T12:41:38Z,98,Robe,2026-10-12T15:00:00Z,2026-10-13T02:00,31.9,267,54.4,0.0,2.98,11.1,233,4.22,2.96,1.1,108,0.65,15.0,,unavailable (no satellite pass / dataset error),
42.5,Fair,Getting rough,2026-10-08T12:41:38Z,99,Robe,2026-10-12T16:00:00Z,2026-10-13T03:00,32.7,265,54.7,0.1,3.04,11.05,235,4.3,2.84,1.0,112,0.61,15.0,,unavailable (no satellite pass / dataset error),
41.6,Fair,Getting rough,2026-10-08T12:41:38Z,100,Robe,2026-10-12T17:00:00Z,2026-10-13T04:00,33.5,261,54.7,0.1,3.1,10.85,238,4.36,2.72,1.0,112,0.48,15.0,,unavailable (no satellite pass / dataset error),
41.9,Fair,Getting rough,2026-10-08T12:41:38Z,101,Robe,2026-10-12T18:00:00Z,2026-10-13T05:00,33.1,257,55.1,0.1,3.16,10.65,240,4.44,2.6,1.0,112,0.31,15.0,,unavailable (no satellite pass / dataset error),
43.9,Fair,Getting rough,2026-10-08T12:41:38Z,102,Robe,2026-10-12T19:00:00Z,2026-10-13T06:00,30.9,250,56.2,0.3,3.42,10.45,241,4.44,2.4,0.8,117,0.13,15.0,,unavailable (no satellite pass / dataset error),
46.2,Fair,Getting rough,2026-10-08T12:41:38Z,103,Robe,2026-10-12T20:00:00Z,2026-10-13T07:00,28.2,239,57.6,0.3,3.68,10.2,242,4.44,2.2,0.7,104,-0.01,15.0,,unavailable (no satellite pass / dataset error),
47.1,Fair,Getting rough,2026-10-08T12:41:38Z,104,Robe,2026-10-12T21:00:00Z,2026-10-13T08:00,26.9,228,57.6,0.3,3.94,10.05,243,4.44,2.0,0.7,104,-0.08,15.0,,unavailable (no satellite pass / dataset error),
47.8,Fair,Getting rough,2026-10-08T12:41:38Z,105,Robe,2026-10-12T22:00:00Z,2026-10-13T09:00,26.8,220,55.1,0.2,3.96,10.0,243,4.42,1.94,0.6,108,-0.1,15.0,,unavailable (no satellite pass / dataset error),
47.4,Fair,Getting rough,2026-10-08T12:41:38Z,106,Robe,2026-10-12T23:00:00Z,2026-10-13T10:00,27.1,213,51.5,0.2,3.96,10.05,242,4.42,1.88,0.6,108,-0.05,15.0,,unavailable (no satellite pass / dataset error),
47.1,Fair,Getting rough,2026-10-08T12:41:38Z,107,Robe,2026-10-13T00:00:00Z,2026-10-13T11:00,27.4,207,49.0,0.2,3.98,10.1,242,4.4,1.82,0.5,90,0.02,15.0,,unavailable (no satellite pass / dataset error),
47.5,Fair,Getting rough,2026-10-08T12:41:38Z,108,Robe,2026-10-13T01:00:00Z,2026-10-13T12:00,26.7,204,48.6,0.0,3.94,10.15,242,4.36,1.8,0.6,72,0.11,15.0,,unavailable (no satellite pass / dataset error),
49.2,Fair,Getting rough,2026-10-08T12:41:38Z,109,Robe,2026-10-13T02:00:00Z,2026-10-13T13:00,25.3,203,49.0,0.0,3.92,10.2,242,4.32,1.76,0.4,63,0.16,15.0,,unavailable (no satellite pass / dataset error),
50.0,Fair,Getting rough,2026-10-08T12:41:38Z,110,Robe,2026-10-13T03:00:00Z,2026-10-13T14:00,24.4,201,49.0,0.0,3.88,10.25,242,4.28,1.74,0.4,63,0.16,15.1,,unavailable (no satellite pass / dataset error),
50.2,Fair,Getting rough,2026-10-08T12:41:38Z,111,Robe,2026-10-13T04:00:00Z,2026-10-13T15:00,24.2,198,47.9,0.0,3.88,10.25,241,4.26,1.7,0.4,90,0.08,15.1,,unavailable (no satellite pass / dataset error),
49.9,Fair,Getting rough,2026-10-08T12:41:38Z,112,Robe,2026-10-13T05:00:00Z,2026-10-13T16:00,24.5,195,46.4,0.0,3.88,10.25,241,4.24,1.66,0.4,90,-0.07,15.1,,unavailable (no satellite pass / dataset error),
50.0,Fair,Getting rough,2026-10-08T12:41:38Z,113,Robe,2026-10-13T06:00:00Z,2026-10-13T17:00,24.4,193,45.0,0.0,3.88,10.25,240,4.22,1.62,0.4,90,-0.24,15.1,,unavailable (no satellite pass / dataset error),
50.9,Fair,Getting rough,2026-10-08T12:41:38Z,114,Robe,2026-10-13T07:00:00Z,2026-10-13T18:00,23.4,190,44.6,0.0,3.84,10.3,240,4.22,1.7,0.4,90,-0.39,15.1,,unavailable (no satellite pass / dataset error),
52.3,Fair,Getting rough,2026-10-08T12:41:38Z,115,Robe,2026-10-13T08:00:00Z,2026-10-13T19:00,22.1,186,44.3,0.0,3.8,10.4,240,4.2,1.78,0.3,45,-0.48,15.1,,unavailable (no satellite pass / dataset error),
53.2,Fair,Getting rough,2026-10-08T12:41:38Z,116,Robe,2026-10-13T09:00:00Z,2026-10-13T20:00,20.9,182,43.6,0.0,3.76,10.45,240,4.2,1.86,0.4,27,-0.48,15.1,,unavailable (no satellite pass / dataset error),
54.0,Fair,Getting rough,2026-10-08T12:41:38Z,117,Robe,2026-10-13T10:00:00Z,2026-10-13T21:00,20.0,178,41.8,0.0,3.76,10.4,239,4.18,1.78,0.4,27,-0.39,15.0,,unavailable (no satellite pass / dataset error),
54.2,Fair,Getting rough,2026-10-08T12:41:38Z,118,Robe,2026-10-13T11:00:00Z,2026-10-13T22:00,19.2,174,39.2,0.0,3.78,10.35,237,4.14,1.7,0.6,18,-0.24,15.0,,unavailable (no satellite pass / dataset error),
55.0,Fair,Getting rough,2026-10-08T12:41:38Z,119,Robe,2026-10-13T12:00:00Z,2026-10-13T23:00,18.0,169,37.1,0.0,3.78,10.25,236,4.12,1.62,0.7,0,-0.05,15.0,,unavailable (no satellite pass / dataset error),
53.0,Fair,Getting rough,2026-10-08T12:41:38Z,0,Port MacDonnell,2026-10-08T13:00:00Z,2026-10-09T00:00,25.2,20,42.5,0.0,2.28,11.85,229,2.38,0.58,0.3,135,0.16,15.0,,unavailable (no satellite pass / dataset error),
50.4,Fair,Getting rough,2026-10-08T12:41:38Z,1,Port MacDonnell,2026-10-08T14:00:00Z,2026-10-09T01:00,28.1,18,46.8,0.0,2.28,11.95,229,2.38,0.64,0.3,135,0.17,14.9,,unavailable (no satellite pass / dataset error),
47.0,Fair,Getting rough,2026-10-08T12:41:38Z,2,Port MacDonnell,2026-10-08T15:00:00Z,2026-10-09T02:00,31.2,21,52.9,0.0,2.28,12.05,229,2.4,0.72,0.5,135,0.14,14.9,,unavailable (no satellite pass / dataset error),
46.6,Fair,Getting rough,2026-10-08T12:41:38Z,3,Port MacDonnell,2026-10-08T16:00:00Z,2026-10-09T03:00,31.2,22,54.0,0.0,2.3,12.15,229,2.44,0.74,0.5,135,0.09,14.9,,unavailable (no satellite pass / dataset error),
48.1,Fair,Getting rough,2026-10-08T12:41:38Z,4,Port MacDonnell,2026-10-08T17:00:00Z,2026-10-09T04:00,29.3,23,52.9,0.0,2.32,12.25,228,2.46,0.76,0.5,135,0.02,14.9,,unavailable (no satellite pass / dataset error),
48.3,Fair,Getting rough,2026-10-08T12:41:38Z,5,Port MacDonnell,2026-10-08T18:00:00Z,2026-10-09T05:00,28.6,19,49.7,0.0,2.34,12.35,228,2.5,0.78,0.5,135,-0.05,14.9,,unavailable (no satellite pass / dataset error),
47.7,Fair,Getting rough,2026-10-08T12:41:38Z,6,Port MacDonnell,2026-10-08T19:00:00Z,2026-10-09T06:00,29.3,19,49.7,0.0,2.38,12.4,228,2.54,0.8,0.5,135,-0.08,14.9,,unavailable (no satellite pass / dataset error),
46.3,Fair,Getting rough,2026-10-08T12:41:38Z,7,Port MacDonnell,2026-10-08T20:00:00Z,2026-10-09T07:00,30.6,17,52.9,0.0,2.4,12.45,227,2.58,0.82,0.6,124,-0.07,14.9,,unavailable (no satellite pass / dataset error),
53.3,Fair,Getting rough,2026-10-08T12:41:38Z,8,Port MacDonnell,2026-10-08T21:00:00Z,2026-10-09T08:00,22.7,345,52.2,0.0,2.44,12.45,227,2.62,0.84,0.6,124,-0.02,14.9,,unavailable (no satellite pass / dataset error),
48.2,Fair,Getting rough,2026-10-08T12:41:38Z,9,Port MacDonnell,2026-10-08T22:00:00Z,2026-10-09T09:00,28.4,22,46.8,0.0,2.46,12.45,227,2.64,0.82,0.6,124,0.08,14.9,,unavailable (no satellite pass / dataset error),
47.1,Fair,Getting rough,2026-10-08T12:41:38Z,10,Port MacDonnell,2026-10-08T23:00:00Z,2026-10-09T10:00,29.7,14,52.9,0.0,2.5,12.4,227,2.66,0.82,0.6,124,0.19,14.9,,unavailable (no satellite pass / dataset error),
49.7,Fair,Getting rough,2026-10-08T12:41:38Z,11,Port MacDonnell,2026-10-09T00:00:00Z,2026-10-09T11:00,26.8,16,53.6,0.0,2.52,12.35,227,2.68,0.8,0.6,124,0.29,14.9,,unavailable (no satellite pass / dataset error),
48.9,Fair,Getting rough,2026-10-08T12:41:38Z,12,Port MacDonnell,2026-10-09T01:00:00Z,2026-10-09T12:00,27.7,5,50.4,0.0,2.52,12.35,227,2.68,0.82,0.6,124,0.36,14.9,,unavailable (no satellite pass / dataset error),
48.6,Fair,Getting rough,2026-10-08T12:41:38Z,13,Port MacDonnell,2026-10-09T02:00:00Z,2026-10-09T13:00,27.1,4,51.5,0.6,2.52,12.3,228,2.7,0.84,0.6,124,0.38,14.9,,unavailable (no satellite pass / dataset error),
48.0,Fair,Getting rough,2026-10-08T12:41:38Z,14,Port MacDonnell,2026-10-09T03:00:00Z,2026-10-09T14:00,27.0,360,48.6,0.6,2.52,12.3,228,2.7,0.86,0.6,124,0.33,14.9,,unavailable (no satellite pass / dataset error),
47.1,Fair,Getting rough,2026-10-08T12:41:38Z,15,Port MacDonnell,2026-10-09T04:00:00Z,2026-10-09T15:00,27.3,350,48.2,0.5,2.5,12.25,228,2.7,0.86,0.6,124,0.25,14.9,,unavailable (no satellite pass / dataset error),
46.9,Fair,Getting rough,2026-10-08T12:41:38Z,16,Port MacDonnell,2026-10-09T05:00:00Z,2026-10-09T16:00,26.0,352,46.4,0.7,2.5,12.25,229,2.72,0.88,0.8,117,0.15,14.9,,unavailable (no satellite pass / dataset error),
45.2,Fair,Getting rough,2026-10-08T12:41:38Z,17,Port MacDonnell,2026-10-09T06:00:00Z,2026-10-09T17:00,26.4,355,50.4,1.1,2.48,12.2,229,2.72,0.88,0.8,117,0.06,14.9,,unavailable (no satellite pass / dataset error),
45.2,Fair,Getting rough,2026-10-08T12:41:38Z,18,Port MacDonnell,2026-10-09T07:00:00Z,2026-10-09T18:00,23.6,353,49.0,2.0,2.46,12.15,229,2.74,1.0,0.8,117,0.0,14.9,,unavailable (no satellite pass / dataset error),
41.7,Fair,Getting rough,2026-10-08T12:41:38Z,19,Port MacDonnell,2026-10-09T08:00:00Z,2026-10-09T19:00,25.1,352,44.6,1.7,2.42,12.1,230,2.78,1.12,0.8,117,0.0,14.9,,unavailable (no satellite pass / dataset error),
41.7,Fair,Getting rough,2026-10-08T12:41:38Z,20,Port MacDonnell,2026-10-09T09:00:00Z,2026-10-09T20:00,24.6,344,44.6,0.4,2.4,12.05,230,2.8,1.24,0.8,117,0.05,14.9,,unavailable (no satellite pass / dataset error),
38.9,Poor,Getting rough,2026-10-08T12:41:38Z,21,Port MacDonnell,2026-10-09T10:00:00Z,2026-10-09T21:00,27.3,329,45.7,0.3,2.4,11.95,230,2.86,1.38,0.8,117,0.15,14.8,,unavailable (no satellite pass / dataset error),
38.2,Poor,Getting rough,2026-10-08T12:41:38Z,22,Port MacDonnell,2026-10-09T11:00:00Z,2026-10-09T22:00,28.1,324,52.2,0.0,2.4,11.8,230,2.9,1.54,0.8,117,0.27,14.8,,unavailable (no satellite pass / dataset error),
36.2,Poor,Getting rough,2026-10-08T12:41:38Z,23,Port MacDonnell,2026-10-09T12:00:00Z,2026-10-09T23:00,30.3,313,55.4,0.0,2.4,11.7,230,2.96,1.68,0.8,117,0.37,14.8,,unavailable (no satellite pass / dataset error),
35.2,Poor,Getting rough,2026-10-08T12:41:38Z,24,Port MacDonnell,2026-10-09T13:00:00Z,2026-10-10T00:00,31.3,303,55.8,0.1,2.36,11.6,230,3.0,1.78,0.8,117,0.44,14.8,,unavailable (no satellite pass / dataset error),
35.1,Poor,Getting rough,2026-10-08T12:41:38Z,25,Port MacDonnell,2026-10-09T14:00:00Z,2026-10-10T01:00,31.3,299,54.0,0.1,2.34,11.55,229,3.04,1.86,0.8,117,0.46,14.8,,unavailable (no satellite pass / dataset error),
36.3,Poor,Getting rough,2026-10-08T12:41:38Z,26,Port MacDonnell,2026-10-09T15:00:00Z,2026-10-10T02:00,29.4,298,54.0,0.0,2.3,11.5,229,3.08,1.96,1.0,112,0.42,14.8,,unavailable (no satellite pass / dataset error),
36.5,Poor,Getting rough,2026-10-08T12:41:38Z,27,Port MacDonnell,2026-10-09T16:00:00Z,2026-10-10T03:00,29.1,299,49.7,0.0,2.24,11.4,229,3.14,2.1,1.0,112,0.34,14.8,,unavailable (no satellite pass / dataset error),
36.2,Poor,Getting rough,2026-10-08T12:41:38Z,28,Port MacDonnell,2026-10-09T17:00:00Z,2026-10-10T04:00,29.3,294,50.8,0.1,2.2,11.35,228,3.22,2.26,1.0,112,0.23,14.8,,unavailable (no satellite pass / dataset error),
35.8,Poor,Getting rough,2026-10-08T12:41:38Z,29,Port MacDonnell,2026-10-09T18:00:00Z,2026-10-10T05:00,29.8,286,50.8,0.0,2.14,11.3,228,3.28,2.4,1.0,112,0.12,14.8,,unavailable (no satellite pass / dataset error),
36.8,Poor,Getting rough,2026-10-08T12:41:38Z,30,Port MacDonnell,2026-10-09T19:00:00Z,2026-10-10T06:00,28.7,293,53.3,0.0,2.06,11.4,228,3.3,2.34,1.0,112,0.03,14.8,,unavailable (no satellite pass / dataset error),
37.5,Poor,Getting rough,2026-10-08T12:41:38Z,31,Port MacDonnell,2026-10-09T20:00:00Z,2026-10-10T07:00,27.9,296,49.0,0.0,1.98,11.6,229,3.3,2.28,1.0,112,-0.01,14.8,,unavailable (no satellite pass / dataset error),
37.8,Poor,Getting rough,2026-10-08T12:41:38Z,32,Port MacDonnell,2026-10-09T21:00:00Z,2026-10-10T08:00,27.6,299,47.5,0.0,1.9,11.55,229,3.32,2.22,1.0,112,0.02,14.8,,unavailable (no satellite pass / dataset error),
35.7,Poor,Getting rough,2026-10-08T12:41:38Z,33,Port MacDonnell,2026-10-09T22:00:00Z,2026-10-10T09:00,29.9,302,52.6,0.0,1.88,11.2,230,3.34,2.26,1.0,112,0.1,14.8,,unavailable (no satellite pass / dataset error),
31.2,Poor,Getting rough,2026-10-08T12:41:38Z,34,Port MacDonnell,2026-10-09T23:00:00Z,2026-10-10T10:00,36.1,300,64.4,0.0,1.86,10.7,232,3.38,2.28,1.0,112,0.21,14.8,,unavailable (no satellite pass / dataset error),
30.9,Poor,Getting rough,2026-10-08T12:41:38Z,35,Port MacDonnell,2026-10-10T00:00:00Z,2026-10-10T11:00,38.3,299,69.5,0.2,1.84,10.1,233,3.4,2.32,1.0,112,0.3,14.8,,unavailable (no satellite pass / dataset error),
30.5,Poor,Getting rough,2026-10-08T12:41:38Z,36,Port MacDonnell,2026-10-10T01:00:00Z,2026-10-10T12:00,39.5,299,71.6,0.3,1.88,9.25,239,3.4,2.26,1.0,112,0.36,14.8,,unavailable (no satellite pass / dataset error),
30.8,Poor,Getting rough,2026-10-08T12:41:38Z,37,Port MacDonnell,2026-10-10T02:00:00Z,2026-10-10T13:00,40.8,296,74.5,0.4,1.92,8.35,246,3.42,2.18,1.0,112,0.36,14.9,,unavailable (no satellite pass / dataset error),
31.2,Poor,Getting rough,2026-10-08T12:41:38Z,38,Port MacDonnell,2026-10-10T03:00:00Z,2026-10-10T14:00,37.4,295,74.5,0.3,1.96,7.85,252,3.42,2.12,1.0,121,0.31,14.9,,unavailable (no satellite pass / dataset error),
31.2,Poor,Getting rough,2026-10-08T12:41:38Z,39,Port MacDonnell,2026-10-10T04:00:00Z,2026-10-10T15:00,34.9,292,68.0,0.2,2.36,8.15,251,3.44,1.94,1.2,117,0.21,14.9,,unavailable (no satellite pass / dataset error),
33.4,Poor,Getting rough,2026-10-08T12:41:38Z,40,Port MacDonnell,2026-10-10T05:00:00Z,2026-10-10T16:00,33.1,289,64.1,0.2,2.74,8.85,251,3.48,1.74,1.2,117,0.09,15.0,,unavailable (no satellite pass / dataset error),
39.2,Poor,Getting rough,2026-10-08T12:41:38Z,41,Port MacDonnell,2026-10-10T06:00:00Z,2026-10-10T17:00,28.5,287,60.5,0.1,3.14,9.4,250,3.5,1.56,1.0,121,-0.02,15.0,,unavailable (no satellite pass / dataset error),
46.2,Fair,Getting rough,2026-10-08T12:41:38Z,42,Port MacDonnell,2026-10-10T07:00:00Z,2026-10-10T18:00,23.5,290,52.2,0.0,3.28,9.5,251,3.54,1.28,1.0,112,-0.1,15.0,,unavailable (no satellite pass / dataset error),
52.0,Fair,Getting rough,2026-10-08T12:41:38Z,43,Port MacDonnell,2026-10-10T08:00:00Z,2026-10-10T19:00,19.4,296,42.8,0.0,3.4,9.4,251,3.58,1.0,1.0,112,-0.12,15.0,,unavailable (no satellite pass / dataset error),
54.7,Fair,Getting rough,2026-10-08T12:41:38Z,44,Port MacDonnell,2026-10-10T09:00:00Z,2026-10-10T20:00,17.4,302,33.8,0.0,3.54,9.4,252,3.62,0.72,0.8,117,-0.06,15.0,,unavailable (no satellite pass / dataset error),
56.3,Fair,Getting rough,2026-10-08T12:41:38Z,45,Port MacDonnell,2026-10-10T10:00:00Z,2026-10-10T21:00,15.9,302,29.9,0.1,3.66,9.6,251,3.74,0.66,0.8,117,0.06,14.9,,unavailable (no satellite pass / dataset error),
59.9,Fair,Getting rough,2026-10-08T12:41:38Z,46,Port MacDonnell,2026-10-10T11:00:00Z,2026-10-10T22:00,12.4,313,26.6,0.0,3.8,9.85,251,3.86,0.58,0.6,124,0.2,14.9,,unavailable (no satellite pass / dataset error),
61.8,Good,Getting rough,2026-10-08T12:41:38Z,47,Port MacDonnell,2026-10-10T12:00:00Z,2026-10-10T23:00,10.3,333,20.5,0.0,3.92,10.1,250,3.98,0.52,0.6,124,0.34,14.9,,unavailable (no satellite pass / dataset error),
60.9,Good,Getting rough,2026-10-08T12:41:38Z,48,Port MacDonnell,2026-10-10T13:00:00Z,2026-10-11T00:00,11.4,353,18.7,0.0,4.08,10.3,249,4.12,0.44,0.6,124,0.45,14.9,,unavailable (no satellite pass / dataset error),
60.4,Good,Getting rough,2026-10-08T12:41:38Z,49,Port MacDonnell,2026-10-10T14:00:00Z,2026-10-11T01:00,12.4,350,20.9,0.0,4.22,10.5,249,4.26,0.34,0.5,135,0.49,14.9,,unavailable (no satellite pass / dataset error),
60.0,Good,Getting rough,2026-10-08T12:41:38Z,50,Port MacDonnell,2026-10-10T15:00:00Z,2026-10-11T02:00,12.8,351,20.9,0.0,4.38,10.7,248,4.4,0.26,0.5,135,0.45,14.9,,unavailable (no satellite pass / dataset error),
59.7,Fair,Getting rough,2026-10-08T12:41:38Z,51,Port MacDonnell,2026-10-10T16:00:00Z,2026-10-11T03:00,13.2,350,22.3,0.0,4.5,10.9,247,4.5,0.24,0.5,135,0.36,14.9,,unavailable (no satellite pass / dataset error),
59.6,Fair,Getting rough,2026-10-08T12:41:38Z,52,Port MacDonnell,2026-10-10T17:00:00Z,2026-10-11T04:00,13.4,353,22.7,0.0,4.6,11.1,247,4.62,0.22,0.5,135,0.23,14.9,,unavailable (no satellite pass / dataset error),
59.8,Fair,Getting rough,2026-10-08T12:41:38Z,53,Port MacDonnell,2026-10-10T18:00:00Z,2026-10-11T05:00,13.2,348,23.0,0.0,4.72,11.25,246,4.72,0.2,0.5,135,0.08,14.9,,unavailable (no satellite pass / dataset error),
59.3,Fair,Getting rough,2026-10-08T12:41:38Z,54,Port MacDonnell,2026-10-10T19:00:00Z,2026-10-11T06:00,13.7,5,23.0,0.0,4.78,11.4,246,4.78,0.26,0.5,135,-0.04,14.9,,unavailable (no satellite pass / dataset error),
57.7,Fair,Getting rough,2026-10-08T12:41:38Z,55,Port MacDonnell,2026-10-10T20:00:00Z,2026-10-11T07:00,15.5,13,25.9,0.0,4.86,11.55,245,4.86,0.3,0.5,135,-0.11,14.9,,unavailable (no satellite pass / dataset error),
56.3,Fair,Getting rough,2026-10-08T12:41:38Z,56,Port MacDonnell,2026-10-10T21:00:00Z,2026-10-11T08:00,17.1,8,29.2,0.0,4.92,11.65,245,4.92,0.36,0.5,135,-0.11,14.9,,unavailable (no satellite pass / dataset error),
54.5,Fair,Getting rough,2026-10-08T12:41:38Z,57,Port MacDonnell,2026-10-10T22:00:00Z,2026-10-11T09:00,19.1,8,34.6,0.0,4.92,11.8,245,4.92,0.42,0.5,135,-0.04,14.9,,unavailable (no satellite pass / dataset error),
52.0,Fair,Getting rough,2026-10-08T12:41:38Z,58,Port MacDonnell,2026-10-10T23:00:00Z,2026-10-11T10:00,21.9,7,40.0,0.0,4.92,11.9,244,4.94,0.46,0.5,135,0.06,15.0,,unavailable (no satellite pass / dataset error),
50.1,Fair,Getting rough,2026-10-08T12:41:38Z,59,Port MacDonnell,2026-10-11T00:00:00Z,2026-10-11T11:00,24.3,0,45.4,0.0,4.92,12.0,244,4.94,0.52,0.5,135,0.17,15.0,,unavailable (no satellite pass / dataset error),
49.1,Fair,Getting rough,2026-10-08T12:41:38Z,60,Port MacDonnell,2026-10-11T01:00:00Z,2026-10-11T12:00,25.6,358,47.9,0.0,4.88,12.1,244,4.9,0.56,0.6,146,0.25,15.0,,unavailable (no satellite pass / dataset error),
47.9,Fair,Getting rough,2026-10-08T12:41:38Z,61,Port MacDonnell,2026-10-11T02:00:00Z,2026-10-11T13:00,27.0,348,52.2,0.0,4.84,12.15,243,4.88,0.58,0.8,135,0.28,15.0,,unavailable (no satellite pass / dataset error),
51.2,Fair,Getting rough,2026-10-08T12:41:38Z,62,Port MacDonnell,2026-10-11T03:00:00Z,2026-10-11T14:00,24.2,348,53.6,0.0,4.8,12.15,243,4.84,0.62,0.6,124,0.24,15.1,,unavailable (no satellite pass / dataset error),
50.4,Fair,Getting rough,2026-10-08T12:41:38Z,63,Port MacDonnell,2026-10-11T04:00:00Z,2026-10-11T15:00,25.4,341,54.4,0.0,4.74,12.1,243,4.76,0.54,0.6,124,0.15,15.1,,unavailable (no satellite pass / dataset error),
54.9,Fair,Getting rough,2026-10-08T12:41:38Z,64,Port MacDonnell,2026-10-11T05:00:00Z,2026-10-11T16:00,20.7,340,55.1,0.0,4.68,11.95,244,4.7,0.44,0.6,124,0.03,15.2,,unavailable (no satellite pass / dataset error),
55.9,Fair,Getting rough,2026-10-08T12:41:38Z,65,Port MacDonnell,2026-10-11T06:00:00Z,2026-10-11T17:00,19.7,348,37.1,0.0,4.62,11.85,244,4.62,0.36,0.6,124,-0.09,15.2,,unavailable (no satellite pass / dataset error),
54.7,Fair,Getting rough,2026-10-08T12:41:38Z,66,Port MacDonnell,2026-10-11T07:00:00Z,2026-10-11T18:00,20.9,329,42.5,0.1,4.52,11.8,244,4.52,0.46,0.6,124,-0.17,15.2,,unavailable (no satellite pass / dataset error),
52.2,Fair,Getting rough,2026-10-08T12:41:38Z,67,Port MacDonnell,2026-10-11T08:00:00Z,2026-10-11T19:00,23.7,321,42.5,0.0,4.4,11.8,243,4.44,0.56,0.6,124,-0.19,15.2,,unavailable (no satellite pass / dataset error),
53.2,Fair,Getting rough,2026-10-08T12:41:38Z,68,Port MacDonnell,2026-10-11T09:00:00Z,2026-10-11T20:00,22.6,294,41.0,0.0,4.3,11.75,243,4.34,0.66,0.6,124,-0.13,15.2,,unavailable (no satellite pass / dataset error),
56.7,Fair,Getting rough,2026-10-08T12:41:38Z,69,Port MacDonnell,2026-10-11T10:00:00Z,2026-10-11T21:00,18.8,290,40.7,0.0,4.22,11.7,244,4.26,0.56,0.6,124,0.0,15.1,,unavailable (no satellite pass / dataset error),
61.2,Good,Getting rough,2026-10-08T12:41:38Z,70,Port MacDonnell,2026-10-11T11:00:00Z,2026-10-11T22:00,13.7,309,31.3,0.0,4.14,11.6,244,4.16,0.48,0.6,124,0.18,15.1,,unavailable (no satellite pass / dataset error),
62.9,Good,Getting rough,2026-10-08T12:41:38Z,71,Port MacDonnell,2026-10-11T12:00:00Z,2026-10-11T23:00,11.8,322,22.7,0.0,4.06,11.55,245,4.08,0.38,0.6,124,0.37,15.1,,unavailable (no satellite pass / dataset error),
63.1,Good,Getting rough,2026-10-08T12:41:38Z,72,Port MacDonnell,2026-10-11T13:00:00Z,2026-10-12T00:00,11.6,316,19.4,0.0,4.0,11.5,245,4.02,0.38,0.6,124,0.52,15.1,,unavailable (no satellite pass / dataset error),
62.6,Good,Getting rough,2026-10-08T12:41:38Z,73,Port MacDonnell,2026-10-11T14:00:00Z,2026-10-12T01:00,11.6,332,19.8,0.0,3.94,11.5,245,3.96,0.36,0.8,117,0.61,15.1,,unavailable (no satellite pass / dataset error),
63.1,Good,Getting rough,2026-10-08T12:41:38Z,74,Port MacDonnell,2026-10-11T15:00:00Z,2026-10-12T02:00,11.1,312,19.4,0.0,3.88,11.5,245,3.9,0.36,0.8,117,0.61,15.1,,unavailable (no satellite pass / dataset error),
63.1,Good,Getting rough,2026-10-08T12:41:38Z,75,Port MacDonnell,2026-10-11T16:00:00Z,2026-10-12T03:00,11.1,302,18.7,0.0,3.82,11.5,245,3.84,0.36,0.8,117,0.54,15.1,,unavailable (no satellite pass / dataset error),
63.4,Good,Getting rough,2026-10-08T12:41:38Z,76,Port MacDonnell,2026-10-11T17:00:00Z,2026-10-12T04:00,10.8,296,19.1,0.0,3.76,11.45,244,3.78,0.36,0.8,117,0.4,15.1,,unavailable (no satellite pass / dataset error),
64.1,Good,Getting rough,2026-10-08T12:41:38Z,77,Port MacDonnell,2026-10-11T18:00:00Z,2026-10-12T05:00,10.2,287,18.4,0.0,3.7,11.45,244,3.72,0.36,0.7,104,0.24,15.1,,unavailable (no satellite pass / dataset error),
62.3,Good,Getting rough,2026-10-08T12:41:38Z,78,Port MacDonnell,2026-10-11T19:00:00Z,2026-10-12T06:00,12.3,274,20.5,0.0,3.66,11.45,244,3.7,0.46,0.7,104,0.08,15.1,,unavailable (no satellite pass / dataset error),
60.7,Good,Getting rough,2026-10-08T12:41:38Z,79,Port MacDonnell,2026-10-11T20:00:00Z,2026-10-12T07:00,14.0,263,24.1,0.0,3.64,11.45,243,3.68,0.56,0.7,104,-0.03,15.1,,unavailable (no satellite pass / dataset error),
57.2,Fair,Getting rough,2026-10-08T12:41:38Z,80,Port MacDonnell,2026-10-11T21:00:00Z,2026-10-12T08:00,18.1,220,31.7,0.1,3.6,11.4,243,3.66,0.66,0.6,108,-0.07,15.1,,unavailable (no satellite pass / dataset error),
54.6,Fair,Getting rough,2026-10-08T12:41:38Z,81,Port MacDonnell,2026-10-11T22:00:00Z,2026-10-12T09:00,21.0,222,41.4,0.0,3.62,11.25,242,3.68,0.72,0.6,108,-0.04,15.1,,unavailable (no satellite pass / dataset error),
59.3,Fair,Getting rough,2026-10-08T12:41:38Z,82,Port MacDonnell,2026-10-11T23:00:00Z,2026-10-12T10:00,15.7,233,40.7,0.0,3.64,11.1,241,3.72,0.76,0.6,108,0.03,15.1,,unavailable (no satellite pass / dataset error),
55.9,Fair,Getting rough,2026-10-08T12:41:38Z,83,Port MacDonnell,2026-10-12T00:00:00Z,2026-10-12T11:00,19.5,239,38.5,0.0,3.66,10.95,240,3.74,0.82,0.6,108,0.13,15.1,,unavailable (no satellite pass / dataset error),
55.0,Fair,Getting rough,2026-10-08T12:41:38Z,84,Port MacDonnell,2026-10-12T01:00:00Z,2026-10-12T12:00,20.5,246,40.7,0.0,3.6,10.95,239,3.74,1.0,0.6,108,0.2,15.1,,unavailable (no satellite pass / dataset error),
54.5,Fair,Getting rough,2026-10-08T12:41:38Z,85,Port MacDonnell,2026-10-12T02:00:00Z,2026-10-12T13:00,21.6,252,42.8,0.0,3.54,10.95,239,3.76,1.2,0.4,117,0.23,15.1,,unavailable (no satellite pass / dataset error),
53.4,Fair,Getting rough,2026-10-08T12:41:38Z,86,Port MacDonnell,2026-10-12T03:00:00Z,2026-10-12T14:00,22.9,257,44.6,0.0,3.48,11.0,238,3.76,1.38,0.4,117,0.19,15.2,,unavailable (no satellite pass / dataset error),
51.7,Fair,Getting rough,2026-10-08T12:41:38Z,87,Port MacDonnell,2026-10-12T04:00:00Z,2026-10-12T15:00,24.2,261,46.4,0.0,3.42,11.05,238,3.74,1.48,0.6,108,0.09,15.2,,unavailable (no satellite pass / dataset error),
50.8,Fair,Getting rough,2026-10-08T12:41:38Z,88,Port MacDonnell,2026-10-12T05:00:00Z,2026-10-12T16:00,25.3,264,48.6,0.0,3.34,11.1,238,3.72,1.6,0.6,108,-0.04,15.2,,unavailable (no satellite pass / dataset error),
50.1,Fair,Getting rough,2026-10-08T12:41:38Z,89,Port MacDonnell,2026-10-12T06:00:00Z,2026-10-12T17:00,26.0,267,50.0,0.0,3.28,11.1,238,3.7,1.7,0.6,108,-0.18,15.2,,unavailable (no satellite pass / dataset error),
50.6,Fair,Getting rough,2026-10-08T12:41:38Z,90,Port MacDonnell,2026-10-12T07:00:00Z,2026-10-12T18:00,25.4,270,51.1,0.0,3.28,11.0,238,3.72,1.74,0.7,104,-0.29,15.2,,unavailable (no satellite pass / dataset error),
51.7,Fair,Getting rough,2026-10-08T12:41:38Z,91,Port MacDonnell,2026-10-12T08:00:00Z,2026-10-12T19:00,24.1,271,52.2,0.0,3.28,10.85,239,3.74,1.76,0.7,104,-0.33,15.2,,unavailable (no satellite pass / dataset error),
52.3,Fair,Getting rough,2026-10-08T12:41:38Z,92,Port MacDonnell,2026-10-12T09:00:00Z,2026-10-12T20:00,23.5,274,52.2,0.0,3.28,10.75,239,3.76,1.8,0.7,104,-0.3,15.2,,unavailable (no satellite pass / dataset error),
52.0,Fair,Getting rough,2026-10-08T12:41:38Z,93,Port MacDonnell,2026-10-12T10:00:00Z,2026-10-12T21:00,23.8,277,50.4,0.0,3.28,10.65,239,3.82,1.9,0.7,104,-0.17,15.2,,unavailable (no satellite pass / dataset error),
51.0,Fair,Getting rough,2026-10-08T12:41:38Z,94,Port MacDonnell,2026-10-12T11:00:00Z,2026-10-12T22:00,24.9,281,47.9,0.0,3.3,10.6,239,3.86,1.98,0.7,104,0.01,15.1,,unavailable (no satellite pass / dataset error),
49.3,Fair,Getting rough,2026-10-08T12:41:38Z,95,Port MacDonnell,2026-10-12T12:00:00Z,2026-10-12T23:00,26.0,282,46.4,0.0,3.3,10.55,239,3.92,2.08,1.0,112,0.23,15.1,,unavailable (no satellite pass / dataset error),
48.0,Fair,Getting rough,2026-10-08T12:41:38Z,96,Port MacDonnell,2026-10-12T13:00:00Z,2026-10-13T00:00,27.3,283,47.2,0.1,3.28,10.6,238,4.0,2.24,1.0,112,0.43,15.1,,unavailable (no satellite pass / dataset error),
46.6,Fair,Getting rough,2026-10-08T12:41:38Z,97,Port MacDonnell,2026-10-12T14:00:00Z,2026-10-13T01:00,28.8,282,49.3,0.1,3.28,10.7,238,4.08,2.4,1.0,112,0.56,15.1,,unavailable (no satellite pass / dataset error),
45.8,Fair,Getting rough,2026-10-08T12:41:38Z,98,Port MacDonnell,2026-10-12T15:00:00Z,2026-10-13T02:00,29.5,279,50.8,0.1,3.26,10.75,237,4.16,2.56,1.0,112,0.61,15.1,,unavailable (no satellite pass / dataset error),
45.6,Fair,Getting rough,2026-10-08T12:41:38Z,99,Port MacDonnell,2026-10-12T16:00:00Z,2026-10-13T03:00,29.5,272,51.1,0.2,3.34,10.6,242,4.2,2.36,1.0,112,0.58,15.1,,unavailable (no satellite pass / dataset error),
45.3,Fair,Getting rough,2026-10-08T12:41:38Z,100,Port MacDonnell,2026-10-12T17:00:00Z,2026-10-13T04:00,29.5,264,51.1,0.2,3.42,10.4,247,4.26,2.16,1.0,112,0.46,15.1,,unavailable (no satellite pass / dataset error),
45.7,Fair,Getting rough,2026-10-08T12:41:38Z,101,Port MacDonnell,2026-10-12T18:00:00Z,2026-10-13T05:00,28.8,257,50.8,0.2,3.5,10.25,252,4.3,1.96,1.0,112,0.31,15.1,,unavailable (no satellite pass / dataset error),
47.9,Fair,Getting rough,2026-10-08T12:41:38Z,102,Port MacDonnell,2026-10-12T19:00:00Z,2026-10-13T06:00,26.3,252,50.4,0.4,3.62,10.15,250,4.32,1.96,0.8,117,0.14,15.1,,unavailable (no satellite pass / dataset error),
50.6,Fair,Getting rough,2026-10-08T12:41:38Z,103,Port MacDonnell,2026-10-12T20:00:00Z,2026-10-13T07:00,22.7,247,50.0,0.4,3.72,10.15,247,4.32,1.94,0.8,117,0.0,15.0,,unavailable (no satellite pass / dataset error),
52.6,Fair,Getting rough,2026-10-08T12:41:38Z,104,Port MacDonnell,2026-10-12T21:00:00Z,2026-10-13T08:00,20.3,239,49.7,0.4,3.84,10.15,245,4.34,1.94,0.7,104,-0.07,15.0,,unavailable (no satellite pass / dataset error),
51.9,Fair,Getting rough,2026-10-08T12:41:38Z,105,Port MacDonnell,2026-10-12T22:00:00Z,2026-10-13T09:00,21.1,230,49.3,0.2,3.8,10.2,245,4.32,1.98,0.6,108,-0.07,15.0,,unavailable (no satellite pass / dataset error),
49.5,Fair,Getting rough,2026-10-08T12:41:38Z,106,Port MacDonnell,2026-10-12T23:00:00Z,2026-10-13T10:00,23.5,221,49.0,0.2,3.78,10.35,246,4.3,2.0,0.6,108,-0.02,15.0,,unavailable (no satellite pass / dataset error),
47.8,Fair,Getting rough,2026-10-08T12:41:38Z,107,Port MacDonnell,2026-10-13T00:00:00Z,2026-10-13T11:00,25.1,214,48.6,0.2,3.74,10.4,246,4.28,2.04,0.6,108,0.07,15.0,,unavailable (no satellite pass / dataset error),
48.1,Fair,Getting rough,2026-10-08T12:41:38Z,108,Port MacDonnell,2026-10-13T01:00:00Z,2026-10-13T12:00,24.8,210,48.2,0.0,3.78,10.4,246,4.28,1.96,0.6,108,0.15,15.0,,unavailable (no satellite pass / dataset error),
49.5,Fair,Getting rough,2026-10-08T12:41:38Z,109,Port MacDonnell,2026-10-13T02:00:00Z,2026-10-13T13:00,23.7,204,47.5,0.0,3.82,10.35,245,4.28,1.88,0.4,117,0.18,15.0,,unavailable (no satellite pass / dataset error),
50.3,Fair,Getting rough,2026-10-08T12:41:38Z,110,Port MacDonnell,2026-10-13T03:00:00Z,2026-10-13T14:00,22.8,200,47.2,0.0,3.86,10.3,245,4.28,1.8,0.4,117,0.15,15.0,,unavailable (no satellite pass / dataset error),
50.7,Fair,Getting rough,2026-10-08T12:41:38Z,111,Port MacDonnell,2026-10-13T04:00:00Z,2026-10-13T15:00,22.6,197,46.8,0.0,3.88,10.3,245,4.28,1.78,0.3,135,0.06,15.0,,unavailable (no satellite pass / dataset error),
51.2,Fair,Getting rough,2026-10-08T12:41:38Z,112,Port MacDonnell,2026-10-13T05:00:00Z,2026-10-13T16:00,22.3,194,46.1,0.0,3.88,10.35,244,4.3,1.76,0.2,90,-0.08,15.0,,unavailable (no satellite pass / dataset error),
51.5,Fair,Getting rough,2026-10-08T12:41:38Z,113,Port MacDonnell,2026-10-13T06:00:00Z,2026-10-13T17:00,22.0,193,45.4,0.0,3.9,10.35,244,4.3,1.74,0.2,90,-0.24,15.0,,unavailable (no satellite pass / dataset error),
52.6,Fair,Getting rough,2026-10-08T12:41:38Z,114,Port MacDonnell,2026-10-13T07:00:00Z,2026-10-13T18:00,21.3,192,44.3,0.0,3.9,10.35,243,4.3,1.74,0.0,90,-0.37,15.0,,unavailable (no satellite pass / dataset error),
53.3,Fair,Getting rough,2026-10-08T12:41:38Z,115,Port MacDonnell,2026-10-13T08:00:00Z,2026-10-13T19:00,20.5,191,43.2,0.0,3.9,10.3,243,4.28,1.72,0.0,90,-0.45,15.0,,unavailable (no satellite pass / dataset error),
53.4,Fair,Getting rough,2026-10-08T12:41:38Z,116,Port MacDonnell,2026-10-13T09:00:00Z,2026-10-13T20:00,19.9,189,41.8,0.0,3.9,10.3,242,4.28,1.72,0.2,270,-0.45,15.0,,unavailable (no satellite pass / dataset error),
53.4,Fair,Getting rough,2026-10-08T12:41:38Z,117,Port MacDonnell,2026-10-13T10:00:00Z,2026-10-13T21:00,19.6,186,39.6,0.0,3.88,10.3,241,4.26,1.7,0.3,315,-0.35,15.0,,unavailable (no satellite pass / dataset error),
53.5,Fair,Getting rough,2026-10-08T12:41:38Z,118,Port MacDonnell,2026-10-13T11:00:00Z,2026-10-13T22:00,19.3,183,37.1,0.0,3.86,10.25,240,4.24,1.68,0.4,297,-0.19,14.9,,unavailable (no satellite pass / dataset error),
53.8,Fair,Getting rough,2026-10-08T12:41:38Z,119,Port MacDonnell,2026-10-13T12:00:00Z,2026-10-13T23:00,18.9,179,35.3,0.0,3.84,10.25,239,4.22,1.66,0.4,297,0.02,14.9,,unavailable (no satellite pass / dataset error),
59.1,Fair,Getting rough,2026-10-08T12:41:38Z,0,Cape Bridgewater,2026-10-08T13:00:00Z,2026-10-09T00:00,21.7,25,37.4,0.0,1.82,12.25,224,2.06,0.52,0.4,180,0.14,14.8,,unavailable (no satellite pass / dataset error),
57.5,Fair,Getting rough,2026-10-08T12:41:38Z,1,Cape Bridgewater,2026-10-08T14:00:00Z,2026-10-09T01:00,23.0,16,40.0,0.0,1.88,11.9,224,2.08,0.56,0.5,180,0.14,14.7,,unavailable (no satellite pass / dataset error),
54.3,Fair,Getting rough,2026-10-08T12:41:38Z,2,Cape Bridgewater,2026-10-08T15:00:00Z,2026-10-09T02:00,26.6,11,45.7,0.0,1.96,11.65,225,2.08,0.62,0.5,180,0.11,14.7,,unavailable (no satellite pass / dataset error),
50.0,Fair,Getting rough,2026-10-08T12:41:38Z,3,Cape Bridgewater,2026-10-08T16:00:00Z,2026-10-09T03:00,30.6,14,53.6,0.0,1.98,11.7,225,2.1,0.68,0.7,180,0.06,14.6,,unavailable (no satellite pass / dataset error),
50.6,Fair,Getting rough,2026-10-08T12:41:38Z,4,Cape Bridgewater,2026-10-08T17:00:00Z,2026-10-09T04:00,29.8,14,54.0,0.0,1.98,11.9,224,2.12,0.72,0.7,180,0.0,14.6,,unavailable (no satellite pass / dataset error),
50.2,Fair,Getting rough,2026-10-08T12:41:38Z,5,Cape Bridgewater,2026-10-08T18:00:00Z,2026-10-09T05:00,30.0,12,52.9,0.0,2.0,12.05,224,2.14,0.78,0.7,166,-0.06,14.6,,unavailable (no satellite pass / dataset error),
50.2,Fair,Getting rough,2026-10-08T12:41:38Z,6,Cape Bridgewater,2026-10-08T19:00:00Z,2026-10-09T06:00,29.3,10,52.6,0.0,2.02,12.15,224,2.2,0.82,0.7,166,-0.09,14.6,,unavailable (no satellite pass / dataset error),
49.0,Fair,Getting rough,2026-10-08T12:41:38Z,7,Cape Bridgewater,2026-10-08T20:00:00Z,2026-10-09T07:00,30.2,11,52.6,0.0,2.06,12.2,223,2.24,0.88,0.7,166,-0.08,14.5,,unavailable (no satellite pass / dataset error),
47.7,Fair,Getting rough,2026-10-08T12:41:38Z,8,Cape Bridgewater,2026-10-08T21:00:00Z,2026-10-09T08:00,31.0,10,55.4,0.0,2.08,12.2,223,2.3,0.92,0.7,166,-0.02,14.5,,unavailable (no satellite pass / dataset error),
49.2,Fair,Getting rough,2026-10-08T12:41:38Z,9,Cape Bridgewater,2026-10-08T22:00:00Z,2026-10-09T09:00,29.1,355,55.4,0.0,2.1,12.2,223,2.32,0.92,0.7,166,0.07,14.5,,unavailable (no satellite pass / dataset error),
47.6,Fair,Getting rough,2026-10-08T12:41:38Z,10,Cape Bridgewater,2026-10-08T23:00:00Z,2026-10-09T10:00,30.4,1,52.2,0.0,2.12,12.15,223,2.34,0.92,0.8,153,0.18,14.5,,unavailable (no satellite pass / dataset error),
47.6,Fair,Getting rough,2026-10-08T12:41:38Z,11,Cape Bridgewater,2026-10-09T00:00:00Z,2026-10-09T11:00,30.2,1,55.4,0.0,2.14,12.1,223,2.36,0.92,0.8,153,0.27,14.5,,unavailable (no satellite pass / dataset error),
45.5,Fair,Getting rough,2026-10-08T12:41:38Z,12,Cape Bridgewater,2026-10-09T01:00:00Z,2026-10-09T12:00,32.2,1,59.0,0.0,2.14,12.1,223,2.36,0.9,0.9,143,0.33,14.5,,unavailable (no satellite pass / dataset error),
49.6,Fair,Getting rough,2026-10-08T12:41:38Z,13,Cape Bridgewater,2026-10-09T02:00:00Z,2026-10-09T13:00,27.6,356,58.3,0.0,2.16,12.05,224,2.36,0.9,0.9,143,0.35,14.5,,unavailable (no satellite pass / dataset error),
54.4,Fair,Getting rough,2026-10-08T12:41:38Z,14,Cape Bridgewater,2026-10-09T03:00:00Z,2026-10-09T14:00,22.3,358,52.2,0.0,2.16,12.05,224,2.36,0.88,0.9,143,0.31,14.6,,unavailable (no satellite pass / dataset error),
55.2,Fair,Getting rough,2026-10-08T12:41:38Z,15,Cape Bridgewater,2026-10-09T04:00:00Z,2026-10-09T15:00,21.3,352,41.8,0.0,2.14,12.05,225,2.34,0.86,1.0,135,0.23,14.6,,unavailable (no satellite pass / dataset error),
55.5,Fair,Getting rough,2026-10-08T12:41:38Z,16,Cape Bridgewater,2026-10-09T05:00:00Z,2026-10-09T16:00,21.4,339,40.7,0.0,2.12,12.0,225,2.3,0.82,1.0,135,0.13,14.6,,unavailable (no satellite pass / dataset error),
53.4,Fair,Getting rough,2026-10-08T12:41:38Z,17,Cape Bridgewater,2026-10-09T06:00:00Z,2026-10-09T17:00,24.0,346,43.2,0.0,2.1,12.0,226,2.28,0.8,1.0,135,0.04,14.6,,unavailable (no satellite pass / dataset error),
52.4,Fair,Getting rough,2026-10-08T12:41:38Z,18,Cape Bridgewater,2026-10-09T07:00:00Z,2026-10-09T18:00,23.9,345,43.6,0.9,2.08,12.0,226,2.28,0.84,1.0,135,-0.01,14.6,,unavailable (no satellite pass / dataset error),
52.7,Fair,Getting rough,2026-10-08T12:41:38Z,19,Cape Bridgewater,2026-10-09T08:00:00Z,2026-10-09T19:00,23.0,344,41.4,0.4,2.06,11.95,227,2.28,0.86,1.0,135,-0.01,14.6,,unavailable (no satellite pass / dataset error),
44.1,Fair,Getting rough,2026-10-08T12:41:38Z,20,Cape Bridgewater,2026-10-09T09:00:00Z,2026-10-09T20:00,29.0,349,51.1,2.2,2.04,11.9,227,2.28,0.9,1.2,129,0.04,14.6,,unavailable (no satellite pass / dataset error),
43.0,Fair,Getting rough,2026-10-08T12:41:38Z,21,Cape Bridgewater,2026-10-09T10:00:00Z,2026-10-09T21:00,29.8,343,56.5,0.3,2.04,11.8,227,2.28,0.94,1.2,129,0.14,14.5,,unavailable (no satellite pass / dataset error),
43.8,Fair,Getting rough,2026-10-08T12:41:38Z,22,Cape Bridgewater,2026-10-09T11:00:00Z,2026-10-09T22:00,28.6,337,52.9,0.1,2.02,11.7,228,2.3,0.96,1.2,129,0.25,14.5,,unavailable (no satellite pass / dataset error),
44.4,Fair,Getting rough,2026-10-08T12:41:38Z,23,Cape Bridgewater,2026-10-09T12:00:00Z,2026-10-09T23:00,27.5,324,53.3,0.1,2.02,11.6,228,2.3,1.0,1.3,124,0.35,14.5,,unavailable (no satellite pass / dataset error),
40.2,Fair,Getting rough,2026-10-08T12:41:38Z,24,Cape Bridgewater,2026-10-09T13:00:00Z,2026-10-10T00:00,29.6,313,57.2,0.2,2.0,11.5,228,2.44,1.28,1.6,117,0.41,14.5,,unavailable (no satellite pass / dataset error),
34.2,Poor,Getting rough,2026-10-08T12:41:38Z,25,Cape Bridgewater,2026-10-09T14:00:00Z,2026-10-10T01:00,35.8,298,63.4,0.1,1.98,11.4,227,2.58,1.58,1.8,114,0.43,14.5,,unavailable (no satellite pass / dataset error),
34.8,Poor,Getting rough,2026-10-08T12:41:38Z,26,Cape Bridgewater,2026-10-09T15:00:00Z,2026-10-10T02:00,33.9,302,63.7,0.1,1.96,11.35,227,2.72,1.86,1.9,119,0.39,14.5,,unavailable (no satellite pass / dataset error),
35.2,Poor,Getting rough,2026-10-08T12:41:38Z,27,Cape Bridgewater,2026-10-09T16:00:00Z,2026-10-10T03:00,33.0,300,59.4,0.1,1.92,11.4,226,2.84,2.06,2.0,117,0.31,14.5,,unavailable (no satellite pass / dataset error),
35.2,Poor,Getting rough,2026-10-08T12:41:38Z,28,Cape Bridgewater,2026-10-09T17:00:00Z,2026-10-10T04:00,33.0,297,58.0,0.0,1.86,11.45,225,2.98,2.26,2.0,117,0.2,14.5,,unavailable (no satellite pass / dataset error),
33.2,Poor,Getting rough,2026-10-08T12:41:38Z,29,Cape Bridgewater,2026-10-09T18:00:00Z,2026-10-10T05:00,34.6,292,60.5,0.1,1.82,11.3,224,3.1,2.46,2.2,114,0.09,14.5,,unavailable (no satellite pass / dataset error),
32.8,Poor,Getting rough,2026-10-08T12:41:38Z,30,Cape Bridgewater,2026-10-09T19:00:00Z,2026-10-10T06:00,36.1,286,62.3,0.0,1.78,10.7,228,3.08,2.32,2.2,114,0.02,14.5,,unavailable (no satellite pass / dataset error),
35.3,Poor,Getting rough,2026-10-08T12:41:38Z,31,Cape Bridgewater,2026-10-09T20:00:00Z,2026-10-10T07:00,32.3,292,64.1,0.0,1.74,9.9,233,3.04,2.18,2.2,114,-0.01,14.5,,unavailable (no satellite pass / dataset error),
36.9,Poor,Getting rough,2026-10-08T12:41:38Z,32,Cape Bridgewater,2026-10-09T21:00:00Z,2026-10-10T08:00,30.7,297,56.5,0.0,1.7,9.5,237,3.02,2.04,2.1,121,0.01,14.5,,unavailable (no satellite pass / dataset error),
41.6,Fair,Getting rough,2026-10-08T12:41:38Z,33,Cape Bridgewater,2026-10-09T22:00:00Z,2026-10-10T09:00,25.4,308,54.0,0.0,1.64,10.0,233,2.98,2.04,2.1,121,0.09,14.5,,unavailable (no satellite pass / dataset error),
37.0,Poor,Getting rough,2026-10-08T12:41:38Z,34,Cape Bridgewater,2026-10-09T23:00:00Z,2026-10-10T10:00,30.6,303,57.6,0.0,1.6,10.9,228,2.96,2.06,2.1,121,0.19,14.5,,unavailable (no satellite pass / dataset error),
33.1,Poor,Getting rough,2026-10-08T12:41:38Z,35,Cape Bridgewater,2026-10-10T00:00:00Z,2026-10-10T11:00,37.4,297,72.0,0.0,1.54,11.25,224,2.92,2.06,2.1,121,0.28,14.5,,unavailable (no satellite pass / dataset error),
32.5,Poor,Getting rough,2026-10-08T12:41:38Z,36,Cape Bridgewater,2026-10-10T01:00:00Z,2026-10-10T12:00,39.5,296,75.2,0.1,1.52,10.5,230,2.96,2.14,2.3,122,0.33,14.5,,unavailable (no satellite pass / dataset error),
32.5,Poor,Getting rough,2026-10-08T12:41:38Z,37,Cape Bridgewater,2026-10-10T02:00:00Z,2026-10-10T13:00,39.1,294,76.3,0.0,1.52,9.2,237,3.0,2.24,2.3,122,0.33,14.6,,unavailable (no satellite pass / dataset error),
32.5,Poor,Bit dodgy,2026-10-08T12:41:38Z,38,Cape Bridgewater,2026-10-10T03:00:00Z,2026-10-10T14:00,40.4,293,77.8,0.0,1.5,8.4,243,3.04,2.32,2.3,122,0.28,14.6,,unavailable (no satellite pass / dataset error),
32.2,Poor,Getting rough,2026-10-08T12:41:38Z,39,Cape Bridgewater,2026-10-10T04:00:00Z,2026-10-10T15:00,38.7,291,77.4,0.2,1.74,8.55,242,3.04,2.2,2.3,122,0.18,14.6,,unavailable (no satellite pass / dataset error),
32.1,Poor,Getting rough,2026-10-08T12:41:38Z,40,Cape Bridgewater,2026-10-10T05:00:00Z,2026-10-10T16:00,35.9,288,74.5,0.1,1.96,9.15,242,3.04,2.08,2.3,122,0.06,14.6,,unavailable (no satellite pass / dataset error),
33.3,Poor,Getting rough,2026-10-08T12:41:38Z,41,Cape Bridgewater,2026-10-10T06:00:00Z,2026-10-10T17:00,33.7,285,68.4,0.0,2.2,9.55,241,3.04,1.96,2.3,122,-0.05,14.6,,unavailable (no satellite pass / dataset error),
38.1,Poor,Getting rough,2026-10-08T12:41:38Z,42,Cape Bridgewater,2026-10-10T07:00:00Z,2026-10-10T18:00,29.6,285,64.1,0.0,2.38,9.5,243,3.0,1.66,2.3,119,-0.12,14.6,,unavailable (no satellite pass / dataset error),
42.6,Fair,Getting rough,2026-10-08T12:41:38Z,43,Cape Bridgewater,2026-10-10T08:00:00Z,2026-10-10T19:00,25.6,287,55.8,0.0,2.54,9.25,246,2.96,1.34,2.1,121,-0.13,14.6,,unavailable (no satellite pass / dataset error),
48.6,Fair,Getting rough,2026-10-08T12:41:38Z,44,Cape Bridgewater,2026-10-10T09:00:00Z,2026-10-10T20:00,22.0,290,46.4,0.0,2.72,9.05,248,2.92,1.04,2.1,121,-0.07,14.6,,unavailable (no satellite pass / dataset error),
50.2,Fair,Getting rough,2026-10-08T12:41:38Z,45,Cape Bridgewater,2026-10-10T10:00:00Z,2026-10-10T21:00,21.1,294,38.9,0.0,2.78,9.0,248,2.96,0.9,1.9,119,0.04,14.6,,unavailable (no satellite pass / dataset error),
51.2,Fair,Getting rough,2026-10-08T12:41:38Z,46,Cape Bridgewater,2026-10-10T11:00:00Z,2026-10-10T22:00,20.1,295,37.4,0.0,2.84,9.0,248,3.02,0.78,1.9,119,0.18,14.6,,unavailable (no satellite pass / dataset error),
54.3,Fair,Getting rough,2026-10-08T12:41:38Z,47,Cape Bridgewater,2026-10-10T12:00:00Z,2026-10-10T23:00,17.3,306,34.9,0.0,2.9,9.1,248,3.06,0.64,1.7,122,0.32,14.6,,unavailable (no satellite pass / dataset error),
56.4,Fair,Getting rough,2026-10-08T12:41:38Z,48,Cape Bridgewater,2026-10-10T13:00:00Z,2026-10-11T00:00,15.3,314,29.9,0.0,3.04,9.4,246,3.16,0.6,1.7,122,0.42,14.6,,unavailable (no satellite pass / dataset error),
58.2,Fair,Getting rough,2026-10-08T12:41:38Z,49,Cape Bridgewater,2026-10-10T14:00:00Z,2026-10-11T01:00,13.4,333,25.9,0.0,3.16,9.8,244,3.26,0.56,1.7,122,0.45,14.6,,unavailable (no satellite pass / dataset error),
59.8,Fair,Getting rough,2026-10-08T12:41:38Z,50,Cape Bridgewater,2026-10-10T15:00:00Z,2026-10-11T02:00,12.3,342,23.0,0.0,3.3,10.05,242,3.36,0.52,1.5,126,0.42,14.6,,unavailable (no satellite pass / dataset error),
58.7,Fair,Getting rough,2026-10-08T12:41:38Z,51,Cape Bridgewater,2026-10-10T16:00:00Z,2026-10-11T03:00,13.6,340,22.7,0.0,3.26,9.95,242,3.44,0.44,1.5,126,0.33,14.6,,unavailable (no satellite pass / dataset error),
57.5,Fair,Getting rough,2026-10-08T12:41:38Z,52,Cape Bridgewater,2026-10-10T17:00:00Z,2026-10-11T04:00,15.0,328,25.6,0.0,3.2,9.7,243,3.5,0.38,1.5,126,0.2,14.6,,unavailable (no satellite pass / dataset error),
56.1,Fair,Getting rough,2026-10-08T12:41:38Z,53,Cape Bridgewater,2026-10-10T18:00:00Z,2026-10-11T05:00,16.7,328,28.1,0.0,3.16,9.65,243,3.58,0.3,1.5,126,0.05,14.6,,unavailable (no satellite pass / dataset error),
56.8,Fair,Getting rough,2026-10-08T12:41:38Z,54,Cape Bridgewater,2026-10-10T19:00:00Z,2026-10-11T06:00,15.9,332,28.4,0.0,3.34,10.0,241,3.62,0.3,1.5,126,-0.06,14.6,,unavailable (no satellite pass / dataset error),
57.4,Fair,Getting rough,2026-10-08T12:41:38Z,55,Cape Bridgewater,2026-10-10T20:00:00Z,2026-10-11T07:00,15.5,345,27.0,0.0,3.52,10.6,240,3.68,0.3,1.4,130,-0.12,14.6,,unavailable (no satellite pass / dataset error),
56.2,Fair,Getting rough,2026-10-08T12:41:38Z,56,Cape Bridgewater,2026-10-10T21:00:00Z,2026-10-11T08:00,16.8,354,29.2,0.0,3.7,11.05,238,3.72,0.3,1.4,130,-0.12,14.7,,unavailable (no satellite pass / dataset error),
56.6,Fair,Getting rough,2026-10-08T12:41:38Z,57,Cape Bridgewater,2026-10-10T22:00:00Z,2026-10-11T09:00,16.4,3,35.6,0.0,3.72,11.25,238,3.74,0.34,1.4,130,-0.05,14.7,,unavailable (no satellite pass / dataset error),
52.0,Fair,Getting rough,2026-10-08T12:41:38Z,58,Cape Bridgewater,2026-10-10T23:00:00Z,2026-10-11T10:00,21.5,355,42.5,0.0,3.74,11.4,237,3.76,0.4,1.4,130,0.05,14.7,,unavailable (no satellite pass / dataset error),
51.6,Fair,Getting rough,2026-10-08T12:41:38Z,59,Cape Bridgewater,2026-10-11T00:00:00Z,2026-10-11T11:00,22.0,352,43.9,0.0,3.76,11.45,237,3.78,0.44,1.4,130,0.16,14.7,,unavailable (no satellite pass / dataset error),
49.1,Fair,Getting rough,2026-10-08T12:41:38Z,60,Cape Bridgewater,2026-10-11T01:00:00Z,2026-10-11T12:00,24.7,340,49.0,0.0,3.74,11.5,237,3.78,0.48,1.5,126,0.23,14.8,,unavailable (no satellite pass / dataset error),
48.8,Fair,Getting rough,2026-10-08T12:41:38Z,61,Cape Bridgewater,2026-10-11T02:00:00Z,2026-10-11T13:00,25.0,332,49.7,0.0,3.74,11.55,236,3.76,0.52,1.5,126,0.25,14.8,,unavailable (no satellite pass / dataset error),
48.9,Fair,Getting rough,2026-10-08T12:41:38Z,62,Cape Bridgewater,2026-10-11T03:00:00Z,2026-10-11T14:00,24.4,326,50.0,0.0,3.72,11.55,236,3.76,0.56,1.7,122,0.21,14.9,,unavailable (no satellite pass / dataset error),
50.9,Fair,Getting rough,2026-10-08T12:41:38Z,63,Cape Bridgewater,2026-10-11T04:00:00Z,2026-10-11T15:00,22.7,326,47.9,0.0,3.68,11.5,236,3.72,0.56,1.6,117,0.12,15.0,,unavailable (no satellite pass / dataset error),
50.7,Fair,Getting rough,2026-10-08T12:41:38Z,64,Cape Bridgewater,2026-10-11T05:00:00Z,2026-10-11T16:00,23.0,330,46.1,0.0,3.64,11.4,237,3.68,0.54,1.6,117,0.0,15.0,,unavailable (no satellite pass / dataset error),
51.8,Fair,Getting rough,2026-10-08T12:41:38Z,65,Cape Bridgewater,2026-10-11T06:00:00Z,2026-10-11T17:00,22.1,333,51.5,0.0,3.6,11.35,237,3.64,0.54,1.5,111,-0.12,15.1,,unavailable (no satellite pass / dataset error),
54.4,Fair,Getting rough,2026-10-08T12:41:38Z,66,Cape Bridgewater,2026-10-11T07:00:00Z,2026-10-11T18:00,19.1,344,40.3,0.0,3.52,11.3,237,3.56,0.58,1.5,111,-0.2,15.1,,unavailable (no satellite pass / dataset error),
54.3,Fair,Getting rough,2026-10-08T12:41:38Z,67,Cape Bridgewater,2026-10-11T08:00:00Z,2026-10-11T19:00,19.1,324,42.1,0.3,3.44,11.25,237,3.5,0.6,1.4,113,-0.21,15.1,,unavailable (no satellite pass / dataset error),
57.6,Fair,Getting rough,2026-10-08T12:41:38Z,68,Cape Bridgewater,2026-10-11T09:00:00Z,2026-10-11T20:00,15.4,323,38.9,0.0,3.36,11.2,237,3.42,0.64,1.4,113,-0.15,15.1,,unavailable (no satellite pass / dataset error),
61.8,Good,Getting rough,2026-10-08T12:41:38Z,69,Cape Bridgewater,2026-10-11T10:00:00Z,2026-10-11T21:00,10.6,249,29.5,0.1,3.3,11.2,237,3.34,0.58,1.4,113,-0.01,15.0,,unavailable (no satellite pass / dataset error),
57.0,Fair,Getting rough,2026-10-08T12:41:38Z,70,Cape Bridgewater,2026-10-11T11:00:00Z,2026-10-11T22:00,15.7,292,26.3,0.0,3.22,11.2,237,3.28,0.54,1.5,120,0.17,15.0,,unavailable (no satellite pass / dataset error),
55.7,Fair,Getting rough,2026-10-08T12:41:38Z,71,Cape Bridgewater,2026-10-11T12:00:00Z,2026-10-11T23:00,17.1,306,30.2,0.0,3.16,11.2,237,3.2,0.48,1.5,120,0.35,15.0,,unavailable (no satellite pass / dataset error),
57.1,Fair,Getting rough,2026-10-08T12:41:38Z,72,Cape Bridgewater,2026-10-11T13:00:00Z,2026-10-12T00:00,15.6,308,29.5,0.0,3.12,11.15,237,3.16,0.5,1.5,126,0.5,15.0,,unavailable (no satellite pass / dataset error),
56.2,Fair,Getting rough,2026-10-08T12:41:38Z,73,Cape Bridgewater,2026-10-11T14:00:00Z,2026-10-12T01:00,16.0,313,28.4,0.0,3.06,11.05,238,3.12,0.5,1.7,122,0.59,14.9,,unavailable (no satellite pass / dataset error),
56.9,Fair,Getting rough,2026-10-08T12:41:38Z,74,Cape Bridgewater,2026-10-11T15:00:00Z,2026-10-12T02:00,15.3,313,27.7,0.0,3.02,11.1,238,3.08,0.52,1.7,122,0.59,14.9,,unavailable (no satellite pass / dataset error),
54.3,Fair,Getting rough,2026-10-08T12:41:38Z,75,Cape Bridgewater,2026-10-11T16:00:00Z,2026-10-12T03:00,18.4,292,31.7,0.0,2.88,11.4,237,3.04,0.5,1.6,117,0.51,14.9,,unavailable (no satellite pass / dataset error),
53.6,Fair,Getting rough,2026-10-08T12:41:38Z,76,Cape Bridgewater,2026-10-11T17:00:00Z,2026-10-12T04:00,18.7,283,33.5,0.0,2.72,11.75,235,3.02,0.5,1.8,114,0.38,14.8,,unavailable (no satellite pass / dataset error),
55.6,Fair,Getting rough,2026-10-08T12:41:38Z,77,Cape Bridgewater,2026-10-11T18:00:00Z,2026-10-12T05:00,16.4,282,33.1,0.0,2.58,11.95,234,2.98,0.48,1.8,114,0.23,14.8,,unavailable (no satellite pass / dataset error),
55.9,Fair,Getting rough,2026-10-08T12:41:38Z,78,Cape Bridgewater,2026-10-11T19:00:00Z,2026-10-12T06:00,16.4,273,29.2,0.0,2.68,11.7,234,2.96,0.5,1.7,108,0.08,14.8,,unavailable (no satellite pass / dataset error),
56.3,Fair,Getting rough,2026-10-08T12:41:38Z,79,Cape Bridgewater,2026-10-11T20:00:00Z,2026-10-12T07:00,16.4,267,28.8,0.0,2.78,11.25,235,2.94,0.54,1.5,111,-0.02,14.8,,unavailable (no satellite pass / dataset error),
55.6,Fair,Getting rough,2026-10-08T12:41:38Z,80,Cape Bridgewater,2026-10-11T21:00:00Z,2026-10-12T08:00,17.1,229,33.8,0.1,2.88,10.9,235,2.92,0.56,1.5,111,-0.06,14.8,,unavailable (no satellite pass / dataset error),
54.8,Fair,Getting rough,2026-10-08T12:41:38Z,81,Cape Bridgewater,2026-10-11T22:00:00Z,2026-10-12T09:00,18.0,220,36.0,0.0,2.84,10.85,233,2.96,0.7,1.5,104,-0.03,14.8,,unavailable (no satellite pass / dataset error),
53.0,Fair,Getting rough,2026-10-08T12:41:38Z,82,Cape Bridgewater,2026-10-11T23:00:00Z,2026-10-12T10:00,20.5,231,42.1,0.0,2.78,10.95,232,3.02,0.84,1.3,106,0.04,14.8,,unavailable (no satellite pass / dataset error),
52.9,Fair,Getting rough,2026-10-08T12:41:38Z,83,Cape Bridgewater,2026-10-12T00:00:00Z,2026-10-12T11:00,20.6,250,40.0,0.0,2.74,11.0,230,3.06,0.98,1.3,106,0.13,14.8,,unavailable (no satellite pass / dataset error),
51.7,Fair,Getting rough,2026-10-08T12:41:38Z,84,Cape Bridgewater,2026-10-12T01:00:00Z,2026-10-12T12:00,22.0,253,43.2,0.0,2.74,10.9,229,3.08,1.04,1.3,106,0.21,14.8,,unavailable (no satellite pass / dataset error),
50.3,Fair,Getting rough,2026-10-08T12:41:38Z,85,Cape Bridgewater,2026-10-12T02:00:00Z,2026-10-12T13:00,23.3,257,47.2,0.0,2.74,10.7,229,3.12,1.1,1.4,113,0.22,14.9,,unavailable (no satellite pass / dataset error),
48.8,Fair,Getting rough,2026-10-08T12:41:38Z,86,Cape Bridgewater,2026-10-12T03:00:00Z,2026-10-12T14:00,24.7,260,50.8,0.0,2.74,10.6,228,3.14,1.16,1.5,111,0.18,14.9,,unavailable (no satellite pass / dataset error),
47.2,Fair,Getting rough,2026-10-08T12:41:38Z,87,Cape Bridgewater,2026-10-12T04:00:00Z,2026-10-12T15:00,26.5,263,53.6,0.0,2.66,10.65,228,3.14,1.34,1.5,111,0.08,14.9,,unavailable (no satellite pass / dataset error),
44.9,Fair,Getting rough,2026-10-08T12:41:38Z,88,Cape Bridgewater,2026-10-12T05:00:00Z,2026-10-12T16:00,28.5,267,56.2,0.0,2.6,10.8,228,3.14,1.5,1.7,108,-0.06,14.9,,unavailable (no satellite pass / dataset error),
43.7,Fair,Getting rough,2026-10-08T12:41:38Z,89,Cape Bridgewater,2026-10-12T06:00:00Z,2026-10-12T17:00,29.9,270,58.0,0.0,2.52,10.75,228,3.14,1.68,1.7,108,-0.2,14.9,,unavailable (no satellite pass / dataset error),
43.3,Fair,Getting rough,2026-10-08T12:41:38Z,90,Cape Bridgewater,2026-10-12T07:00:00Z,2026-10-12T18:00,30.1,272,59.4,0.0,2.46,10.4,230,3.14,1.74,1.8,114,-0.3,14.9,,unavailable (no satellite pass / dataset error),
44.3,Fair,Getting rough,2026-10-08T12:41:38Z,91,Cape Bridgewater,2026-10-12T08:00:00Z,2026-10-12T19:00,29.4,275,60.5,0.0,2.38,9.9,231,3.16,1.8,1.8,114,-0.34,14.9,,unavailable (no satellite pass / dataset error),
44.1,Fair,Getting rough,2026-10-08T12:41:38Z,92,Cape Bridgewater,2026-10-12T09:00:00Z,2026-10-12T20:00,29.3,276,60.8,0.0,2.32,9.6,233,3.16,1.86,1.9,112,-0.3,14.9,,unavailable (no satellite pass / dataset error),
43.7,Fair,Getting rough,2026-10-08T12:41:38Z,93,Cape Bridgewater,2026-10-12T10:00:00Z,2026-10-12T21:00,29.9,277,59.8,0.0,2.3,9.7,234,3.22,1.86,1.9,112,-0.17,14.9,,unavailable (no satellite pass / dataset error),
42.7,Fair,Getting rough,2026-10-08T12:41:38Z,94,Cape Bridgewater,2026-10-12T11:00:00Z,2026-10-12T22:00,31.1,278,57.6,0.0,2.26,10.0,234,3.26,1.88,1.9,112,0.01,14.8,,unavailable (no satellite pass / dataset error),
42.0,Fair,Getting rough,2026-10-08T12:41:38Z,95,Cape Bridgewater,2026-10-12T12:00:00Z,2026-10-12T23:00,31.8,278,56.5,0.0,2.24,10.25,235,3.32,1.88,1.9,112,0.23,14.8,,unavailable (no satellite pass / dataset error),
41.5,Fair,Getting rough,2026-10-08T12:41:38Z,96,Cape Bridgewater,2026-10-12T13:00:00Z,2026-10-13T00:00,32.3,280,57.2,0.1,2.32,10.45,234,3.4,2.0,1.9,112,0.42,14.8,,unavailable (no satellite pass / dataset error),
40.3,Fair,Getting rough,2026-10-08T12:41:38Z,97,Cape Bridgewater,2026-10-12T14:00:00Z,2026-10-13T01:00,32.7,281,58.7,0.1,2.42,10.6,234,3.5,2.1,2.2,114,0.55,14.8,,unavailable (no satellite pass / dataset error),
40.2,Fair,Getting rough,2026-10-08T12:41:38Z,98,Cape Bridgewater,2026-10-12T15:00:00Z,2026-10-13T02:00,32.6,281,60.1,0.1,2.5,10.7,233,3.58,2.22,2.2,114,0.6,14.8,,unavailable (no satellite pass / dataset error),
39.8,Poor,Getting rough,2026-10-08T12:41:38Z,99,Cape Bridgewater,2026-10-12T16:00:00Z,2026-10-13T03:00,32.2,275,61.6,0.8,2.54,10.8,233,3.64,2.28,2.1,110,0.56,14.8,,unavailable (no satellite pass / dataset error),
39.3,Poor,Getting rough,2026-10-08T12:41:38Z,100,Cape Bridgewater,2026-10-12T17:00:00Z,2026-10-13T04:00,31.7,268,63.0,0.8,2.56,10.85,234,3.72,2.32,2.1,110,0.44,14.8,,unavailable (no satellite pass / dataset error),
38.9,Poor,Getting rough,2026-10-08T12:41:38Z,101,Cape Bridgewater,2026-10-12T18:00:00Z,2026-10-13T05:00,31.0,261,63.0,0.8,2.6,10.75,234,3.78,2.38,2.1,110,0.29,14.8,,unavailable (no satellite pass / dataset error),
40.1,Fair,Getting rough,2026-10-08T12:41:38Z,102,Cape Bridgewater,2026-10-12T19:00:00Z,2026-10-13T06:00,28.9,255,60.8,0.9,2.84,10.35,236,3.76,2.16,1.9,112,0.13,14.8,,unavailable (no satellite pass / dataset error),
41.3,Fair,Getting rough,2026-10-08T12:41:38Z,103,Cape Bridgewater,2026-10-12T20:00:00Z,2026-10-13T07:00,26.3,247,57.2,0.9,3.06,9.8,237,3.76,1.94,1.9,107,0.0,14.8,,unavailable (no satellite pass / dataset error),
42.3,Fair,Getting rough,2026-10-08T12:41:38Z,104,Cape Bridgewater,2026-10-12T21:00:00Z,2026-10-13T08:00,24.6,240,54.7,0.9,3.3,9.5,239,3.74,1.72,1.7,108,-0.07,14.8,,unavailable (no satellite pass / dataset error),
41.8,Fair,Getting rough,2026-10-08T12:41:38Z,105,Cape Bridgewater,2026-10-12T22:00:00Z,2026-10-13T09:00,24.9,233,54.4,0.2,3.18,9.65,239,3.74,1.9,1.7,108,-0.07,14.8,,unavailable (no satellite pass / dataset error),
40.6,Fair,Getting rough,2026-10-08T12:41:38Z,106,Cape Bridgewater,2026-10-12T23:00:00Z,2026-10-13T10:00,26.0,227,55.1,0.2,3.08,10.0,240,3.74,2.06,1.7,103,-0.01,14.8,,unavailable (no satellite pass / dataset error),
40.0,Fair,Getting rough,2026-10-08T12:41:38Z,107,Cape Bridgewater,2026-10-13T00:00:00Z,2026-10-13T11:00,26.3,222,55.1,0.2,2.96,10.25,240,3.74,2.24,1.7,103,0.08,14.8,,unavailable (no satellite pass / dataset error),
41.6,Fair,Getting rough,2026-10-08T12:41:38Z,108,Cape Bridgewater,2026-10-13T01:00:00Z,2026-10-13T12:00,24.9,216,54.4,0.1,2.94,10.3,238,3.74,2.14,1.5,104,0.16,14.8,,unavailable (no satellite pass / dataset error),
43.7,Fair,Getting rough,2026-10-08T12:41:38Z,109,Cape Bridgewater,2026-10-13T02:00:00Z,2026-10-13T13:00,23.0,209,53.3,0.1,2.94,10.2,236,3.72,2.06,1.3,106,0.18,14.8,,unavailable (no satellite pass / dataset error),
44.6,Fair,Getting rough,2026-10-08T12:41:38Z,110,Cape Bridgewater,2026-10-13T03:00:00Z,2026-10-13T14:00,21.8,204,51.8,0.1,2.92,10.15,234,3.72,1.96,1.3,106,0.15,14.8,,unavailable (no satellite pass / dataset error),
44.2,Fair,Getting rough,2026-10-08T12:41:38Z,111,Cape Bridgewater,2026-10-13T04:00:00Z,2026-10-13T15:00,22.0,202,49.7,0.2,3.0,10.1,236,3.74,1.94,1.3,106,0.05,14.8,,unavailable (no satellite pass / dataset error),
44.0,Fair,Getting rough,2026-10-08T12:41:38Z,112,Cape Bridgewater,2026-10-13T05:00:00Z,2026-10-13T16:00,22.5,203,47.2,0.2,3.1,10.0,237,3.74,1.9,1.1,99,-0.09,14.8,,unavailable (no satellite pass / dataset error),
43.5,Fair,Getting rough,2026-10-08T12:41:38Z,113,Cape Bridgewater,2026-10-13T06:00:00Z,2026-10-13T17:00,22.7,203,45.4,0.2,3.18,9.95,239,3.76,1.88,1.1,99,-0.25,14.8,,unavailable (no satellite pass / dataset error),
44.3,Fair,Getting rough,2026-10-08T12:41:38Z,114,Cape Bridgewater,2026-10-13T07:00:00Z,2026-10-13T18:00,22.4,201,45.0,0.0,3.2,9.9,238,3.76,1.86,0.9,101,-0.38,14.8,,unavailable (no satellite pass / dataset error),
44.8,Fair,Getting rough,2026-10-08T12:41:38Z,115,Cape Bridgewater,2026-10-13T08:00:00Z,2026-10-13T19:00,21.8,198,45.4,0.0,3.24,9.85,238,3.74,1.86,0.9,90,-0.46,14.8,,unavailable (no satellite pass / dataset error),
45.9,Fair,Getting rough,2026-10-08T12:41:38Z,116,Cape Bridgewater,2026-10-13T09:00:00Z,2026-10-13T20:00,21.1,195,45.0,0.0,3.26,9.8,237,3.74,1.84,0.7,90,-0.45,14.8,,unavailable (no satellite pass / dataset error),
46.5,Fair,Getting rough,2026-10-08T12:41:38Z,117,Cape Bridgewater,2026-10-13T10:00:00Z,2026-10-13T21:00,20.4,191,43.6,0.0,3.22,9.65,236,3.74,1.8,0.7,90,-0.36,14.7,,unavailable (no satellite pass / dataset error),
47.1,Fair,Getting rough,2026-10-08T12:41:38Z,118,Cape Bridgewater,2026-10-13T11:00:00Z,2026-10-13T22:00,19.8,187,41.4,0.0,3.16,9.45,236,3.72,1.76,0.7,76,-0.19,14.7,,unavailable (no satellite pass / dataset error),
47.7,Fair,Getting rough,2026-10-08T12:41:38Z,119,Cape Bridgewater,2026-10-13T12:00:00Z,2026-10-13T23:00,19.3,182,40.0,0.0,3.12,9.3,235,3.72,1.72,0.6,72,0.02,14.7,,unavailable (no satellite pass / dataset error),
63.7,Good,Getting rough,2026-10-08T12:41:38Z,0,Portland Bay,2026-10-08T13:00:00Z,2026-10-09T00:00,19.2,19,34.2,0.0,1.72,11.35,221,1.82,0.46,0.4,180,0.13,14.7,,unavailable (no satellite pass / dataset error),
62.1,Good,Getting rough,2026-10-08T12:41:38Z,1,Portland Bay,2026-10-08T14:00:00Z,2026-10-09T01:00,20.7,11,37.1,0.0,1.72,11.55,221,1.82,0.48,0.5,180,0.14,14.7,,unavailable (no satellite pass / dataset error),
59.9,Fair,Getting rough,2026-10-08T12:41:38Z,2,Portland Bay,2026-10-08T15:00:00Z,2026-10-09T02:00,23.2,6,41.8,0.0,1.7,11.75,222,1.82,0.52,0.5,180,0.11,14.7,,unavailable (no satellite pass / dataset error),
57.7,Fair,Getting rough,2026-10-08T12:41:38Z,3,Portland Bay,2026-10-08T16:00:00Z,2026-10-09T03:00,25.5,9,46.8,0.0,1.72,11.9,222,1.84,0.58,0.5,180,0.05,14.7,,unavailable (no satellite pass / dataset error),
56.7,Fair,Getting rough,2026-10-08T12:41:38Z,4,Portland Bay,2026-10-08T17:00:00Z,2026-10-09T04:00,26.1,9,48.2,0.0,1.72,12.0,221,1.88,0.64,0.5,180,-0.01,14.6,,unavailable (no satellite pass / dataset error),
56.8,Fair,Getting rough,2026-10-08T12:41:38Z,5,Portland Bay,2026-10-08T18:00:00Z,2026-10-09T05:00,25.8,8,47.9,0.0,1.74,12.1,221,1.9,0.7,0.5,180,-0.06,14.6,,unavailable (no satellite pass / dataset error),
56.9,Fair,Getting rough,2026-10-08T12:41:38Z,6,Portland Bay,2026-10-08T19:00:00Z,2026-10-09T06:00,25.2,7,47.2,0.0,1.76,12.2,221,1.94,0.76,0.5,180,-0.09,14.6,,unavailable (no satellite pass / dataset error),
56.0,Fair,Getting rough,2026-10-08T12:41:38Z,7,Portland Bay,2026-10-08T20:00:00Z,2026-10-09T07:00,25.3,6,46.1,0.0,1.8,12.25,221,2.0,0.8,0.6,162,-0.08,14.6,,unavailable (no satellite pass / dataset error),
55.4,Fair,Getting rough,2026-10-08T12:41:38Z,8,Portland Bay,2026-10-08T21:00:00Z,2026-10-09T08:00,25.5,6,47.5,0.0,1.82,12.3,221,2.04,0.86,0.6,162,-0.02,14.6,,unavailable (no satellite pass / dataset error),
55.7,Fair,Getting rough,2026-10-08T12:41:38Z,9,Portland Bay,2026-10-08T22:00:00Z,2026-10-09T09:00,25.0,360,48.2,0.0,1.84,12.3,221,2.06,0.86,0.6,162,0.07,14.6,,unavailable (no satellite pass / dataset error),
54.7,Fair,Getting rough,2026-10-08T12:41:38Z,10,Portland Bay,2026-10-08T23:00:00Z,2026-10-09T10:00,25.6,353,46.4,0.0,1.88,12.3,222,2.1,0.88,0.6,162,0.18,14.6,,unavailable (no satellite pass / dataset error),
57.3,Fair,Getting rough,2026-10-08T12:41:38Z,11,Portland Bay,2026-10-09T00:00:00Z,2026-10-09T11:00,22.5,3,47.9,0.0,1.9,12.25,222,2.12,0.88,0.6,162,0.27,14.6,,unavailable (no satellite pass / dataset error),
53.1,Fair,Getting rough,2026-10-08T12:41:38Z,12,Portland Bay,2026-10-09T01:00:00Z,2026-10-09T12:00,27.4,0,51.5,0.0,1.9,12.25,222,2.1,0.86,0.6,146,0.33,14.6,,unavailable (no satellite pass / dataset error),
57.0,Fair,Getting rough,2026-10-08T12:41:38Z,13,Portland Bay,2026-10-09T02:00:00Z,2026-10-09T13:00,23.1,357,52.6,0.0,1.9,12.2,223,2.1,0.82,0.6,146,0.34,14.6,,unavailable (no satellite pass / dataset error),
60.6,Good,Getting rough,2026-10-08T12:41:38Z,14,Portland Bay,2026-10-09T03:00:00Z,2026-10-09T14:00,18.7,1,43.6,0.0,1.9,12.2,223,2.08,0.8,0.8,135,0.3,14.6,,unavailable (no satellite pass / dataset error),
60.6,Good,Getting rough,2026-10-08T12:41:38Z,15,Portland Bay,2026-10-09T04:00:00Z,2026-10-09T15:00,18.9,1,37.8,0.0,1.88,12.15,223,2.06,0.76,0.8,135,0.23,14.6,,unavailable (no satellite pass / dataset error),
61.0,Good,Getting rough,2026-10-08T12:41:38Z,16,Portland Bay,2026-10-09T05:00:00Z,2026-10-09T16:00,19.3,351,37.8,0.0,1.88,12.15,224,2.04,0.7,0.6,124,0.13,14.6,,unavailable (no satellite pass / dataset error),
59.0,Fair,Getting rough,2026-10-08T12:41:38Z,17,Portland Bay,2026-10-09T06:00:00Z,2026-10-09T17:00,21.7,349,41.4,0.0,1.86,12.1,224,2.02,0.66,0.6,124,0.05,14.6,,unavailable (no satellite pass / dataset error),
58.2,Fair,Getting rough,2026-10-08T12:41:38Z,18,Portland Bay,2026-10-09T07:00:00Z,2026-10-09T18:00,21.3,342,40.7,0.6,1.84,12.05,224,2.02,0.7,0.8,117,-0.01,14.6,,unavailable (no satellite pass / dataset error),
57.8,Fair,Getting rough,2026-10-08T12:41:38Z,19,Portland Bay,2026-10-09T08:00:00Z,2026-10-09T19:00,21.9,346,38.9,0.4,1.82,12.05,225,2.0,0.74,0.6,124,-0.01,14.6,,unavailable (no satellite pass / dataset error),
48.1,Fair,Getting rough,2026-10-08T12:41:38Z,20,Portland Bay,2026-10-09T09:00:00Z,2026-10-09T20:00,27.8,347,51.1,3.2,1.8,12.0,225,2.0,0.78,0.8,117,0.04,14.6,,unavailable (no satellite pass / dataset error),
48.6,Fair,Getting rough,2026-10-08T12:41:38Z,21,Portland Bay,2026-10-09T10:00:00Z,2026-10-09T21:00,26.3,345,52.2,0.8,1.78,11.95,225,1.98,0.78,0.8,117,0.14,14.6,,unavailable (no satellite pass / dataset error),
50.2,Fair,Getting rough,2026-10-08T12:41:38Z,22,Portland Bay,2026-10-09T11:00:00Z,2026-10-09T22:00,24.4,339,49.0,0.1,1.78,11.85,226,1.98,0.8,0.8,117,0.25,14.6,,unavailable (no satellite pass / dataset error),
51.2,Fair,Getting rough,2026-10-08T12:41:38Z,23,Portland Bay,2026-10-09T12:00:00Z,2026-10-09T23:00,22.8,326,47.5,0.1,1.76,11.75,226,1.96,0.8,1.0,112,0.35,14.6,,unavailable (no satellite pass / dataset error),
49.3,Fair,Getting rough,2026-10-08T12:41:38Z,24,Portland Bay,2026-10-09T13:00:00Z,2026-10-10T00:00,23.4,314,49.3,0.1,1.76,11.65,226,2.06,1.02,1.1,99,0.41,14.6,,unavailable (no satellite pass / dataset error),
43.9,Fair,Getting rough,2026-10-08T12:41:38Z,25,Portland Bay,2026-10-09T14:00:00Z,2026-10-10T01:00,27.4,298,50.4,0.1,1.74,11.55,226,2.18,1.22,1.3,98,0.42,14.6,,unavailable (no satellite pass / dataset error),
45.2,Fair,Getting rough,2026-10-08T12:41:38Z,26,Portland Bay,2026-10-09T15:00:00Z,2026-10-10T02:00,24.9,304,51.1,0.0,1.74,11.45,226,2.28,1.44,1.3,98,0.38,14.5,,unavailable (no satellite pass / dataset error),
44.5,Fair,Getting rough,2026-10-08T12:41:38Z,27,Portland Bay,2026-10-09T16:00:00Z,2026-10-10T03:00,24.0,304,45.7,0.0,1.72,11.3,226,2.38,1.58,1.5,97,0.3,14.5,,unavailable (no satellite pass / dataset error),
44.6,Fair,Getting rough,2026-10-08T12:41:38Z,28,Portland Bay,2026-10-09T17:00:00Z,2026-10-10T04:00,22.7,304,43.6,0.0,1.72,11.15,227,2.46,1.74,1.6,90,0.2,14.5,,unavailable (no satellite pass / dataset error),
43.2,Fair,Getting rough,2026-10-08T12:41:38Z,29,Portland Bay,2026-10-09T18:00:00Z,2026-10-10T05:00,23.9,300,43.6,0.0,1.7,11.0,227,2.56,1.88,1.6,90,0.1,14.5,,unavailable (no satellite pass / dataset error),
43.5,Fair,Getting rough,2026-10-08T12:41:38Z,30,Portland Bay,2026-10-09T19:00:00Z,2026-10-10T06:00,23.5,295,44.3,0.0,1.64,10.85,226,2.54,1.76,1.6,90,0.02,14.5,,unavailable (no satellite pass / dataset error),
44.3,Fair,Getting rough,2026-10-08T12:41:38Z,31,Portland Bay,2026-10-09T20:00:00Z,2026-10-10T07:00,22.6,299,44.6,0.0,1.58,10.7,225,2.52,1.62,1.6,90,-0.01,14.5,,unavailable (no satellite pass / dataset error),
46.0,Fair,Getting rough,2026-10-08T12:41:38Z,32,Portland Bay,2026-10-09T21:00:00Z,2026-10-10T08:00,20.7,306,40.7,0.0,1.52,10.65,224,2.5,1.5,1.6,90,0.02,14.5,,unavailable (no satellite pass / dataset error),
47.8,Fair,Bit dodgy,2026-10-08T12:41:38Z,33,Portland Bay,2026-10-09T22:00:00Z,2026-10-10T09:00,19.2,314,40.7,0.0,1.48,10.75,224,2.46,1.52,1.6,90,0.1,14.6,,unavailable (no satellite pass / dataset error),
45.9,Fair,Bit dodgy,2026-10-08T12:41:38Z,34,Portland Bay,2026-10-09T23:00:00Z,2026-10-10T10:00,22.3,309,43.2,0.0,1.46,10.95,225,2.42,1.56,1.4,90,0.2,14.6,,unavailable (no satellite pass / dataset error),
38.9,Poor,Bit dodgy,2026-10-08T12:41:38Z,35,Portland Bay,2026-10-10T00:00:00Z,2026-10-10T11:00,30.5,294,59.4,0.0,1.42,11.05,225,2.38,1.58,1.4,90,0.29,14.6,,unavailable (no satellite pass / dataset error),
36.0,Poor,Bit dodgy,2026-10-08T12:41:38Z,36,Portland Bay,2026-10-10T01:00:00Z,2026-10-10T12:00,32.8,294,64.4,0.0,1.38,10.95,225,2.42,1.7,1.6,90,0.34,14.6,,unavailable (no satellite pass / dataset error),
35.8,Poor,Bit dodgy,2026-10-08T12:41:38Z,37,Portland Bay,2026-10-10T02:00:00Z,2026-10-10T13:00,32.4,293,64.8,0.0,1.36,10.75,225,2.48,1.8,1.6,96,0.34,14.6,,unavailable (no satellite pass / dataset error),
34.8,Poor,Bit dodgy,2026-10-08T12:41:38Z,38,Portland Bay,2026-10-10T03:00:00Z,2026-10-10T14:00,33.3,291,67.0,0.0,1.32,10.65,225,2.52,1.92,1.6,96,0.28,14.6,,unavailable (no satellite pass / dataset error),
36.4,Poor,Bit dodgy,2026-10-08T12:41:38Z,39,Portland Bay,2026-10-10T04:00:00Z,2026-10-10T15:00,31.3,288,65.9,0.1,1.38,10.75,226,2.52,1.86,1.6,96,0.18,14.6,,unavailable (no satellite pass / dataset error),
36.6,Poor,Bit dodgy,2026-10-08T12:41:38Z,40,Portland Bay,2026-10-10T05:00:00Z,2026-10-10T16:00,30.8,285,63.7,0.2,1.42,10.9,228,2.5,1.8,1.6,90,0.07,14.6,,unavailable (no satellite pass / dataset error),
38.4,Poor,Bit dodgy,2026-10-08T12:41:38Z,41,Portland Bay,2026-10-10T06:00:00Z,2026-10-10T17:00,28.7,280,60.5,0.1,1.48,10.9,229,2.5,1.74,1.6,90,-0.04,14.6,,unavailable (no satellite pass / dataset error),
43.8,Fair,Getting rough,2026-10-08T12:41:38Z,42,Portland Bay,2026-10-10T07:00:00Z,2026-10-10T18:00,23.9,279,56.2,0.0,1.66,10.55,232,2.46,1.46,1.6,90,-0.11,14.6,,unavailable (no satellite pass / dataset error),
49.1,Fair,Getting rough,2026-10-08T12:41:38Z,43,Portland Bay,2026-10-10T08:00:00Z,2026-10-10T19:00,19.2,280,46.4,0.0,1.86,10.05,236,2.42,1.16,1.5,83,-0.12,14.6,,unavailable (no satellite pass / dataset error),
57.6,Fair,Getting rough,2026-10-08T12:41:38Z,44,Portland Bay,2026-10-10T09:00:00Z,2026-10-10T20:00,14.6,286,36.4,0.0,2.04,9.75,239,2.38,0.88,1.5,83,-0.06,14.6,,unavailable (no satellite pass / dataset error),
59.4,Fair,Getting rough,2026-10-08T12:41:38Z,45,Portland Bay,2026-10-10T10:00:00Z,2026-10-10T21:00,13.8,294,27.0,0.0,2.04,9.9,236,2.42,0.74,1.3,82,0.05,14.6,,unavailable (no satellite pass / dataset error),
61.3,Good,Getting rough,2026-10-08T12:41:38Z,46,Portland Bay,2026-10-10T11:00:00Z,2026-10-10T22:00,12.2,301,25.2,0.0,2.04,10.2,233,2.44,0.6,1.1,81,0.2,14.6,,unavailable (no satellite pass / dataset error),
62.1,Good,Getting rough,2026-10-08T12:41:38Z,47,Portland Bay,2026-10-10T12:00:00Z,2026-10-10T23:00,10.9,322,22.0,0.0,2.04,10.5,230,2.48,0.46,1.1,90,0.33,14.6,,unavailable (no satellite pass / dataset error),
63.5,Good,Getting rough,2026-10-08T12:41:38Z,48,Portland Bay,2026-10-10T13:00:00Z,2026-10-11T00:00,9.8,336,19.1,0.0,2.24,10.6,232,2.58,0.44,0.9,90,0.43,14.6,,unavailable (no satellite pass / dataset error),
63.5,Good,Getting rough,2026-10-08T12:41:38Z,49,Portland Bay,2026-10-10T14:00:00Z,2026-10-11T01:00,10.0,345,17.6,0.0,2.46,10.65,235,2.68,0.44,0.9,90,0.46,14.6,,unavailable (no satellite pass / dataset error),
63.5,Good,Getting rough,2026-10-08T12:41:38Z,50,Portland Bay,2026-10-10T15:00:00Z,2026-10-11T02:00,10.5,341,18.0,0.0,2.66,10.65,237,2.78,0.42,0.7,90,0.42,14.6,,unavailable (no satellite pass / dataset error),
63.1,Good,Getting rough,2026-10-08T12:41:38Z,51,Portland Bay,2026-10-10T16:00:00Z,2026-10-11T03:00,10.9,340,19.1,0.0,2.78,10.65,237,2.88,0.36,0.7,104,0.33,14.6,,unavailable (no satellite pass / dataset error),
62.7,Good,Getting rough,2026-10-08T12:41:38Z,52,Portland Bay,2026-10-10T17:00:00Z,2026-10-11T04:00,11.4,337,20.5,0.0,2.92,10.65,236,2.96,0.28,0.7,90,0.2,14.6,,unavailable (no satellite pass / dataset error),
61.1,Good,Getting rough,2026-10-08T12:41:38Z,53,Portland Bay,2026-10-10T18:00:00Z,2026-10-11T05:00,13.2,332,23.4,0.0,3.04,10.7,236,3.06,0.22,0.7,90,0.06,14.6,,unavailable (no satellite pass / dataset error),
61.4,Good,Getting rough,2026-10-08T12:41:38Z,54,Portland Bay,2026-10-10T19:00:00Z,2026-10-11T06:00,12.8,338,24.1,0.0,3.1,10.85,236,3.12,0.24,0.7,90,-0.05,14.6,,unavailable (no satellite pass / dataset error),
62.0,Good,Getting rough,2026-10-08T12:41:38Z,55,Portland Bay,2026-10-10T20:00:00Z,2026-10-11T07:00,12.2,351,23.4,0.0,3.14,11.05,235,3.16,0.26,0.7,104,-0.12,14.6,,unavailable (no satellite pass / dataset error),
60.8,Good,Getting rough,2026-10-08T12:41:38Z,56,Portland Bay,2026-10-10T21:00:00Z,2026-10-11T08:00,13.5,4,24.8,0.0,3.2,11.25,235,3.22,0.28,0.7,104,-0.11,14.6,,unavailable (no satellite pass / dataset error),
58.7,Fair,Getting rough,2026-10-08T12:41:38Z,57,Portland Bay,2026-10-10T22:00:00Z,2026-10-11T09:00,15.9,3,30.2,0.0,3.22,11.4,234,3.24,0.32,0.7,104,-0.04,14.7,,unavailable (no satellite pass / dataset error),
55.8,Fair,Getting rough,2026-10-08T12:41:38Z,58,Portland Bay,2026-10-10T23:00:00Z,2026-10-11T10:00,19.4,353,40.7,0.0,3.26,11.6,234,3.28,0.34,0.6,108,0.06,14.7,,unavailable (no satellite pass / dataset error),
54.5,Fair,Getting rough,2026-10-08T12:41:38Z,59,Portland Bay,2026-10-11T00:00:00Z,2026-10-11T11:00,20.8,356,42.1,0.0,3.28,11.7,233,3.3,0.38,0.6,108,0.17,14.7,,unavailable (no satellite pass / dataset error),
51.1,Fair,Getting rough,2026-10-08T12:41:38Z,60,Portland Bay,2026-10-11T01:00:00Z,2026-10-11T12:00,24.1,345,48.6,0.0,3.26,11.8,233,3.3,0.4,0.8,117,0.24,14.8,,unavailable (no satellite pass / dataset error),
50.7,Fair,Getting rough,2026-10-08T12:41:38Z,61,Portland Bay,2026-10-11T02:00:00Z,2026-10-11T13:00,24.4,336,49.7,0.1,3.26,11.85,232,3.3,0.44,0.8,117,0.26,14.9,,unavailable (no satellite pass / dataset error),
51.8,Fair,Getting rough,2026-10-08T12:41:38Z,62,Portland Bay,2026-10-11T03:00:00Z,2026-10-11T14:00,23.0,329,49.0,0.1,3.24,11.85,232,3.3,0.46,0.8,117,0.21,15.0,,unavailable (no satellite pass / dataset error),
52.2,Fair,Getting rough,2026-10-08T12:41:38Z,63,Portland Bay,2026-10-11T04:00:00Z,2026-10-11T15:00,22.5,332,46.1,0.0,3.2,11.8,232,3.26,0.44,0.9,101,0.12,15.1,,unavailable (no satellite pass / dataset error),
53.7,Fair,Getting rough,2026-10-08T12:41:38Z,64,Portland Bay,2026-10-11T05:00:00Z,2026-10-11T16:00,21.1,331,46.1,0.0,3.18,11.75,233,3.24,0.44,0.9,101,0.0,15.1,,unavailable (no satellite pass / dataset error),
55.6,Fair,Getting rough,2026-10-08T12:41:38Z,65,Portland Bay,2026-10-11T06:00:00Z,2026-10-11T17:00,19.1,332,46.8,0.0,3.14,11.7,233,3.2,0.42,0.9,90,-0.12,15.2,,unavailable (no satellite pass / dataset error),
59.9,Fair,Getting rough,2026-10-08T12:41:38Z,66,Portland Bay,2026-10-11T07:00:00Z,2026-10-11T18:00,14.3,342,41.4,0.0,3.06,11.65,233,3.14,0.44,0.9,90,-0.2,15.2,,unavailable (no satellite pass / dataset error),
55.0,Fair,Getting rough,2026-10-08T12:41:38Z,67,Portland Bay,2026-10-11T08:00:00Z,2026-10-11T19:00,19.8,335,34.6,0.0,3.0,11.6,233,3.06,0.44,0.9,90,-0.21,15.2,,unavailable (no satellite pass / dataset error),
57.0,Fair,Getting rough,2026-10-08T12:41:38Z,68,Portland Bay,2026-10-11T09:00:00Z,2026-10-11T20:00,17.4,340,38.5,0.1,2.92,11.55,233,3.0,0.46,0.9,90,-0.15,15.1,,unavailable (no satellite pass / dataset error),
63.6,Good,Getting rough,2026-10-08T12:41:38Z,69,Portland Bay,2026-10-11T10:00:00Z,2026-10-11T21:00,9.8,308,31.3,0.1,2.86,11.55,233,2.94,0.46,0.9,90,-0.01,15.1,,unavailable (no satellite pass / dataset error),
61.9,Good,Getting rough,2026-10-08T12:41:38Z,70,Portland Bay,2026-10-11T11:00:00Z,2026-10-11T22:00,11.8,253,20.9,0.0,2.78,11.6,232,2.86,0.44,0.9,101,0.17,15.1,,unavailable (no satellite pass / dataset error),
61.8,Good,Getting rough,2026-10-08T12:41:38Z,71,Portland Bay,2026-10-11T12:00:00Z,2026-10-11T23:00,11.9,300,20.5,0.0,2.72,11.6,232,2.8,0.44,0.9,101,0.35,15.0,,unavailable (no satellite pass / dataset error),
61.3,Good,Getting rough,2026-10-08T12:41:38Z,72,Portland Bay,2026-10-11T13:00:00Z,2026-10-12T00:00,12.4,317,23.4,0.0,2.68,11.6,232,2.76,0.42,0.9,101,0.5,15.0,,unavailable (no satellite pass / dataset error),
60.9,Good,Getting rough,2026-10-08T12:41:38Z,73,Portland Bay,2026-10-11T14:00:00Z,2026-10-12T01:00,12.9,319,24.1,0.0,2.62,11.55,233,2.7,0.42,0.9,101,0.59,15.0,,unavailable (no satellite pass / dataset error),
61.1,Good,Getting rough,2026-10-08T12:41:38Z,74,Portland Bay,2026-10-11T15:00:00Z,2026-10-12T02:00,12.7,316,22.3,0.0,2.58,11.5,233,2.66,0.4,0.9,101,0.59,14.9,,unavailable (no satellite pass / dataset error),
59.2,Fair,Getting rough,2026-10-08T12:41:38Z,75,Portland Bay,2026-10-11T16:00:00Z,2026-10-12T03:00,14.3,293,25.6,0.0,2.56,11.45,232,2.64,0.42,1.1,99,0.51,14.9,,unavailable (no satellite pass / dataset error),
59.6,Fair,Getting rough,2026-10-08T12:41:38Z,76,Portland Bay,2026-10-11T17:00:00Z,2026-10-12T04:00,13.3,291,25.9,0.0,2.52,11.45,232,2.62,0.44,1.3,90,0.39,14.8,,unavailable (no satellite pass / dataset error),
61.1,Good,Getting rough,2026-10-08T12:41:38Z,77,Portland Bay,2026-10-11T18:00:00Z,2026-10-12T05:00,11.6,291,23.8,0.0,2.5,11.4,231,2.6,0.46,1.3,82,0.24,14.8,,unavailable (no satellite pass / dataset error),
60.6,Good,Getting rough,2026-10-08T12:41:38Z,78,Portland Bay,2026-10-11T19:00:00Z,2026-10-12T06:00,12.1,281,21.6,0.0,2.48,11.4,231,2.58,0.48,1.3,82,0.09,14.8,,unavailable (no satellite pass / dataset error),
61.4,Good,Getting rough,2026-10-08T12:41:38Z,79,Portland Bay,2026-10-11T20:00:00Z,2026-10-12T07:00,11.3,279,21.2,0.0,2.48,11.4,230,2.58,0.5,1.3,74,-0.01,14.8,,unavailable (no satellite pass / dataset error),
60.0,Good,Getting rough,2026-10-08T12:41:38Z,80,Portland Bay,2026-10-11T21:00:00Z,2026-10-12T08:00,12.8,256,25.2,0.0,2.46,11.4,230,2.56,0.52,1.3,74,-0.04,14.8,,unavailable (no satellite pass / dataset error),
57.6,Fair,Getting rough,2026-10-08T12:41:38Z,81,Portland Bay,2026-10-11T22:00:00Z,2026-10-12T09:00,15.0,223,31.0,0.2,2.46,11.3,230,2.6,0.68,1.4,67,-0.01,14.8,,unavailable (no satellite pass / dataset error),
54.8,Fair,Getting rough,2026-10-08T12:41:38Z,82,Portland Bay,2026-10-11T23:00:00Z,2026-10-12T10:00,18.5,232,34.9,0.1,2.48,11.15,231,2.64,0.82,1.2,63,0.06,14.8,,unavailable (no satellite pass / dataset error),
54.8,Fair,Getting rough,2026-10-08T12:41:38Z,83,Portland Bay,2026-10-12T00:00:00Z,2026-10-12T11:00,18.5,246,37.8,0.0,2.48,11.05,231,2.68,0.98,1.2,63,0.15,14.8,,unavailable (no satellite pass / dataset error),
54.0,Fair,Getting rough,2026-10-08T12:41:38Z,84,Portland Bay,2026-10-12T01:00:00Z,2026-10-12T12:00,19.7,247,41.0,0.0,2.48,10.95,231,2.7,1.0,1.1,72,0.22,14.8,,unavailable (no satellite pass / dataset error),
53.4,Fair,Getting rough,2026-10-08T12:41:38Z,85,Portland Bay,2026-10-12T02:00:00Z,2026-10-12T13:00,20.5,250,43.9,0.0,2.48,10.9,231,2.72,1.02,1.1,72,0.23,14.8,,unavailable (no satellite pass / dataset error),
52.7,Fair,Getting rough,2026-10-08T12:41:38Z,86,Portland Bay,2026-10-12T03:00:00Z,2026-10-12T14:00,21.4,254,46.1,0.0,2.48,10.85,231,2.74,1.04,1.1,81,0.19,14.9,,unavailable (no satellite pass / dataset error),
51.6,Fair,Getting rough,2026-10-08T12:41:38Z,87,Portland Bay,2026-10-12T04:00:00Z,2026-10-12T15:00,22.6,259,47.9,0.0,2.42,10.9,231,2.74,1.2,1.1,81,0.08,14.9,,unavailable (no satellite pass / dataset error),
50.0,Fair,Getting rough,2026-10-08T12:41:38Z,88,Portland Bay,2026-10-12T05:00:00Z,2026-10-12T16:00,23.9,265,49.3,0.0,2.34,10.95,230,2.76,1.34,1.3,82,-0.06,14.9,,unavailable (no satellite pass / dataset error),
49.3,Fair,Getting rough,2026-10-08T12:41:38Z,89,Portland Bay,2026-10-12T06:00:00Z,2026-10-12T17:00,24.7,269,50.4,0.0,2.28,11.0,230,2.76,1.5,1.3,82,-0.2,14.9,,unavailable (no satellite pass / dataset error),
49.3,Fair,Getting rough,2026-10-08T12:41:38Z,90,Portland Bay,2026-10-12T07:00:00Z,2026-10-12T18:00,24.1,273,51.5,0.0,2.26,10.9,230,2.76,1.52,1.5,83,-0.3,14.9,,unavailable (no satellite pass / dataset error),
50.3,Fair,Getting rough,2026-10-08T12:41:38Z,91,Portland Bay,2026-10-12T08:00:00Z,2026-10-12T19:00,23.0,275,52.2,0.0,2.22,10.75,231,2.74,1.54,1.5,76,-0.34,14.9,,unavailable (no satellite pass / dataset error),
50.9,Fair,Getting rough,2026-10-08T12:41:38Z,92,Portland Bay,2026-10-12T09:00:00Z,2026-10-12T20:00,22.0,278,51.5,0.0,2.2,10.65,231,2.74,1.56,1.7,77,-0.3,14.9,,unavailable (no satellite pass / dataset error),
51.6,Fair,Getting rough,2026-10-08T12:41:38Z,93,Portland Bay,2026-10-12T10:00:00Z,2026-10-12T21:00,21.8,280,48.6,0.0,2.2,10.55,232,2.76,1.48,1.5,76,-0.17,14.8,,unavailable (no satellite pass / dataset error),
51.6,Fair,Getting rough,2026-10-08T12:41:38Z,94,Portland Bay,2026-10-12T11:00:00Z,2026-10-12T22:00,21.9,281,44.6,0.0,2.22,10.5,232,2.76,1.4,1.5,76,0.02,14.8,,unavailable (no satellite pass / dataset error),
51.7,Fair,Getting rough,2026-10-08T12:41:38Z,95,Portland Bay,2026-10-12T12:00:00Z,2026-10-12T23:00,21.7,283,41.8,0.0,2.22,10.45,233,2.78,1.32,1.5,83,0.24,14.8,,unavailable (no satellite pass / dataset error),
52.1,Fair,Getting rough,2026-10-08T12:41:38Z,96,Portland Bay,2026-10-12T13:00:00Z,2026-10-13T00:00,21.2,288,40.7,0.1,2.26,10.35,233,2.84,1.38,1.5,83,0.43,14.8,,unavailable (no satellite pass / dataset error),
52.2,Fair,Getting rough,2026-10-08T12:41:38Z,97,Portland Bay,2026-10-12T14:00:00Z,2026-10-13T01:00,20.9,294,40.3,0.1,2.32,10.25,233,2.9,1.44,1.5,83,0.56,14.8,,unavailable (no satellite pass / dataset error),
52.3,Fair,Getting rough,2026-10-08T12:41:38Z,98,Portland Bay,2026-10-12T15:00:00Z,2026-10-13T02:00,20.7,296,40.7,0.1,2.36,10.2,233,2.96,1.5,1.5,83,0.61,14.8,,unavailable (no satellite pass / dataset error),
51.9,Fair,Getting rough,2026-10-08T12:41:38Z,99,Portland Bay,2026-10-12T16:00:00Z,2026-10-13T03:00,20.5,290,41.4,0.4,2.36,10.2,232,3.02,1.64,1.5,83,0.57,14.8,,unavailable (no satellite pass / dataset error),
51.1,Fair,Getting rough,2026-10-08T12:41:38Z,100,Portland Bay,2026-10-12T17:00:00Z,2026-10-13T04:00,20.6,279,42.5,0.4,2.38,10.25,232,3.1,1.8,1.6,84,0.46,14.8,,unavailable (no satellite pass / dataset error),
50.5,Fair,Getting rough,2026-10-08T12:41:38Z,101,Portland Bay,2026-10-12T18:00:00Z,2026-10-13T05:00,20.7,270,42.8,0.4,2.38,10.25,231,3.16,1.94,1.6,84,0.31,14.8,,unavailable (no satellite pass / dataset error),
50.6,Fair,Getting rough,2026-10-08T12:41:38Z,102,Portland Bay,2026-10-12T19:00:00Z,2026-10-13T06:00,19.5,265,41.4,0.6,2.5,10.05,231,3.16,1.8,1.7,77,0.14,14.8,,unavailable (no satellite pass / dataset error),
52.1,Fair,Getting rough,2026-10-08T12:41:38Z,103,Portland Bay,2026-10-12T20:00:00Z,2026-10-13T07:00,17.5,261,38.9,0.6,2.64,9.75,231,3.16,1.64,1.5,76,0.01,14.8,,unavailable (no satellite pass / dataset error),
52.3,Fair,Getting rough,2026-10-08T12:41:38Z,104,Portland Bay,2026-10-12T21:00:00Z,2026-10-13T08:00,16.5,254,38.2,0.6,2.76,9.65,231,3.16,1.5,1.5,69,-0.05,14.8,,unavailable (no satellite pass / dataset error),
50.9,Fair,Getting rough,2026-10-08T12:41:38Z,105,Portland Bay,2026-10-12T22:00:00Z,2026-10-13T09:00,18.0,242,41.0,0.2,2.66,9.9,231,3.18,1.68,1.5,69,-0.05,14.8,,unavailable (no satellite pass / dataset error),
47.8,Fair,Getting rough,2026-10-08T12:41:38Z,106,Portland Bay,2026-10-12T23:00:00Z,2026-10-13T10:00,21.1,231,45.4,0.2,2.54,10.25,232,3.22,1.88,1.6,63,0.01,14.8,,unavailable (no satellite pass / dataset error),
45.7,Fair,Getting rough,2026-10-08T12:41:38Z,107,Portland Bay,2026-10-13T00:00:00Z,2026-10-13T11:00,23.2,224,48.6,0.2,2.44,10.55,232,3.24,2.06,1.6,63,0.1,14.8,,unavailable (no satellite pass / dataset error),
46.2,Fair,Getting rough,2026-10-08T12:41:38Z,108,Portland Bay,2026-10-13T01:00:00Z,2026-10-13T12:00,22.7,218,49.0,0.1,2.46,10.55,232,3.24,2.0,1.5,60,0.18,14.8,,unavailable (no satellite pass / dataset error),
48.1,Fair,Getting rough,2026-10-08T12:41:38Z,109,Portland Bay,2026-10-13T02:00:00Z,2026-10-13T13:00,21.2,211,48.2,0.1,2.48,10.5,232,3.24,1.94,1.2,63,0.21,14.8,,unavailable (no satellite pass / dataset error),
49.0,Fair,Getting rough,2026-10-08T12:41:38Z,110,Portland Bay,2026-10-13T03:00:00Z,2026-10-13T14:00,20.1,205,47.2,0.1,2.5,10.4,232,3.24,1.88,1.2,63,0.17,14.8,,unavailable (no satellite pass / dataset error),
49.2,Fair,Getting rough,2026-10-08T12:41:38Z,111,Portland Bay,2026-10-13T04:00:00Z,2026-10-13T15:00,20.2,203,46.1,0.1,2.54,10.4,232,3.24,1.86,1.0,59,0.07,14.8,,unavailable (no satellite pass / dataset error),
48.9,Fair,Getting rough,2026-10-08T12:41:38Z,112,Portland Bay,2026-10-13T05:00:00Z,2026-10-13T16:00,20.5,203,44.3,0.1,2.58,10.4,233,3.26,1.84,1.0,59,-0.08,14.8,,unavailable (no satellite pass / dataset error),
48.8,Fair,Getting rough,2026-10-08T12:41:38Z,113,Portland Bay,2026-10-13T06:00:00Z,2026-10-13T17:00,20.4,202,43.2,0.1,2.62,10.4,233,3.26,1.82,1.0,59,-0.24,14.8,,unavailable (no satellite pass / dataset error),
49.0,Fair,Getting rough,2026-10-08T12:41:38Z,114,Portland Bay,2026-10-13T07:00:00Z,2026-10-13T18:00,19.7,201,42.8,0.0,2.64,10.35,233,3.28,1.82,1.2,51,-0.38,14.8,,unavailable (no satellite pass / dataset error),
49.9,Fair,Getting rough,2026-10-08T12:41:38Z,115,Portland Bay,2026-10-13T08:00:00Z,2026-10-13T19:00,18.7,200,42.8,0.0,2.64,10.35,232,3.28,1.84,1.2,51,-0.45,14.8,,unavailable (no satellite pass / dataset error),
50.8,Fair,Getting rough,2026-10-08T12:41:38Z,116,Portland Bay,2026-10-13T09:00:00Z,2026-10-13T20:00,17.7,197,41.8,0.0,2.66,10.25,232,3.3,1.84,1.2,39,-0.44,14.8,,unavailable (no satellite pass / dataset error),
51.5,Fair,Getting rough,2026-10-08T12:41:38Z,117,Portland Bay,2026-10-13T10:00:00Z,2026-10-13T21:00,16.9,194,39.2,0.0,2.7,10.1,231,3.3,1.78,1.2,39,-0.35,14.7,,unavailable (no satellite pass / dataset error),
52.8,Fair,Getting rough,2026-10-08T12:41:38Z,118,Portland Bay,2026-10-13T11:00:00Z,2026-10-13T22:00,15.9,189,35.6,0.0,2.76,9.9,231,3.3,1.72,1.0,31,-0.17,14.7,,unavailable (no satellite pass / dataset error),
53.3,Fair,Getting rough,2026-10-08T12:41:38Z,119,Portland Bay,2026-10-13T12:00:00Z,2026-10-13T23:00,15.4,185,33.1,0.0,2.8,9.8,230,3.3,1.66,1.0,22,0.04,14.7,,unavailable (no satellite pass / dataset error),
59.7,Fair,Getting rough,2026-10-08T12:41:38Z,0,Bay of Islands,2026-10-08T13:00:00Z,2026-10-09T00:00,22.0,35,35.3,0.0,1.52,10.25,230,2.02,0.36,0.2,180,0.08,14.7,,unavailable (no satellite pass / dataset error),
58.5,Fair,Bit dodgy,2026-10-08T12:41:38Z,1,Bay of Islands,2026-10-08T14:00:00Z,2026-10-09T01:00,23.2,36,37.1,0.0,1.48,12.15,230,1.98,0.38,0.4,180,0.07,14.7,,unavailable (no satellite pass / dataset error),
56.8,Fair,Bit dodgy,2026-10-08T12:41:38Z,2,Bay of Islands,2026-10-08T15:00:00Z,2026-10-09T02:00,25.4,35,40.7,0.0,1.42,13.4,230,1.96,0.42,0.4,153,0.04,14.6,,unavailable (no satellite pass / dataset error),
54.0,Fair,Getting rough,2026-10-08T12:41:38Z,3,Bay of Islands,2026-10-08T16:00:00Z,2026-10-09T03:00,27.8,30,45.0,0.0,1.54,13.3,230,1.98,0.5,0.6,162,0.0,14.6,,unavailable (no satellite pass / dataset error),
52.3,Fair,Getting rough,2026-10-08T12:41:38Z,4,Bay of Islands,2026-10-08T17:00:00Z,2026-10-09T04:00,29.5,27,47.5,0.0,1.68,12.55,231,2.0,0.58,0.6,162,-0.04,14.6,,unavailable (no satellite pass / dataset error),
49.4,Fair,Getting rough,2026-10-08T12:41:38Z,5,Bay of Islands,2026-10-08T18:00:00Z,2026-10-09T05:00,32.2,27,52.2,0.0,1.8,12.0,231,2.02,0.66,0.7,166,-0.08,14.6,,unavailable (no satellite pass / dataset error),
48.1,Fair,Getting rough,2026-10-08T12:41:38Z,6,Bay of Islands,2026-10-08T19:00:00Z,2026-10-09T06:00,33.2,26,54.0,0.0,1.8,12.0,231,2.06,0.7,0.7,166,-0.1,14.6,,unavailable (no satellite pass / dataset error),
47.9,Fair,Getting rough,2026-10-08T12:41:38Z,7,Bay of Islands,2026-10-08T20:00:00Z,2026-10-09T07:00,33.2,25,54.4,0.0,1.82,12.15,230,2.08,0.76,0.7,166,-0.08,14.5,,unavailable (no satellite pass / dataset error),
48.6,Fair,Getting rough,2026-10-08T12:41:38Z,8,Bay of Islands,2026-10-08T21:00:00Z,2026-10-09T08:00,32.0,23,54.0,0.0,1.82,12.25,230,2.12,0.8,0.7,180,-0.01,14.5,,unavailable (no satellite pass / dataset error),
48.3,Fair,Getting rough,2026-10-08T12:41:38Z,9,Bay of Islands,2026-10-08T22:00:00Z,2026-10-09T09:00,31.9,23,52.9,0.0,1.88,12.15,230,2.16,0.84,0.7,180,0.08,14.5,,unavailable (no satellite pass / dataset error),
48.5,Fair,Getting rough,2026-10-08T12:41:38Z,10,Bay of Islands,2026-10-08T23:00:00Z,2026-10-09T10:00,31.2,22,54.0,0.0,1.96,11.95,229,2.2,0.86,0.7,180,0.17,14.5,,unavailable (no satellite pass / dataset error),
50.2,Fair,Getting rough,2026-10-08T12:41:38Z,11,Bay of Islands,2026-10-09T00:00:00Z,2026-10-09T11:00,28.9,21,50.8,0.0,2.02,11.8,229,2.24,0.9,0.7,180,0.25,14.5,,unavailable (no satellite pass / dataset error),
49.7,Fair,Getting rough,2026-10-08T12:41:38Z,12,Bay of Islands,2026-10-09T01:00:00Z,2026-10-09T12:00,29.4,17,49.7,0.0,2.04,11.75,229,2.24,0.88,0.7,180,0.29,14.5,,unavailable (no satellite pass / dataset error),
48.8,Fair,Getting rough,2026-10-08T12:41:38Z,13,Bay of Islands,2026-10-09T02:00:00Z,2026-10-09T13:00,30.2,10,52.9,0.0,2.04,11.8,230,2.26,0.84,0.7,166,0.29,14.6,,unavailable (no satellite pass / dataset error),
49.0,Fair,Getting rough,2026-10-08T12:41:38Z,14,Bay of Islands,2026-10-09T03:00:00Z,2026-10-09T14:00,29.7,3,52.6,0.0,2.06,11.8,230,2.26,0.82,0.8,153,0.24,14.6,,unavailable (no satellite pass / dataset error),
51.7,Fair,Getting rough,2026-10-08T12:41:38Z,15,Bay of Islands,2026-10-09T04:00:00Z,2026-10-09T15:00,26.9,5,51.1,0.0,2.04,11.8,230,2.22,0.74,0.9,143,0.17,14.6,,unavailable (no satellite pass / dataset error),
51.8,Fair,Getting rough,2026-10-08T12:41:38Z,16,Bay of Islands,2026-10-09T05:00:00Z,2026-10-09T16:00,26.7,4,45.0,0.0,2.04,11.75,231,2.2,0.66,1.0,135,0.1,14.6,,unavailable (no satellite pass / dataset error),
53.0,Fair,Getting rough,2026-10-08T12:41:38Z,17,Bay of Islands,2026-10-09T06:00:00Z,2026-10-09T17:00,25.8,2,44.6,0.0,2.02,11.75,231,2.16,0.58,1.0,121,0.04,14.6,,unavailable (no satellite pass / dataset error),
55.5,Fair,Getting rough,2026-10-08T12:41:38Z,18,Bay of Islands,2026-10-09T07:00:00Z,2026-10-09T18:00,23.0,5,42.1,0.0,2.0,11.75,231,2.16,0.66,1.0,112,0.0,14.6,,unavailable (no satellite pass / dataset error),
57.2,Fair,Getting rough,2026-10-08T12:41:38Z,19,Bay of Islands,2026-10-09T08:00:00Z,2026-10-09T19:00,21.1,1,37.4,0.0,1.98,11.7,232,2.16,0.76,1.0,112,0.01,14.6,,unavailable (no satellite pass / dataset error),
53.0,Fair,Getting rough,2026-10-08T12:41:38Z,20,Bay of Islands,2026-10-09T09:00:00Z,2026-10-09T20:00,26.1,333,40.7,0.0,1.96,11.7,232,2.16,0.84,0.9,101,0.07,14.6,,unavailable (no satellite pass / dataset error),
49.2,Fair,Getting rough,2026-10-08T12:41:38Z,21,Bay of Islands,2026-10-09T10:00:00Z,2026-10-09T21:00,30.1,335,52.2,0.4,1.94,11.7,232,2.18,0.88,0.7,104,0.17,14.6,,unavailable (no satellite pass / dataset error),
46.5,Fair,Getting rough,2026-10-08T12:41:38Z,22,Bay of Islands,2026-10-09T11:00:00Z,2026-10-09T22:00,32.1,332,56.5,0.9,1.92,11.65,233,2.18,0.92,0.6,108,0.27,14.6,,unavailable (no satellite pass / dataset error),
48.3,Fair,Getting rough,2026-10-08T12:41:38Z,23,Bay of Islands,2026-10-09T12:00:00Z,2026-10-09T23:00,29.5,332,51.8,0.3,1.9,11.6,233,2.2,0.96,0.6,124,0.35,14.6,,unavailable (no satellite pass / dataset error),
45.2,Fair,Getting rough,2026-10-08T12:41:38Z,24,Bay of Islands,2026-10-09T13:00:00Z,2026-10-10T00:00,32.5,321,52.6,0.0,1.9,11.5,233,2.24,1.08,0.6,124,0.39,14.6,,unavailable (no satellite pass / dataset error),
44.3,Fair,Getting rough,2026-10-08T12:41:38Z,25,Bay of Islands,2026-10-09T14:00:00Z,2026-10-10T01:00,32.3,314,53.3,0.0,1.92,11.3,234,2.3,1.22,0.8,117,0.39,14.6,,unavailable (no satellite pass / dataset error),
44.3,Fair,Getting rough,2026-10-08T12:41:38Z,26,Bay of Islands,2026-10-09T15:00:00Z,2026-10-10T02:00,31.3,306,53.3,0.0,1.92,11.2,234,2.34,1.34,1.0,112,0.34,14.6,,unavailable (no satellite pass / dataset error),
43.3,Fair,Getting rough,2026-10-08T12:41:38Z,27,Bay of Islands,2026-10-09T16:00:00Z,2026-10-10T03:00,30.8,302,52.2,0.0,1.9,11.25,233,2.46,1.48,1.1,108,0.26,14.6,,unavailable (no satellite pass / dataset error),
40.8,Fair,Getting rough,2026-10-08T12:41:38Z,28,Bay of Islands,2026-10-09T17:00:00Z,2026-10-10T04:00,32.4,303,53.6,0.0,1.86,11.3,233,2.6,1.6,1.4,113,0.17,14.6,,unavailable (no satellite pass / dataset error),
42.7,Fair,Getting rough,2026-10-08T12:41:38Z,29,Bay of Islands,2026-10-09T18:00:00Z,2026-10-10T05:00,30.0,305,53.6,0.0,1.84,11.15,232,2.72,1.74,1.5,111,0.08,14.6,,unavailable (no satellite pass / dataset error),
43.8,Fair,Getting rough,2026-10-08T12:41:38Z,30,Bay of Islands,2026-10-09T19:00:00Z,2026-10-10T06:00,28.8,307,49.7,0.0,1.82,10.55,232,2.8,1.72,1.5,111,0.03,14.6,,unavailable (no satellite pass / dataset error),
43.9,Fair,Getting rough,2026-10-08T12:41:38Z,31,Bay of Islands,2026-10-09T20:00:00Z,2026-10-10T07:00,28.6,308,47.9,0.0,1.82,9.7,231,2.9,1.7,1.5,111,0.02,14.6,,unavailable (no satellite pass / dataset error),
45.8,Fair,Getting rough,2026-10-08T12:41:38Z,32,Bay of Islands,2026-10-09T21:00:00Z,2026-10-10T08:00,26.5,313,47.2,0.0,1.8,8.9,231,2.98,1.68,1.5,104,0.06,14.6,,unavailable (no satellite pass / dataset error),
47.0,Fair,Getting rough,2026-10-08T12:41:38Z,33,Bay of Islands,2026-10-09T22:00:00Z,2026-10-10T09:00,25.4,320,44.3,0.0,1.9,8.1,241,2.94,1.5,1.4,113,0.14,14.6,,unavailable (no satellite pass / dataset error),
45.7,Fair,Getting rough,2026-10-08T12:41:38Z,34,Bay of Islands,2026-10-09T23:00:00Z,2026-10-10T10:00,27.4,318,48.6,0.0,2.02,7.25,250,2.92,1.32,1.2,117,0.23,14.6,,unavailable (no satellite pass / dataset error),
44.5,Fair,Getting rough,2026-10-08T12:41:38Z,35,Bay of Islands,2026-10-10T00:00:00Z,2026-10-10T11:00,28.8,316,51.1,0.0,2.12,6.75,260,2.88,1.14,1.2,117,0.31,14.6,,unavailable (no satellite pass / dataset error),
39.9,Poor,Getting rough,2026-10-08T12:41:38Z,36,Bay of Islands,2026-10-10T01:00:00Z,2026-10-10T12:00,33.9,302,59.8,0.0,2.06,6.65,259,2.84,1.2,1.2,117,0.34,14.6,,unavailable (no satellite pass / dataset error),
42.2,Fair,Getting rough,2026-10-08T12:41:38Z,37,Bay of Islands,2026-10-10T02:00:00Z,2026-10-10T13:00,31.6,299,60.5,0.0,2.0,6.8,257,2.78,1.24,1.1,108,0.32,14.6,,unavailable (no satellite pass / dataset error),
43.2,Fair,Getting rough,2026-10-08T12:41:38Z,38,Bay of Islands,2026-10-10T03:00:00Z,2026-10-10T14:00,30.2,299,59.0,0.2,1.94,7.15,256,2.74,1.3,1.1,108,0.25,14.7,,unavailable (no satellite pass / dataset error),
43.8,Fair,Getting rough,2026-10-08T12:41:38Z,39,Bay of Islands,2026-10-10T04:00:00Z,2026-10-10T15:00,28.9,294,56.2,0.1,2.02,7.85,252,2.86,1.58,1.3,106,0.14,14.7,,unavailable (no satellite pass / dataset error),
42.3,Fair,Getting rough,2026-10-08T12:41:38Z,40,Bay of Islands,2026-10-10T05:00:00Z,2026-10-10T16:00,29.7,284,55.1,0.2,2.08,8.75,248,2.98,1.86,1.5,104,0.03,14.7,,unavailable (no satellite pass / dataset error),
42.3,Fair,Getting rough,2026-10-08T12:41:38Z,41,Bay of Islands,2026-10-10T06:00:00Z,2026-10-10T17:00,29.1,280,52.6,0.1,2.16,9.35,244,3.1,2.14,1.7,103,-0.06,14.7,,unavailable (no satellite pass / dataset error),
42.0,Fair,Getting rough,2026-10-08T12:41:38Z,42,Bay of Islands,2026-10-10T07:00:00Z,2026-10-10T18:00,29.4,277,50.8,0.0,2.32,9.45,247,3.1,1.86,1.7,103,-0.11,14.7,,unavailable (no satellite pass / dataset error),
43.1,Fair,Getting rough,2026-10-08T12:41:38Z,43,Bay of Islands,2026-10-10T08:00:00Z,2026-10-10T19:00,28.7,275,50.8,0.0,2.5,9.25,249,3.12,1.6,1.5,97,-0.11,14.7,,unavailable (no satellite pass / dataset error),
45.3,Fair,Getting rough,2026-10-08T12:41:38Z,44,Bay of Islands,2026-10-10T09:00:00Z,2026-10-10T20:00,26.2,274,47.5,0.0,2.66,9.1,252,3.12,1.32,1.5,97,-0.05,14.7,,unavailable (no satellite pass / dataset error),
49.0,Fair,Getting rough,2026-10-08T12:41:38Z,45,Bay of Islands,2026-10-10T10:00:00Z,2026-10-10T21:00,23.2,277,43.2,0.0,2.78,9.0,252,3.12,1.12,1.3,98,0.07,14.7,,unavailable (no satellite pass / dataset error),
53.6,Fair,Getting rough,2026-10-08T12:41:38Z,46,Bay of Islands,2026-10-10T11:00:00Z,2026-10-10T22:00,19.8,282,38.2,0.0,2.9,8.9,251,3.1,0.9,1.1,99,0.22,14.7,,unavailable (no satellite pass / dataset error),
59.3,Fair,Getting rough,2026-10-08T12:41:38Z,47,Bay of Islands,2026-10-10T12:00:00Z,2026-10-10T23:00,14.4,293,32.8,0.0,3.02,8.9,251,3.1,0.7,0.9,101,0.35,14.7,,unavailable (no satellite pass / dataset error),
62.7,Good,Getting rough,2026-10-08T12:41:38Z,48,Bay of Islands,2026-10-10T13:00:00Z,2026-10-11T00:00,11.1,331,23.4,0.0,3.1,9.1,250,3.18,0.68,0.7,104,0.43,14.7,,unavailable (no satellite pass / dataset error),
60.8,Good,Getting rough,2026-10-08T12:41:38Z,49,Bay of Islands,2026-10-10T14:00:00Z,2026-10-11T01:00,13.2,328,21.2,0.0,3.18,9.4,249,3.24,0.64,0.7,104,0.44,14.7,,unavailable (no satellite pass / dataset error),
61.1,Good,Getting rough,2026-10-08T12:41:38Z,50,Bay of Islands,2026-10-10T15:00:00Z,2026-10-11T02:00,12.6,326,21.2,0.0,3.26,9.6,248,3.32,0.62,0.8,117,0.39,14.6,,unavailable (no satellite pass / dataset error),
61.7,Good,Getting rough,2026-10-08T12:41:38Z,51,Bay of Islands,2026-10-10T16:00:00Z,2026-10-11T03:00,11.9,337,20.5,0.0,3.2,9.45,248,3.42,0.58,0.8,117,0.28,14.6,,unavailable (no satellite pass / dataset error),
61.4,Good,Getting rough,2026-10-08T12:41:38Z,52,Bay of Islands,2026-10-10T17:00:00Z,2026-10-11T04:00,11.8,344,19.4,0.0,3.12,9.15,248,3.52,0.52,1.0,112,0.15,14.6,,unavailable (no satellite pass / dataset error),
60.1,Good,Getting rough,2026-10-08T12:41:38Z,53,Bay of Islands,2026-10-10T18:00:00Z,2026-10-11T05:00,13.2,355,21.2,0.0,3.06,9.1,248,3.62,0.48,1.0,121,0.02,14.6,,unavailable (no satellite pass / dataset error),
57.9,Fair,Getting rough,2026-10-08T12:41:38Z,54,Bay of Islands,2026-10-10T19:00:00Z,2026-10-11T06:00,15.2,355,24.5,0.0,3.3,9.55,247,3.68,0.44,1.2,117,-0.07,14.6,,unavailable (no satellite pass / dataset error),
57.0,Fair,Getting rough,2026-10-08T12:41:38Z,55,Bay of Islands,2026-10-10T20:00:00Z,2026-10-11T07:00,16.7,349,27.0,0.0,3.56,10.25,246,3.76,0.38,1.0,121,-0.12,14.6,,unavailable (no satellite pass / dataset error),
55.7,Fair,Getting rough,2026-10-08T12:41:38Z,56,Bay of Islands,2026-10-10T21:00:00Z,2026-10-11T08:00,18.2,351,29.5,0.0,3.8,10.8,245,3.82,0.34,1.0,112,-0.11,14.7,,unavailable (no satellite pass / dataset error),
56.9,Fair,Getting rough,2026-10-08T12:41:38Z,57,Bay of Islands,2026-10-10T22:00:00Z,2026-10-11T09:00,17.3,4,30.2,0.0,3.84,11.05,245,3.86,0.36,0.8,117,-0.03,14.7,,unavailable (no satellite pass / dataset error),
53.4,Fair,Getting rough,2026-10-08T12:41:38Z,58,Bay of Islands,2026-10-10T23:00:00Z,2026-10-11T10:00,21.3,3,35.6,0.0,3.88,11.2,244,3.88,0.4,0.8,135,0.08,14.7,,unavailable (no satellite pass / dataset error),
49.8,Fair,Getting rough,2026-10-08T12:41:38Z,59,Bay of Islands,2026-10-11T00:00:00Z,2026-10-11T11:00,25.3,354,45.0,0.0,3.92,11.3,244,3.92,0.42,0.8,135,0.18,14.7,,unavailable (no satellite pass / dataset error),
46.4,Fair,Getting rough,2026-10-08T12:41:38Z,60,Bay of Islands,2026-10-11T01:00:00Z,2026-10-11T12:00,29.0,344,51.8,0.1,3.92,11.4,244,3.94,0.46,0.8,135,0.24,14.8,,unavailable (no satellite pass / dataset error),
45.8,Fair,Getting rough,2026-10-08T12:41:38Z,61,Bay of Islands,2026-10-11T02:00:00Z,2026-10-11T13:00,29.5,342,52.6,0.1,3.92,11.5,243,3.96,0.5,0.8,135,0.23,14.8,,unavailable (no satellite pass / dataset error),
47.2,Fair,Getting rough,2026-10-08T12:41:38Z,62,Bay of Islands,2026-10-11T03:00:00Z,2026-10-11T14:00,28.0,337,52.6,0.1,3.92,11.55,243,3.98,0.54,0.8,135,0.17,14.9,,unavailable (no satellite pass / dataset error),
49.4,Fair,Getting rough,2026-10-08T12:41:38Z,63,Bay of Islands,2026-10-11T04:00:00Z,2026-10-11T15:00,25.6,328,49.7,0.1,3.9,11.55,243,3.94,0.52,0.8,135,0.06,15.0,,unavailable (no satellite pass / dataset error),
52.5,Fair,Getting rough,2026-10-08T12:41:38Z,64,Bay of Islands,2026-10-11T05:00:00Z,2026-10-11T16:00,22.3,330,45.0,0.1,3.86,11.55,243,3.92,0.48,0.8,117,-0.07,15.0,,unavailable (no satellite pass / dataset error),
55.9,Fair,Getting rough,2026-10-08T12:41:38Z,65,Bay of Islands,2026-10-11T06:00:00Z,2026-10-11T17:00,18.1,331,38.5,0.0,3.84,11.5,243,3.88,0.46,1.0,112,-0.18,15.1,,unavailable (no satellite pass / dataset error),
55.8,Fair,Getting rough,2026-10-08T12:41:38Z,66,Bay of Islands,2026-10-11T07:00:00Z,2026-10-11T18:00,18.2,351,29.9,0.0,3.78,11.45,243,3.82,0.52,1.0,112,-0.25,15.1,,unavailable (no satellite pass / dataset error),
58.7,Fair,Getting rough,2026-10-08T12:41:38Z,67,Bay of Islands,2026-10-11T08:00:00Z,2026-10-11T19:00,14.8,6,29.9,0.1,3.72,11.45,243,3.76,0.58,1.0,121,-0.25,15.1,,unavailable (no satellite pass / dataset error),
48.7,Fair,Getting rough,2026-10-08T12:41:38Z,68,Bay of Islands,2026-10-11T09:00:00Z,2026-10-11T20:00,26.0,5,39.6,0.0,3.66,11.4,243,3.7,0.64,1.0,121,-0.17,15.0,,unavailable (no satellite pass / dataset error),
48.7,Fair,Getting rough,2026-10-08T12:41:38Z,69,Bay of Islands,2026-10-11T10:00:00Z,2026-10-11T21:00,26.0,348,50.8,0.2,3.58,11.4,243,3.64,0.68,0.9,127,-0.02,15.0,,unavailable (no satellite pass / dataset error),
48.0,Fair,Getting rough,2026-10-08T12:41:38Z,70,Bay of Islands,2026-10-11T11:00:00Z,2026-10-11T22:00,26.1,339,42.1,0.3,3.5,11.35,243,3.56,0.72,1.0,135,0.17,15.0,,unavailable (no satellite pass / dataset error),
49.3,Fair,Getting rough,2026-10-08T12:41:38Z,71,Bay of Islands,2026-10-11T12:00:00Z,2026-10-11T23:00,24.2,330,44.3,0.3,3.42,11.35,243,3.5,0.76,1.0,135,0.37,14.9,,unavailable (no satellite pass / dataset error),
54.8,Fair,Getting rough,2026-10-08T12:41:38Z,72,Bay of Islands,2026-10-11T13:00:00Z,2026-10-12T00:00,18.2,300,39.2,0.1,3.34,11.35,243,3.44,0.82,0.9,143,0.51,14.9,,unavailable (no satellite pass / dataset error),
54.8,Fair,Getting rough,2026-10-08T12:41:38Z,73,Bay of Islands,2026-10-11T14:00:00Z,2026-10-12T01:00,17.3,318,30.2,0.4,3.26,11.3,243,3.38,0.86,1.0,135,0.58,14.9,,unavailable (no satellite pass / dataset error),
51.8,Fair,Getting rough,2026-10-08T12:41:38Z,74,Bay of Islands,2026-10-11T15:00:00Z,2026-10-12T02:00,19.4,325,32.0,0.9,3.18,11.25,243,3.32,0.92,1.0,135,0.57,14.9,,unavailable (no satellite pass / dataset error),
52.6,Fair,Getting rough,2026-10-08T12:41:38Z,75,Bay of Islands,2026-10-11T16:00:00Z,2026-10-12T03:00,18.4,340,30.6,0.1,3.16,11.1,243,3.28,0.8,1.0,121,0.48,14.9,,unavailable (no satellite pass / dataset error),
53.3,Fair,Getting rough,2026-10-08T12:41:38Z,76,Bay of Islands,2026-10-11T17:00:00Z,2026-10-12T04:00,17.6,316,30.2,0.0,3.16,10.95,243,3.22,0.68,1.0,121,0.34,14.8,,unavailable (no satellite pass / dataset error),
51.5,Fair,Getting rough,2026-10-08T12:41:38Z,77,Bay of Islands,2026-10-11T18:00:00Z,2026-10-12T05:00,19.1,286,31.3,0.0,3.14,10.8,243,3.18,0.56,1.2,117,0.2,14.8,,unavailable (no satellite pass / dataset error),
52.9,Fair,Getting rough,2026-10-08T12:41:38Z,78,Bay of Islands,2026-10-11T19:00:00Z,2026-10-12T06:00,17.3,293,31.0,0.0,3.1,10.7,243,3.14,0.5,1.3,106,0.07,14.8,,unavailable (no satellite pass / dataset error),
54.3,Fair,Getting rough,2026-10-08T12:41:38Z,79,Bay of Islands,2026-10-11T20:00:00Z,2026-10-12T07:00,15.7,283,28.4,0.0,3.08,10.65,243,3.1,0.44,1.3,106,0.0,14.8,,unavailable (no satellite pass / dataset error),
53.5,Fair,Getting rough,2026-10-08T12:41:38Z,80,Bay of Islands,2026-10-11T21:00:00Z,2026-10-12T08:00,16.6,271,27.0,0.0,3.04,10.6,243,3.06,0.38,1.3,98,-0.01,14.8,,unavailable (no satellite pass / dataset error),
51.4,Fair,Getting rough,2026-10-08T12:41:38Z,81,Bay of Islands,2026-10-11T22:00:00Z,2026-10-12T09:00,18.8,257,34.6,0.1,3.0,10.6,243,3.04,0.44,1.3,98,0.04,14.8,,unavailable (no satellite pass / dataset error),
51.3,Fair,Getting rough,2026-10-08T12:41:38Z,82,Bay of Islands,2026-10-11T23:00:00Z,2026-10-12T10:00,19.2,236,34.9,0.2,2.98,10.55,242,3.02,0.5,1.1,99,0.12,14.8,,unavailable (no satellite pass / dataset error),
50.7,Fair,Getting rough,2026-10-08T12:41:38Z,83,Bay of Islands,2026-10-12T00:00:00Z,2026-10-12T11:00,19.4,220,37.4,0.3,2.94,10.6,242,3.0,0.56,1.1,99,0.22,14.8,,unavailable (no satellite pass / dataset error),
49.9,Fair,Getting rough,2026-10-08T12:41:38Z,84,Bay of Islands,2026-10-12T01:00:00Z,2026-10-12T12:00,20.8,227,40.3,0.1,2.92,10.7,241,3.06,0.82,0.9,90,0.28,14.8,,unavailable (no satellite pass / dataset error),
48.8,Fair,Getting rough,2026-10-08T12:41:38Z,85,Bay of Islands,2026-10-12T02:00:00Z,2026-10-12T13:00,22.1,240,42.8,0.1,2.92,10.8,240,3.12,1.1,0.9,90,0.27,14.8,,unavailable (no satellite pass / dataset error),
47.0,Fair,Getting rough,2026-10-08T12:41:38Z,86,Bay of Islands,2026-10-12T03:00:00Z,2026-10-12T14:00,24.1,250,45.0,0.1,2.9,10.85,239,3.18,1.36,0.9,90,0.19,14.8,,unavailable (no satellite pass / dataset error),
45.8,Fair,Getting rough,2026-10-08T12:41:38Z,87,Bay of Islands,2026-10-12T04:00:00Z,2026-10-12T15:00,25.6,257,47.5,0.0,2.9,10.8,239,3.22,1.44,0.9,101,0.07,14.8,,unavailable (no satellite pass / dataset error),
44.2,Fair,Getting rough,2026-10-08T12:41:38Z,88,Bay of Islands,2026-10-12T05:00:00Z,2026-10-12T16:00,27.0,263,49.7,0.0,2.9,10.7,238,3.28,1.54,1.1,99,-0.09,14.8,,unavailable (no satellite pass / dataset error),
42.6,Fair,Getting rough,2026-10-08T12:41:38Z,89,Bay of Islands,2026-10-12T06:00:00Z,2026-10-12T17:00,28.3,268,51.5,0.0,2.9,10.6,238,3.32,1.62,1.3,98,-0.24,14.8,,unavailable (no satellite pass / dataset error),
41.0,Fair,Getting rough,2026-10-08T12:41:38Z,90,Bay of Islands,2026-10-12T07:00:00Z,2026-10-12T18:00,29.5,270,51.8,0.0,2.84,10.55,238,3.34,1.72,1.5,104,-0.34,14.8,,unavailable (no satellite pass / dataset error),
39.9,Poor,Getting rough,2026-10-08T12:41:38Z,91,Bay of Islands,2026-10-12T08:00:00Z,2026-10-12T19:00,30.4,270,51.5,0.0,2.8,10.55,238,3.34,1.82,1.7,103,-0.37,14.8,,unavailable (no satellite pass / dataset error),
39.5,Poor,Getting rough,2026-10-08T12:41:38Z,92,Bay of Islands,2026-10-12T09:00:00Z,2026-10-12T20:00,30.8,272,51.5,0.0,2.74,10.45,238,3.36,1.92,1.7,103,-0.31,14.8,,unavailable (no satellite pass / dataset error),
39.8,Poor,Getting rough,2026-10-08T12:41:38Z,93,Bay of Islands,2026-10-12T10:00:00Z,2026-10-12T21:00,30.8,276,52.2,0.0,2.68,10.3,238,3.36,1.92,1.7,108,-0.16,14.8,,unavailable (no satellite pass / dataset error),
40.5,Fair,Getting rough,2026-10-08T12:41:38Z,94,Bay of Islands,2026-10-12T11:00:00Z,2026-10-12T22:00,30.4,281,52.9,0.0,2.64,10.1,237,3.38,1.9,1.7,108,0.04,14.8,,unavailable (no satellite pass / dataset error),
42.0,Fair,Getting rough,2026-10-08T12:41:38Z,95,Bay of Islands,2026-10-12T12:00:00Z,2026-10-12T23:00,29.7,286,52.9,0.0,2.58,9.8,237,3.38,1.9,1.5,111,0.27,14.8,,unavailable (no satellite pass / dataset error),
43.2,Fair,Getting rough,2026-10-08T12:41:38Z,96,Bay of Islands,2026-10-12T13:00:00Z,2026-10-13T00:00,28.4,292,51.8,0.2,2.6,9.25,238,3.42,1.84,1.4,113,0.47,14.8,,unavailable (no satellite pass / dataset error),
44.7,Fair,Getting rough,2026-10-08T12:41:38Z,97,Bay of Islands,2026-10-12T14:00:00Z,2026-10-13T01:00,27.0,298,50.0,0.2,2.64,8.65,238,3.46,1.78,1.4,113,0.59,14.8,,unavailable (no satellite pass / dataset error),
46.6,Fair,Getting rough,2026-10-08T12:41:38Z,98,Bay of Islands,2026-10-12T15:00:00Z,2026-10-13T02:00,26.4,301,49.3,0.2,2.66,8.35,239,3.5,1.72,1.2,117,0.62,14.8,,unavailable (no satellite pass / dataset error),
45.4,Fair,Getting rough,2026-10-08T12:41:38Z,99,Bay of Islands,2026-10-12T16:00:00Z,2026-10-13T03:00,27.5,296,51.1,0.3,2.8,8.65,239,3.58,1.86,1.2,117,0.56,14.8,,unavailable (no satellite pass / dataset error),
42.7,Fair,Getting rough,2026-10-08T12:41:38Z,100,Bay of Islands,2026-10-12T17:00:00Z,2026-10-13T04:00,29.6,288,54.0,0.3,2.92,9.3,238,3.66,1.98,1.4,113,0.44,14.8,,unavailable (no satellite pass / dataset error),
41.3,Fair,Getting rough,2026-10-08T12:41:38Z,101,Bay of Islands,2026-10-12T18:00:00Z,2026-10-13T05:00,30.5,281,56.2,0.3,3.06,9.75,238,3.74,2.12,1.5,111,0.28,14.8,,unavailable (no satellite pass / dataset error),
41.9,Fair,Getting rough,2026-10-08T12:41:38Z,102,Bay of Islands,2026-10-12T19:00:00Z,2026-10-13T06:00,28.0,274,56.2,1.3,3.16,9.75,240,3.78,2.0,1.5,111,0.12,14.8,,unavailable (no satellite pass / dataset error),
43.0,Fair,Getting rough,2026-10-08T12:41:38Z,103,Bay of Islands,2026-10-12T20:00:00Z,2026-10-13T07:00,24.4,265,55.1,1.3,3.28,9.6,242,3.82,1.88,1.7,103,0.01,14.8,,unavailable (no satellite pass / dataset error),
43.2,Fair,Getting rough,2026-10-08T12:41:38Z,104,Bay of Islands,2026-10-12T21:00:00Z,2026-10-13T08:00,22.3,254,54.0,1.3,3.38,9.5,244,3.86,1.76,1.7,103,-0.03,14.8,,unavailable (no satellite pass / dataset error),
41.1,Fair,Getting rough,2026-10-08T12:41:38Z,105,Bay of Islands,2026-10-12T22:00:00Z,2026-10-13T09:00,23.1,244,52.9,1.2,3.3,9.65,243,3.86,1.9,1.7,103,0.0,14.7,,unavailable (no satellite pass / dataset error),
38.2,Poor,Getting rough,2026-10-08T12:41:38Z,106,Bay of Islands,2026-10-12T23:00:00Z,2026-10-13T10:00,25.3,235,51.5,1.2,3.24,9.85,243,3.88,2.02,1.6,96,0.07,14.7,,unavailable (no satellite pass / dataset error),
35.6,Poor,Getting rough,2026-10-08T12:41:38Z,107,Bay of Islands,2026-10-13T00:00:00Z,2026-10-13T11:00,26.9,229,50.4,1.2,3.16,10.05,242,3.88,2.16,1.6,96,0.17,14.7,,unavailable (no satellite pass / dataset error),
35.9,Poor,Getting rough,2026-10-08T12:41:38Z,108,Bay of Islands,2026-10-13T01:00:00Z,2026-10-13T12:00,26.8,222,50.0,0.1,3.1,10.25,243,3.9,2.26,1.5,97,0.27,14.7,,unavailable (no satellite pass / dataset error),
37.2,Poor,Getting rough,2026-10-08T12:41:38Z,109,Bay of Islands,2026-10-13T02:00:00Z,2026-10-13T13:00,25.9,216,50.0,0.1,3.02,10.4,244,3.9,2.38,1.3,90,0.29,14.7,,unavailable (no satellite pass / dataset error),
38.0,Poor,Getting rough,2026-10-08T12:41:38Z,110,Bay of Islands,2026-10-13T03:00:00Z,2026-10-13T14:00,25.5,211,49.7,0.1,2.96,10.45,245,3.92,2.48,1.1,90,0.24,14.7,,unavailable (no satellite pass / dataset error),
38.2,Poor,Getting rough,2026-10-08T12:41:38Z,111,Bay of Islands,2026-10-13T04:00:00Z,2026-10-13T15:00,25.7,208,49.0,0.1,3.02,10.35,245,3.9,2.36,0.9,90,0.11,14.7,,unavailable (no satellite pass / dataset error),
37.9,Poor,Getting rough,2026-10-08T12:41:38Z,112,Bay of Islands,2026-10-13T05:00:00Z,2026-10-13T16:00,25.9,207,48.2,0.1,3.1,10.15,246,3.9,2.24,0.9,90,-0.06,14.7,,unavailable (no satellite pass / dataset error),
37.9,Poor,Getting rough,2026-10-08T12:41:38Z,113,Bay of Islands,2026-10-13T06:00:00Z,2026-10-13T17:00,25.7,206,47.5,0.1,3.16,10.0,246,3.88,2.12,0.9,90,-0.24,14.7,,unavailable (no satellite pass / dataset error),
38.7,Poor,Getting rough,2026-10-08T12:41:38Z,114,Bay of Islands,2026-10-13T07:00:00Z,2026-10-13T18:00,24.9,204,47.2,0.0,3.18,9.95,246,3.88,2.1,0.9,90,-0.39,14.7,,unavailable (no satellite pass / dataset error),
39.6,Poor,Getting rough,2026-10-08T12:41:38Z,115,Bay of Islands,2026-10-13T08:00:00Z,2026-10-13T19:00,23.8,203,46.8,0.0,3.22,9.95,246,3.86,2.08,0.9,79,-0.47,14.7,,unavailable (no satellite pass / dataset error),
40.4,Fair,Getting rough,2026-10-08T12:41:38Z,116,Bay of Islands,2026-10-13T09:00:00Z,2026-10-13T20:00,23.0,200,46.1,0.0,3.24,9.85,246,3.86,2.06,0.9,79,-0.45,14.7,,unavailable (no satellite pass / dataset error),
40.7,Fair,Getting rough,2026-10-08T12:41:38Z,117,Bay of Islands,2026-10-13T10:00:00Z,2026-10-13T21:00,22.6,197,45.4,0.0,3.12,9.5,245,3.86,2.06,0.9,79,-0.34,14.7,,unavailable (no satellite pass / dataset error),
40.9,Fair,Getting rough,2026-10-08T12:41:38Z,118,Bay of Islands,2026-10-13T11:00:00Z,2026-10-13T22:00,22.4,193,44.3,0.0,3.0,9.1,245,3.84,2.04,0.9,79,-0.16,14.7,,unavailable (no satellite pass / dataset error),
41.2,Fair,Getting rough,2026-10-08T12:41:38Z,119,Bay of Islands,2026-10-13T12:00:00Z,2026-10-13T23:00,22.3,191,43.2,0.0,2.88,8.8,244,3.84,2.04,0.8,63,0.07,14.7,,unavailable (no satellite pass / dataset error),
60.6,Good,Getting rough,2026-10-08T12:41:38Z,0,Cape Otway Lightstation,2026-10-08T13:00:00Z,2026-10-09T00:00,14.2,21,30.2,0.0,2.18,11.3,230,2.3,0.18,1.6,270,0.02,14.2,,unavailable (no satellite pass / dataset error),
61.2,Good,Getting rough,2026-10-08T12:41:38Z,1,Cape Otway Lightstation,2026-10-08T14:00:00Z,2026-10-09T01:00,14.0,18,29.5,0.0,2.16,11.45,230,2.28,0.26,1.5,263,-0.06,14.2,,unavailable (no satellite pass / dataset error),
61.4,Good,Getting rough,2026-10-08T12:41:38Z,2,Cape Otway Lightstation,2026-10-08T15:00:00Z,2026-10-09T02:00,15.9,16,34.6,0.0,2.14,11.55,230,2.28,0.32,0.7,256,-0.14,14.2,,unavailable (no satellite pass / dataset error),
60.8,Good,Getting rough,2026-10-08T12:41:38Z,3,Cape Otway Lightstation,2026-10-08T16:00:00Z,2026-10-09T03:00,17.4,10,37.8,0.0,2.14,11.65,230,2.3,0.36,0.3,135,-0.18,14.1,,unavailable (no satellite pass / dataset error),
56.6,Fair,Getting rough,2026-10-08T12:41:38Z,4,Cape Otway Lightstation,2026-10-08T17:00:00Z,2026-10-09T04:00,20.5,6,44.6,0.0,2.14,11.7,229,2.3,0.38,0.9,101,-0.18,14.1,,unavailable (no satellite pass / dataset error),
53.0,Fair,Getting rough,2026-10-08T12:41:38Z,5,Cape Otway Lightstation,2026-10-08T18:00:00Z,2026-10-09T05:00,23.2,3,50.4,0.0,2.14,11.85,229,2.32,0.42,1.3,98,-0.14,14.1,,unavailable (no satellite pass / dataset error),
49.0,Fair,Getting rough,2026-10-08T12:41:38Z,6,Cape Otway Lightstation,2026-10-08T19:00:00Z,2026-10-09T06:00,27.0,359,56.9,0.0,2.04,12.2,226,2.34,0.46,1.5,97,-0.11,14.1,,unavailable (no satellite pass / dataset error),
45.6,Fair,Getting rough,2026-10-08T12:41:38Z,7,Cape Otway Lightstation,2026-10-08T20:00:00Z,2026-10-09T07:00,30.6,357,61.9,0.0,1.94,12.6,224,2.36,0.48,1.5,97,-0.03,14.1,,unavailable (no satellite pass / dataset error),
44.5,Fair,Getting rough,2026-10-08T12:41:38Z,8,Cape Otway Lightstation,2026-10-08T21:00:00Z,2026-10-09T08:00,32.6,357,65.9,0.0,1.84,12.85,221,2.38,0.52,1.1,99,0.09,14.1,,unavailable (no satellite pass / dataset error),
46.6,Fair,Getting rough,2026-10-08T12:41:38Z,9,Cape Otway Lightstation,2026-10-08T22:00:00Z,2026-10-09T09:00,31.1,354,68.0,0.0,1.98,12.7,224,2.42,0.6,0.6,108,0.23,14.1,,unavailable (no satellite pass / dataset error),
46.1,Fair,Getting rough,2026-10-08T12:41:38Z,10,Cape Otway Lightstation,2026-10-08T23:00:00Z,2026-10-09T10:00,31.5,354,65.5,0.0,2.12,12.3,226,2.48,0.7,0.4,243,0.33,14.2,,unavailable (no satellite pass / dataset error),
43.9,Fair,Getting rough,2026-10-08T12:41:38Z,11,Cape Otway Lightstation,2026-10-09T00:00:00Z,2026-10-09T11:00,32.0,352,68.8,0.0,2.26,12.05,229,2.52,0.78,1.1,261,0.35,14.2,,unavailable (no satellite pass / dataset error),
44.0,Fair,Getting rough,2026-10-08T12:41:38Z,12,Cape Otway Lightstation,2026-10-09T01:00:00Z,2026-10-09T12:00,30.8,350,67.7,0.0,2.26,12.0,229,2.54,0.84,1.5,256,0.31,14.2,,unavailable (no satellite pass / dataset error),
42.8,Fair,Getting rough,2026-10-08T12:41:38Z,13,Cape Otway Lightstation,2026-10-09T02:00:00Z,2026-10-09T13:00,32.4,348,70.2,0.0,2.28,12.0,229,2.58,0.88,1.4,247,0.22,14.2,,unavailable (no satellite pass / dataset error),
45.4,Fair,Getting rough,2026-10-08T12:41:38Z,14,Cape Otway Lightstation,2026-10-09T03:00:00Z,2026-10-09T14:00,30.5,350,71.3,0.0,2.28,12.05,229,2.6,0.94,1.0,225,0.11,14.2,,unavailable (no satellite pass / dataset error),
51.1,Fair,Getting rough,2026-10-08T12:41:38Z,15,Cape Otway Lightstation,2026-10-09T04:00:00Z,2026-10-09T15:00,24.9,357,67.3,0.0,2.28,12.05,229,2.56,0.86,0.7,166,0.0,14.2,,unavailable (no satellite pass / dataset error),
55.0,Fair,Getting rough,2026-10-08T12:41:38Z,16,Cape Otway Lightstation,2026-10-09T05:00:00Z,2026-10-09T16:00,19.2,7,56.9,0.0,2.28,12.0,230,2.54,0.76,1.2,117,-0.05,14.3,,unavailable (no satellite pass / dataset error),
52.9,Fair,Getting rough,2026-10-08T12:41:38Z,17,Cape Otway Lightstation,2026-10-09T06:00:00Z,2026-10-09T17:00,20.3,7,47.2,0.0,2.28,12.0,230,2.5,0.68,1.7,103,-0.06,14.3,,unavailable (no satellite pass / dataset error),
54.9,Fair,Getting rough,2026-10-08T12:41:38Z,18,Cape Otway Lightstation,2026-10-09T07:00:00Z,2026-10-09T18:00,17.7,5,45.7,0.0,2.26,11.95,230,2.46,0.6,2.0,100,-0.04,14.3,,unavailable (no satellite pass / dataset error),
57.8,Fair,Getting rough,2026-10-08T12:41:38Z,19,Cape Otway Lightstation,2026-10-09T08:00:00Z,2026-10-09T19:00,14.7,8,38.5,0.0,2.26,11.95,231,2.44,0.54,2.0,95,0.02,14.3,,unavailable (no satellite pass / dataset error),
57.3,Fair,Getting rough,2026-10-08T12:41:38Z,20,Cape Otway Lightstation,2026-10-09T09:00:00Z,2026-10-09T20:00,16.2,350,37.1,0.0,2.24,11.9,231,2.4,0.46,1.8,90,0.13,14.3,,unavailable (no satellite pass / dataset error),
59.8,Fair,Getting rough,2026-10-08T12:41:38Z,21,Cape Otway Lightstation,2026-10-09T10:00:00Z,2026-10-09T21:00,14.2,342,36.4,0.0,2.22,11.9,231,2.4,0.56,1.5,83,0.3,14.3,,unavailable (no satellite pass / dataset error),
59.2,Fair,Getting rough,2026-10-08T12:41:38Z,22,Cape Otway Lightstation,2026-10-09T11:00:00Z,2026-10-09T22:00,15.7,338,38.5,0.6,2.22,11.85,232,2.42,0.66,0.8,63,0.44,14.3,,unavailable (no satellite pass / dataset error),
50.9,Fair,Getting rough,2026-10-08T12:41:38Z,23,Cape Otway Lightstation,2026-10-09T12:00:00Z,2026-10-09T23:00,25.0,330,52.9,0.7,2.2,11.8,232,2.42,0.76,0.4,0,0.48,14.3,,unavailable (no satellite pass / dataset error),
46.9,Fair,Getting rough,2026-10-08T12:41:38Z,24,Cape Otway Lightstation,2026-10-09T13:00:00Z,2026-10-10T00:00,26.6,326,54.4,1.0,2.18,11.7,232,2.46,0.92,0.8,297,0.46,14.3,,unavailable (no satellite pass / dataset error),
46.4,Fair,Getting rough,2026-10-08T12:41:38Z,25,Cape Otway Lightstation,2026-10-09T14:00:00Z,2026-10-10T01:00,26.3,319,58.7,0.1,2.18,11.5,233,2.52,1.08,0.9,281,0.38,14.3,,unavailable (no satellite pass / dataset error),
48.0,Fair,Getting rough,2026-10-08T12:41:38Z,26,Cape Otway Lightstation,2026-10-09T15:00:00Z,2026-10-10T02:00,25.6,306,55.8,0.0,2.16,11.4,233,2.56,1.24,0.5,270,0.26,14.3,,unavailable (no satellite pass / dataset error),
48.2,Fair,Getting rough,2026-10-08T12:41:38Z,27,Cape Otway Lightstation,2026-10-09T16:00:00Z,2026-10-10T03:00,25.9,297,55.4,0.0,2.14,11.35,233,2.66,1.42,0.3,135,0.12,14.2,,unavailable (no satellite pass / dataset error),
46.8,Fair,Getting rough,2026-10-08T12:41:38Z,28,Cape Otway Lightstation,2026-10-09T17:00:00Z,2026-10-10T04:00,25.3,297,55.4,0.0,2.12,11.3,232,2.78,1.6,1.1,99,0.02,14.2,,unavailable (no satellite pass / dataset error),
44.9,Fair,Getting rough,2026-10-08T12:41:38Z,29,Cape Otway Lightstation,2026-10-09T18:00:00Z,2026-10-10T05:00,25.1,299,54.0,0.0,2.1,11.3,232,2.88,1.78,2.0,95,-0.02,14.2,,unavailable (no satellite pass / dataset error),
45.4,Fair,Getting rough,2026-10-08T12:41:38Z,30,Cape Otway Lightstation,2026-10-09T19:00:00Z,2026-10-10T06:00,23.2,301,52.9,0.0,2.06,11.45,232,2.94,1.74,2.5,94,-0.02,14.2,,unavailable (no satellite pass / dataset error),
45.9,Fair,Getting rough,2026-10-08T12:41:38Z,31,Cape Otway Lightstation,2026-10-09T20:00:00Z,2026-10-10T07:00,22.2,303,50.0,0.0,2.0,11.6,231,3.02,1.68,2.7,94,0.02,14.2,,unavailable (no satellite pass / dataset error),
47.5,Fair,Getting rough,2026-10-08T12:41:38Z,32,Cape Otway Lightstation,2026-10-09T21:00:00Z,2026-10-10T08:00,20.2,304,49.0,0.1,1.96,11.35,231,3.08,1.64,2.7,90,0.11,14.2,,unavailable (no satellite pass / dataset error),
45.3,Fair,Getting rough,2026-10-08T12:41:38Z,33,Cape Otway Lightstation,2026-10-09T22:00:00Z,2026-10-10T09:00,23.1,304,51.5,0.1,1.9,10.2,238,3.08,1.7,2.5,90,0.25,14.2,,unavailable (no satellite pass / dataset error),
44.0,Fair,Getting rough,2026-10-08T12:41:38Z,34,Cape Otway Lightstation,2026-10-09T23:00:00Z,2026-10-10T10:00,25.8,304,58.3,0.0,1.84,8.65,244,3.08,1.74,2.0,90,0.4,14.2,,unavailable (no satellite pass / dataset error),
43.6,Fair,Getting rough,2026-10-08T12:41:38Z,35,Cape Otway Lightstation,2026-10-10T00:00:00Z,2026-10-10T11:00,28.6,298,65.9,0.0,1.78,7.85,251,3.08,1.8,1.1,81,0.48,14.2,,unavailable (no satellite pass / dataset error),
43.0,Fair,Getting rough,2026-10-08T12:41:38Z,36,Cape Otway Lightstation,2026-10-10T01:00:00Z,2026-10-10T12:00,31.1,294,71.3,0.0,1.72,8.7,245,3.02,1.8,0.4,63,0.46,14.2,,unavailable (no satellite pass / dataset error),
43.5,Fair,Getting rough,2026-10-08T12:41:38Z,37,Cape Otway Lightstation,2026-10-10T02:00:00Z,2026-10-10T13:00,30.9,294,72.4,0.0,1.68,10.3,239,2.96,1.82,0.3,315,0.36,14.2,,unavailable (no satellite pass / dataset error),
45.1,Fair,Getting rough,2026-10-08T12:41:38Z,38,Cape Otway Lightstation,2026-10-10T03:00:00Z,2026-10-10T14:00,29.3,288,70.6,0.0,1.62,11.4,233,2.9,1.82,0.2,270,0.21,14.3,,unavailable (no satellite pass / dataset error),
43.9,Fair,Getting rough,2026-10-08T12:41:38Z,39,Cape Otway Lightstation,2026-10-10T04:00:00Z,2026-10-10T15:00,29.9,293,69.5,0.2,1.76,11.3,235,2.98,2.0,0.4,90,0.03,14.3,,unavailable (no satellite pass / dataset error),
44.1,Fair,Getting rough,2026-10-08T12:41:38Z,40,Cape Otway Lightstation,2026-10-10T05:00:00Z,2026-10-10T16:00,27.5,290,68.0,0.2,1.92,10.65,238,3.08,2.2,1.1,90,-0.12,14.3,,unavailable (no satellite pass / dataset error),
42.4,Fair,Getting rough,2026-10-08T12:41:38Z,41,Cape Otway Lightstation,2026-10-10T06:00:00Z,2026-10-10T17:00,26.5,285,62.6,0.4,2.06,10.05,240,3.16,2.38,2.0,90,-0.19,14.3,,unavailable (no satellite pass / dataset error),
43.2,Fair,Getting rough,2026-10-08T12:41:38Z,42,Cape Otway Lightstation,2026-10-10T07:00:00Z,2026-10-10T18:00,23.4,284,59.0,0.6,2.34,9.6,244,3.2,2.08,2.5,86,-0.2,14.3,,unavailable (no satellite pass / dataset error),
42.6,Fair,Getting rough,2026-10-08T12:41:38Z,43,Cape Otway Lightstation,2026-10-10T08:00:00Z,2026-10-10T19:00,22.9,283,50.4,0.1,2.6,9.15,247,3.22,1.76,2.9,86,-0.16,14.3,,unavailable (no satellite pass / dataset error),
45.0,Fair,Getting rough,2026-10-08T12:41:38Z,44,Cape Otway Lightstation,2026-10-10T09:00:00Z,2026-10-10T20:00,20.3,287,48.2,0.0,2.88,8.85,251,3.26,1.46,2.9,86,-0.05,14.3,,unavailable (no satellite pass / dataset error),
47.8,Fair,Getting rough,2026-10-08T12:41:38Z,45,Cape Otway Lightstation,2026-10-10T10:00:00Z,2026-10-10T21:00,17.6,285,42.5,0.0,2.94,8.7,251,3.26,1.22,2.7,86,0.13,14.3,,unavailable (no satellite pass / dataset error),
50.9,Fair,Getting rough,2026-10-08T12:41:38Z,46,Cape Otway Lightstation,2026-10-10T11:00:00Z,2026-10-10T22:00,16.3,288,37.4,0.0,3.0,8.65,251,3.26,0.96,2.2,81,0.35,14.3,,unavailable (no satellite pass / dataset error),
53.8,Fair,Getting rough,2026-10-08T12:41:38Z,47,Cape Otway Lightstation,2026-10-10T12:00:00Z,2026-10-10T23:00,15.9,288,34.9,0.0,3.06,8.7,251,3.26,0.72,1.5,76,0.52,14.3,,unavailable (no satellite pass / dataset error),
58.5,Fair,Getting rough,2026-10-08T12:41:38Z,48,Cape Otway Lightstation,2026-10-10T13:00:00Z,2026-10-11T00:00,13.9,293,33.8,0.0,3.18,8.9,250,3.34,0.66,0.8,45,0.58,14.3,,unavailable (no satellite pass / dataset error),
61.3,Good,Getting rough,2026-10-08T12:41:38Z,49,Cape Otway Lightstation,2026-10-10T14:00:00Z,2026-10-11T01:00,11.4,309,28.4,0.0,3.3,9.25,249,3.4,0.6,0.6,342,0.53,14.3,,unavailable (no satellite pass / dataset error),
62.5,Good,Getting rough,2026-10-08T12:41:38Z,50,Cape Otway Lightstation,2026-10-10T15:00:00Z,2026-10-11T02:00,10.0,322,22.7,0.0,3.42,9.55,248,3.48,0.54,0.6,304,0.39,14.3,,unavailable (no satellite pass / dataset error),
62.2,Good,Getting rough,2026-10-08T12:41:38Z,51,Cape Otway Lightstation,2026-10-10T16:00:00Z,2026-10-11T03:00,10.4,328,20.5,0.0,3.56,9.85,247,3.6,0.54,0.6,288,0.21,14.3,,unavailable (no satellite pass / dataset error),
64.5,Good,Getting rough,2026-10-08T12:41:38Z,52,Cape Otway Lightstation,2026-10-10T17:00:00Z,2026-10-11T04:00,9.4,330,20.9,0.0,3.68,10.1,246,3.74,0.52,0.0,90,0.02,14.3,,unavailable (no satellite pass / dataset error),
62.5,Good,Getting rough,2026-10-08T12:41:38Z,53,Cape Otway Lightstation,2026-10-10T18:00:00Z,2026-10-11T05:00,9.3,341,18.7,0.0,3.82,10.35,245,3.86,0.52,0.9,90,-0.13,14.3,,unavailable (no satellite pass / dataset error),
60.8,Good,Getting rough,2026-10-08T12:41:38Z,54,Cape Otway Lightstation,2026-10-10T19:00:00Z,2026-10-11T06:00,9.9,351,19.8,0.0,3.94,10.55,244,3.96,0.44,1.4,90,-0.18,14.3,,unavailable (no satellite pass / dataset error),
58.1,Fair,Getting rough,2026-10-08T12:41:38Z,55,Cape Otway Lightstation,2026-10-10T20:00:00Z,2026-10-11T07:00,11.8,348,23.8,0.0,4.06,10.75,244,4.08,0.34,1.8,90,-0.19,14.3,,unavailable (no satellite pass / dataset error),
57.2,Fair,Getting rough,2026-10-08T12:41:38Z,56,Cape Otway Lightstation,2026-10-10T21:00:00Z,2026-10-11T08:00,12.4,346,28.8,0.0,4.18,10.95,243,4.18,0.26,2.0,90,-0.13,14.3,,unavailable (no satellite pass / dataset error),
55.8,Fair,Getting rough,2026-10-08T12:41:38Z,57,Cape Otway Lightstation,2026-10-10T22:00:00Z,2026-10-11T09:00,14.1,339,32.4,0.0,4.24,11.15,243,4.24,0.24,2.0,90,0.0,14.3,,unavailable (no satellite pass / dataset error),
54.9,Fair,Getting rough,2026-10-08T12:41:38Z,58,Cape Otway Lightstation,2026-10-10T23:00:00Z,2026-10-11T10:00,16.2,343,38.9,0.0,4.32,11.4,242,4.32,0.2,1.6,84,0.18,14.4,,unavailable (no satellite pass / dataset error),
54.9,Fair,Getting rough,2026-10-08T12:41:38Z,59,Cape Otway Lightstation,2026-10-11T00:00:00Z,2026-10-11T11:00,17.4,342,41.4,0.1,4.38,11.55,242,4.38,0.18,1.1,72,0.34,14.4,,unavailable (no satellite pass / dataset error),
53.2,Fair,Getting rough,2026-10-08T12:41:38Z,60,Cape Otway Lightstation,2026-10-11T01:00:00Z,2026-10-11T12:00,20.5,335,47.2,0.1,4.4,11.65,242,4.4,0.24,0.6,34,0.41,14.5,,unavailable (no satellite pass / dataset error),
50.4,Fair,Getting rough,2026-10-08T12:41:38Z,61,Cape Otway Lightstation,2026-10-11T02:00:00Z,2026-10-11T13:00,22.9,338,53.3,0.1,4.4,11.75,241,4.42,0.28,0.8,315,0.35,14.7,,unavailable (no satellite pass / dataset error),
48.5,Fair,Getting rough,2026-10-08T12:41:38Z,62,Cape Otway Lightstation,2026-10-11T03:00:00Z,2026-10-11T14:00,24.0,328,55.8,0.0,4.42,11.8,241,4.44,0.34,1.2,297,0.21,14.9,,unavailable (no satellite pass / dataset error),
50.1,Fair,Getting rough,2026-10-08T12:41:38Z,63,Cape Otway Lightstation,2026-10-11T04:00:00Z,2026-10-11T15:00,22.1,324,55.8,0.1,4.4,11.8,241,4.42,0.34,1.3,286,0.01,15.1,,unavailable (no satellite pass / dataset error),
53.0,Fair,Getting rough,2026-10-08T12:41:38Z,64,Cape Otway Lightstation,2026-10-11T05:00:00Z,2026-10-11T16:00,19.9,326,50.4,0.2,4.4,11.8,241,4.42,0.34,0.9,281,-0.2,15.3,,unavailable (no satellite pass / dataset error),
55.3,Fair,Getting rough,2026-10-08T12:41:38Z,65,Cape Otway Lightstation,2026-10-11T06:00:00Z,2026-10-11T17:00,19.6,333,46.8,0.1,4.38,11.8,241,4.4,0.34,0.2,0,-0.36,15.3,,unavailable (no satellite pass / dataset error),
55.9,Fair,Getting rough,2026-10-08T12:41:38Z,66,Cape Otway Lightstation,2026-10-11T07:00:00Z,2026-10-11T18:00,18.4,340,43.2,0.0,4.32,11.75,241,4.34,0.36,0.7,90,-0.42,15.3,,unavailable (no satellite pass / dataset error),
54.6,Fair,Getting rough,2026-10-08T12:41:38Z,67,Cape Otway Lightstation,2026-10-11T08:00:00Z,2026-10-11T19:00,18.5,339,41.4,0.0,4.24,11.75,242,4.26,0.36,1.3,90,-0.38,15.2,,unavailable (no satellite pass / dataset error),
52.4,Fair,Getting rough,2026-10-08T12:41:38Z,68,Cape Otway Lightstation,2026-10-11T09:00:00Z,2026-10-11T20:00,19.6,345,41.8,0.0,4.18,11.7,242,4.2,0.38,1.8,96,-0.26,15.1,,unavailable (no satellite pass / dataset error),
47.6,Fair,Getting rough,2026-10-08T12:41:38Z,69,Cape Otway Lightstation,2026-10-11T10:00:00Z,2026-10-11T21:00,23.9,348,50.8,0.0,4.08,11.7,242,4.1,0.48,2.2,99,-0.06,15.0,,unavailable (no satellite pass / dataset error),
46.4,Fair,Getting rough,2026-10-08T12:41:38Z,70,Cape Otway Lightstation,2026-10-11T11:00:00Z,2026-10-11T22:00,25.3,340,55.1,0.0,3.96,11.65,242,4.02,0.6,2.2,104,0.21,14.8,,unavailable (no satellite pass / dataset error),
44.8,Fair,Getting rough,2026-10-08T12:41:38Z,71,Cape Otway Lightstation,2026-10-11T12:00:00Z,2026-10-11T23:00,27.0,335,57.6,0.2,3.86,11.65,242,3.92,0.7,2.1,105,0.49,14.7,,unavailable (no satellite pass / dataset error),
52.6,Fair,Getting rough,2026-10-08T12:41:38Z,72,Cape Otway Lightstation,2026-10-11T13:00:00Z,2026-10-12T00:00,19.8,338,58.0,0.4,3.76,11.65,242,3.86,0.8,1.3,106,0.68,14.7,,unavailable (no satellite pass / dataset error),
55.3,Fair,Getting rough,2026-10-08T12:41:38Z,73,Cape Otway Lightstation,2026-10-11T14:00:00Z,2026-10-12T01:00,18.2,313,42.1,0.3,3.68,11.7,241,3.78,0.9,0.6,108,0.73,14.6,,unavailable (no satellite pass / dataset error),
53.7,Fair,Getting rough,2026-10-08T12:41:38Z,74,Cape Otway Lightstation,2026-10-11T15:00:00Z,2026-10-12T02:00,20.5,315,42.8,0.4,3.58,11.65,241,3.72,1.0,0.2,270,0.66,14.5,,unavailable (no satellite pass / dataset error),
54.7,Fair,Getting rough,2026-10-08T12:41:38Z,75,Cape Otway Lightstation,2026-10-11T16:00:00Z,2026-10-12T03:00,17.1,319,42.8,0.9,3.52,11.55,241,3.66,0.96,0.6,252,0.5,14.5,,unavailable (no satellite pass / dataset error),
53.4,Fair,Getting rough,2026-10-08T12:41:38Z,76,Cape Otway Lightstation,2026-10-11T17:00:00Z,2026-10-12T04:00,18.9,336,40.7,0.1,3.48,11.4,241,3.6,0.92,0.4,243,0.28,14.5,,unavailable (no satellite pass / dataset error),
54.5,Fair,Getting rough,2026-10-08T12:41:38Z,77,Cape Otway Lightstation,2026-10-11T18:00:00Z,2026-10-12T05:00,17.7,309,38.2,0.0,3.42,11.25,241,3.54,0.88,0.4,90,0.07,14.4,,unavailable (no satellite pass / dataset error),
54.9,Fair,Getting rough,2026-10-08T12:41:38Z,78,Cape Otway Lightstation,2026-10-11T19:00:00Z,2026-10-12T06:00,15.4,308,36.7,0.0,3.4,11.15,241,3.5,0.78,1.1,90,-0.06,14.4,,unavailable (no satellite pass / dataset error),
53.1,Fair,Getting rough,2026-10-08T12:41:38Z,79,Cape Otway Lightstation,2026-10-11T20:00:00Z,2026-10-12T07:00,15.6,292,32.8,0.0,3.38,11.1,241,3.46,0.68,1.8,84,-0.1,14.4,,unavailable (no satellite pass / dataset error),
51.5,Fair,Getting rough,2026-10-08T12:41:38Z,80,Cape Otway Lightstation,2026-10-11T21:00:00Z,2026-10-12T08:00,16.2,279,36.4,0.1,3.36,11.05,241,3.42,0.58,2.2,85,-0.06,14.4,,unavailable (no satellite pass / dataset error),
50.4,Fair,Getting rough,2026-10-08T12:41:38Z,81,Cape Otway Lightstation,2026-10-11T22:00:00Z,2026-10-12T09:00,16.4,267,38.2,0.2,3.34,10.95,241,3.4,0.58,2.5,82,0.03,14.4,,unavailable (no satellite pass / dataset error),
48.0,Fair,Getting rough,2026-10-08T12:41:38Z,82,Cape Otway Lightstation,2026-10-11T23:00:00Z,2026-10-12T10:00,18.6,260,43.2,0.3,3.32,10.9,241,3.38,0.56,2.5,82,0.17,14.4,,unavailable (no satellite pass / dataset error),
49.1,Fair,Getting rough,2026-10-08T12:41:38Z,83,Cape Otway Lightstation,2026-10-12T00:00:00Z,2026-10-12T11:00,17.6,245,43.9,0.5,3.3,10.85,241,3.36,0.56,2.2,76,0.35,14.4,,unavailable (no satellite pass / dataset error),
49.4,Fair,Getting rough,2026-10-08T12:41:38Z,84,Cape Otway Lightstation,2026-10-12T01:00:00Z,2026-10-12T12:00,17.9,246,43.9,0.6,3.26,10.95,240,3.42,0.88,1.7,72,0.47,14.4,,unavailable (no satellite pass / dataset error),
50.7,Fair,Getting rough,2026-10-08T12:41:38Z,85,Cape Otway Lightstation,2026-10-12T02:00:00Z,2026-10-12T13:00,17.6,252,43.2,0.6,3.2,11.1,239,3.46,1.2,1.0,45,0.47,14.4,,unavailable (no satellite pass / dataset error),
49.9,Fair,Getting rough,2026-10-08T12:41:38Z,86,Cape Otway Lightstation,2026-10-12T03:00:00Z,2026-10-12T14:00,18.4,258,44.3,0.6,3.16,11.2,238,3.52,1.52,0.7,0,0.33,14.4,,unavailable (no satellite pass / dataset error),
47.5,Fair,Getting rough,2026-10-08T12:41:38Z,87,Cape Otway Lightstation,2026-10-12T04:00:00Z,2026-10-12T15:00,21.0,260,49.0,0.0,3.14,11.2,237,3.58,1.68,0.8,315,0.11,14.4,,unavailable (no satellite pass / dataset error),
45.3,Fair,Getting rough,2026-10-08T12:41:38Z,88,Cape Otway Lightstation,2026-10-12T05:00:00Z,2026-10-12T16:00,24.3,261,55.1,0.0,3.1,11.15,237,3.62,1.84,0.6,304,-0.14,14.5,,unavailable (no satellite pass / dataset error),
44.3,Fair,Getting rough,2026-10-08T12:41:38Z,89,Cape Otway Lightstation,2026-10-12T06:00:00Z,2026-10-12T17:00,26.1,262,59.8,0.0,3.08,11.1,236,3.68,2.0,0.4,0,-0.38,14.5,,unavailable (no satellite pass / dataset error),
43.7,Fair,Getting rough,2026-10-08T12:41:38Z,90,Cape Otway Lightstation,2026-10-12T07:00:00Z,2026-10-12T18:00,25.2,267,61.2,0.0,3.04,11.05,236,3.66,2.02,1.0,68,-0.53,14.5,,unavailable (no satellite pass / dataset error),
43.0,Fair,Getting rough,2026-10-08T12:41:38Z,91,Cape Otway Lightstation,2026-10-12T08:00:00Z,2026-10-12T19:00,23.3,274,61.2,0.0,3.0,10.95,237,3.62,2.04,2.0,85,-0.55,14.5,,unavailable (no satellite pass / dataset error),
42.6,Fair,Getting rough,2026-10-08T12:41:38Z,92,Cape Otway Lightstation,2026-10-12T09:00:00Z,2026-10-12T20:00,21.9,279,59.8,0.0,2.96,10.85,237,3.6,2.06,2.7,86,-0.44,14.5,,unavailable (no satellite pass / dataset error),
41.9,Fair,Getting rough,2026-10-08T12:41:38Z,93,Cape Otway Lightstation,2026-10-12T10:00:00Z,2026-10-12T21:00,21.2,280,56.2,0.1,2.98,10.7,237,3.6,2.02,3.2,87,-0.25,14.4,,unavailable (no satellite pass / dataset error),
41.2,Fair,Getting rough,2026-10-08T12:41:38Z,94,Cape Otway Lightstation,2026-10-12T11:00:00Z,2026-10-12T22:00,20.8,280,51.5,0.1,2.98,10.5,237,3.58,1.98,3.6,87,0.02,14.4,,unavailable (no satellite pass / dataset error),
41.7,Fair,Getting rough,2026-10-08T12:41:38Z,95,Cape Otway Lightstation,2026-10-12T12:00:00Z,2026-10-12T23:00,20.4,282,47.9,0.1,3.0,10.3,237,3.58,1.94,3.6,87,0.35,14.4,,unavailable (no satellite pass / dataset error),
43.7,Fair,Getting rough,2026-10-08T12:41:38Z,96,Cape Otway Lightstation,2026-10-12T13:00:00Z,2026-10-13T00:00,19.9,290,46.4,0.1,3.08,10.1,238,3.62,1.9,3.1,83,0.64,14.4,,unavailable (no satellite pass / dataset error),
46.3,Fair,Getting rough,2026-10-08T12:41:38Z,97,Cape Otway Lightstation,2026-10-12T14:00:00Z,2026-10-13T01:00,20.2,300,46.1,0.1,3.14,9.85,239,3.64,1.84,2.0,80,0.81,14.4,,unavailable (no satellite pass / dataset error),
47.8,Fair,Getting rough,2026-10-08T12:41:38Z,98,Cape Otway Lightstation,2026-10-12T15:00:00Z,2026-10-13T02:00,21.0,306,46.4,0.1,3.22,9.75,240,3.68,1.8,1.2,63,0.82,14.4,,unavailable (no satellite pass / dataset error),
49.1,Fair,Getting rough,2026-10-08T12:41:38Z,99,Cape Otway Lightstation,2026-10-12T16:00:00Z,2026-10-13T03:00,22.5,303,47.9,0.3,3.16,9.85,239,3.8,2.08,0.4,27,0.7,14.4,,unavailable (no satellite pass / dataset error),
47.5,Fair,Getting rough,2026-10-08T12:41:38Z,100,Cape Otway Lightstation,2026-10-12T17:00:00Z,2026-10-13T04:00,24.3,296,50.0,0.3,3.1,10.05,237,3.9,2.34,0.3,315,0.48,14.4,,unavailable (no satellite pass / dataset error),
46.8,Fair,Getting rough,2026-10-08T12:41:38Z,101,Cape Otway Lightstation,2026-10-12T18:00:00Z,2026-10-13T05:00,24.9,290,51.8,0.3,3.04,10.15,236,4.02,2.62,0.2,0,0.23,14.4,,unavailable (no satellite pass / dataset error),
46.3,Fair,Getting rough,2026-10-08T12:41:38Z,102,Cape Otway Lightstation,2026-10-12T19:00:00Z,2026-10-13T06:00,22.6,284,52.9,1.1,3.24,10.0,238,4.06,2.38,0.7,76,0.0,14.4,,unavailable (no satellite pass / dataset error),
46.0,Fair,Getting rough,2026-10-08T12:41:38Z,103,Cape Otway Lightstation,2026-10-12T20:00:00Z,2026-10-13T07:00,19.3,274,53.3,1.1,3.42,9.8,241,4.1,2.12,1.5,76,-0.13,14.4,,unavailable (no satellite pass / dataset error),
44.5,Fair,Getting rough,2026-10-08T12:41:38Z,104,Cape Otway Lightstation,2026-10-12T21:00:00Z,2026-10-13T08:00,17.7,261,54.0,1.1,3.62,9.7,243,4.14,1.88,2.2,81,-0.14,14.4,,unavailable (no satellite pass / dataset error),
40.7,Fair,Getting rough,2026-10-08T12:41:38Z,105,Cape Otway Lightstation,2026-10-12T22:00:00Z,2026-10-13T09:00,18.9,251,55.1,1.1,3.52,9.85,242,4.14,2.06,2.9,83,-0.06,14.4,,unavailable (no satellite pass / dataset error),
36.9,Poor,Getting rough,2026-10-08T12:41:38Z,106,Cape Otway Lightstation,2026-10-12T23:00:00Z,2026-10-13T10:00,21.5,243,56.2,1.1,3.4,10.15,242,4.16,2.26,3.1,83,0.06,14.4,,unavailable (no satellite pass / dataset error),
34.2,Poor,Getting rough,2026-10-08T12:41:38Z,107,Cape Otway Lightstation,2026-10-13T00:00:00Z,2026-10-13T11:00,23.2,237,57.2,1.1,3.3,10.4,241,4.16,2.44,3.3,81,0.24,14.4,,unavailable (no satellite pass / dataset error),
35.4,Poor,Getting rough,2026-10-08T12:41:38Z,108,Cape Otway Lightstation,2026-10-13T01:00:00Z,2026-10-13T12:00,23.2,232,58.0,0.2,3.22,10.6,242,4.16,2.52,3.0,76,0.42,14.4,,unavailable (no satellite pass / dataset error),
38.6,Poor,Getting rough,2026-10-08T12:41:38Z,109,Cape Otway Lightstation,2026-10-13T02:00:00Z,2026-10-13T13:00,22.3,226,58.0,0.2,3.16,10.75,242,4.16,2.62,2.2,66,0.51,14.4,,unavailable (no satellite pass / dataset error),
41.5,Fair,Getting rough,2026-10-08T12:41:38Z,110,Cape Otway Lightstation,2026-10-13T03:00:00Z,2026-10-13T14:00,21.7,222,57.6,0.2,3.08,10.85,243,4.16,2.7,1.4,50,0.45,14.4,,unavailable (no satellite pass / dataset error),
41.7,Fair,Getting rough,2026-10-08T12:41:38Z,111,Cape Otway Lightstation,2026-10-13T04:00:00Z,2026-10-13T15:00,21.9,219,55.8,0.2,3.14,10.8,244,4.16,2.62,1.1,9,0.27,14.4,,unavailable (no satellite pass / dataset error),
41.5,Fair,Getting rough,2026-10-08T12:41:38Z,112,Cape Otway Lightstation,2026-10-13T05:00:00Z,2026-10-13T16:00,22.2,218,53.3,0.2,3.22,10.65,244,4.16,2.54,1.0,338,0.01,14.4,,unavailable (no satellite pass / dataset error),
41.4,Fair,Getting rough,2026-10-08T12:41:38Z,113,Cape Otway Lightstation,2026-10-13T06:00:00Z,2026-10-13T17:00,22.0,217,51.5,0.2,3.28,10.5,245,4.16,2.46,1.0,329,-0.27,14.4,,unavailable (no satellite pass / dataset error),
43.0,Fair,Getting rough,2026-10-08T12:41:38Z,114,Cape Otway Lightstation,2026-10-13T07:00:00Z,2026-10-13T18:00,20.8,215,51.1,0.1,3.36,10.35,245,4.16,2.34,0.7,346,-0.51,14.4,,unavailable (no satellite pass / dataset error),
43.2,Fair,Getting rough,2026-10-08T12:41:38Z,115,Cape Otway Lightstation,2026-10-13T08:00:00Z,2026-10-13T19:00,19.2,212,51.5,0.1,3.46,10.15,244,4.14,2.22,1.2,39,-0.64,14.3,,unavailable (no satellite pass / dataset error),
42.5,Fair,Getting rough,2026-10-08T12:41:38Z,116,Cape Otway Lightstation,2026-10-13T09:00:00Z,2026-10-13T20:00,18.0,209,50.8,0.1,3.54,10.05,244,4.14,2.1,1.9,61,-0.62,14.3,,unavailable (no satellite pass / dataset error),
41.5,Fair,Getting rough,2026-10-08T12:41:38Z,117,Cape Otway Lightstation,2026-10-13T10:00:00Z,2026-10-13T21:00,17.7,205,47.5,0.0,3.5,10.05,244,4.16,2.2,2.5,69,-0.48,14.3,,unavailable (no satellite pass / dataset error),
40.0,Fair,Getting rough,2026-10-08T12:41:38Z,118,Cape Otway Lightstation,2026-10-13T11:00:00Z,2026-10-13T22:00,18.2,201,42.8,0.0,3.46,10.1,244,4.18,2.3,3.0,73,-0.24,14.3,,unavailable (no satellite pass / dataset error),
39.4,Poor,Getting rough,2026-10-08T12:41:38Z,119,Cape Otway Lightstation,2026-10-13T12:00:00Z,2026-10-13T23:00,18.4,198,39.6,0.0,3.42,10.15,244,4.2,2.4,3.2,71,0.06,14.3,,unavailable (no satellite pass / dataset error),
64.3,Good,Getting rough,2026-10-08T12:41:38Z,0,Apollo Bay,2026-10-08T13:00:00Z,2026-10-09T00:00,11.6,13,23.8,0.0,2.14,11.3,231,2.3,0.24,1.0,225,0.03,14.2,,unavailable (no satellite pass / dataset error),
65.6,Good,Getting rough,2026-10-08T12:41:38Z,1,Apollo Bay,2026-10-08T14:00:00Z,2026-10-09T01:00,10.9,17,22.7,0.0,2.12,11.4,231,2.28,0.36,0.8,225,-0.1,14.2,,unavailable (no satellite pass / dataset error),
65.4,Good,Getting rough,2026-10-08T12:41:38Z,2,Apollo Bay,2026-10-08T15:00:00Z,2026-10-09T02:00,12.2,24,24.1,0.0,2.1,11.5,231,2.28,0.46,0.4,207,-0.23,14.2,,unavailable (no satellite pass / dataset error),
64.2,Good,Getting rough,2026-10-08T12:41:38Z,3,Apollo Bay,2026-10-08T16:00:00Z,2026-10-09T03:00,13.5,21,27.4,0.0,2.1,11.6,231,2.28,0.52,0.4,90,-0.29,14.1,,unavailable (no satellite pass / dataset error),
61.3,Good,Getting rough,2026-10-08T12:41:38Z,4,Apollo Bay,2026-10-08T17:00:00Z,2026-10-09T04:00,15.5,18,32.0,0.0,2.1,11.7,231,2.3,0.56,0.8,63,-0.26,14.1,,unavailable (no satellite pass / dataset error),
58.7,Fair,Getting rough,2026-10-08T12:41:38Z,5,Apollo Bay,2026-10-08T18:00:00Z,2026-10-09T05:00,17.9,13,38.2,0.0,2.1,11.8,231,2.3,0.62,1.0,59,-0.2,14.1,,unavailable (no satellite pass / dataset error),
54.0,Fair,Getting rough,2026-10-08T12:41:38Z,6,Apollo Bay,2026-10-08T19:00:00Z,2026-10-09T06:00,22.1,6,45.7,0.0,2.1,11.9,231,2.32,0.64,1.3,56,-0.13,14.1,,unavailable (no satellite pass / dataset error),
49.6,Fair,Getting rough,2026-10-08T12:41:38Z,7,Apollo Bay,2026-10-08T20:00:00Z,2026-10-09T07:00,26.8,0,54.0,0.0,2.1,12.05,230,2.34,0.68,1.3,56,-0.02,14.1,,unavailable (no satellite pass / dataset error),
47.6,Fair,Getting rough,2026-10-08T12:41:38Z,8,Apollo Bay,2026-10-08T21:00:00Z,2026-10-09T08:00,29.9,359,60.1,0.0,2.1,12.1,230,2.36,0.7,0.9,53,0.14,14.1,,unavailable (no satellite pass / dataset error),
48.0,Fair,Getting rough,2026-10-08T12:41:38Z,9,Apollo Bay,2026-10-08T22:00:00Z,2026-10-09T09:00,29.8,355,62.6,0.0,2.14,12.1,230,2.4,0.72,0.6,72,0.31,14.1,,unavailable (no satellite pass / dataset error),
48.5,Fair,Getting rough,2026-10-08T12:41:38Z,10,Apollo Bay,2026-10-08T23:00:00Z,2026-10-09T10:00,30.0,356,62.6,0.0,2.18,12.1,230,2.42,0.76,0.2,180,0.42,14.2,,unavailable (no satellite pass / dataset error),
47.7,Fair,Getting rough,2026-10-08T12:41:38Z,11,Apollo Bay,2026-10-09T00:00:00Z,2026-10-09T11:00,29.5,353,63.4,0.0,2.22,12.05,230,2.46,0.78,0.6,214,0.43,14.2,,unavailable (no satellite pass / dataset error),
49.0,Fair,Getting rough,2026-10-08T12:41:38Z,12,Apollo Bay,2026-10-09T01:00:00Z,2026-10-09T12:00,27.0,354,62.6,0.0,2.22,12.05,230,2.48,0.78,0.9,217,0.35,14.2,,unavailable (no satellite pass / dataset error),
45.8,Fair,Getting rough,2026-10-08T12:41:38Z,13,Apollo Bay,2026-10-09T02:00:00Z,2026-10-09T13:00,30.3,348,64.4,0.0,2.24,12.05,230,2.48,0.76,1.0,211,0.21,14.2,,unavailable (no satellite pass / dataset error),
42.8,Fair,Getting rough,2026-10-08T12:41:38Z,14,Apollo Bay,2026-10-09T03:00:00Z,2026-10-09T14:00,34.2,342,70.9,0.0,2.24,12.05,230,2.5,0.76,0.7,194,0.05,14.3,,unavailable (no satellite pass / dataset error),
46.5,Fair,Getting rough,2026-10-08T12:41:38Z,15,Apollo Bay,2026-10-09T04:00:00Z,2026-10-09T15:00,30.9,344,71.3,0.0,2.24,12.05,231,2.5,0.72,0.4,153,-0.09,14.3,,unavailable (no satellite pass / dataset error),
53.4,Fair,Getting rough,2026-10-08T12:41:38Z,16,Apollo Bay,2026-10-09T05:00:00Z,2026-10-09T16:00,22.6,351,63.7,0.0,2.24,12.0,231,2.48,0.7,0.7,90,-0.14,14.3,,unavailable (no satellite pass / dataset error),
54.0,Fair,Getting rough,2026-10-08T12:41:38Z,17,Apollo Bay,2026-10-09T06:00:00Z,2026-10-09T17:00,20.9,3,48.6,0.0,2.24,12.0,232,2.48,0.66,1.1,72,-0.13,14.3,,unavailable (no satellite pass / dataset error),
56.3,Fair,Getting rough,2026-10-08T12:41:38Z,18,Apollo Bay,2026-10-09T07:00:00Z,2026-10-09T18:00,17.7,9,44.6,0.0,2.24,11.95,232,2.44,0.6,1.5,60,-0.08,14.3,,unavailable (no satellite pass / dataset error),
58.5,Fair,Getting rough,2026-10-08T12:41:38Z,19,Apollo Bay,2026-10-09T08:00:00Z,2026-10-09T19:00,14.9,21,35.6,0.0,2.22,11.95,233,2.42,0.52,1.7,58,0.0,14.3,,unavailable (no satellite pass / dataset error),
59.6,Fair,Getting rough,2026-10-08T12:41:38Z,20,Apollo Bay,2026-10-09T09:00:00Z,2026-10-09T20:00,14.6,5,31.3,0.0,2.22,11.9,233,2.38,0.46,1.5,54,0.15,14.3,,unavailable (no satellite pass / dataset error),
63.3,Good,Getting rough,2026-10-08T12:41:38Z,21,Apollo Bay,2026-10-09T10:00:00Z,2026-10-09T21:00,11.0,355,30.2,0.0,2.2,11.9,233,2.38,0.5,1.3,45,0.35,14.3,,unavailable (no satellite pass / dataset error),
59.3,Fair,Getting rough,2026-10-08T12:41:38Z,22,Apollo Bay,2026-10-09T11:00:00Z,2026-10-09T22:00,16.7,335,37.1,0.6,2.18,11.9,233,2.36,0.54,0.6,34,0.52,14.3,,unavailable (no satellite pass / dataset error),
52.1,Fair,Getting rough,2026-10-08T12:41:38Z,23,Apollo Bay,2026-10-09T12:00:00Z,2026-10-09T23:00,24.6,324,48.6,0.5,2.16,11.85,233,2.36,0.58,0.4,0,0.57,14.3,,unavailable (no satellite pass / dataset error),
49.8,Fair,Getting rough,2026-10-08T12:41:38Z,24,Apollo Bay,2026-10-09T13:00:00Z,2026-10-10T00:00,26.0,324,50.8,0.7,2.16,11.75,233,2.38,0.7,0.4,270,0.52,14.3,,unavailable (no satellite pass / dataset error),
48.4,Fair,Getting rough,2026-10-08T12:41:38Z,25,Apollo Bay,2026-10-09T14:00:00Z,2026-10-10T01:00,26.5,314,55.8,0.1,2.14,11.6,234,2.42,0.84,0.6,252,0.41,14.3,,unavailable (no satellite pass / dataset error),
50.0,Fair,Getting rough,2026-10-08T12:41:38Z,26,Apollo Bay,2026-10-09T15:00:00Z,2026-10-10T02:00,25.0,302,52.9,0.0,2.14,11.5,234,2.44,0.96,0.4,243,0.24,14.3,,unavailable (no satellite pass / dataset error),
51.5,Fair,Getting rough,2026-10-08T12:41:38Z,27,Apollo Bay,2026-10-09T16:00:00Z,2026-10-10T03:00,22.9,291,50.4,0.0,2.12,11.45,234,2.54,1.14,0.3,225,0.05,14.3,,unavailable (no satellite pass / dataset error),
51.2,Fair,Getting rough,2026-10-08T12:41:38Z,28,Apollo Bay,2026-10-09T17:00:00Z,2026-10-10T04:00,23.0,289,46.8,0.0,2.1,11.4,233,2.62,1.34,0.4,63,-0.07,14.3,,unavailable (no satellite pass / dataset error),
50.9,Fair,Getting rough,2026-10-08T12:41:38Z,29,Apollo Bay,2026-10-09T18:00:00Z,2026-10-10T05:00,22.2,292,46.8,0.0,2.08,11.35,233,2.72,1.52,0.8,63,-0.09,14.3,,unavailable (no satellite pass / dataset error),
51.9,Fair,Getting rough,2026-10-08T12:41:38Z,30,Apollo Bay,2026-10-09T19:00:00Z,2026-10-10T06:00,19.8,298,45.4,0.0,2.04,11.45,233,2.78,1.42,1.3,56,-0.06,14.3,,unavailable (no satellite pass / dataset error),
51.5,Fair,Getting rough,2026-10-08T12:41:38Z,31,Apollo Bay,2026-10-09T20:00:00Z,2026-10-10T07:00,19.7,301,42.5,0.0,1.98,11.6,232,2.86,1.3,1.5,60,0.0,14.3,,unavailable (no satellite pass / dataset error),
52.8,Fair,Getting rough,2026-10-08T12:41:38Z,32,Apollo Bay,2026-10-09T21:00:00Z,2026-10-10T08:00,18.3,300,43.6,0.0,1.94,11.3,232,2.92,1.2,1.5,54,0.12,14.3,,unavailable (no satellite pass / dataset error),
49.8,Fair,Getting rough,2026-10-08T12:41:38Z,33,Apollo Bay,2026-10-09T22:00:00Z,2026-10-10T09:00,22.1,296,47.9,0.0,1.9,10.1,239,2.94,1.32,1.3,56,0.3,14.3,,unavailable (no satellite pass / dataset error),
48.6,Fair,Getting rough,2026-10-08T12:41:38Z,34,Apollo Bay,2026-10-09T23:00:00Z,2026-10-10T10:00,24.6,298,53.3,0.0,1.88,8.5,246,2.98,1.46,0.9,53,0.49,14.3,,unavailable (no satellite pass / dataset error),
46.4,Fair,Getting rough,2026-10-08T12:41:38Z,35,Apollo Bay,2026-10-10T00:00:00Z,2026-10-10T11:00,28.3,294,61.9,0.0,1.84,7.4,253,3.0,1.58,0.4,63,0.58,14.3,,unavailable (no satellite pass / dataset error),
45.8,Fair,Getting rough,2026-10-08T12:41:38Z,36,Apollo Bay,2026-10-10T01:00:00Z,2026-10-10T12:00,29.3,291,65.2,0.0,1.8,7.4,254,2.94,1.58,0.3,225,0.55,14.3,,unavailable (no satellite pass / dataset error),
44.9,Fair,Getting rough,2026-10-08T12:41:38Z,37,Apollo Bay,2026-10-10T02:00:00Z,2026-10-10T13:00,29.7,292,65.2,0.0,1.74,7.9,254,2.88,1.58,0.5,225,0.43,14.3,,unavailable (no satellite pass / dataset error),
47.0,Fair,Getting rough,2026-10-08T12:41:38Z,38,Apollo Bay,2026-10-10T03:00:00Z,2026-10-10T14:00,27.4,288,65.2,0.0,1.7,8.35,255,2.82,1.58,0.5,225,0.23,14.3,,unavailable (no satellite pass / dataset error),
45.3,Fair,Getting rough,2026-10-08T12:41:38Z,39,Apollo Bay,2026-10-10T04:00:00Z,2026-10-10T15:00,29.2,287,62.3,0.1,1.72,8.55,253,2.88,1.74,0.5,225,0.0,14.3,,unavailable (no satellite pass / dataset error),
46.7,Fair,Getting rough,2026-10-08T12:41:38Z,40,Apollo Bay,2026-10-10T05:00:00Z,2026-10-10T16:00,28.6,287,63.7,0.2,1.76,8.65,251,2.96,1.92,0.0,90,-0.19,14.4,,unavailable (no satellite pass / dataset error),
48.0,Fair,Getting rough,2026-10-08T12:41:38Z,41,Apollo Bay,2026-10-10T06:00:00Z,2026-10-10T17:00,25.3,283,61.9,0.2,1.78,8.75,249,3.02,2.08,0.6,56,-0.27,14.4,,unavailable (no satellite pass / dataset error),
50.2,Fair,Getting rough,2026-10-08T12:41:38Z,42,Apollo Bay,2026-10-10T07:00:00Z,2026-10-10T18:00,21.2,279,54.0,0.4,2.14,8.8,250,3.08,1.82,1.0,59,-0.26,14.4,,unavailable (no satellite pass / dataset error),
49.7,Fair,Getting rough,2026-10-08T12:41:38Z,43,Apollo Bay,2026-10-10T08:00:00Z,2026-10-10T19:00,20.7,281,44.3,0.2,2.52,8.8,250,3.12,1.58,1.3,56,-0.19,14.4,,unavailable (no satellite pass / dataset error),
50.7,Fair,Getting rough,2026-10-08T12:41:38Z,44,Apollo Bay,2026-10-10T09:00:00Z,2026-10-10T20:00,19.3,281,41.8,0.0,2.88,8.8,251,3.18,1.32,1.4,50,-0.06,14.4,,unavailable (no satellite pass / dataset error),
52.9,Fair,Getting rough,2026-10-08T12:41:38Z,45,Apollo Bay,2026-10-10T10:00:00Z,2026-10-10T21:00,17.1,281,38.5,0.0,2.76,8.85,250,3.18,1.1,1.3,56,0.16,14.3,,unavailable (no satellite pass / dataset error),
56.4,Fair,Getting rough,2026-10-08T12:41:38Z,46,Apollo Bay,2026-10-10T11:00:00Z,2026-10-10T22:00,15.1,282,34.2,0.0,2.64,8.95,248,3.16,0.88,0.9,53,0.41,14.3,,unavailable (no satellite pass / dataset error),
58.9,Fair,Getting rough,2026-10-08T12:41:38Z,47,Apollo Bay,2026-10-10T12:00:00Z,2026-10-10T23:00,14.3,285,31.0,0.0,2.52,9.05,247,3.16,0.66,0.4,63,0.61,14.3,,unavailable (no satellite pass / dataset error),
61.9,Good,Getting rough,2026-10-08T12:41:38Z,48,Apollo Bay,2026-10-10T13:00:00Z,2026-10-11T00:00,12.2,290,29.2,0.0,2.8,9.2,247,3.24,0.56,0.3,225,0.68,14.3,,unavailable (no satellite pass / dataset error),
63.2,Good,Getting rough,2026-10-08T12:41:38Z,49,Apollo Bay,2026-10-10T14:00:00Z,2026-10-11T01:00,9.6,307,24.1,0.0,3.1,9.35,247,3.32,0.46,0.8,225,0.6,14.3,,unavailable (no satellite pass / dataset error),
63.5,Good,Getting rough,2026-10-08T12:41:38Z,50,Apollo Bay,2026-10-10T15:00:00Z,2026-10-11T02:00,8.2,327,18.7,0.0,3.38,9.55,247,3.4,0.36,1.2,219,0.43,14.3,,unavailable (no satellite pass / dataset error),
62.6,Good,Getting rough,2026-10-08T12:41:38Z,51,Apollo Bay,2026-10-10T16:00:00Z,2026-10-11T03:00,9.2,329,17.3,0.0,3.5,9.8,246,3.54,0.36,1.2,219,0.2,14.3,,unavailable (no satellite pass / dataset error),
64.2,Good,Getting rough,2026-10-08T12:41:38Z,52,Apollo Bay,2026-10-10T17:00:00Z,2026-10-11T04:00,8.4,326,18.0,0.0,3.64,10.1,246,3.66,0.36,0.8,207,-0.04,14.3,,unavailable (no satellite pass / dataset error),
64.8,Good,Getting rough,2026-10-08T12:41:38Z,53,Apollo Bay,2026-10-10T18:00:00Z,2026-10-11T05:00,8.8,340,16.9,0.0,3.76,10.35,245,3.8,0.36,0.4,180,-0.21,14.3,,unavailable (no satellite pass / dataset error),
63.4,Good,Getting rough,2026-10-08T12:41:38Z,54,Apollo Bay,2026-10-10T19:00:00Z,2026-10-11T06:00,10.1,348,19.4,0.0,3.88,10.6,245,3.92,0.3,0.5,90,-0.26,14.3,,unavailable (no satellite pass / dataset error),
60.1,Good,Getting rough,2026-10-08T12:41:38Z,55,Apollo Bay,2026-10-10T20:00:00Z,2026-10-11T07:00,12.8,345,24.1,0.0,4.02,10.8,244,4.02,0.26,0.9,79,-0.23,14.3,,unavailable (no satellite pass / dataset error),
59.5,Fair,Getting rough,2026-10-08T12:41:38Z,56,Apollo Bay,2026-10-10T21:00:00Z,2026-10-11T08:00,13.2,343,28.4,0.0,4.14,11.0,244,4.14,0.2,1.0,68,-0.16,14.4,,unavailable (no satellite pass / dataset error),
57.9,Fair,Getting rough,2026-10-08T12:41:38Z,57,Apollo Bay,2026-10-10T22:00:00Z,2026-10-11T09:00,15.0,337,32.8,0.0,4.22,11.2,243,4.22,0.16,1.0,68,0.0,14.4,,unavailable (no satellite pass / dataset error),
57.6,Fair,Getting rough,2026-10-08T12:41:38Z,58,Apollo Bay,2026-10-10T23:00:00Z,2026-10-11T10:00,15.3,342,36.0,0.0,4.28,11.45,243,4.28,0.14,1.0,68,0.23,14.5,,unavailable (no satellite pass / dataset error),
57.6,Fair,Getting rough,2026-10-08T12:41:38Z,59,Apollo Bay,2026-10-11T00:00:00Z,2026-10-11T11:00,16.2,343,37.4,0.1,4.36,11.6,242,4.36,0.1,0.6,72,0.43,14.6,,unavailable (no satellite pass / dataset error),
56.4,Fair,Getting rough,2026-10-08T12:41:38Z,60,Apollo Bay,2026-10-11T01:00:00Z,2026-10-11T12:00,18.5,336,41.4,0.1,4.38,11.7,242,4.38,0.14,0.2,180,0.51,14.7,,unavailable (no satellite pass / dataset error),
52.3,Fair,Getting rough,2026-10-08T12:41:38Z,61,Apollo Bay,2026-10-11T02:00:00Z,2026-10-11T13:00,22.0,336,49.3,0.0,4.4,11.8,242,4.4,0.16,0.6,214,0.44,14.9,,unavailable (no satellite pass / dataset error),
49.6,Fair,Getting rough,2026-10-08T12:41:38Z,62,Apollo Bay,2026-10-11T03:00:00Z,2026-10-11T14:00,24.0,329,53.3,0.0,4.42,11.85,242,4.42,0.2,1.0,225,0.27,15.0,,unavailable (no satellite pass / dataset error),
50.7,Fair,Getting rough,2026-10-08T12:41:38Z,63,Apollo Bay,2026-10-11T04:00:00Z,2026-10-11T15:00,22.4,326,53.6,0.0,4.4,11.85,242,4.4,0.2,1.2,219,0.02,15.2,,unavailable (no satellite pass / dataset error),
53.7,Fair,Getting rough,2026-10-08T12:41:38Z,64,Apollo Bay,2026-10-11T05:00:00Z,2026-10-11T16:00,19.9,329,49.3,0.1,4.4,11.85,242,4.4,0.22,0.9,217,-0.25,15.3,,unavailable (no satellite pass / dataset error),
54.6,Fair,Getting rough,2026-10-08T12:41:38Z,65,Apollo Bay,2026-10-11T06:00:00Z,2026-10-11T17:00,19.9,331,43.6,0.1,4.38,11.85,242,4.38,0.22,0.6,198,-0.45,15.4,,unavailable (no satellite pass / dataset error),
58.5,Fair,Getting rough,2026-10-08T12:41:38Z,66,Apollo Bay,2026-10-11T07:00:00Z,2026-10-11T18:00,16.6,343,42.5,0.0,4.32,11.8,242,4.32,0.24,0.4,117,-0.52,15.3,,unavailable (no satellite pass / dataset error),
55.8,Fair,Getting rough,2026-10-08T12:41:38Z,67,Apollo Bay,2026-10-11T08:00:00Z,2026-10-11T19:00,18.6,342,38.2,0.0,4.24,11.8,242,4.26,0.28,0.9,79,-0.46,15.3,,unavailable (no satellite pass / dataset error),
54.9,Fair,Getting rough,2026-10-08T12:41:38Z,68,Apollo Bay,2026-10-11T09:00:00Z,2026-10-11T20:00,19.1,344,38.9,0.0,4.18,11.75,242,4.2,0.3,1.1,72,-0.33,15.1,,unavailable (no satellite pass / dataset error),
50.8,Fair,Getting rough,2026-10-08T12:41:38Z,69,Apollo Bay,2026-10-11T10:00:00Z,2026-10-11T21:00,22.6,351,45.7,0.0,4.08,11.75,242,4.1,0.4,1.5,76,-0.1,15.0,,unavailable (no satellite pass / dataset error),
48.2,Fair,Getting rough,2026-10-08T12:41:38Z,70,Apollo Bay,2026-10-11T11:00:00Z,2026-10-11T22:00,25.5,347,51.8,0.0,3.96,11.75,242,4.02,0.52,1.5,76,0.21,14.8,,unavailable (no satellite pass / dataset error),
47.0,Fair,Getting rough,2026-10-08T12:41:38Z,71,Apollo Bay,2026-10-11T12:00:00Z,2026-10-11T23:00,27.2,330,55.4,0.1,3.86,11.75,242,3.92,0.62,1.3,82,0.54,14.7,,unavailable (no satellite pass / dataset error),
53.0,Fair,Getting rough,2026-10-08T12:41:38Z,72,Apollo Bay,2026-10-11T13:00:00Z,2026-10-12T00:00,21.5,333,55.4,0.4,3.76,11.75,242,3.84,0.7,0.7,104,0.76,14.7,,unavailable (no satellite pass / dataset error),
54.0,Fair,Getting rough,2026-10-08T12:41:38Z,73,Apollo Bay,2026-10-11T14:00:00Z,2026-10-12T01:00,20.5,308,42.8,0.3,3.68,11.75,242,3.78,0.78,0.5,135,0.82,14.6,,unavailable (no satellite pass / dataset error),
53.7,Fair,Getting rough,2026-10-08T12:41:38Z,74,Apollo Bay,2026-10-11T15:00:00Z,2026-10-12T02:00,20.1,306,40.7,0.2,3.58,11.7,242,3.7,0.86,0.7,180,0.74,14.5,,unavailable (no satellite pass / dataset error),
53.1,Fair,Getting rough,2026-10-08T12:41:38Z,75,Apollo Bay,2026-10-11T16:00:00Z,2026-10-12T03:00,20.0,308,41.0,0.5,3.52,11.6,242,3.64,0.84,0.7,194,0.54,14.5,,unavailable (no satellite pass / dataset error),
51.0,Fair,Getting rough,2026-10-08T12:41:38Z,76,Apollo Bay,2026-10-11T17:00:00Z,2026-10-12T04:00,22.0,323,43.2,0.3,3.48,11.45,242,3.6,0.82,0.7,194,0.27,14.5,,unavailable (no satellite pass / dataset error),
54.3,Fair,Getting rough,2026-10-08T12:41:38Z,77,Apollo Bay,2026-10-11T18:00:00Z,2026-10-12T05:00,19.0,311,41.8,0.0,3.42,11.3,242,3.54,0.8,0.4,180,0.01,14.4,,unavailable (no satellite pass / dataset error),
56.1,Fair,Getting rough,2026-10-08T12:41:38Z,78,Apollo Bay,2026-10-11T19:00:00Z,2026-10-12T06:00,16.8,303,36.7,0.0,3.4,11.2,242,3.5,0.72,0.5,90,-0.14,14.4,,unavailable (no satellite pass / dataset error),
55.4,Fair,Getting rough,2026-10-08T12:41:38Z,79,Apollo Bay,2026-10-11T20:00:00Z,2026-10-12T07:00,16.3,287,32.8,0.0,3.36,11.15,242,3.44,0.66,1.0,68,-0.17,14.4,,unavailable (no satellite pass / dataset error),
55.0,Fair,Getting rough,2026-10-08T12:41:38Z,80,Apollo Bay,2026-10-11T21:00:00Z,2026-10-12T08:00,15.4,275,32.8,0.0,3.34,11.1,242,3.4,0.58,1.5,60,-0.11,14.4,,unavailable (no satellite pass / dataset error),
53.1,Fair,Getting rough,2026-10-08T12:41:38Z,81,Apollo Bay,2026-10-11T22:00:00Z,2026-10-12T09:00,16.8,261,37.1,0.1,3.32,11.05,242,3.38,0.6,1.7,58,0.0,14.4,,unavailable (no satellite pass / dataset error),
50.8,Fair,Getting rough,2026-10-08T12:41:38Z,82,Apollo Bay,2026-10-11T23:00:00Z,2026-10-12T10:00,19.3,254,42.8,0.1,3.3,11.0,241,3.38,0.62,1.7,49,0.19,14.4,,unavailable (no satellite pass / dataset error),
50.7,Fair,Getting rough,2026-10-08T12:41:38Z,83,Apollo Bay,2026-10-12T00:00:00Z,2026-10-12T11:00,19.6,242,44.6,0.5,3.28,11.0,241,3.36,0.64,1.4,50,0.41,14.4,,unavailable (no satellite pass / dataset error),
50.6,Fair,Getting rough,2026-10-08T12:41:38Z,84,Apollo Bay,2026-10-12T01:00:00Z,2026-10-12T12:00,20.3,243,46.4,0.6,3.24,11.1,240,3.4,0.94,0.9,53,0.58,14.4,,unavailable (no satellite pass / dataset error),
51.0,Fair,Getting rough,2026-10-08T12:41:38Z,85,Apollo Bay,2026-10-12T02:00:00Z,2026-10-12T13:00,20.6,247,47.2,0.6,3.18,11.25,240,3.46,1.22,0.3,45,0.59,14.4,,unavailable (no satellite pass / dataset error),
49.2,Fair,Getting rough,2026-10-08T12:41:38Z,86,Apollo Bay,2026-10-12T03:00:00Z,2026-10-12T14:00,21.3,251,49.0,0.6,3.14,11.35,239,3.5,1.52,0.5,225,0.44,14.4,,unavailable (no satellite pass / dataset error),
46.2,Fair,Getting rough,2026-10-08T12:41:38Z,87,Apollo Bay,2026-10-12T04:00:00Z,2026-10-12T15:00,23.6,253,52.6,0.0,3.08,11.45,238,3.56,1.76,0.9,233,0.18,14.4,,unavailable (no satellite pass / dataset error),
43.8,Fair,Getting rough,2026-10-08T12:41:38Z,88,Apollo Bay,2026-10-12T05:00:00Z,2026-10-12T16:00,26.2,254,56.9,0.0,3.02,11.45,238,3.64,1.98,1.0,225,-0.13,14.4,,unavailable (no satellite pass / dataset error),
43.5,Fair,Getting rough,2026-10-08T12:41:38Z,89,Apollo Bay,2026-10-12T06:00:00Z,2026-10-12T17:00,27.2,257,59.8,0.0,2.96,11.45,237,3.7,2.22,0.8,225,-0.43,14.4,,unavailable (no satellite pass / dataset error),
46.4,Fair,Getting rough,2026-10-08T12:41:38Z,90,Apollo Bay,2026-10-12T07:00:00Z,2026-10-12T18:00,25.5,262,61.2,0.0,2.96,11.3,237,3.66,2.16,0.2,180,-0.63,14.4,,unavailable (no satellite pass / dataset error),
48.1,Fair,Getting rough,2026-10-08T12:41:38Z,91,Apollo Bay,2026-10-12T08:00:00Z,2026-10-12T19:00,22.5,270,61.6,0.0,2.98,11.1,238,3.64,2.08,0.6,72,-0.65,14.4,,unavailable (no satellite pass / dataset error),
48.5,Fair,Getting rough,2026-10-08T12:41:38Z,92,Apollo Bay,2026-10-12T09:00:00Z,2026-10-12T20:00,20.5,278,59.8,0.0,2.98,10.9,238,3.6,2.02,1.2,63,-0.54,14.4,,unavailable (no satellite pass / dataset error),
48.5,Fair,Getting rough,2026-10-08T12:41:38Z,93,Apollo Bay,2026-10-12T10:00:00Z,2026-10-12T21:00,19.5,280,55.1,0.0,3.0,10.65,238,3.58,1.92,1.6,63,-0.32,14.4,,unavailable (no satellite pass / dataset error),
48.3,Fair,Getting rough,2026-10-08T12:41:38Z,94,Apollo Bay,2026-10-12T11:00:00Z,2026-10-12T22:00,18.9,278,48.2,0.0,3.04,10.4,239,3.54,1.82,1.9,61,-0.01,14.4,,unavailable (no satellite pass / dataset error),
48.9,Fair,Getting rough,2026-10-08T12:41:38Z,95,Apollo Bay,2026-10-12T12:00:00Z,2026-10-12T23:00,18.4,280,43.2,0.0,3.06,10.15,239,3.52,1.72,1.9,61,0.37,14.4,,unavailable (no satellite pass / dataset error),
50.5,Fair,Getting rough,2026-10-08T12:41:38Z,96,Apollo Bay,2026-10-12T13:00:00Z,2026-10-13T00:00,18.0,288,41.0,0.1,3.1,10.0,239,3.54,1.7,1.5,60,0.72,14.4,,unavailable (no satellite pass / dataset error),
51.9,Fair,Getting rough,2026-10-08T12:41:38Z,97,Apollo Bay,2026-10-12T14:00:00Z,2026-10-13T01:00,18.6,300,40.3,0.1,3.14,9.85,240,3.58,1.68,0.8,63,0.93,14.4,,unavailable (no satellite pass / dataset error),
52.0,Fair,Getting rough,2026-10-08T12:41:38Z,98,Apollo Bay,2026-10-12T15:00:00Z,2026-10-13T02:00,19.9,305,41.0,0.1,3.18,9.8,240,3.6,1.66,0.3,135,0.94,14.3,,unavailable (no satellite pass / dataset error),
50.1,Fair,Getting rough,2026-10-08T12:41:38Z,99,Apollo Bay,2026-10-12T16:00:00Z,2026-10-13T03:00,21.7,303,43.2,0.2,3.18,9.85,240,3.7,1.84,0.6,198,0.79,14.3,,unavailable (no satellite pass / dataset error),
47.5,Fair,Getting rough,2026-10-08T12:41:38Z,100,Apollo Bay,2026-10-12T17:00:00Z,2026-10-13T04:00,24.0,298,46.4,0.2,3.18,9.95,239,3.8,2.04,0.9,217,0.53,14.3,,unavailable (no satellite pass / dataset error),
46.4,Fair,Getting rough,2026-10-08T12:41:38Z,101,Apollo Bay,2026-10-12T18:00:00Z,2026-10-13T05:00,24.9,292,49.0,0.2,3.18,10.0,239,3.9,2.22,0.9,217,0.22,14.3,,unavailable (no satellite pass / dataset error),
47.3,Fair,Getting rough,2026-10-08T12:41:38Z,102,Apollo Bay,2026-10-12T19:00:00Z,2026-10-13T06:00,23.6,286,50.0,0.8,3.3,9.95,240,3.96,2.12,0.6,198,-0.06,14.3,,unavailable (no satellite pass / dataset error),
48.8,Fair,Getting rough,2026-10-08T12:41:38Z,103,Apollo Bay,2026-10-12T20:00:00Z,2026-10-13T07:00,21.3,278,50.0,0.8,3.42,9.8,240,4.0,2.02,0.4,117,-0.21,14.3,,unavailable (no satellite pass / dataset error),
48.3,Fair,Getting rough,2026-10-08T12:41:38Z,104,Apollo Bay,2026-10-12T21:00:00Z,2026-10-13T08:00,20.0,266,50.8,0.8,3.54,9.8,241,4.06,1.92,0.7,76,-0.21,14.3,,unavailable (no satellite pass / dataset error),
45.0,Fair,Getting rough,2026-10-08T12:41:38Z,105,Apollo Bay,2026-10-12T22:00:00Z,2026-10-13T09:00,20.9,255,52.2,1.1,3.42,10.0,241,4.08,2.14,1.2,63,-0.12,14.3,,unavailable (no satellite pass / dataset error),
40.9,Fair,Getting rough,2026-10-08T12:41:38Z,106,Apollo Bay,2026-10-12T23:00:00Z,2026-10-13T10:00,23.1,244,53.6,1.1,3.28,10.3,241,4.1,2.38,1.6,63,0.04,14.3,,unavailable (no satellite pass / dataset error),
38.5,Poor,Getting rough,2026-10-08T12:41:38Z,107,Apollo Bay,2026-10-13T00:00:00Z,2026-10-13T11:00,24.9,236,55.1,1.1,3.16,10.6,241,4.12,2.6,1.6,63,0.26,14.3,,unavailable (no satellite pass / dataset error),
39.3,Poor,Getting rough,2026-10-08T12:41:38Z,108,Apollo Bay,2026-10-13T01:00:00Z,2026-10-13T12:00,25.1,230,56.5,0.2,3.08,10.8,242,4.14,2.68,1.4,67,0.5,14.3,,unavailable (no satellite pass / dataset error),
41.9,Fair,Getting rough,2026-10-08T12:41:38Z,109,Apollo Bay,2026-10-13T02:00:00Z,2026-10-13T13:00,24.3,225,58.0,0.2,3.0,10.95,242,4.14,2.78,0.8,63,0.64,14.3,,unavailable (no satellite pass / dataset error),
43.9,Fair,Getting rough,2026-10-08T12:41:38Z,110,Apollo Bay,2026-10-13T03:00:00Z,2026-10-13T14:00,24.0,221,58.7,0.2,2.92,11.05,243,4.16,2.86,0.3,135,0.59,14.4,,unavailable (no satellite pass / dataset error),
42.5,Fair,Getting rough,2026-10-08T12:41:38Z,111,Apollo Bay,2026-10-13T04:00:00Z,2026-10-13T15:00,24.5,220,58.0,0.2,2.96,11.1,243,4.16,2.82,0.6,198,0.39,14.4,,unavailable (no satellite pass / dataset error),
41.2,Fair,Getting rough,2026-10-08T12:41:38Z,112,Apollo Bay,2026-10-13T05:00:00Z,2026-10-13T16:00,24.9,219,56.2,0.2,2.98,11.05,244,4.14,2.8,0.9,217,0.1,14.4,,unavailable (no satellite pass / dataset error),
40.1,Fair,Getting rough,2026-10-08T12:41:38Z,113,Apollo Bay,2026-10-13T06:00:00Z,2026-10-13T17:00,25.0,219,55.1,0.2,3.02,10.95,244,4.14,2.76,1.2,219,-0.24,14.4,,unavailable (no satellite pass / dataset error),
42.3,Fair,Getting rough,2026-10-08T12:41:38Z,114,Apollo Bay,2026-10-13T07:00:00Z,2026-10-13T18:00,23.5,217,55.4,0.1,3.16,10.7,244,4.14,2.58,0.8,207,-0.55,14.4,,unavailable (no satellite pass / dataset error),
44.9,Fair,Getting rough,2026-10-08T12:41:38Z,115,Apollo Bay,2026-10-13T08:00:00Z,2026-10-13T19:00,21.5,215,55.8,0.1,3.3,10.35,245,4.12,2.38,0.4,180,-0.72,14.4,,unavailable (no satellite pass / dataset error),
45.8,Fair,Getting rough,2026-10-08T12:41:38Z,116,Apollo Bay,2026-10-13T09:00:00Z,2026-10-13T20:00,20.0,211,55.1,0.1,3.44,10.15,245,4.12,2.2,0.5,90,-0.72,14.4,,unavailable (no satellite pass / dataset error),
44.6,Fair,Getting rough,2026-10-08T12:41:38Z,117,Apollo Bay,2026-10-13T10:00:00Z,2026-10-13T21:00,19.8,207,50.8,0.0,3.4,10.15,245,4.14,2.32,1.1,72,-0.57,14.3,,unavailable (no satellite pass / dataset error),
43.2,Fair,Getting rough,2026-10-08T12:41:38Z,118,Apollo Bay,2026-10-13T11:00:00Z,2026-10-13T22:00,20.1,203,45.4,0.0,3.36,10.2,245,4.18,2.42,1.6,63,-0.31,14.3,,unavailable (no satellite pass / dataset error),
42.3,Fair,Getting rough,2026-10-08T12:41:38Z,119,Apollo Bay,2026-10-13T12:00:00Z,2026-10-13T23:00,20.3,200,41.4,0.0,3.32,10.3,245,4.2,2.54,1.9,61,0.03,14.3,,unavailable (no satellite pass / dataset error),
69.7,Good,Bit dodgy,2026-10-08T12:41:38Z,0,Kennett River,2026-10-08T13:00:00Z,2026-10-09T00:00,14.3,354,29.5,0.0,1.32,11.05,223,1.54,0.18,0.9,233,0.04,14.3,,unavailable (no satellite pass / dataset error),
71.2,Good,Bit dodgy,2026-10-08T12:41:38Z,1,Kennett River,2026-10-08T14:00:00Z,2026-10-09T01:00,12.6,356,29.2,0.0,1.26,11.3,220,1.54,0.2,0.9,233,-0.13,14.3,,unavailable (no satellite pass / dataset error),
71.6,Good,Bit dodgy,2026-10-08T12:41:38Z,2,Kennett River,2026-10-08T15:00:00Z,2026-10-09T02:00,13.0,358,27.4,0.0,1.22,11.5,218,1.54,0.24,0.6,236,-0.29,14.3,,unavailable (no satellite pass / dataset error),
71.4,Good,Bit dodgy,2026-10-08T12:41:38Z,3,Kennett River,2026-10-08T16:00:00Z,2026-10-09T03:00,14.0,1,29.9,0.0,1.22,11.6,218,1.54,0.28,0.3,225,-0.37,14.3,,unavailable (no satellite pass / dataset error),
70.2,Good,Doable,2026-10-08T12:41:38Z,4,Kennett River,2026-10-08T17:00:00Z,2026-10-09T04:00,15.1,357,32.0,0.0,1.2,11.65,219,1.56,0.32,0.3,45,-0.33,14.2,,unavailable (no satellite pass / dataset error),
69.0,Good,Doable,2026-10-08T12:41:38Z,5,Kennett River,2026-10-08T18:00:00Z,2026-10-09T05:00,15.7,356,33.1,0.0,1.2,11.7,219,1.56,0.36,0.6,56,-0.25,14.2,,unavailable (no satellite pass / dataset error),
67.1,Good,Bit dodgy,2026-10-08T12:41:38Z,6,Kennett River,2026-10-08T19:00:00Z,2026-10-09T06:00,17.3,355,35.6,0.0,1.26,11.75,221,1.56,0.4,0.8,63,-0.16,14.2,,unavailable (no satellite pass / dataset error),
65.5,Good,Bit dodgy,2026-10-08T12:41:38Z,7,Kennett River,2026-10-08T20:00:00Z,2026-10-09T07:00,19.1,356,39.2,0.0,1.3,11.75,223,1.58,0.44,0.7,76,-0.03,14.2,,unavailable (no satellite pass / dataset error),
64.0,Good,Bit dodgy,2026-10-08T12:41:38Z,8,Kennett River,2026-10-08T21:00:00Z,2026-10-09T08:00,21.1,358,43.6,0.0,1.36,11.75,225,1.58,0.48,0.6,72,0.15,14.2,,unavailable (no satellite pass / dataset error),
65.2,Good,Bit dodgy,2026-10-08T12:41:38Z,9,Kennett River,2026-10-08T22:00:00Z,2026-10-09T09:00,20.0,358,45.7,0.0,1.38,11.75,225,1.6,0.52,0.4,90,0.36,14.2,,unavailable (no satellite pass / dataset error),
61.8,Good,Bit dodgy,2026-10-08T12:41:38Z,10,Kennett River,2026-10-08T23:00:00Z,2026-10-09T10:00,23.4,1,53.6,0.0,1.38,11.75,225,1.64,0.54,0.4,180,0.48,14.3,,unavailable (no satellite pass / dataset error),
60.1,Good,Bit dodgy,2026-10-08T12:41:38Z,11,Kennett River,2026-10-09T00:00:00Z,2026-10-09T11:00,24.5,358,57.2,0.0,1.4,11.8,225,1.66,0.58,0.6,198,0.48,14.3,,unavailable (no satellite pass / dataset error),
59.0,Fair,Bit dodgy,2026-10-08T12:41:38Z,12,Kennett River,2026-10-09T01:00:00Z,2026-10-09T12:00,24.5,356,57.6,0.0,1.4,11.9,226,1.68,0.58,1.0,202,0.38,14.3,,unavailable (no satellite pass / dataset error),
56.1,Fair,Bit dodgy,2026-10-08T12:41:38Z,13,Kennett River,2026-10-09T02:00:00Z,2026-10-09T13:00,27.7,348,64.4,0.0,1.42,12.0,226,1.68,0.58,1.0,202,0.22,14.3,,unavailable (no satellite pass / dataset error),
55.4,Fair,Bit dodgy,2026-10-08T12:41:38Z,14,Kennett River,2026-10-09T03:00:00Z,2026-10-09T14:00,28.5,344,65.9,0.0,1.42,12.1,227,1.7,0.58,0.9,191,0.02,14.4,,unavailable (no satellite pass / dataset error),
58.4,Fair,Bit dodgy,2026-10-08T12:41:38Z,15,Kennett River,2026-10-09T04:00:00Z,2026-10-09T15:00,25.9,347,64.8,0.0,1.4,12.15,227,1.68,0.52,0.7,166,-0.15,14.4,,unavailable (no satellite pass / dataset error),
62.6,Good,Bit dodgy,2026-10-08T12:41:38Z,16,Kennett River,2026-10-09T05:00:00Z,2026-10-09T16:00,21.9,350,59.8,0.0,1.38,12.2,227,1.64,0.46,0.6,124,-0.21,14.5,,unavailable (no satellite pass / dataset error),
64.2,Good,Bit dodgy,2026-10-08T12:41:38Z,17,Kennett River,2026-10-09T06:00:00Z,2026-10-09T17:00,19.6,1,50.8,0.0,1.36,12.2,227,1.62,0.4,0.9,90,-0.18,14.5,,unavailable (no satellite pass / dataset error),
65.5,Good,Bit dodgy,2026-10-08T12:41:38Z,18,Kennett River,2026-10-09T07:00:00Z,2026-10-09T18:00,17.8,7,46.1,0.0,1.36,12.05,227,1.6,0.32,1.1,72,-0.12,14.5,,unavailable (no satellite pass / dataset error),
65.8,Good,Bit dodgy,2026-10-08T12:41:38Z,19,Kennett River,2026-10-09T08:00:00Z,2026-10-09T19:00,16.9,19,41.4,0.0,1.38,11.9,227,1.58,0.26,1.4,67,-0.02,14.5,,unavailable (no satellite pass / dataset error),
68.0,Good,Bit dodgy,2026-10-08T12:41:38Z,20,Kennett River,2026-10-09T09:00:00Z,2026-10-09T20:00,14.9,11,38.9,0.0,1.38,11.75,227,1.56,0.18,1.3,56,0.16,14.5,,unavailable (no satellite pass / dataset error),
73.1,Good,Bit dodgy,2026-10-08T12:41:38Z,21,Kennett River,2026-10-09T10:00:00Z,2026-10-09T21:00,10.0,9,33.5,0.0,1.38,11.75,227,1.56,0.24,1.0,59,0.39,14.5,,unavailable (no satellite pass / dataset error),
68.0,Good,Bit dodgy,2026-10-08T12:41:38Z,22,Kennett River,2026-10-09T11:00:00Z,2026-10-09T22:00,16.9,315,39.6,0.1,1.38,11.85,227,1.54,0.32,0.6,56,0.58,14.5,,unavailable (no satellite pass / dataset error),
64.3,Good,Bit dodgy,2026-10-08T12:41:38Z,23,Kennett River,2026-10-09T12:00:00Z,2026-10-09T23:00,21.1,322,46.8,0.5,1.38,11.9,227,1.54,0.38,0.3,45,0.63,14.5,,unavailable (no satellite pass / dataset error),
62.0,Good,Bit dodgy,2026-10-08T12:41:38Z,24,Kennett River,2026-10-09T13:00:00Z,2026-10-10T00:00,23.2,332,50.0,0.7,1.36,11.85,227,1.52,0.36,0.2,270,0.57,14.5,,unavailable (no satellite pass / dataset error),
61.6,Good,Bit dodgy,2026-10-08T12:41:38Z,25,Kennett River,2026-10-09T14:00:00Z,2026-10-10T01:00,23.6,319,55.8,0.0,1.36,11.8,228,1.48,0.32,0.4,243,0.43,14.4,,unavailable (no satellite pass / dataset error),
63.2,Good,Bit dodgy,2026-10-08T12:41:38Z,26,Kennett River,2026-10-09T15:00:00Z,2026-10-10T02:00,21.7,307,53.6,0.0,1.34,11.7,228,1.46,0.3,0.5,225,0.22,14.4,,unavailable (no satellite pass / dataset error),
65.6,Good,Bit dodgy,2026-10-08T12:41:38Z,27,Kennett River,2026-10-09T16:00:00Z,2026-10-10T03:00,19.6,297,50.0,0.0,1.34,11.5,228,1.46,0.3,0.3,225,0.0,14.4,,unavailable (no satellite pass / dataset error),
66.1,Good,Bit dodgy,2026-10-08T12:41:38Z,28,Kennett River,2026-10-09T17:00:00Z,2026-10-10T04:00,18.7,290,45.4,0.0,1.34,11.3,229,1.46,0.32,0.4,90,-0.13,14.4,,unavailable (no satellite pass / dataset error),
66.6,Good,Bit dodgy,2026-10-08T12:41:38Z,29,Kennett River,2026-10-09T18:00:00Z,2026-10-10T05:00,17.4,284,44.3,0.0,1.34,11.15,229,1.46,0.32,0.7,76,-0.16,14.4,,unavailable (no satellite pass / dataset error),
67.4,Good,Bit dodgy,2026-10-08T12:41:38Z,30,Kennett River,2026-10-09T19:00:00Z,2026-10-10T06:00,15.5,292,41.0,0.0,1.32,11.15,228,1.48,0.28,1.0,68,-0.11,14.4,,unavailable (no satellite pass / dataset error),
66.3,Good,Bit dodgy,2026-10-08T12:41:38Z,31,Kennett River,2026-10-09T20:00:00Z,2026-10-10T07:00,15.7,301,37.1,0.0,1.28,11.2,228,1.5,0.26,1.3,74,-0.03,14.4,,unavailable (no satellite pass / dataset error),
65.9,Good,Bit dodgy,2026-10-08T12:41:38Z,32,Kennett River,2026-10-09T21:00:00Z,2026-10-10T08:00,15.7,302,38.9,0.0,1.26,11.2,227,1.52,0.22,1.4,67,0.12,14.4,,unavailable (no satellite pass / dataset error),
62.7,Good,Bit dodgy,2026-10-08T12:41:38Z,33,Kennett River,2026-10-09T22:00:00Z,2026-10-10T09:00,19.3,292,46.8,0.0,1.24,11.05,227,1.52,0.26,1.4,67,0.33,14.4,,unavailable (no satellite pass / dataset error),
63.0,Good,Bit dodgy,2026-10-08T12:41:38Z,34,Kennett River,2026-10-09T23:00:00Z,2026-10-10T10:00,19.5,298,47.5,0.0,1.22,10.85,227,1.54,0.32,1.1,72,0.54,14.4,,unavailable (no satellite pass / dataset error),
59.7,Fair,Doable,2026-10-08T12:41:38Z,35,Kennett River,2026-10-10T00:00:00Z,2026-10-10T11:00,24.2,295,57.2,0.0,1.2,10.65,227,1.54,0.36,0.7,76,0.65,14.4,,unavailable (no satellite pass / dataset error),
60.7,Good,Doable,2026-10-08T12:41:38Z,36,Kennett River,2026-10-10T01:00:00Z,2026-10-10T12:00,23.9,294,59.0,0.0,1.18,10.55,227,1.52,0.38,0.5,90,0.62,14.5,,unavailable (no satellite pass / dataset error),
60.7,Good,Doable,2026-10-08T12:41:38Z,37,Kennett River,2026-10-10T02:00:00Z,2026-10-10T13:00,24.8,298,59.0,0.0,1.18,10.5,228,1.48,0.42,0.3,135,0.48,14.5,,unavailable (no satellite pass / dataset error),
60.3,Good,Doable,2026-10-08T12:41:38Z,38,Kennett River,2026-10-10T03:00:00Z,2026-10-10T14:00,25.8,298,61.9,0.0,1.16,10.45,228,1.46,0.44,0.2,180,0.25,14.5,,unavailable (no satellite pass / dataset error),
62.3,Good,Doable,2026-10-08T12:41:38Z,39,Kennett River,2026-10-10T04:00:00Z,2026-10-10T15:00,24.0,300,61.9,0.0,1.14,10.45,228,1.46,0.48,0.0,90,-0.02,14.6,,unavailable (no satellite pass / dataset error),
62.5,Good,Doable,2026-10-08T12:41:38Z,40,Kennett River,2026-10-10T05:00:00Z,2026-10-10T16:00,22.8,291,59.0,0.0,1.12,10.45,229,1.48,0.52,0.3,45,-0.24,14.6,,unavailable (no satellite pass / dataset error),
62.4,Good,Doable,2026-10-08T12:41:38Z,41,Kennett River,2026-10-10T06:00:00Z,2026-10-10T17:00,22.3,286,55.1,0.1,1.1,10.25,229,1.48,0.56,0.5,45,-0.33,14.6,,unavailable (no satellite pass / dataset error),
63.9,Good,Doable,2026-10-08T12:41:38Z,42,Kennett River,2026-10-10T07:00:00Z,2026-10-10T18:00,18.9,281,51.5,0.1,1.12,9.55,234,1.52,0.48,0.9,53,-0.31,14.6,,unavailable (no satellite pass / dataset error),
66.3,Good,Doable,2026-10-08T12:41:38Z,43,Kennett River,2026-10-10T08:00:00Z,2026-10-10T19:00,15.8,281,43.6,0.0,1.14,8.7,239,1.54,0.38,1.0,45,-0.23,14.6,,unavailable (no satellite pass / dataset error),
67.9,Good,Doable,2026-10-08T12:41:38Z,44,Kennett River,2026-10-10T09:00:00Z,2026-10-10T20:00,13.0,274,37.1,0.0,1.16,8.15,244,1.58,0.3,1.2,51,-0.08,14.6,,unavailable (no satellite pass / dataset error),
69.4,Good,Bit dodgy,2026-10-08T12:41:38Z,45,Kennett River,2026-10-10T10:00:00Z,2026-10-10T21:00,11.9,273,29.9,0.0,1.28,8.3,242,1.58,0.26,1.0,45,0.16,14.6,,unavailable (no satellite pass / dataset error),
70.7,Good,Bit dodgy,2026-10-08T12:41:38Z,46,Kennett River,2026-10-10T11:00:00Z,2026-10-10T22:00,11.3,280,27.0,0.0,1.4,8.85,239,1.56,0.2,0.8,45,0.44,14.5,,unavailable (no satellite pass / dataset error),
74.7,Good,Getting rough,2026-10-08T12:41:38Z,47,Kennett River,2026-10-10T12:00:00Z,2026-10-10T23:00,8.8,290,25.9,0.0,1.52,9.3,237,1.56,0.16,0.3,45,0.67,14.5,,unavailable (no satellite pass / dataset error),
76.4,Good,Getting rough,2026-10-08T12:41:38Z,48,Kennett River,2026-10-10T13:00:00Z,2026-10-11T00:00,7.2,305,21.6,0.0,1.58,9.45,237,1.62,0.1,0.3,225,0.74,14.5,,unavailable (no satellite pass / dataset error),
76.4,Good,Getting rough,2026-10-08T12:41:38Z,49,Kennett River,2026-10-10T14:00:00Z,2026-10-11T01:00,6.0,327,17.6,0.0,1.66,9.5,236,1.68,0.06,0.5,225,0.66,14.5,,unavailable (no satellite pass / dataset error),
75.2,Good,Getting rough,2026-10-08T12:41:38Z,50,Kennett River,2026-10-10T15:00:00Z,2026-10-11T02:00,5.6,333,14.4,0.0,1.72,9.6,236,1.74,0.0,0.9,217,0.46,14.5,,unavailable (no satellite pass / dataset error),
73.5,Good,Getting rough,2026-10-08T12:41:38Z,51,Kennett River,2026-10-10T16:00:00Z,2026-10-11T03:00,6.7,326,15.1,0.0,1.82,9.8,236,1.82,0.0,0.9,217,0.2,14.5,,unavailable (no satellite pass / dataset error),
73.4,Good,Getting rough,2026-10-08T12:41:38Z,52,Kennett River,2026-10-10T17:00:00Z,2026-10-11T04:00,6.4,322,15.5,0.0,1.9,10.0,236,1.92,0.02,0.6,214,-0.08,14.5,,unavailable (no satellite pass / dataset error),
72.7,Good,Getting rough,2026-10-08T12:41:38Z,53,Kennett River,2026-10-10T18:00:00Z,2026-10-11T05:00,6.9,329,15.5,0.0,2.0,10.25,236,2.0,0.02,0.4,180,-0.26,14.5,,unavailable (no satellite pass / dataset error),
71.6,Good,Getting rough,2026-10-08T12:41:38Z,54,Kennett River,2026-10-10T19:00:00Z,2026-10-11T06:00,7.2,333,16.2,0.0,2.08,10.45,236,2.08,0.02,0.4,117,-0.31,14.5,,unavailable (no satellite pass / dataset error),
68.9,Good,Getting rough,2026-10-08T12:41:38Z,55,Kennett River,2026-10-10T20:00:00Z,2026-10-11T07:00,8.5,333,18.4,0.0,2.16,10.7,235,2.16,0.02,0.7,90,-0.28,14.5,,unavailable (no satellite pass / dataset error),
67.2,Good,Getting rough,2026-10-08T12:41:38Z,56,Kennett River,2026-10-10T21:00:00Z,2026-10-11T08:00,9.0,338,22.7,0.0,2.24,10.9,235,2.24,0.02,0.9,79,-0.18,14.5,,unavailable (no satellite pass / dataset error),
65.3,Good,Getting rough,2026-10-08T12:41:38Z,57,Kennett River,2026-10-10T22:00:00Z,2026-10-11T09:00,10.2,346,26.6,0.0,2.3,11.1,235,2.3,0.04,1.0,68,0.0,14.6,,unavailable (no satellite pass / dataset error),
61.3,Good,Getting rough,2026-10-08T12:41:38Z,58,Kennett River,2026-10-10T23:00:00Z,2026-10-11T10:00,14.2,344,37.1,0.0,2.34,11.3,234,2.34,0.04,1.0,68,0.25,14.6,,unavailable (no satellite pass / dataset error),
60.3,Good,Getting rough,2026-10-08T12:41:38Z,59,Kennett River,2026-10-11T00:00:00Z,2026-10-11T11:00,15.6,349,40.7,0.1,2.4,11.45,234,2.4,0.06,0.6,72,0.48,14.7,,unavailable (no satellite pass / dataset error),
55.7,Fair,Getting rough,2026-10-08T12:41:38Z,60,Kennett River,2026-10-11T01:00:00Z,2026-10-11T12:00,20.7,337,50.8,0.1,2.42,11.55,234,2.44,0.12,0.4,117,0.58,14.7,,unavailable (no satellite pass / dataset error),
52.6,Fair,Getting rough,2026-10-08T12:41:38Z,61,Kennett River,2026-10-11T02:00:00Z,2026-10-11T13:00,23.5,336,56.5,0.1,2.46,11.65,234,2.46,0.2,0.5,180,0.51,14.8,,unavailable (no satellite pass / dataset error),
50.0,Fair,Getting rough,2026-10-08T12:41:38Z,62,Kennett River,2026-10-11T03:00:00Z,2026-10-11T14:00,25.2,332,60.5,0.0,2.48,11.7,234,2.5,0.26,0.8,207,0.32,14.9,,unavailable (no satellite pass / dataset error),
52.5,Fair,Getting rough,2026-10-08T12:41:38Z,63,Kennett River,2026-10-11T04:00:00Z,2026-10-11T15:00,22.1,330,60.1,0.0,2.44,11.75,234,2.5,0.26,0.9,217,0.04,15.0,,unavailable (no satellite pass / dataset error),
54.1,Fair,Getting rough,2026-10-08T12:41:38Z,64,Kennett River,2026-10-11T05:00:00Z,2026-10-11T16:00,20.6,333,53.3,0.0,2.42,11.8,234,2.48,0.26,0.9,217,-0.27,15.0,,unavailable (no satellite pass / dataset error),
54.2,Fair,Getting rough,2026-10-08T12:41:38Z,65,Kennett River,2026-10-11T06:00:00Z,2026-10-11T17:00,21.4,332,55.1,0.0,2.38,11.75,234,2.48,0.26,0.6,198,-0.51,15.1,,unavailable (no satellite pass / dataset error),
60.4,Good,Getting rough,2026-10-08T12:41:38Z,66,Kennett River,2026-10-11T07:00:00Z,2026-10-11T18:00,15.8,339,49.3,0.0,2.34,11.6,233,2.44,0.28,0.3,135,-0.58,15.1,,unavailable (no satellite pass / dataset error),
61.1,Good,Getting rough,2026-10-08T12:41:38Z,67,Kennett River,2026-10-11T08:00:00Z,2026-10-11T19:00,15.2,349,37.1,0.0,2.3,11.4,232,2.4,0.28,0.4,90,-0.53,15.0,,unavailable (no satellite pass / dataset error),
62.8,Good,Getting rough,2026-10-08T12:41:38Z,68,Kennett River,2026-10-11T09:00:00Z,2026-10-11T20:00,13.0,350,34.2,0.0,2.26,11.3,231,2.36,0.3,0.7,76,-0.38,15.0,,unavailable (no satellite pass / dataset error),
58.0,Fair,Getting rough,2026-10-08T12:41:38Z,69,Kennett River,2026-10-11T10:00:00Z,2026-10-11T21:00,18.3,353,39.6,0.0,2.22,11.3,232,2.32,0.34,0.9,79,-0.14,14.9,,unavailable (no satellite pass / dataset error),
54.3,Fair,Getting rough,2026-10-08T12:41:38Z,70,Kennett River,2026-10-11T11:00:00Z,2026-10-11T22:00,23.1,347,51.5,0.0,2.2,11.35,233,2.26,0.38,0.9,79,0.2,14.9,,unavailable (no satellite pass / dataset error),
54.7,Fair,Getting rough,2026-10-08T12:41:38Z,71,Kennett River,2026-10-11T12:00:00Z,2026-10-11T23:00,23.1,335,52.6,0.0,2.16,11.45,234,2.22,0.42,0.9,90,0.56,14.8,,unavailable (no satellite pass / dataset error),
60.0,Good,Getting rough,2026-10-08T12:41:38Z,72,Kennett River,2026-10-11T13:00:00Z,2026-10-12T00:00,17.8,324,52.2,0.2,2.1,11.55,234,2.18,0.42,0.7,104,0.81,14.8,,unavailable (no satellite pass / dataset error),
56.6,Fair,Getting rough,2026-10-08T12:41:38Z,73,Kennett River,2026-10-11T14:00:00Z,2026-10-12T01:00,21.9,324,46.8,0.1,2.02,11.7,234,2.12,0.4,0.8,135,0.88,14.7,,unavailable (no satellite pass / dataset error),
53.3,Fair,Getting rough,2026-10-08T12:41:38Z,74,Kennett River,2026-10-11T15:00:00Z,2026-10-12T02:00,25.2,320,59.4,0.6,1.96,11.75,234,2.08,0.4,0.8,153,0.79,14.7,,unavailable (no satellite pass / dataset error),
60.7,Good,Getting rough,2026-10-08T12:41:38Z,75,Kennett River,2026-10-11T16:00:00Z,2026-10-12T03:00,16.7,314,54.7,0.3,1.94,11.6,234,2.04,0.4,0.9,169,0.57,14.6,,unavailable (no satellite pass / dataset error),
59.3,Fair,Getting rough,2026-10-08T12:41:38Z,76,Kennett River,2026-10-11T17:00:00Z,2026-10-12T04:00,18.6,306,40.3,0.3,1.94,11.4,234,2.02,0.38,0.7,166,0.27,14.6,,unavailable (no satellite pass / dataset error),
61.3,Good,Getting rough,2026-10-08T12:41:38Z,77,Kennett River,2026-10-11T18:00:00Z,2026-10-12T05:00,16.6,328,39.6,0.3,1.92,11.2,234,1.98,0.38,0.6,146,-0.02,14.6,,unavailable (no satellite pass / dataset error),
62.6,Good,Getting rough,2026-10-08T12:41:38Z,78,Kennett River,2026-10-11T19:00:00Z,2026-10-12T06:00,15.4,308,33.5,0.0,1.9,11.05,234,1.96,0.28,0.6,108,-0.2,14.5,,unavailable (no satellite pass / dataset error),
62.5,Good,Getting rough,2026-10-08T12:41:38Z,79,Kennett River,2026-10-11T20:00:00Z,2026-10-12T07:00,15.2,301,35.6,0.0,1.86,10.95,234,1.92,0.2,0.9,79,-0.22,14.5,,unavailable (no satellite pass / dataset error),
65.6,Good,Getting rough,2026-10-08T12:41:38Z,80,Kennett River,2026-10-11T21:00:00Z,2026-10-12T08:00,10.9,278,32.8,0.0,1.84,10.85,234,1.9,0.1,1.3,56,-0.15,14.5,,unavailable (no satellite pass / dataset error),
66.3,Good,Getting rough,2026-10-08T12:41:38Z,81,Kennett River,2026-10-11T22:00:00Z,2026-10-12T09:00,9.6,258,27.7,0.0,1.84,10.85,234,1.9,0.14,1.5,54,-0.02,14.5,,unavailable (no satellite pass / dataset error),
64.4,Good,Getting rough,2026-10-08T12:41:38Z,82,Kennett River,2026-10-11T23:00:00Z,2026-10-12T10:00,11.0,256,31.0,0.1,1.86,10.9,233,1.88,0.18,1.8,45,0.19,14.5,,unavailable (no satellite pass / dataset error),
62.8,Good,Getting rough,2026-10-08T12:41:38Z,83,Kennett River,2026-10-12T00:00:00Z,2026-10-12T11:00,12.8,244,40.3,0.3,1.86,10.95,233,1.88,0.22,1.7,41,0.45,14.5,,unavailable (no satellite pass / dataset error),
60.0,Good,Getting rough,2026-10-08T12:41:38Z,84,Kennett River,2026-10-12T01:00:00Z,2026-10-12T12:00,15.6,240,45.0,0.6,1.84,11.0,233,1.94,0.46,1.3,34,0.65,14.5,,unavailable (no satellite pass / dataset error),
57.4,Fair,Getting rough,2026-10-08T12:41:38Z,85,Kennett River,2026-10-12T02:00:00Z,2026-10-12T13:00,18.7,239,50.4,0.6,1.84,11.1,232,1.98,0.68,0.8,27,0.68,14.5,,unavailable (no satellite pass / dataset error),
54.8,Fair,Getting rough,2026-10-08T12:41:38Z,86,Kennett River,2026-10-12T03:00:00Z,2026-10-12T14:00,21.1,239,54.0,0.6,1.82,11.1,232,2.04,0.92,0.4,333,0.52,14.5,,unavailable (no satellite pass / dataset error),
53.0,Fair,Getting rough,2026-10-08T12:41:38Z,87,Kennett River,2026-10-12T04:00:00Z,2026-10-12T15:00,22.0,239,54.7,0.0,1.82,11.05,232,2.1,1.02,0.6,288,0.25,14.5,,unavailable (no satellite pass / dataset error),
51.8,Fair,Getting rough,2026-10-08T12:41:38Z,88,Kennett River,2026-10-12T05:00:00Z,2026-10-12T16:00,22.1,241,53.6,0.0,1.84,11.0,231,2.18,1.14,0.7,270,-0.1,14.5,,unavailable (no satellite pass / dataset error),
52.5,Fair,Getting rough,2026-10-08T12:41:38Z,89,Kennett River,2026-10-12T06:00:00Z,2026-10-12T17:00,21.2,244,52.9,0.0,1.84,10.8,231,2.24,1.24,0.5,270,-0.45,14.5,,unavailable (no satellite pass / dataset error),
55.3,Fair,Getting rough,2026-10-08T12:41:38Z,90,Kennett River,2026-10-12T07:00:00Z,2026-10-12T18:00,18.8,252,53.6,0.0,1.88,10.4,231,2.2,1.08,0.4,270,-0.69,14.5,,unavailable (no satellite pass / dataset error),
58.8,Fair,Getting rough,2026-10-08T12:41:38Z,91,Kennett River,2026-10-12T08:00:00Z,2026-10-12T19:00,16.1,264,54.0,0.0,1.92,9.85,231,2.14,0.9,0.2,0,-0.72,14.4,,unavailable (no satellite pass / dataset error),
59.9,Fair,Getting rough,2026-10-08T12:41:38Z,92,Kennett River,2026-10-12T09:00:00Z,2026-10-12T20:00,14.7,277,52.6,0.0,1.96,9.45,231,2.1,0.74,0.4,63,-0.61,14.4,,unavailable (no satellite pass / dataset error),
59.8,Fair,Getting rough,2026-10-08T12:41:38Z,93,Kennett River,2026-10-12T10:00:00Z,2026-10-12T21:00,14.2,286,46.4,0.0,1.9,9.35,231,2.06,0.62,0.8,63,-0.38,14.4,,unavailable (no satellite pass / dataset error),
59.9,Fair,Getting rough,2026-10-08T12:41:38Z,94,Kennett River,2026-10-12T11:00:00Z,2026-10-12T22:00,14.0,293,38.2,0.0,1.86,9.35,232,2.0,0.5,1.1,72,-0.05,14.4,,unavailable (no satellite pass / dataset error),
59.6,Fair,Getting rough,2026-10-08T12:41:38Z,95,Kennett River,2026-10-12T12:00:00Z,2026-10-12T23:00,14.3,297,32.8,0.0,1.8,9.3,232,1.96,0.38,1.3,74,0.37,14.4,,unavailable (no satellite pass / dataset error),
59.6,Fair,Getting rough,2026-10-08T12:41:38Z,96,Kennett River,2026-10-12T13:00:00Z,2026-10-13T00:00,15.1,298,33.1,0.0,1.82,9.1,232,1.96,0.36,1.1,81,0.76,14.4,,unavailable (no satellite pass / dataset error),
59.5,Fair,Getting rough,2026-10-08T12:41:38Z,97,Kennett River,2026-10-12T14:00:00Z,2026-10-13T01:00,16.1,298,36.7,0.0,1.86,8.9,232,1.94,0.36,0.9,90,1.0,14.4,,unavailable (no satellite pass / dataset error),
60.1,Good,Getting rough,2026-10-08T12:41:38Z,98,Kennett River,2026-10-12T15:00:00Z,2026-10-13T02:00,17.1,297,40.0,0.0,1.88,8.75,232,1.94,0.34,0.6,124,1.03,14.3,,unavailable (no satellite pass / dataset error),
58.8,Fair,Getting rough,2026-10-08T12:41:38Z,99,Kennett River,2026-10-12T16:00:00Z,2026-10-13T03:00,18.5,295,42.5,0.0,1.9,8.7,232,1.98,0.38,0.6,162,0.87,14.3,,unavailable (no satellite pass / dataset error),
57.4,Fair,Getting rough,2026-10-08T12:41:38Z,100,Kennett River,2026-10-12T17:00:00Z,2026-10-13T04:00,19.8,293,45.0,0.0,1.92,8.75,233,2.02,0.44,0.7,180,0.58,14.3,,unavailable (no satellite pass / dataset error),
56.7,Fair,Getting rough,2026-10-08T12:41:38Z,101,Kennett River,2026-10-12T18:00:00Z,2026-10-13T05:00,20.5,291,46.8,0.0,1.94,8.85,233,2.06,0.48,0.7,180,0.22,14.3,,unavailable (no satellite pass / dataset error),
56.6,Fair,Getting rough,2026-10-08T12:41:38Z,102,Kennett River,2026-10-12T19:00:00Z,2026-10-13T06:00,19.9,290,47.2,0.2,1.98,9.0,233,2.12,0.56,0.6,162,-0.1,14.3,,unavailable (no satellite pass / dataset error),
57.1,Fair,Getting rough,2026-10-08T12:41:38Z,103,Kennett River,2026-10-12T20:00:00Z,2026-10-13T07:00,18.6,288,46.8,0.2,2.04,9.15,232,2.16,0.66,0.6,108,-0.26,14.3,,unavailable (no satellite pass / dataset error),
56.5,Fair,Getting rough,2026-10-08T12:41:38Z,104,Kennett River,2026-10-12T21:00:00Z,2026-10-13T08:00,17.3,281,47.2,0.2,2.08,9.25,232,2.22,0.74,1.0,68,-0.26,14.3,,unavailable (no satellite pass / dataset error),
54.6,Fair,Getting rough,2026-10-08T12:41:38Z,105,Kennett River,2026-10-12T22:00:00Z,2026-10-13T09:00,17.0,266,48.6,0.5,2.08,9.25,232,2.26,0.84,1.5,60,-0.16,14.3,,unavailable (no satellite pass / dataset error),
51.8,Fair,Getting rough,2026-10-08T12:41:38Z,106,Kennett River,2026-10-12T23:00:00Z,2026-10-13T10:00,18.4,248,50.8,0.5,2.1,9.2,231,2.32,0.94,1.7,58,0.02,14.3,,unavailable (no satellite pass / dataset error),
48.8,Fair,Getting rough,2026-10-08T12:41:38Z,107,Kennett River,2026-10-13T00:00:00Z,2026-10-13T11:00,20.7,236,52.9,0.5,2.1,9.25,231,2.36,1.04,1.8,53,0.27,14.3,,unavailable (no satellite pass / dataset error),
47.6,Fair,Getting rough,2026-10-08T12:41:38Z,108,Kennett River,2026-10-13T01:00:00Z,2026-10-13T12:00,22.2,227,55.1,0.2,2.0,9.6,232,2.42,1.26,1.7,49,0.55,14.3,,unavailable (no satellite pass / dataset error),
47.8,Fair,Getting rough,2026-10-08T12:41:38Z,109,Kennett River,2026-10-13T02:00:00Z,2026-10-13T13:00,23.2,221,56.9,0.2,1.9,10.0,232,2.46,1.46,1.3,45,0.72,14.3,,unavailable (no satellite pass / dataset error),
48.0,Fair,Getting rough,2026-10-08T12:41:38Z,110,Kennett River,2026-10-13T03:00:00Z,2026-10-13T14:00,24.1,216,58.3,0.2,1.8,10.35,233,2.52,1.68,0.9,37,0.69,14.3,,unavailable (no satellite pass / dataset error),
48.3,Fair,Getting rough,2026-10-08T12:41:38Z,111,Kennett River,2026-10-13T04:00:00Z,2026-10-13T15:00,24.9,214,59.0,0.1,1.8,10.45,233,2.54,1.7,0.4,0,0.49,14.3,,unavailable (no satellite pass / dataset error),
47.5,Fair,Getting rough,2026-10-08T12:41:38Z,112,Kennett River,2026-10-13T05:00:00Z,2026-10-13T16:00,25.2,215,59.0,0.1,1.8,10.45,233,2.56,1.72,0.6,288,0.17,14.3,,unavailable (no satellite pass / dataset error),
47.3,Fair,Getting rough,2026-10-08T12:41:38Z,113,Kennett River,2026-10-13T06:00:00Z,2026-10-13T17:00,25.0,215,59.0,0.1,1.8,10.35,233,2.58,1.74,0.7,270,-0.21,14.3,,unavailable (no satellite pass / dataset error),
48.2,Fair,Getting rough,2026-10-08T12:41:38Z,114,Kennett River,2026-10-13T07:00:00Z,2026-10-13T18:00,23.8,215,59.8,0.1,1.84,10.15,233,2.58,1.64,0.7,270,-0.56,14.3,,unavailable (no satellite pass / dataset error),
49.9,Fair,Getting rough,2026-10-08T12:41:38Z,115,Kennett River,2026-10-13T08:00:00Z,2026-10-13T19:00,22.1,215,60.5,0.1,1.9,9.8,233,2.58,1.56,0.6,288,-0.77,14.2,,unavailable (no satellite pass / dataset error),
50.9,Fair,Getting rough,2026-10-08T12:41:38Z,116,Kennett River,2026-10-13T09:00:00Z,2026-10-13T20:00,20.8,214,59.4,0.1,1.94,9.6,233,2.58,1.46,0.6,342,-0.78,14.2,,unavailable (no satellite pass / dataset error),
50.8,Fair,Getting rough,2026-10-08T12:41:38Z,117,Kennett River,2026-10-13T10:00:00Z,2026-10-13T21:00,20.2,210,54.4,0.1,1.94,9.55,233,2.62,1.5,0.8,27,-0.63,14.2,,unavailable (no satellite pass / dataset error),
50.0,Fair,Getting rough,2026-10-08T12:41:38Z,118,Kennett River,2026-10-13T11:00:00Z,2026-10-13T22:00,19.9,205,47.5,0.1,1.96,9.55,233,2.66,1.56,1.2,27,-0.36,14.2,,unavailable (no satellite pass / dataset error),
49.1,Fair,Getting rough,2026-10-08T12:41:38Z,119,Kennett River,2026-10-13T12:00:00Z,2026-10-13T23:00,20.0,202,43.2,0.1,1.96,9.6,233,2.7,1.6,1.5,36,0.01,14.2,,unavailable (no satellite pass / dataset error),
75.8,Good,Doable,2026-10-08T12:41:38Z,0,Torquay,2026-10-08T13:00:00Z,2026-10-09T00:00,14.5,17,24.5,0.0,0.86,11.1,215,0.98,0.2,0.6,198,0.06,14.4,,unavailable (no satellite pass / dataset error),
75.9,Good,Doable,2026-10-08T12:41:38Z,1,Torquay,2026-10-08T14:00:00Z,2026-10-09T01:00,14.4,20,24.5,0.0,0.86,11.25,216,0.98,0.22,0.6,214,-0.18,14.4,,unavailable (no satellite pass / dataset error),
76.0,Good,Doable,2026-10-08T12:41:38Z,2,Torquay,2026-10-08T15:00:00Z,2026-10-09T02:00,14.8,26,24.8,0.0,0.84,11.4,216,0.98,0.22,0.4,207,-0.41,14.3,,unavailable (no satellite pass / dataset error),
76.1,Good,Doable,2026-10-08T12:41:38Z,3,Torquay,2026-10-08T16:00:00Z,2026-10-09T03:00,14.5,22,24.8,0.0,0.84,11.5,216,1.0,0.24,0.4,180,-0.53,14.3,,unavailable (no satellite pass / dataset error),
76.3,Good,Doable,2026-10-08T12:41:38Z,4,Torquay,2026-10-08T17:00:00Z,2026-10-09T04:00,14.6,20,24.5,0.0,0.84,11.55,217,1.0,0.28,0.3,135,-0.48,14.3,,unavailable (no satellite pass / dataset error),
75.5,Good,Doable,2026-10-08T12:41:38Z,5,Torquay,2026-10-08T18:00:00Z,2026-10-09T05:00,15.2,22,25.2,0.0,0.84,11.65,217,1.02,0.3,0.3,135,-0.35,14.3,,unavailable (no satellite pass / dataset error),
73.4,Good,Doable,2026-10-08T12:41:38Z,6,Torquay,2026-10-08T19:00:00Z,2026-10-09T06:00,17.3,20,28.8,0.0,0.84,11.75,217,1.02,0.34,0.4,117,-0.21,14.3,,unavailable (no satellite pass / dataset error),
71.3,Good,Doable,2026-10-08T12:41:38Z,7,Torquay,2026-10-08T20:00:00Z,2026-10-09T07:00,19.5,18,32.8,0.0,0.84,11.85,217,1.04,0.38,0.4,117,-0.05,14.3,,unavailable (no satellite pass / dataset error),
69.6,Good,Doable,2026-10-08T12:41:38Z,8,Torquay,2026-10-08T21:00:00Z,2026-10-09T08:00,21.3,19,36.0,0.0,0.84,11.95,217,1.04,0.42,0.4,117,0.19,14.3,,unavailable (no satellite pass / dataset error),
69.4,Good,Doable,2026-10-08T12:41:38Z,9,Torquay,2026-10-08T22:00:00Z,2026-10-09T09:00,21.3,21,38.9,0.0,0.84,12.0,217,1.06,0.46,0.4,153,0.44,14.3,,unavailable (no satellite pass / dataset error),
68.5,Good,Doable,2026-10-08T12:41:38Z,10,Torquay,2026-10-08T23:00:00Z,2026-10-09T10:00,21.9,19,40.3,0.0,0.86,12.05,217,1.08,0.48,0.5,180,0.59,14.3,,unavailable (no satellite pass / dataset error),
64.6,Good,Doable,2026-10-08T12:41:38Z,11,Torquay,2026-10-09T00:00:00Z,2026-10-09T11:00,25.8,25,46.8,0.0,0.86,12.1,217,1.1,0.52,0.6,198,0.58,14.3,,unavailable (no satellite pass / dataset error),
65.2,Good,Doable,2026-10-08T12:41:38Z,12,Torquay,2026-10-09T01:00:00Z,2026-10-09T12:00,24.5,22,48.2,0.0,0.86,12.1,217,1.1,0.52,0.8,207,0.44,14.4,,unavailable (no satellite pass / dataset error),
65.6,Good,Doable,2026-10-08T12:41:38Z,13,Torquay,2026-10-09T02:00:00Z,2026-10-09T13:00,24.1,19,46.1,0.0,0.88,12.1,218,1.1,0.52,0.8,207,0.22,14.4,,unavailable (no satellite pass / dataset error),
66.3,Good,Doable,2026-10-08T12:41:38Z,14,Torquay,2026-10-09T03:00:00Z,2026-10-09T14:00,23.6,18,45.7,0.0,0.88,12.05,218,1.1,0.52,0.7,194,-0.05,14.5,,unavailable (no satellite pass / dataset error),
67.3,Good,Doable,2026-10-08T12:41:38Z,15,Torquay,2026-10-09T04:00:00Z,2026-10-09T15:00,23.0,12,45.0,0.0,0.88,12.0,218,1.08,0.48,0.6,198,-0.27,14.5,,unavailable (no satellite pass / dataset error),
68.9,Good,Doable,2026-10-08T12:41:38Z,16,Torquay,2026-10-09T05:00:00Z,2026-10-09T16:00,21.9,11,43.2,0.0,0.86,11.95,218,1.06,0.44,0.4,153,-0.35,14.5,,unavailable (no satellite pass / dataset error),
73.4,Good,Doable,2026-10-08T12:41:38Z,17,Torquay,2026-10-09T06:00:00Z,2026-10-09T17:00,17.1,21,40.3,0.0,0.86,11.9,218,1.04,0.4,0.4,117,-0.29,14.6,,unavailable (no satellite pass / dataset error),
72.0,Good,Doable,2026-10-08T12:41:38Z,18,Torquay,2026-10-09T07:00:00Z,2026-10-09T18:00,18.6,26,33.8,0.0,0.84,11.95,218,1.02,0.4,0.5,90,-0.18,14.6,,unavailable (no satellite pass / dataset error),
71.1,Good,Doable,2026-10-08T12:41:38Z,19,Torquay,2026-10-09T08:00:00Z,2026-10-09T19:00,19.8,29,34.6,0.0,0.84,12.0,218,1.0,0.38,0.5,90,-0.05,14.6,,unavailable (no satellite pass / dataset error),
70.0,Good,Doable,2026-10-08T12:41:38Z,20,Torquay,2026-10-09T09:00:00Z,2026-10-09T20:00,21.0,27,36.0,0.0,0.82,12.05,218,0.98,0.38,0.6,72,0.17,14.6,,unavailable (no satellite pass / dataset error),
67.8,Good,Doable,2026-10-08T12:41:38Z,21,Torquay,2026-10-09T10:00:00Z,2026-10-09T21:00,23.5,17,40.0,0.0,0.82,12.05,218,0.98,0.32,0.6,72,0.45,14.6,,unavailable (no satellite pass / dataset error),
64.8,Good,Doable,2026-10-08T12:41:38Z,22,Torquay,2026-10-09T11:00:00Z,2026-10-09T22:00,27.6,14,47.2,0.0,0.84,12.0,219,0.96,0.28,0.4,90,0.68,14.6,,unavailable (no satellite pass / dataset error),
71.7,Good,Doable,2026-10-08T12:41:38Z,23,Torquay,2026-10-09T12:00:00Z,2026-10-09T23:00,20.4,332,47.9,0.0,0.84,11.95,219,0.96,0.22,0.2,90,0.75,14.6,,unavailable (no satellite pass / dataset error),
74.9,Good,Doable,2026-10-08T12:41:38Z,24,Torquay,2026-10-09T13:00:00Z,2026-10-10T00:00,16.8,315,34.6,0.0,0.84,11.9,219,0.94,0.26,0.3,135,0.67,14.6,,unavailable (no satellite pass / dataset error),
74.4,Good,Doable,2026-10-08T12:41:38Z,25,Torquay,2026-10-09T14:00:00Z,2026-10-10T01:00,17.4,317,29.9,0.0,0.82,11.85,219,0.94,0.28,0.3,135,0.48,14.6,,unavailable (no satellite pass / dataset error),
73.1,Good,Doable,2026-10-08T12:41:38Z,26,Torquay,2026-10-09T15:00:00Z,2026-10-10T02:00,19.0,315,33.5,0.0,0.82,11.8,219,0.92,0.32,0.3,135,0.21,14.6,,unavailable (no satellite pass / dataset error),
73.7,Good,Doable,2026-10-08T12:41:38Z,27,Torquay,2026-10-09T16:00:00Z,2026-10-10T03:00,18.6,298,33.1,0.0,0.82,11.7,219,0.9,0.32,0.3,135,-0.08,14.5,,unavailable (no satellite pass / dataset error),
73.2,Good,Great,2026-10-08T12:41:38Z,28,Torquay,2026-10-09T17:00:00Z,2026-10-10T04:00,18.9,289,34.2,0.0,0.8,11.6,219,0.9,0.3,0.4,90,-0.26,14.5,,unavailable (no satellite pass / dataset error),
74.2,Good,Great,2026-10-08T12:41:38Z,29,Torquay,2026-10-09T18:00:00Z,2026-10-10T05:00,17.5,279,32.4,0.0,0.8,11.5,219,0.88,0.3,0.6,72,-0.27,14.5,,unavailable (no satellite pass / dataset error),
71.6,Good,Great,2026-10-08T12:41:38Z,30,Torquay,2026-10-09T19:00:00Z,2026-10-10T06:00,19.9,283,35.3,0.0,0.8,11.35,219,0.88,0.28,0.8,63,-0.19,14.5,,unavailable (no satellite pass / dataset error),
74.0,Good,Great,2026-10-08T12:41:38Z,31,Torquay,2026-10-09T20:00:00Z,2026-10-10T07:00,17.1,294,34.9,0.0,0.8,11.2,220,0.86,0.24,0.9,53,-0.08,14.5,,unavailable (no satellite pass / dataset error),
76.6,Good,Great,2026-10-08T12:41:38Z,32,Torquay,2026-10-09T21:00:00Z,2026-10-10T08:00,14.2,306,29.2,0.0,0.8,11.0,220,0.86,0.22,0.9,53,0.11,14.5,,unavailable (no satellite pass / dataset error),
68.5,Good,Great,2026-10-08T12:41:38Z,33,Torquay,2026-10-09T22:00:00Z,2026-10-10T09:00,23.1,296,41.8,0.0,0.8,10.7,220,0.88,0.28,0.9,53,0.38,14.5,,unavailable (no satellite pass / dataset error),
66.4,Good,Doable,2026-10-08T12:41:38Z,34,Torquay,2026-10-09T23:00:00Z,2026-10-10T10:00,25.5,290,47.5,0.0,0.82,10.4,221,0.9,0.32,0.8,63,0.64,14.5,,unavailable (no satellite pass / dataset error),
67.0,Good,Doable,2026-10-08T12:41:38Z,35,Torquay,2026-10-10T00:00:00Z,2026-10-10T11:00,24.6,295,48.6,0.0,0.82,10.1,221,0.92,0.38,0.8,63,0.78,14.5,,unavailable (no satellite pass / dataset error),
66.7,Good,Doable,2026-10-08T12:41:38Z,36,Torquay,2026-10-10T01:00:00Z,2026-10-10T12:00,25.4,292,49.0,0.0,0.82,9.9,221,0.92,0.4,0.6,72,0.74,14.5,,unavailable (no satellite pass / dataset error),
67.3,Good,Great,2026-10-08T12:41:38Z,37,Torquay,2026-10-10T02:00:00Z,2026-10-10T13:00,25.1,300,48.2,0.0,0.8,9.7,222,0.94,0.44,0.4,63,0.57,14.6,,unavailable (no satellite pass / dataset error),
66.5,Good,Great,2026-10-08T12:41:38Z,38,Torquay,2026-10-10T03:00:00Z,2026-10-10T14:00,26.5,293,50.8,0.0,0.8,9.6,222,0.94,0.46,0.2,90,0.29,14.6,,unavailable (no satellite pass / dataset error),
67.7,Good,Great,2026-10-08T12:41:38Z,39,Torquay,2026-10-10T04:00:00Z,2026-10-10T15:00,25.4,297,50.0,0.0,0.78,9.65,222,0.92,0.44,0.2,90,-0.06,14.7,,unavailable (no satellite pass / dataset error),
67.6,Good,Great,2026-10-08T12:41:38Z,40,Torquay,2026-10-10T05:00:00Z,2026-10-10T16:00,25.2,295,48.2,0.0,0.78,9.75,221,0.92,0.44,0.3,45,-0.34,14.7,,unavailable (no satellite pass / dataset error),
69.7,Good,Great,2026-10-08T12:41:38Z,41,Torquay,2026-10-10T06:00:00Z,2026-10-10T17:00,22.8,299,47.2,0.0,0.76,9.75,221,0.9,0.42,0.4,63,-0.45,14.7,,unavailable (no satellite pass / dataset error),
73.8,Good,Great,2026-10-08T12:41:38Z,42,Torquay,2026-10-10T07:00:00Z,2026-10-10T18:00,17.9,300,41.4,0.0,0.78,9.6,222,0.88,0.32,0.6,56,-0.41,14.7,,unavailable (no satellite pass / dataset error),
76.3,Good,Great,2026-10-08T12:41:38Z,43,Torquay,2026-10-10T08:00:00Z,2026-10-10T19:00,14.6,299,31.7,0.0,0.78,9.35,222,0.88,0.24,0.8,45,-0.3,14.7,,unavailable (no satellite pass / dataset error),
78.1,Good,Great,2026-10-08T12:41:38Z,44,Torquay,2026-10-10T09:00:00Z,2026-10-10T20:00,12.8,289,25.6,0.0,0.8,9.15,223,0.86,0.14,0.8,45,-0.12,14.7,,unavailable (no satellite pass / dataset error),
81.7,Excellent,Doable,2026-10-08T12:41:38Z,45,Torquay,2026-10-10T10:00:00Z,2026-10-10T21:00,8.8,275,21.6,0.0,0.82,9.05,223,0.86,0.1,0.8,45,0.16,14.7,,unavailable (no satellite pass / dataset error),
84.5,Excellent,Doable,2026-10-08T12:41:38Z,46,Torquay,2026-10-10T11:00:00Z,2026-10-10T22:00,6.1,247,15.1,0.0,0.82,9.0,224,0.86,0.06,0.6,34,0.5,14.7,,unavailable (no satellite pass / dataset error),
85.7,Excellent,Doable,2026-10-08T12:41:38Z,47,Torquay,2026-10-10T12:00:00Z,2026-10-10T23:00,5.3,242,10.4,0.0,0.84,9.05,224,0.86,0.02,0.4,27,0.77,14.7,,unavailable (no satellite pass / dataset error),
88.0,Excellent,Doable,2026-10-08T12:41:38Z,48,Torquay,2026-10-10T13:00:00Z,2026-10-11T00:00,3.1,294,7.9,0.0,0.86,9.15,224,0.88,0.02,0.2,0,0.86,14.7,,unavailable (no satellite pass / dataset error),
87.2,Excellent,Doable,2026-10-08T12:41:38Z,49,Torquay,2026-10-10T14:00:00Z,2026-10-11T01:00,3.7,337,4.7,0.0,0.88,9.35,224,0.9,0.0,0.2,270,0.77,14.6,,unavailable (no satellite pass / dataset error),
85.3,Excellent,Doable,2026-10-08T12:41:38Z,50,Torquay,2026-10-10T15:00:00Z,2026-10-11T02:00,5.4,346,8.6,0.0,0.9,9.55,224,0.92,0.0,0.3,225,0.53,14.6,,unavailable (no satellite pass / dataset error),
83.1,Excellent,Doable,2026-10-08T12:41:38Z,51,Torquay,2026-10-10T16:00:00Z,2026-10-11T03:00,7.1,336,11.5,0.0,0.94,9.75,224,0.96,0.0,0.4,243,0.19,14.6,,unavailable (no satellite pass / dataset error),
81.1,Excellent,Doable,2026-10-08T12:41:38Z,52,Torquay,2026-10-10T17:00:00Z,2026-10-11T04:00,9.2,321,15.5,0.0,1.0,9.9,224,1.0,0.02,0.3,225,-0.16,14.6,,unavailable (no satellite pass / dataset error),
80.7,Excellent,Doable,2026-10-08T12:41:38Z,53,Torquay,2026-10-10T18:00:00Z,2026-10-11T05:00,9.4,315,16.2,0.0,1.04,10.1,224,1.04,0.02,0.2,180,-0.38,14.6,,unavailable (no satellite pass / dataset error),
81.2,Excellent,Doable,2026-10-08T12:41:38Z,54,Torquay,2026-10-10T19:00:00Z,2026-10-11T06:00,8.7,318,16.2,0.0,1.08,10.3,224,1.1,0.02,0.0,90,-0.43,14.6,,unavailable (no satellite pass / dataset error),
79.8,Good,Doable,2026-10-08T12:41:38Z,55,Torquay,2026-10-10T20:00:00Z,2026-10-11T07:00,9.1,321,14.8,0.0,1.14,10.5,225,1.14,0.04,0.3,45,-0.37,14.6,,unavailable (no satellite pass / dataset error),
77.9,Good,Doable,2026-10-08T12:41:38Z,56,Torquay,2026-10-10T21:00:00Z,2026-10-11T08:00,10.3,335,17.6,0.0,1.18,10.7,225,1.2,0.04,0.4,63,-0.25,14.6,,unavailable (no satellite pass / dataset error),
78.4,Good,Bit dodgy,2026-10-08T12:41:38Z,57,Torquay,2026-10-10T22:00:00Z,2026-10-11T09:00,9.3,347,19.1,0.0,1.22,10.85,224,1.24,0.04,0.4,63,-0.03,14.7,,unavailable (no satellite pass / dataset error),
78.0,Good,Bit dodgy,2026-10-08T12:41:38Z,58,Torquay,2026-10-10T23:00:00Z,2026-10-11T10:00,9.3,347,20.5,0.0,1.28,11.0,224,1.28,0.04,0.4,63,0.28,14.7,,unavailable (no satellite pass / dataset error),
74.0,Good,Bit dodgy,2026-10-08T12:41:38Z,59,Torquay,2026-10-11T00:00:00Z,2026-10-11T11:00,13.2,349,26.6,0.1,1.32,11.1,223,1.32,0.04,0.4,63,0.58,14.8,,unavailable (no satellite pass / dataset error),
66.7,Good,Bit dodgy,2026-10-08T12:41:38Z,60,Torquay,2026-10-11T01:00:00Z,2026-10-11T12:00,21.5,336,40.7,0.1,1.34,11.25,223,1.34,0.08,0.2,90,0.71,14.9,,unavailable (no satellite pass / dataset error),
62.5,Good,Bit dodgy,2026-10-08T12:41:38Z,61,Torquay,2026-10-11T02:00:00Z,2026-10-11T13:00,25.7,326,48.6,0.0,1.36,11.4,223,1.38,0.1,0.2,180,0.64,15.0,,unavailable (no satellite pass / dataset error),
62.8,Good,Bit dodgy,2026-10-08T12:41:38Z,62,Torquay,2026-10-11T03:00:00Z,2026-10-11T14:00,24.6,328,49.3,0.0,1.38,11.45,223,1.4,0.14,0.4,207,0.42,15.1,,unavailable (no satellite pass / dataset error),
63.6,Good,Bit dodgy,2026-10-08T12:41:38Z,63,Torquay,2026-10-11T04:00:00Z,2026-10-11T15:00,23.8,332,46.1,0.0,1.38,11.4,222,1.4,0.18,0.4,207,0.07,15.2,,unavailable (no satellite pass / dataset error),
65.5,Good,Bit dodgy,2026-10-08T12:41:38Z,64,Torquay,2026-10-11T05:00:00Z,2026-10-11T16:00,20.9,331,47.2,0.0,1.36,11.3,222,1.42,0.22,0.6,198,-0.32,15.2,,unavailable (no satellite pass / dataset error),
67.1,Good,Bit dodgy,2026-10-08T12:41:38Z,65,Torquay,2026-10-11T06:00:00Z,2026-10-11T17:00,19.4,339,40.3,0.0,1.36,11.25,221,1.42,0.26,0.5,180,-0.63,15.3,,unavailable (no satellite pass / dataset error),
67.6,Good,Bit dodgy,2026-10-08T12:41:38Z,66,Torquay,2026-10-11T07:00:00Z,2026-10-11T18:00,19.3,345,41.4,0.0,1.36,11.25,221,1.4,0.26,0.4,180,-0.73,15.3,,unavailable (no satellite pass / dataset error),
72.2,Good,Bit dodgy,2026-10-08T12:41:38Z,67,Torquay,2026-10-11T08:00:00Z,2026-10-11T19:00,14.4,356,33.1,0.0,1.34,11.25,222,1.4,0.26,0.3,135,-0.66,15.2,,unavailable (no satellite pass / dataset error),
73.3,Good,Bit dodgy,2026-10-08T12:41:38Z,68,Torquay,2026-10-11T09:00:00Z,2026-10-11T20:00,13.1,1,24.8,0.0,1.34,11.25,222,1.38,0.26,0.4,117,-0.5,15.1,,unavailable (no satellite pass / dataset error),
73.9,Good,Bit dodgy,2026-10-08T12:41:38Z,69,Torquay,2026-10-11T10:00:00Z,2026-10-11T21:00,12.4,359,22.0,0.0,1.32,11.2,222,1.36,0.28,0.5,90,-0.23,15.0,,unavailable (no satellite pass / dataset error),
73.7,Good,Bit dodgy,2026-10-08T12:41:38Z,70,Torquay,2026-10-11T11:00:00Z,2026-10-11T22:00,12.9,354,20.9,0.0,1.28,11.15,222,1.34,0.3,0.5,90,0.17,14.9,,unavailable (no satellite pass / dataset error),
66.2,Good,Bit dodgy,2026-10-08T12:41:38Z,71,Torquay,2026-10-11T12:00:00Z,2026-10-11T23:00,21.5,351,36.4,0.0,1.26,11.1,222,1.32,0.32,0.5,90,0.59,14.9,,unavailable (no satellite pass / dataset error),
67.8,Good,Bit dodgy,2026-10-08T12:41:38Z,72,Torquay,2026-10-11T13:00:00Z,2026-10-12T00:00,19.4,352,37.1,0.0,1.22,11.1,222,1.32,0.38,0.6,108,0.9,14.8,,unavailable (no satellite pass / dataset error),
70.4,Good,Doable,2026-10-08T12:41:38Z,73,Torquay,2026-10-11T14:00:00Z,2026-10-12T01:00,17.3,351,33.1,0.0,1.2,11.05,221,1.3,0.46,0.4,117,1.0,14.8,,unavailable (no satellite pass / dataset error),
73.1,Good,Doable,2026-10-08T12:41:38Z,74,Torquay,2026-10-11T15:00:00Z,2026-10-12T02:00,14.2,327,29.2,0.0,1.16,11.05,221,1.3,0.52,0.4,153,0.9,14.8,,unavailable (no satellite pass / dataset error),
68.2,Good,Doable,2026-10-08T12:41:38Z,75,Torquay,2026-10-11T16:00:00Z,2026-10-12T03:00,19.7,310,32.0,0.2,1.14,11.05,221,1.28,0.5,0.4,153,0.64,14.8,,unavailable (no satellite pass / dataset error),
68.0,Good,Doable,2026-10-08T12:41:38Z,76,Torquay,2026-10-11T17:00:00Z,2026-10-12T04:00,19.4,312,47.5,0.7,1.12,11.0,221,1.24,0.5,0.4,153,0.27,14.8,,unavailable (no satellite pass / dataset error),
70.2,Good,Doable,2026-10-08T12:41:38Z,77,Torquay,2026-10-11T18:00:00Z,2026-10-12T05:00,16.8,307,31.7,0.2,1.1,11.0,221,1.22,0.48,0.4,153,-0.1,14.8,,unavailable (no satellite pass / dataset error),
71.3,Good,Doable,2026-10-08T12:41:38Z,78,Torquay,2026-10-11T19:00:00Z,2026-10-12T06:00,15.5,334,27.7,0.4,1.08,11.0,221,1.18,0.38,0.4,117,-0.31,14.8,,unavailable (no satellite pass / dataset error),
71.6,Good,Doable,2026-10-08T12:41:38Z,79,Torquay,2026-10-11T20:00:00Z,2026-10-12T07:00,15.0,339,26.3,0.4,1.08,11.0,222,1.14,0.28,0.4,90,-0.33,14.8,,unavailable (no satellite pass / dataset error),
73.0,Good,Doable,2026-10-08T12:41:38Z,80,Torquay,2026-10-11T21:00:00Z,2026-10-12T08:00,13.3,303,24.5,0.1,1.06,11.0,222,1.1,0.18,0.6,72,-0.24,14.7,,unavailable (no satellite pass / dataset error),
73.3,Good,Doable,2026-10-08T12:41:38Z,81,Torquay,2026-10-11T22:00:00Z,2026-10-12T09:00,12.4,280,25.9,0.0,1.06,10.95,221,1.08,0.14,0.9,53,-0.07,14.7,,unavailable (no satellite pass / dataset error),
69.9,Good,Doable,2026-10-08T12:41:38Z,82,Torquay,2026-10-11T23:00:00Z,2026-10-12T10:00,15.8,271,31.7,0.1,1.04,10.9,220,1.08,0.1,1.0,45,0.2,14.7,,unavailable (no satellite pass / dataset error),
69.7,Good,Doable,2026-10-08T12:41:38Z,83,Torquay,2026-10-12T00:00:00Z,2026-10-12T11:00,15.7,264,31.7,0.1,1.04,10.9,219,1.06,0.06,1.2,39,0.54,14.7,,unavailable (no satellite pass / dataset error),
68.2,Good,Doable,2026-10-08T12:41:38Z,84,Torquay,2026-10-12T01:00:00Z,2026-10-12T12:00,16.8,239,36.7,0.6,1.04,10.95,220,1.1,0.22,1.0,31,0.8,14.7,,unavailable (no satellite pass / dataset error),
63.9,Good,Doable,2026-10-08T12:41:38Z,85,Torquay,2026-10-12T02:00:00Z,2026-10-12T13:00,20.8,215,42.5,0.6,1.04,11.0,220,1.14,0.4,0.8,27,0.87,14.7,,unavailable (no satellite pass / dataset error),
60.4,Good,Doable,2026-10-08T12:41:38Z,86,Torquay,2026-10-12T03:00:00Z,2026-10-12T14:00,24.2,206,46.8,0.6,1.04,11.0,221,1.18,0.56,0.5,0,0.7,14.8,,unavailable (no satellite pass / dataset error),
60.6,Good,Doable,2026-10-08T12:41:38Z,87,Torquay,2026-10-12T04:00:00Z,2026-10-12T15:00,22.6,209,48.6,0.0,1.04,11.0,221,1.28,0.58,0.6,342,0.38,14.8,,unavailable (no satellite pass / dataset error),
63.6,Good,Doable,2026-10-08T12:41:38Z,88,Torquay,2026-10-12T05:00:00Z,2026-10-12T16:00,18.6,220,49.0,0.0,1.06,11.0,222,1.36,0.58,0.5,315,-0.04,14.8,,unavailable (no satellite pass / dataset error),
65.0,Good,Doable,2026-10-08T12:41:38Z,89,Torquay,2026-10-12T06:00:00Z,2026-10-12T17:00,15.9,235,47.5,0.0,1.06,10.8,222,1.46,0.6,0.5,315,-0.49,14.8,,unavailable (no satellite pass / dataset error),
67.0,Good,Doable,2026-10-08T12:41:38Z,90,Torquay,2026-10-12T07:00:00Z,2026-10-12T18:00,14.2,244,43.2,0.0,1.14,10.3,221,1.44,0.48,0.4,333,-0.81,14.8,,unavailable (no satellite pass / dataset error),
68.5,Good,Doable,2026-10-08T12:41:38Z,91,Torquay,2026-10-12T08:00:00Z,2026-10-12T19:00,12.8,253,37.1,0.0,1.2,9.65,221,1.44,0.38,0.3,315,-0.88,14.7,,unavailable (no satellite pass / dataset error),
69.1,Good,Bit dodgy,2026-10-08T12:41:38Z,92,Torquay,2026-10-12T09:00:00Z,2026-10-12T20:00,12.1,260,31.3,0.0,1.28,8.85,220,1.42,0.26,0.4,27,-0.76,14.7,,unavailable (no satellite pass / dataset error),
69.1,Good,Doable,2026-10-08T12:41:38Z,93,Torquay,2026-10-12T10:00:00Z,2026-10-12T21:00,12.2,262,27.0,0.0,1.18,7.7,218,1.38,0.24,0.5,45,-0.52,14.7,,unavailable (no satellite pass / dataset error),
69.2,Good,Doable,2026-10-08T12:41:38Z,94,Torquay,2026-10-12T11:00:00Z,2026-10-12T22:00,12.5,262,23.4,0.0,1.08,6.5,216,1.32,0.24,0.6,56,-0.15,14.6,,unavailable (no satellite pass / dataset error),
69.6,Good,Doable,2026-10-08T12:41:38Z,95,Torquay,2026-10-12T12:00:00Z,2026-10-12T23:00,12.5,265,20.9,0.0,0.98,6.0,214,1.28,0.22,0.6,56,0.34,14.6,,unavailable (no satellite pass / dataset error),
70.7,Good,Doable,2026-10-08T12:41:38Z,96,Torquay,2026-10-12T13:00:00Z,2026-10-13T00:00,11.8,277,20.5,0.0,1.0,7.0,216,1.24,0.2,0.6,72,0.82,14.6,,unavailable (no satellite pass / dataset error),
71.5,Good,Doable,2026-10-08T12:41:38Z,97,Torquay,2026-10-12T14:00:00Z,2026-10-13T01:00,11.6,294,21.2,0.0,1.0,8.75,218,1.22,0.2,0.4,90,1.13,14.6,,unavailable (no satellite pass / dataset error),
71.0,Good,Doable,2026-10-08T12:41:38Z,98,Torquay,2026-10-12T15:00:00Z,2026-10-13T02:00,12.6,306,22.7,0.0,1.02,9.9,220,1.18,0.18,0.4,117,1.18,14.6,,unavailable (no satellite pass / dataset error),
69.7,Good,Doable,2026-10-08T12:41:38Z,99,Torquay,2026-10-12T16:00:00Z,2026-10-13T03:00,14.3,310,24.8,0.0,1.06,9.75,220,1.18,0.2,0.4,153,1.01,14.5,,unavailable (no satellite pass / dataset error),
68.9,Good,Doable,2026-10-08T12:41:38Z,100,Torquay,2026-10-12T17:00:00Z,2026-10-13T04:00,16.0,310,27.7,0.0,1.08,9.05,219,1.18,0.24,0.5,180,0.67,14.5,,unavailable (no satellite pass / dataset error),
68.0,Good,Doable,2026-10-08T12:41:38Z,101,Torquay,2026-10-12T18:00:00Z,2026-10-13T05:00,17.2,307,30.2,0.0,1.12,8.55,219,1.18,0.26,0.5,180,0.23,14.5,,unavailable (no satellite pass / dataset error),
67.9,Good,Doable,2026-10-08T12:41:38Z,102,Torquay,2026-10-12T19:00:00Z,2026-10-13T06:00,18.0,301,31.0,0.0,1.14,8.55,219,1.2,0.28,0.4,180,-0.17,14.5,,unavailable (no satellite pass / dataset error),
67.6,Good,Doable,2026-10-08T12:41:38Z,103,Torquay,2026-10-12T20:00:00Z,2026-10-13T07:00,18.7,292,31.3,0.0,1.18,8.8,220,1.24,0.32,0.3,135,-0.38,14.5,,unavailable (no satellite pass / dataset error),
67.4,Good,Doable,2026-10-08T12:41:38Z,104,Torquay,2026-10-12T21:00:00Z,2026-10-13T08:00,18.6,282,32.8,0.0,1.2,8.95,220,1.26,0.34,0.4,63,-0.38,14.5,,unavailable (no satellite pass / dataset error),
67.3,Good,Bit dodgy,2026-10-08T12:41:38Z,105,Torquay,2026-10-12T22:00:00Z,2026-10-13T09:00,17.6,270,36.0,0.1,1.22,9.0,220,1.3,0.38,0.6,56,-0.26,14.5,,unavailable (no satellite pass / dataset error),
67.0,Good,Bit dodgy,2026-10-08T12:41:38Z,106,Torquay,2026-10-12T23:00:00Z,2026-10-13T10:00,16.7,253,40.3,0.1,1.26,9.0,221,1.34,0.4,0.9,53,-0.04,14.5,,unavailable (no satellite pass / dataset error),
65.8,Good,Bit dodgy,2026-10-08T12:41:38Z,107,Torquay,2026-10-13T00:00:00Z,2026-10-13T11:00,17.3,236,43.9,0.1,1.28,8.95,221,1.38,0.44,1.0,45,0.28,14.5,,unavailable (no satellite pass / dataset error),
63.8,Good,Bit dodgy,2026-10-08T12:41:38Z,108,Torquay,2026-10-13T01:00:00Z,2026-10-13T12:00,19.1,222,45.4,0.3,1.3,8.9,221,1.46,0.54,1.0,45,0.64,14.5,,unavailable (no satellite pass / dataset error),
61.1,Good,Bit dodgy,2026-10-08T12:41:38Z,109,Torquay,2026-10-13T02:00:00Z,2026-10-13T13:00,21.9,210,46.1,0.3,1.3,8.85,220,1.54,0.66,0.9,53,0.89,14.5,,unavailable (no satellite pass / dataset error),
58.9,Fair,Bit dodgy,2026-10-08T12:41:38Z,110,Torquay,2026-10-13T03:00:00Z,2026-10-13T14:00,24.6,204,47.5,0.3,1.32,8.8,220,1.62,0.76,0.6,34,0.91,14.6,,unavailable (no satellite pass / dataset error),
56.7,Fair,Bit dodgy,2026-10-08T12:41:38Z,111,Torquay,2026-10-13T04:00:00Z,2026-10-13T15:00,26.6,202,50.8,0.1,1.26,8.9,217,1.7,0.96,0.4,27,0.69,14.6,,unavailable (no satellite pass / dataset error),
55.0,Fair,Doable,2026-10-08T12:41:38Z,112,Torquay,2026-10-13T05:00:00Z,2026-10-13T16:00,27.8,203,54.4,0.1,1.18,9.0,215,1.8,1.18,0.2,0,0.33,14.6,,unavailable (no satellite pass / dataset error),
53.6,Fair,Doable,2026-10-08T12:41:38Z,113,Torquay,2026-10-13T06:00:00Z,2026-10-13T17:00,28.3,204,56.9,0.1,1.12,8.85,212,1.88,1.38,0.2,0,-0.13,14.6,,unavailable (no satellite pass / dataset error),
54.3,Fair,Doable,2026-10-08T12:41:38Z,114,Torquay,2026-10-13T07:00:00Z,2026-10-13T18:00,27.2,206,56.9,0.0,1.12,8.25,210,1.88,1.3,0.3,315,-0.58,14.6,,unavailable (no satellite pass / dataset error),
56.0,Fair,Doable,2026-10-08T12:41:38Z,115,Torquay,2026-10-13T08:00:00Z,2026-10-13T19:00,25.4,208,55.1,0.0,1.12,7.4,207,1.9,1.24,0.2,0,-0.87,14.5,,unavailable (no satellite pass / dataset error),
56.9,Fair,Doable,2026-10-08T12:41:38Z,116,Torquay,2026-10-13T09:00:00Z,2026-10-13T20:00,23.8,209,52.9,0.0,1.12,6.8,205,1.9,1.16,0.4,27,-0.92,14.5,,unavailable (no satellite pass / dataset error),
56.8,Fair,Doable,2026-10-08T12:41:38Z,117,Torquay,2026-10-13T10:00:00Z,2026-10-13T21:00,23.2,208,49.3,0.0,1.14,6.6,205,1.92,1.16,0.6,34,-0.77,14.5,,unavailable (no satellite pass / dataset error),
56.2,Fair,Doable,2026-10-08T12:41:38Z,118,Torquay,2026-10-13T11:00:00Z,2026-10-13T22:00,22.9,205,45.4,0.0,1.14,6.7,206,1.94,1.16,0.9,37,-0.49,14.4,,unavailable (no satellite pass / dataset error),
55.9,Fair,Doable,2026-10-08T12:41:38Z,119,Torquay,2026-10-13T12:00:00Z,2026-10-13T23:00,22.7,203,42.1,0.0,1.16,7.1,206,1.96,1.16,1.0,45,-0.07,14.4,,unavailable (no satellite pass / dataset error),
71.6,Good,Doable,2026-10-08T12:41:38Z,0,Port Phillip Heads (J5 Submarine),2026-10-08T13:00:00Z,2026-10-09T00:00,18.4,26,31.7,0.0,0.94,11.35,218,1.1,0.34,0.4,207,0.07,14.4,,unavailable (no satellite pass / dataset error),
71.0,Good,Doable,2026-10-08T12:41:38Z,1,Port Phillip Heads (J5 Submarine),2026-10-08T14:00:00Z,2026-10-09T01:00,19.1,29,32.8,0.0,0.92,11.85,219,1.1,0.34,0.4,207,-0.19,14.4,,unavailable (no satellite pass / dataset error),
69.6,Good,Doable,2026-10-08T12:41:38Z,2,Port Phillip Heads (J5 Submarine),2026-10-08T15:00:00Z,2026-10-09T02:00,20.7,30,35.6,0.0,0.88,12.15,219,1.1,0.34,0.4,207,-0.44,14.3,,unavailable (no satellite pass / dataset error),
69.1,Good,Doable,2026-10-08T12:41:38Z,3,Port Phillip Heads (J5 Submarine),2026-10-08T16:00:00Z,2026-10-09T03:00,21.2,25,36.7,0.0,0.9,12.1,219,1.1,0.36,0.4,180,-0.56,14.3,,unavailable (no satellite pass / dataset error),
69.3,Good,Doable,2026-10-08T12:41:38Z,4,Port Phillip Heads (J5 Submarine),2026-10-08T17:00:00Z,2026-10-09T04:00,21.0,21,36.4,0.0,0.94,11.9,220,1.12,0.4,0.3,135,-0.51,14.3,,unavailable (no satellite pass / dataset error),
68.4,Good,Doable,2026-10-08T12:41:38Z,5,Port Phillip Heads (J5 Submarine),2026-10-08T18:00:00Z,2026-10-09T05:00,21.8,22,37.4,0.0,0.96,11.8,220,1.12,0.42,0.4,153,-0.38,14.3,,unavailable (no satellite pass / dataset error),
66.3,Good,Doable,2026-10-08T12:41:38Z,6,Port Phillip Heads (J5 Submarine),2026-10-08T19:00:00Z,2026-10-09T06:00,23.9,22,41.0,0.0,0.96,11.85,220,1.14,0.46,0.4,153,-0.23,14.3,,unavailable (no satellite pass / dataset error),
65.3,Good,Doable,2026-10-08T12:41:38Z,7,Port Phillip Heads (J5 Submarine),2026-10-08T20:00:00Z,2026-10-09T07:00,25.1,21,43.6,0.0,0.98,12.0,220,1.14,0.52,0.4,153,-0.06,14.3,,unavailable (no satellite pass / dataset error),
63.9,Good,Doable,2026-10-08T12:41:38Z,8,Port Phillip Heads (J5 Submarine),2026-10-08T21:00:00Z,2026-10-09T08:00,26.1,22,46.1,0.0,0.98,12.1,220,1.16,0.56,0.5,180,0.19,14.3,,unavailable (no satellite pass / dataset error),
64.9,Good,Doable,2026-10-08T12:41:38Z,9,Port Phillip Heads (J5 Submarine),2026-10-08T22:00:00Z,2026-10-09T09:00,24.8,26,47.2,0.0,0.98,12.15,220,1.18,0.58,0.5,180,0.45,14.3,,unavailable (no satellite pass / dataset error),
63.3,Good,Doable,2026-10-08T12:41:38Z,10,Port Phillip Heads (J5 Submarine),2026-10-08T23:00:00Z,2026-10-09T10:00,26.0,22,50.0,0.0,1.0,12.2,220,1.18,0.62,0.7,180,0.6,14.3,,unavailable (no satellite pass / dataset error),
59.7,Fair,Doable,2026-10-08T12:41:38Z,11,Port Phillip Heads (J5 Submarine),2026-10-09T00:00:00Z,2026-10-09T11:00,29.9,21,57.2,0.0,1.0,12.2,220,1.2,0.64,0.7,194,0.59,14.3,,unavailable (no satellite pass / dataset error),
60.1,Good,Doable,2026-10-08T12:41:38Z,12,Port Phillip Heads (J5 Submarine),2026-10-09T01:00:00Z,2026-10-09T12:00,29.2,20,59.8,0.0,1.0,12.15,220,1.22,0.64,0.7,194,0.45,14.4,,unavailable (no satellite pass / dataset error),
61.8,Good,Doable,2026-10-08T12:41:38Z,13,Port Phillip Heads (J5 Submarine),2026-10-09T02:00:00Z,2026-10-09T13:00,27.3,22,57.2,0.0,0.98,12.1,220,1.22,0.66,0.7,194,0.21,14.4,,unavailable (no satellite pass / dataset error),
62.4,Good,Doable,2026-10-08T12:41:38Z,14,Port Phillip Heads (J5 Submarine),2026-10-09T03:00:00Z,2026-10-09T14:00,26.4,21,55.1,0.0,0.98,12.05,220,1.24,0.66,0.7,194,-0.07,14.4,,unavailable (no satellite pass / dataset error),
62.6,Good,Doable,2026-10-08T12:41:38Z,15,Port Phillip Heads (J5 Submarine),2026-10-09T04:00:00Z,2026-10-09T15:00,26.4,18,53.6,0.0,1.0,12.05,220,1.22,0.64,0.7,180,-0.3,14.5,,unavailable (no satellite pass / dataset error),
64.3,Good,Doable,2026-10-08T12:41:38Z,16,Port Phillip Heads (J5 Submarine),2026-10-09T05:00:00Z,2026-10-09T16:00,24.7,20,52.9,0.0,1.0,12.1,221,1.22,0.62,0.6,162,-0.38,14.5,,unavailable (no satellite pass / dataset error),
66.7,Good,Doable,2026-10-08T12:41:38Z,17,Port Phillip Heads (J5 Submarine),2026-10-09T06:00:00Z,2026-10-09T17:00,22.3,23,49.3,0.0,1.02,12.1,221,1.2,0.6,0.6,146,-0.32,14.5,,unavailable (no satellite pass / dataset error),
66.2,Good,Doable,2026-10-08T12:41:38Z,18,Port Phillip Heads (J5 Submarine),2026-10-09T07:00:00Z,2026-10-09T18:00,23.1,26,42.8,0.0,1.0,12.1,221,1.18,0.6,0.6,146,-0.2,14.5,,unavailable (no satellite pass / dataset error),
65.8,Good,Doable,2026-10-08T12:41:38Z,19,Port Phillip Heads (J5 Submarine),2026-10-09T08:00:00Z,2026-10-09T19:00,23.8,31,43.2,0.0,1.0,12.15,221,1.18,0.58,0.5,135,-0.06,14.5,,unavailable (no satellite pass / dataset error),
64.3,Good,Doable,2026-10-08T12:41:38Z,20,Port Phillip Heads (J5 Submarine),2026-10-09T09:00:00Z,2026-10-09T20:00,25.7,29,45.0,0.0,0.98,12.15,221,1.16,0.58,0.5,135,0.17,14.5,,unavailable (no satellite pass / dataset error),
64.1,Good,Doable,2026-10-08T12:41:38Z,21,Port Phillip Heads (J5 Submarine),2026-10-09T10:00:00Z,2026-10-09T21:00,26.1,18,47.2,0.0,0.98,12.15,221,1.14,0.48,0.5,135,0.46,14.5,,unavailable (no satellite pass / dataset error),
63.7,Good,Doable,2026-10-08T12:41:38Z,22,Port Phillip Heads (J5 Submarine),2026-10-09T11:00:00Z,2026-10-09T22:00,27.1,9,48.2,0.0,0.98,12.1,222,1.12,0.4,0.4,153,0.69,14.5,,unavailable (no satellite pass / dataset error),
63.3,Good,Doable,2026-10-08T12:41:38Z,23,Port Phillip Heads (J5 Submarine),2026-10-09T12:00:00Z,2026-10-09T23:00,27.5,344,50.0,0.0,0.98,12.05,222,1.1,0.3,0.5,135,0.77,14.5,,unavailable (no satellite pass / dataset error),
72.9,Good,Doable,2026-10-08T12:41:38Z,24,Port Phillip Heads (J5 Submarine),2026-10-09T13:00:00Z,2026-10-10T00:00,16.9,315,49.0,0.0,0.98,12.0,222,1.08,0.3,0.5,135,0.69,14.5,,unavailable (no satellite pass / dataset error),
73.2,Good,Doable,2026-10-08T12:41:38Z,25,Port Phillip Heads (J5 Submarine),2026-10-09T14:00:00Z,2026-10-10T01:00,17.1,321,30.6,0.0,0.96,11.95,222,1.06,0.32,0.4,153,0.49,14.5,,unavailable (no satellite pass / dataset error),
70.4,Good,Doable,2026-10-08T12:41:38Z,26,Port Phillip Heads (J5 Submarine),2026-10-09T15:00:00Z,2026-10-10T02:00,20.4,319,37.4,0.0,0.96,11.9,222,1.04,0.32,0.4,117,0.2,14.4,,unavailable (no satellite pass / dataset error),
71.6,Good,Doable,2026-10-08T12:41:38Z,27,Port Phillip Heads (J5 Submarine),2026-10-09T16:00:00Z,2026-10-10T03:00,19.1,300,37.1,0.0,0.94,11.85,222,1.04,0.34,0.4,117,-0.1,14.4,,unavailable (no satellite pass / dataset error),
70.3,Good,Doable,2026-10-08T12:41:38Z,28,Port Phillip Heads (J5 Submarine),2026-10-09T17:00:00Z,2026-10-10T04:00,20.3,293,36.7,0.0,0.94,11.8,222,1.04,0.38,0.5,90,-0.28,14.4,,unavailable (no satellite pass / dataset error),
72.0,Good,Doable,2026-10-08T12:41:38Z,29,Port Phillip Heads (J5 Submarine),2026-10-09T18:00:00Z,2026-10-10T05:00,17.9,280,36.4,0.0,0.92,11.7,222,1.04,0.4,0.7,90,-0.29,14.4,,unavailable (no satellite pass / dataset error),
68.8,Good,Doable,2026-10-08T12:41:38Z,30,Port Phillip Heads (J5 Submarine),2026-10-09T19:00:00Z,2026-10-10T06:00,21.5,279,38.2,0.0,0.92,11.6,222,1.04,0.38,0.7,76,-0.21,14.4,,unavailable (no satellite pass / dataset error),
70.7,Good,Doable,2026-10-08T12:41:38Z,31,Port Phillip Heads (J5 Submarine),2026-10-09T20:00:00Z,2026-10-10T07:00,19.6,290,38.9,0.0,0.92,11.45,222,1.02,0.38,0.7,76,-0.09,14.4,,unavailable (no satellite pass / dataset error),
73.2,Good,Doable,2026-10-08T12:41:38Z,32,Port Phillip Heads (J5 Submarine),2026-10-09T21:00:00Z,2026-10-10T08:00,16.7,302,34.6,0.0,0.92,11.3,222,1.02,0.36,0.7,90,0.11,14.4,,unavailable (no satellite pass / dataset error),
67.1,Good,Doable,2026-10-08T12:41:38Z,33,Port Phillip Heads (J5 Submarine),2026-10-09T22:00:00Z,2026-10-10T09:00,23.4,299,44.6,0.0,0.92,11.05,222,1.04,0.4,0.7,90,0.38,14.4,,unavailable (no satellite pass / dataset error),
64.7,Good,Doable,2026-10-08T12:41:38Z,34,Port Phillip Heads (J5 Submarine),2026-10-09T23:00:00Z,2026-10-10T10:00,26.1,291,52.2,0.0,0.94,10.75,223,1.04,0.42,0.7,90,0.66,14.5,,unavailable (no satellite pass / dataset error),
64.0,Good,Doable,2026-10-08T12:41:38Z,35,Port Phillip Heads (J5 Submarine),2026-10-10T00:00:00Z,2026-10-10T11:00,26.6,294,54.4,0.0,0.94,10.5,223,1.06,0.46,0.7,90,0.8,14.5,,unavailable (no satellite pass / dataset error),
63.7,Good,Doable,2026-10-08T12:41:38Z,36,Port Phillip Heads (J5 Submarine),2026-10-10T01:00:00Z,2026-10-10T12:00,26.9,290,55.8,0.0,0.94,10.35,223,1.06,0.48,0.7,104,0.76,14.5,,unavailable (no satellite pass / dataset error),
64.5,Good,Doable,2026-10-08T12:41:38Z,37,Port Phillip Heads (J5 Submarine),2026-10-10T02:00:00Z,2026-10-10T13:00,26.1,297,55.4,0.0,0.92,10.2,224,1.08,0.5,0.6,108,0.59,14.5,,unavailable (no satellite pass / dataset error),
63.1,Good,Doable,2026-10-08T12:41:38Z,38,Port Phillip Heads (J5 Submarine),2026-10-10T03:00:00Z,2026-10-10T14:00,27.7,294,55.8,0.0,0.92,10.1,224,1.08,0.52,0.6,108,0.29,14.6,,unavailable (no satellite pass / dataset error),
64.7,Good,Doable,2026-10-08T12:41:38Z,39,Port Phillip Heads (J5 Submarine),2026-10-10T04:00:00Z,2026-10-10T15:00,26.3,295,56.2,0.0,0.9,10.0,224,1.06,0.5,0.5,90,-0.07,14.6,,unavailable (no satellite pass / dataset error),
65.1,Good,Doable,2026-10-08T12:41:38Z,40,Port Phillip Heads (J5 Submarine),2026-10-10T05:00:00Z,2026-10-10T16:00,25.6,294,53.3,0.0,0.9,9.9,224,1.04,0.48,0.7,90,-0.36,14.6,,unavailable (no satellite pass / dataset error),
66.3,Good,Doable,2026-10-08T12:41:38Z,41,Port Phillip Heads (J5 Submarine),2026-10-10T06:00:00Z,2026-10-10T17:00,24.5,296,51.8,0.0,0.88,9.8,224,1.02,0.46,0.7,76,-0.47,14.6,,unavailable (no satellite pass / dataset error),
70.5,Good,Doable,2026-10-08T12:41:38Z,42,Port Phillip Heads (J5 Submarine),2026-10-10T07:00:00Z,2026-10-10T18:00,20.0,300,48.2,0.0,0.9,9.65,225,1.0,0.36,0.7,76,-0.43,14.6,,unavailable (no satellite pass / dataset error),
74.2,Good,Doable,2026-10-08T12:41:38Z,43,Port Phillip Heads (J5 Submarine),2026-10-10T08:00:00Z,2026-10-10T19:00,16.1,298,39.2,0.0,0.9,9.45,225,0.98,0.28,0.7,76,-0.32,14.6,,unavailable (no satellite pass / dataset error),
76.0,Good,Doable,2026-10-08T12:41:38Z,44,Port Phillip Heads (J5 Submarine),2026-10-10T09:00:00Z,2026-10-10T20:00,14.5,293,28.8,0.0,0.92,9.25,226,0.96,0.18,0.6,72,-0.13,14.6,,unavailable (no satellite pass / dataset error),
78.5,Good,Doable,2026-10-08T12:41:38Z,45,Port Phillip Heads (J5 Submarine),2026-10-10T10:00:00Z,2026-10-10T21:00,11.7,281,25.6,0.0,0.94,9.1,226,0.96,0.12,0.6,72,0.17,14.6,,unavailable (no satellite pass / dataset error),
81.9,Excellent,Doable,2026-10-08T12:41:38Z,46,Port Phillip Heads (J5 Submarine),2026-10-10T11:00:00Z,2026-10-10T22:00,8.3,259,20.5,0.0,0.96,8.95,226,0.98,0.08,0.4,63,0.51,14.6,,unavailable (no satellite pass / dataset error),
82.9,Excellent,Doable,2026-10-08T12:41:38Z,47,Port Phillip Heads (J5 Submarine),2026-10-10T12:00:00Z,2026-10-10T23:00,7.1,249,14.0,0.0,0.98,8.9,226,0.98,0.02,0.4,90,0.79,14.6,,unavailable (no satellite pass / dataset error),
86.0,Excellent,Doable,2026-10-08T12:41:38Z,48,Port Phillip Heads (J5 Submarine),2026-10-10T13:00:00Z,2026-10-11T00:00,3.9,286,11.5,0.0,1.0,9.0,226,1.0,0.02,0.2,90,0.88,14.6,,unavailable (no satellite pass / dataset error),
85.1,Excellent,Doable,2026-10-08T12:41:38Z,49,Port Phillip Heads (J5 Submarine),2026-10-10T14:00:00Z,2026-10-11T01:00,4.5,326,7.2,0.0,1.02,9.15,225,1.02,0.0,0.3,135,0.79,14.5,,unavailable (no satellite pass / dataset error),
83.1,Excellent,Doable,2026-10-08T12:41:38Z,50,Port Phillip Heads (J5 Submarine),2026-10-10T15:00:00Z,2026-10-11T02:00,6.8,343,10.8,0.0,1.04,9.35,225,1.04,0.0,0.2,180,0.54,14.5,,unavailable (no satellite pass / dataset error),
80.5,Excellent,Doable,2026-10-08T12:41:38Z,51,Port Phillip Heads (J5 Submarine),2026-10-10T16:00:00Z,2026-10-11T03:00,9.0,338,14.8,0.0,1.1,9.55,225,1.1,0.0,0.2,180,0.19,14.5,,unavailable (no satellite pass / dataset error),
78.2,Good,Doable,2026-10-08T12:41:38Z,52,Port Phillip Heads (J5 Submarine),2026-10-10T17:00:00Z,2026-10-11T04:00,10.9,324,18.4,0.0,1.14,9.8,226,1.14,0.02,0.3,135,-0.17,14.5,,unavailable (no satellite pass / dataset error),
78.1,Good,Doable,2026-10-08T12:41:38Z,53,Port Phillip Heads (J5 Submarine),2026-10-10T18:00:00Z,2026-10-11T05:00,10.6,318,18.7,0.0,1.2,10.05,226,1.2,0.02,0.2,90,-0.4,14.5,,unavailable (no satellite pass / dataset error),
78.4,Good,Bit dodgy,2026-10-08T12:41:38Z,54,Port Phillip Heads (J5 Submarine),2026-10-10T19:00:00Z,2026-10-11T06:00,9.6,326,18.0,0.0,1.26,10.3,226,1.26,0.02,0.2,90,-0.45,14.5,,unavailable (no satellite pass / dataset error),
77.4,Good,Bit dodgy,2026-10-08T12:41:38Z,55,Port Phillip Heads (J5 Submarine),2026-10-10T20:00:00Z,2026-10-11T07:00,9.3,332,16.2,0.0,1.34,10.5,226,1.34,0.02,0.4,90,-0.39,14.5,,unavailable (no satellite pass / dataset error),
76.5,Good,Bit dodgy,2026-10-08T12:41:38Z,56,Port Phillip Heads (J5 Submarine),2026-10-10T21:00:00Z,2026-10-11T08:00,9.6,354,18.7,0.0,1.4,10.75,226,1.4,0.02,0.4,90,-0.26,14.6,,unavailable (no satellite pass / dataset error),
75.4,Good,Bit dodgy,2026-10-08T12:41:38Z,57,Port Phillip Heads (J5 Submarine),2026-10-10T22:00:00Z,2026-10-11T09:00,10.1,360,22.0,0.0,1.46,11.0,226,1.46,0.02,0.4,90,-0.03,14.6,,unavailable (no satellite pass / dataset error),
74.2,Good,Bit dodgy,2026-10-08T12:41:38Z,58,Port Phillip Heads (J5 Submarine),2026-10-10T23:00:00Z,2026-10-11T10:00,11.0,346,25.2,0.0,1.5,11.2,226,1.5,0.02,0.4,117,0.29,14.6,,unavailable (no satellite pass / dataset error),
74.1,Good,Getting rough,2026-10-08T12:41:38Z,59,Port Phillip Heads (J5 Submarine),2026-10-11T00:00:00Z,2026-10-11T11:00,10.8,4,26.3,0.0,1.56,11.4,226,1.56,0.02,0.3,135,0.59,14.7,,unavailable (no satellite pass / dataset error),
69.4,Good,Getting rough,2026-10-08T12:41:38Z,60,Port Phillip Heads (J5 Submarine),2026-10-11T01:00:00Z,2026-10-11T12:00,15.3,1,34.9,0.2,1.58,11.55,226,1.58,0.04,0.4,153,0.72,14.9,,unavailable (no satellite pass / dataset error),
64.5,Good,Getting rough,2026-10-08T12:41:38Z,61,Port Phillip Heads (J5 Submarine),2026-10-11T02:00:00Z,2026-10-11T13:00,20.3,336,43.9,0.0,1.62,11.65,226,1.62,0.08,0.4,180,0.66,15.0,,unavailable (no satellite pass / dataset error),
60.4,Good,Getting rough,2026-10-08T12:41:38Z,62,Port Phillip Heads (J5 Submarine),2026-10-11T03:00:00Z,2026-10-11T14:00,24.4,322,50.0,0.0,1.64,11.75,226,1.64,0.1,0.5,180,0.44,15.2,,unavailable (no satellite pass / dataset error),
60.1,Good,Getting rough,2026-10-08T12:41:38Z,63,Port Phillip Heads (J5 Submarine),2026-10-11T04:00:00Z,2026-10-11T15:00,24.5,322,50.0,0.0,1.64,11.8,226,1.66,0.16,0.5,180,0.08,15.4,,unavailable (no satellite pass / dataset error),
60.7,Good,Getting rough,2026-10-08T12:41:38Z,64,Port Phillip Heads (J5 Submarine),2026-10-11T05:00:00Z,2026-10-11T16:00,23.6,326,50.4,0.0,1.66,11.8,225,1.66,0.24,0.6,162,-0.33,15.6,,unavailable (no satellite pass / dataset error),
61.8,Good,Getting rough,2026-10-08T12:41:38Z,65,Port Phillip Heads (J5 Submarine),2026-10-11T06:00:00Z,2026-10-11T17:00,22.1,331,48.2,0.0,1.66,11.8,225,1.68,0.3,0.6,146,-0.65,15.6,,unavailable (no satellite pass / dataset error),
61.4,Good,Getting rough,2026-10-08T12:41:38Z,66,Port Phillip Heads (J5 Submarine),2026-10-11T07:00:00Z,2026-10-11T18:00,23.1,333,49.7,0.0,1.64,11.8,225,1.66,0.32,0.5,135,-0.76,15.6,,unavailable (no satellite pass / dataset error),
67.1,Good,Getting rough,2026-10-08T12:41:38Z,67,Port Phillip Heads (J5 Submarine),2026-10-11T08:00:00Z,2026-10-11T19:00,16.7,349,42.8,0.0,1.6,11.75,225,1.66,0.34,0.5,135,-0.69,15.5,,unavailable (no satellite pass / dataset error),
67.4,Good,Getting rough,2026-10-08T12:41:38Z,68,Port Phillip Heads (J5 Submarine),2026-10-11T09:00:00Z,2026-10-11T20:00,16.3,6,30.2,0.0,1.58,11.7,225,1.64,0.36,0.6,124,-0.53,15.3,,unavailable (no satellite pass / dataset error),
66.3,Good,Getting rough,2026-10-08T12:41:38Z,69,Port Phillip Heads (J5 Submarine),2026-10-11T10:00:00Z,2026-10-11T21:00,17.8,7,31.0,0.0,1.56,11.65,225,1.62,0.38,0.6,124,-0.25,15.2,,unavailable (no satellite pass / dataset error),
67.5,Good,Getting rough,2026-10-08T12:41:38Z,70,Port Phillip Heads (J5 Submarine),2026-10-11T11:00:00Z,2026-10-11T22:00,16.8,4,30.6,0.0,1.52,11.6,225,1.58,0.4,0.6,124,0.16,15.0,,unavailable (no satellite pass / dataset error),
62.4,Good,Bit dodgy,2026-10-08T12:41:38Z,71,Port Phillip Heads (J5 Submarine),2026-10-11T12:00:00Z,2026-10-11T23:00,22.8,354,39.6,0.0,1.5,11.55,225,1.56,0.42,0.6,124,0.59,14.9,,unavailable (no satellite pass / dataset error),
62.0,Good,Bit dodgy,2026-10-08T12:41:38Z,72,Port Phillip Heads (J5 Submarine),2026-10-11T13:00:00Z,2026-10-12T00:00,22.9,355,42.5,0.0,1.46,11.55,225,1.54,0.46,0.8,135,0.9,14.9,,unavailable (no satellite pass / dataset error),
63.3,Good,Bit dodgy,2026-10-08T12:41:38Z,73,Port Phillip Heads (J5 Submarine),2026-10-11T14:00:00Z,2026-10-12T01:00,21.7,356,40.3,0.0,1.42,11.5,225,1.52,0.5,0.8,135,1.01,14.8,,unavailable (no satellite pass / dataset error),
67.4,Good,Bit dodgy,2026-10-08T12:41:38Z,74,Port Phillip Heads (J5 Submarine),2026-10-11T15:00:00Z,2026-10-12T02:00,17.9,347,37.8,0.0,1.38,11.5,225,1.5,0.54,0.6,146,0.92,14.8,,unavailable (no satellite pass / dataset error),
68.3,Good,Bit dodgy,2026-10-08T12:41:38Z,75,Port Phillip Heads (J5 Submarine),2026-10-11T16:00:00Z,2026-10-12T03:00,15.1,321,31.3,1.6,1.36,11.5,225,1.46,0.5,0.6,146,0.65,14.7,,unavailable (no satellite pass / dataset error),
61.3,Good,Bit dodgy,2026-10-08T12:41:38Z,76,Port Phillip Heads (J5 Submarine),2026-10-11T17:00:00Z,2026-10-12T04:00,22.9,309,45.7,0.5,1.32,11.45,225,1.42,0.44,0.5,135,0.27,14.7,,unavailable (no satellite pass / dataset error),
66.5,Good,Bit dodgy,2026-10-08T12:41:38Z,77,Port Phillip Heads (J5 Submarine),2026-10-11T18:00:00Z,2026-10-12T05:00,16.9,309,37.8,0.3,1.3,11.45,225,1.38,0.4,0.6,108,-0.11,14.7,,unavailable (no satellite pass / dataset error),
67.4,Good,Bit dodgy,2026-10-08T12:41:38Z,78,Port Phillip Heads (J5 Submarine),2026-10-11T19:00:00Z,2026-10-12T06:00,16.3,343,28.1,0.2,1.28,11.45,225,1.34,0.32,0.5,90,-0.33,14.7,,unavailable (no satellite pass / dataset error),
68.4,Good,Bit dodgy,2026-10-08T12:41:38Z,79,Port Phillip Heads (J5 Submarine),2026-10-11T20:00:00Z,2026-10-12T07:00,15.1,343,27.7,0.2,1.28,11.4,225,1.32,0.22,0.5,90,-0.35,14.7,,unavailable (no satellite pass / dataset error),
70.3,Good,Bit dodgy,2026-10-08T12:41:38Z,80,Port Phillip Heads (J5 Submarine),2026-10-11T21:00:00Z,2026-10-12T08:00,13.0,319,25.2,0.1,1.26,11.4,225,1.28,0.14,0.6,72,-0.26,14.7,,unavailable (no satellite pass / dataset error),
73.3,Good,Bit dodgy,2026-10-08T12:41:38Z,81,Port Phillip Heads (J5 Submarine),2026-10-11T22:00:00Z,2026-10-12T09:00,9.7,299,22.3,0.0,1.26,11.35,225,1.28,0.12,0.6,56,-0.08,14.7,,unavailable (no satellite pass / dataset error),
69.6,Good,Bit dodgy,2026-10-08T12:41:38Z,82,Port Phillip Heads (J5 Submarine),2026-10-11T23:00:00Z,2026-10-12T10:00,13.7,275,29.9,0.2,1.24,11.3,224,1.26,0.12,0.6,56,0.21,14.7,,unavailable (no satellite pass / dataset error),
66.7,Good,Bit dodgy,2026-10-08T12:41:38Z,83,Port Phillip Heads (J5 Submarine),2026-10-12T00:00:00Z,2026-10-12T11:00,16.3,260,34.6,0.1,1.24,11.25,224,1.26,0.1,0.8,45,0.56,14.7,,unavailable (no satellite pass / dataset error),
63.5,Good,Bit dodgy,2026-10-08T12:41:38Z,84,Port Phillip Heads (J5 Submarine),2026-10-12T01:00:00Z,2026-10-12T12:00,19.9,233,43.6,0.3,1.24,11.25,224,1.3,0.26,0.6,34,0.83,14.7,,unavailable (no satellite pass / dataset error),
56.6,Fair,Bit dodgy,2026-10-08T12:41:38Z,85,Port Phillip Heads (J5 Submarine),2026-10-12T02:00:00Z,2026-10-12T13:00,26.9,212,55.1,0.3,1.24,11.3,224,1.32,0.4,0.6,34,0.9,14.7,,unavailable (no satellite pass / dataset error),
51.6,Fair,Bit dodgy,2026-10-08T12:41:38Z,86,Port Phillip Heads (J5 Submarine),2026-10-12T03:00:00Z,2026-10-12T14:00,31.7,204,63.0,0.3,1.24,11.3,224,1.36,0.56,0.6,18,0.75,14.7,,unavailable (no satellite pass / dataset error),
52.4,Fair,Bit dodgy,2026-10-08T12:41:38Z,87,Port Phillip Heads (J5 Submarine),2026-10-12T04:00:00Z,2026-10-12T15:00,29.8,203,65.9,0.1,1.24,11.35,224,1.48,0.68,0.4,0,0.42,14.7,,unavailable (no satellite pass / dataset error),
56.2,Fair,Bit dodgy,2026-10-08T12:41:38Z,88,Port Phillip Heads (J5 Submarine),2026-10-12T05:00:00Z,2026-10-12T16:00,23.8,206,65.5,0.1,1.26,11.35,225,1.58,0.78,0.6,342,-0.03,14.7,,unavailable (no satellite pass / dataset error),
59.9,Fair,Bit dodgy,2026-10-08T12:41:38Z,89,Port Phillip Heads (J5 Submarine),2026-10-12T06:00:00Z,2026-10-12T17:00,18.1,213,62.6,0.1,1.26,11.05,225,1.7,0.9,0.6,342,-0.49,14.7,,unavailable (no satellite pass / dataset error),
63.2,Good,Bit dodgy,2026-10-08T12:41:38Z,90,Port Phillip Heads (J5 Submarine),2026-10-12T07:00:00Z,2026-10-12T18:00,14.7,229,55.4,0.0,1.24,10.2,222,1.7,0.72,0.5,0,-0.83,14.7,,unavailable (no satellite pass / dataset error),
64.6,Good,Bit dodgy,2026-10-08T12:41:38Z,91,Port Phillip Heads (J5 Submarine),2026-10-12T08:00:00Z,2026-10-12T19:00,13.6,255,45.7,0.0,1.24,9.05,220,1.68,0.52,0.4,0,-0.91,14.6,,unavailable (no satellite pass / dataset error),
63.7,Good,Bit dodgy,2026-10-08T12:41:38Z,92,Port Phillip Heads (J5 Submarine),2026-10-12T09:00:00Z,2026-10-12T20:00,14.6,271,37.4,0.0,1.22,8.2,217,1.68,0.34,0.4,27,-0.8,14.6,,unavailable (no satellite pass / dataset error),
63.9,Good,Bit dodgy,2026-10-08T12:41:38Z,93,Port Phillip Heads (J5 Submarine),2026-10-12T10:00:00Z,2026-10-12T21:00,14.8,273,32.4,0.0,1.22,7.8,218,1.62,0.32,0.5,45,-0.55,14.6,,unavailable (no satellite pass / dataset error),
65.3,Good,Bit dodgy,2026-10-08T12:41:38Z,94,Port Phillip Heads (J5 Submarine),2026-10-12T11:00:00Z,2026-10-12T22:00,14.2,269,28.8,0.0,1.24,7.7,218,1.56,0.32,0.4,63,-0.17,14.6,,unavailable (no satellite pass / dataset error),
66.0,Good,Bit dodgy,2026-10-08T12:41:38Z,95,Port Phillip Heads (J5 Submarine),2026-10-12T12:00:00Z,2026-10-12T23:00,13.5,269,26.3,0.0,1.24,7.75,219,1.5,0.3,0.6,72,0.33,14.6,,unavailable (no satellite pass / dataset error),
67.7,Good,Bit dodgy,2026-10-08T12:41:38Z,96,Port Phillip Heads (J5 Submarine),2026-10-12T13:00:00Z,2026-10-13T00:00,12.3,282,24.5,0.0,1.28,8.0,220,1.46,0.26,0.5,90,0.83,14.6,,unavailable (no satellite pass / dataset error),
68.4,Good,Bit dodgy,2026-10-08T12:41:38Z,97,Port Phillip Heads (J5 Submarine),2026-10-12T14:00:00Z,2026-10-13T01:00,12.3,302,23.8,0.0,1.32,8.45,221,1.42,0.24,0.4,90,1.15,14.6,,unavailable (no satellite pass / dataset error),
67.6,Good,Bit dodgy,2026-10-08T12:41:38Z,98,Port Phillip Heads (J5 Submarine),2026-10-12T15:00:00Z,2026-10-13T02:00,13.6,314,24.1,0.0,1.36,8.8,222,1.38,0.2,0.4,117,1.21,14.5,,unavailable (no satellite pass / dataset error),
67.9,Good,Bit dodgy,2026-10-08T12:41:38Z,99,Port Phillip Heads (J5 Submarine),2026-10-12T16:00:00Z,2026-10-13T03:00,15.5,315,26.6,0.0,1.34,8.95,222,1.38,0.22,0.4,117,1.04,14.5,,unavailable (no satellite pass / dataset error),
67.0,Good,Bit dodgy,2026-10-08T12:41:38Z,100,Port Phillip Heads (J5 Submarine),2026-10-12T17:00:00Z,2026-10-13T04:00,17.5,310,30.6,0.0,1.34,9.0,222,1.36,0.26,0.4,153,0.69,14.5,,unavailable (no satellite pass / dataset error),
66.3,Good,Bit dodgy,2026-10-08T12:41:38Z,101,Port Phillip Heads (J5 Submarine),2026-10-12T18:00:00Z,2026-10-13T05:00,18.9,306,33.8,0.0,1.32,9.05,222,1.36,0.28,0.3,135,0.23,14.5,,unavailable (no satellite pass / dataset error),
65.7,Good,Bit dodgy,2026-10-08T12:41:38Z,102,Port Phillip Heads (J5 Submarine),2026-10-12T19:00:00Z,2026-10-13T06:00,19.6,302,35.6,0.0,1.34,9.1,222,1.38,0.3,0.3,135,-0.18,14.5,,unavailable (no satellite pass / dataset error),
65.5,Good,Bit dodgy,2026-10-08T12:41:38Z,103,Port Phillip Heads (J5 Submarine),2026-10-12T20:00:00Z,2026-10-13T07:00,19.7,298,37.1,0.0,1.36,9.2,223,1.4,0.34,0.4,90,-0.4,14.5,,unavailable (no satellite pass / dataset error),
65.8,Good,Bit dodgy,2026-10-08T12:41:38Z,104,Port Phillip Heads (J5 Submarine),2026-10-12T21:00:00Z,2026-10-13T08:00,18.7,290,38.9,0.0,1.38,9.2,223,1.42,0.36,0.6,72,-0.41,14.5,,unavailable (no satellite pass / dataset error),
66.5,Good,Bit dodgy,2026-10-08T12:41:38Z,105,Port Phillip Heads (J5 Submarine),2026-10-12T22:00:00Z,2026-10-13T09:00,16.8,274,41.8,0.1,1.42,9.15,223,1.46,0.4,0.8,63,-0.27,14.5,,unavailable (no satellite pass / dataset error),
66.5,Good,Bit dodgy,2026-10-08T12:41:38Z,106,Port Phillip Heads (J5 Submarine),2026-10-12T23:00:00Z,2026-10-13T10:00,16.0,251,45.4,0.1,1.44,9.05,223,1.52,0.44,0.9,53,-0.05,14.5,,unavailable (no satellite pass / dataset error),
64.4,Good,Bit dodgy,2026-10-08T12:41:38Z,107,Port Phillip Heads (J5 Submarine),2026-10-13T00:00:00Z,2026-10-13T11:00,17.9,232,49.0,0.1,1.48,8.95,223,1.56,0.48,0.9,53,0.29,14.5,,unavailable (no satellite pass / dataset error),
60.4,Good,Bit dodgy,2026-10-08T12:41:38Z,108,Port Phillip Heads (J5 Submarine),2026-10-13T01:00:00Z,2026-10-13T12:00,21.9,221,52.6,0.4,1.5,8.75,222,1.62,0.56,0.8,45,0.66,14.5,,unavailable (no satellite pass / dataset error),
55.5,Fair,Getting rough,2026-10-08T12:41:38Z,109,Port Phillip Heads (J5 Submarine),2026-10-13T02:00:00Z,2026-10-13T13:00,26.3,216,56.2,0.4,1.54,8.55,222,1.7,0.64,0.8,45,0.92,14.5,,unavailable (no satellite pass / dataset error),
52.4,Fair,Getting rough,2026-10-08T12:41:38Z,110,Port Phillip Heads (J5 Submarine),2026-10-13T03:00:00Z,2026-10-13T14:00,29.5,213,59.0,0.4,1.56,8.65,221,1.76,0.72,0.6,34,0.95,14.5,,unavailable (no satellite pass / dataset error),
50.4,Fair,Bit dodgy,2026-10-08T12:41:38Z,111,Port Phillip Heads (J5 Submarine),2026-10-13T04:00:00Z,2026-10-13T15:00,30.5,211,61.6,0.0,1.42,9.35,222,1.88,1.0,0.6,18,0.74,14.5,,unavailable (no satellite pass / dataset error),
49.4,Fair,Bit dodgy,2026-10-08T12:41:38Z,112,Port Phillip Heads (J5 Submarine),2026-10-13T05:00:00Z,2026-10-13T16:00,30.2,211,63.4,0.0,1.3,10.3,223,2.02,1.3,0.6,18,0.38,14.5,,unavailable (no satellite pass / dataset error),
49.2,Fair,Doable,2026-10-08T12:41:38Z,113,Port Phillip Heads (J5 Submarine),2026-10-13T06:00:00Z,2026-10-13T17:00,29.5,210,64.1,0.0,1.16,10.75,224,2.14,1.58,0.5,0,-0.1,14.5,,unavailable (no satellite pass / dataset error),
50.0,Fair,Bit dodgy,2026-10-08T12:41:38Z,114,Port Phillip Heads (J5 Submarine),2026-10-13T07:00:00Z,2026-10-13T18:00,28.6,211,63.4,0.0,1.22,10.25,221,2.14,1.54,0.5,0,-0.57,14.5,,unavailable (no satellite pass / dataset error),
51.0,Fair,Bit dodgy,2026-10-08T12:41:38Z,115,Port Phillip Heads (J5 Submarine),2026-10-13T08:00:00Z,2026-10-13T19:00,27.3,211,61.2,0.0,1.26,9.3,218,2.16,1.5,0.5,0,-0.87,14.5,,unavailable (no satellite pass / dataset error),
51.7,Fair,Bit dodgy,2026-10-08T12:41:38Z,116,Port Phillip Heads (J5 Submarine),2026-10-13T09:00:00Z,2026-10-13T20:00,26.2,210,58.7,0.0,1.32,8.6,215,2.16,1.46,0.6,18,-0.93,14.5,,unavailable (no satellite pass / dataset error),
52.3,Fair,Bit dodgy,2026-10-08T12:41:38Z,117,Port Phillip Heads (J5 Submarine),2026-10-13T10:00:00Z,2026-10-13T21:00,25.4,207,55.1,0.1,1.34,8.4,214,2.16,1.42,0.6,18,-0.79,14.5,,unavailable (no satellite pass / dataset error),
52.3,Fair,Bit dodgy,2026-10-08T12:41:38Z,118,Port Phillip Heads (J5 Submarine),2026-10-13T11:00:00Z,2026-10-13T22:00,25.0,204,51.1,0.1,1.36,8.4,213,2.18,1.38,0.6,34,-0.5,14.4,,unavailable (no satellite pass / dataset error),
52.1,Fair,Bit dodgy,2026-10-08T12:41:38Z,119,Port Phillip Heads (J5 Submarine),2026-10-13T12:00:00Z,2026-10-13T23:00,24.4,200,47.9,0.1,1.38,8.55,212,2.18,1.34,0.9,37,-0.08,14.4,,unavailable (no satellite pass / dataset error),
69.9,Good,Doable,2026-10-08T12:41:38Z,0,Queenscliff,2026-10-08T13:00:00Z,2026-10-09T00:00,19.0,35,31.3,0.0,1.04,11.1,220,1.2,0.38,0.5,225,0.07,14.5,,unavailable (no satellite pass / dataset error),
69.8,Good,Doable,2026-10-08T12:41:38Z,1,Queenscliff,2026-10-08T14:00:00Z,2026-10-09T01:00,19.3,33,31.7,0.0,1.04,11.65,221,1.18,0.36,0.5,225,-0.2,14.5,,unavailable (no satellite pass / dataset error),
69.0,Good,Doable,2026-10-08T12:41:38Z,2,Queenscliff,2026-10-08T15:00:00Z,2026-10-09T02:00,20.5,28,33.8,0.0,1.04,12.05,221,1.18,0.36,0.4,207,-0.45,14.4,,unavailable (no satellite pass / dataset error),
68.2,Good,Doable,2026-10-08T12:41:38Z,3,Queenscliff,2026-10-08T16:00:00Z,2026-10-09T03:00,21.9,22,36.0,0.0,1.06,12.1,221,1.18,0.4,0.2,180,-0.57,14.4,,unavailable (no satellite pass / dataset error),
66.9,Good,Doable,2026-10-08T12:41:38Z,4,Queenscliff,2026-10-08T17:00:00Z,2026-10-09T04:00,22.9,15,37.8,0.0,1.06,12.0,222,1.2,0.42,0.3,135,-0.52,14.4,,unavailable (no satellite pass / dataset error),
66.1,Good,Doable,2026-10-08T12:41:38Z,5,Queenscliff,2026-10-08T18:00:00Z,2026-10-09T05:00,23.7,15,38.9,0.0,1.08,11.95,222,1.2,0.46,0.3,135,-0.39,14.4,,unavailable (no satellite pass / dataset error),
64.5,Good,Doable,2026-10-08T12:41:38Z,6,Queenscliff,2026-10-08T19:00:00Z,2026-10-09T06:00,25.3,17,41.8,0.0,1.08,12.0,222,1.22,0.5,0.3,135,-0.24,14.4,,unavailable (no satellite pass / dataset error),
63.4,Good,Doable,2026-10-08T12:41:38Z,7,Queenscliff,2026-10-08T20:00:00Z,2026-10-09T07:00,25.8,17,42.8,0.0,1.1,12.1,222,1.26,0.54,0.4,153,-0.06,14.4,,unavailable (no satellite pass / dataset error),
61.6,Good,Doable,2026-10-08T12:41:38Z,8,Queenscliff,2026-10-08T21:00:00Z,2026-10-09T08:00,27.4,19,45.0,0.0,1.1,12.2,222,1.28,0.58,0.5,180,0.19,14.4,,unavailable (no satellite pass / dataset error),
60.7,Good,Doable,2026-10-08T12:41:38Z,9,Queenscliff,2026-10-08T22:00:00Z,2026-10-09T09:00,27.6,24,46.8,0.0,1.1,12.25,222,1.3,0.6,0.7,194,0.45,14.4,,unavailable (no satellite pass / dataset error),
59.9,Fair,Doable,2026-10-08T12:41:38Z,10,Queenscliff,2026-10-08T23:00:00Z,2026-10-09T10:00,28.5,20,49.3,0.0,1.12,12.35,222,1.3,0.64,0.7,180,0.6,14.4,,unavailable (no satellite pass / dataset error),
57.0,Fair,Doable,2026-10-08T12:41:38Z,11,Queenscliff,2026-10-09T00:00:00Z,2026-10-09T11:00,31.8,17,53.3,0.0,1.12,12.35,222,1.32,0.66,0.6,198,0.59,14.4,,unavailable (no satellite pass / dataset error),
56.2,Fair,Doable,2026-10-08T12:41:38Z,12,Queenscliff,2026-10-09T01:00:00Z,2026-10-09T12:00,32.5,16,57.2,0.0,1.12,12.3,222,1.34,0.68,0.6,198,0.46,14.4,,unavailable (no satellite pass / dataset error),
58.3,Fair,Doable,2026-10-08T12:41:38Z,13,Queenscliff,2026-10-09T02:00:00Z,2026-10-09T13:00,29.6,22,55.1,0.0,1.14,12.25,222,1.34,0.68,0.8,207,0.21,14.5,,unavailable (no satellite pass / dataset error),
59.1,Fair,Doable,2026-10-08T12:41:38Z,14,Queenscliff,2026-10-09T03:00:00Z,2026-10-09T14:00,28.7,18,50.4,0.0,1.14,12.2,222,1.36,0.7,0.7,194,-0.08,14.5,,unavailable (no satellite pass / dataset error),
58.3,Fair,Doable,2026-10-08T12:41:38Z,15,Queenscliff,2026-10-09T04:00:00Z,2026-10-09T15:00,30.2,17,50.4,0.0,1.14,12.2,222,1.36,0.7,0.5,180,-0.31,14.5,,unavailable (no satellite pass / dataset error),
58.7,Fair,Doable,2026-10-08T12:41:38Z,16,Queenscliff,2026-10-09T05:00:00Z,2026-10-09T16:00,30.2,21,50.4,0.0,1.14,12.25,223,1.34,0.68,0.4,153,-0.39,14.6,,unavailable (no satellite pass / dataset error),
59.6,Fair,Doable,2026-10-08T12:41:38Z,17,Queenscliff,2026-10-09T06:00:00Z,2026-10-09T17:00,29.2,21,49.7,0.0,1.14,12.25,223,1.34,0.68,0.4,153,-0.33,14.6,,unavailable (no satellite pass / dataset error),
59.7,Fair,Doable,2026-10-08T12:41:38Z,18,Queenscliff,2026-10-09T07:00:00Z,2026-10-09T18:00,28.8,20,48.2,0.0,1.14,12.25,223,1.34,0.68,0.5,135,-0.21,14.6,,unavailable (no satellite pass / dataset error),
61.8,Good,Doable,2026-10-08T12:41:38Z,19,Queenscliff,2026-10-09T08:00:00Z,2026-10-09T19:00,26.9,25,46.8,0.0,1.12,12.25,223,1.32,0.66,0.4,117,-0.06,14.6,,unavailable (no satellite pass / dataset error),
61.9,Good,Doable,2026-10-08T12:41:38Z,20,Queenscliff,2026-10-09T09:00:00Z,2026-10-09T20:00,27.1,23,43.9,0.0,1.12,12.25,223,1.32,0.66,0.3,135,0.17,14.6,,unavailable (no satellite pass / dataset error),
62.0,Good,Doable,2026-10-08T12:41:38Z,21,Queenscliff,2026-10-09T10:00:00Z,2026-10-09T21:00,26.9,17,43.9,0.0,1.12,12.25,223,1.3,0.58,0.4,153,0.46,14.5,,unavailable (no satellite pass / dataset error),
64.0,Good,Doable,2026-10-08T12:41:38Z,22,Queenscliff,2026-10-09T11:00:00Z,2026-10-09T22:00,25.2,3,43.6,0.0,1.12,12.2,223,1.26,0.52,0.4,153,0.69,14.5,,unavailable (no satellite pass / dataset error),
58.2,Fair,Doable,2026-10-08T12:41:38Z,23,Queenscliff,2026-10-09T12:00:00Z,2026-10-09T23:00,31.6,326,50.8,0.0,1.12,12.15,223,1.24,0.44,0.5,135,0.78,14.5,,unavailable (no satellite pass / dataset error),
66.3,Good,Doable,2026-10-08T12:41:38Z,24,Queenscliff,2026-10-09T13:00:00Z,2026-10-10T00:00,23.0,328,52.2,0.0,1.1,12.1,223,1.22,0.42,0.4,117,0.7,14.5,,unavailable (no satellite pass / dataset error),
69.2,Good,Doable,2026-10-08T12:41:38Z,25,Queenscliff,2026-10-09T14:00:00Z,2026-10-10T01:00,20.5,329,37.4,0.0,1.08,12.05,223,1.18,0.4,0.3,135,0.49,14.5,,unavailable (no satellite pass / dataset error),
66.6,Good,Doable,2026-10-08T12:41:38Z,26,Queenscliff,2026-10-09T15:00:00Z,2026-10-10T02:00,23.2,303,39.2,0.1,1.06,12.0,223,1.16,0.38,0.4,153,0.2,14.5,,unavailable (no satellite pass / dataset error),
68.9,Good,Doable,2026-10-08T12:41:38Z,27,Queenscliff,2026-10-09T16:00:00Z,2026-10-10T03:00,20.1,301,38.5,0.0,1.06,11.95,223,1.16,0.4,0.6,108,-0.11,14.5,,unavailable (no satellite pass / dataset error),
68.8,Good,Doable,2026-10-08T12:41:38Z,28,Queenscliff,2026-10-09T17:00:00Z,2026-10-10T04:00,20.0,291,33.8,0.0,1.04,11.85,224,1.16,0.4,0.7,90,-0.28,14.5,,unavailable (no satellite pass / dataset error),
70.7,Good,Doable,2026-10-08T12:41:38Z,29,Queenscliff,2026-10-09T18:00:00Z,2026-10-10T05:00,17.9,285,34.2,0.0,1.04,11.75,224,1.16,0.42,0.7,76,-0.3,14.5,,unavailable (no satellite pass / dataset error),
68.6,Good,Doable,2026-10-08T12:41:38Z,30,Queenscliff,2026-10-09T19:00:00Z,2026-10-10T06:00,20.2,282,33.5,0.0,1.04,11.65,224,1.16,0.42,0.7,76,-0.21,14.5,,unavailable (no satellite pass / dataset error),
66.4,Good,Doable,2026-10-08T12:41:38Z,31,Queenscliff,2026-10-09T20:00:00Z,2026-10-10T07:00,22.9,283,39.6,0.0,1.04,11.5,224,1.14,0.42,0.7,76,-0.09,14.5,,unavailable (no satellite pass / dataset error),
67.3,Good,Doable,2026-10-08T12:41:38Z,32,Queenscliff,2026-10-09T21:00:00Z,2026-10-10T08:00,21.9,290,39.2,0.0,1.04,11.35,224,1.14,0.42,0.7,76,0.11,14.5,,unavailable (no satellite pass / dataset error),
65.5,Good,Doable,2026-10-08T12:41:38Z,33,Queenscliff,2026-10-09T22:00:00Z,2026-10-10T09:00,23.7,296,43.6,0.0,1.04,11.15,224,1.16,0.46,0.7,90,0.39,14.5,,unavailable (no satellite pass / dataset error),
62.3,Good,Doable,2026-10-08T12:41:38Z,34,Queenscliff,2026-10-09T23:00:00Z,2026-10-10T10:00,27.5,290,51.8,0.0,1.04,10.9,225,1.16,0.48,0.6,108,0.66,14.5,,unavailable (no satellite pass / dataset error),
61.2,Good,Doable,2026-10-08T12:41:38Z,35,Queenscliff,2026-10-10T00:00:00Z,2026-10-10T11:00,28.5,294,54.0,0.0,1.04,10.65,225,1.18,0.52,0.6,108,0.8,14.5,,unavailable (no satellite pass / dataset error),
62.1,Good,Doable,2026-10-08T12:41:38Z,36,Queenscliff,2026-10-10T01:00:00Z,2026-10-10T12:00,27.5,292,54.4,0.0,1.04,10.45,225,1.18,0.54,0.6,108,0.77,14.5,,unavailable (no satellite pass / dataset error),
62.4,Good,Doable,2026-10-08T12:41:38Z,37,Queenscliff,2026-10-10T02:00:00Z,2026-10-10T13:00,27.0,292,53.3,0.0,1.04,10.3,225,1.2,0.54,0.6,108,0.6,14.6,,unavailable (no satellite pass / dataset error),
62.4,Good,Doable,2026-10-08T12:41:38Z,38,Queenscliff,2026-10-10T03:00:00Z,2026-10-10T14:00,27.2,290,52.2,0.0,1.04,10.15,225,1.2,0.56,0.5,135,0.3,14.6,,unavailable (no satellite pass / dataset error),
62.8,Good,Doable,2026-10-08T12:41:38Z,39,Queenscliff,2026-10-10T04:00:00Z,2026-10-10T15:00,26.7,292,52.6,0.0,1.02,10.1,225,1.18,0.54,0.6,108,-0.07,14.6,,unavailable (no satellite pass / dataset error),
64.8,Good,Doable,2026-10-08T12:41:38Z,40,Queenscliff,2026-10-10T05:00:00Z,2026-10-10T16:00,25.0,295,50.8,0.0,1.0,10.05,226,1.16,0.54,0.5,90,-0.36,14.7,,unavailable (no satellite pass / dataset error),
66.7,Good,Doable,2026-10-08T12:41:38Z,41,Queenscliff,2026-10-10T06:00:00Z,2026-10-10T17:00,22.6,294,47.2,0.0,0.98,9.95,226,1.14,0.52,0.7,76,-0.47,14.7,,unavailable (no satellite pass / dataset error),
67.7,Good,Doable,2026-10-08T12:41:38Z,42,Queenscliff,2026-10-10T07:00:00Z,2026-10-10T18:00,21.7,293,42.5,0.0,1.0,9.75,227,1.12,0.42,0.7,76,-0.44,14.7,,unavailable (no satellite pass / dataset error),
72.6,Good,Doable,2026-10-08T12:41:38Z,43,Queenscliff,2026-10-10T08:00:00Z,2026-10-10T19:00,16.6,290,36.7,0.0,1.0,9.45,228,1.08,0.3,0.7,76,-0.32,14.7,,unavailable (no satellite pass / dataset error),
75.7,Good,Doable,2026-10-08T12:41:38Z,44,Queenscliff,2026-10-10T09:00:00Z,2026-10-10T20:00,13.4,290,28.4,0.0,1.02,9.25,229,1.06,0.2,0.7,76,-0.13,14.6,,unavailable (no satellite pass / dataset error),
75.7,Good,Doable,2026-10-08T12:41:38Z,45,Queenscliff,2026-10-10T10:00:00Z,2026-10-10T21:00,13.4,292,23.8,0.0,1.06,9.1,229,1.08,0.14,0.6,72,0.17,14.6,,unavailable (no satellite pass / dataset error),
78.3,Good,Doable,2026-10-08T12:41:38Z,46,Queenscliff,2026-10-10T11:00:00Z,2026-10-10T22:00,10.8,291,22.7,0.0,1.08,9.0,228,1.1,0.1,0.4,90,0.52,14.6,,unavailable (no satellite pass / dataset error),
80.1,Excellent,Doable,2026-10-08T12:41:38Z,47,Queenscliff,2026-10-10T12:00:00Z,2026-10-10T23:00,8.6,272,18.4,0.0,1.12,9.0,228,1.12,0.04,0.4,117,0.79,14.6,,unavailable (no satellite pass / dataset error),
82.0,Excellent,Doable,2026-10-08T12:41:38Z,48,Queenscliff,2026-10-10T13:00:00Z,2026-10-11T00:00,6.2,277,14.8,0.0,1.14,9.1,228,1.14,0.02,0.4,117,0.89,14.6,,unavailable (no satellite pass / dataset error),
83.5,Excellent,Doable,2026-10-08T12:41:38Z,49,Queenscliff,2026-10-10T14:00:00Z,2026-10-11T01:00,4.8,301,10.8,0.0,1.14,9.3,227,1.14,0.02,0.3,135,0.8,14.6,,unavailable (no satellite pass / dataset error),
83.6,Excellent,Doable,2026-10-08T12:41:38Z,50,Queenscliff,2026-10-10T15:00:00Z,2026-10-11T02:00,4.8,318,8.3,0.0,1.16,9.5,227,1.16,0.0,0.2,180,0.55,14.6,,unavailable (no satellite pass / dataset error),
81.9,Excellent,Bit dodgy,2026-10-08T12:41:38Z,51,Queenscliff,2026-10-10T16:00:00Z,2026-10-11T03:00,5.6,320,9.4,0.0,1.22,9.7,227,1.22,0.0,0.4,180,0.19,14.6,,unavailable (no satellite pass / dataset error),
79.8,Good,Bit dodgy,2026-10-08T12:41:38Z,52,Queenscliff,2026-10-10T17:00:00Z,2026-10-11T04:00,7.3,314,12.6,0.0,1.3,9.9,228,1.3,0.02,0.3,135,-0.17,14.6,,unavailable (no satellite pass / dataset error),
79.3,Good,Bit dodgy,2026-10-08T12:41:38Z,53,Queenscliff,2026-10-10T18:00:00Z,2026-10-11T05:00,7.4,315,13.3,0.0,1.36,10.15,228,1.36,0.02,0.2,90,-0.41,14.6,,unavailable (no satellite pass / dataset error),
79.0,Good,Bit dodgy,2026-10-08T12:41:38Z,54,Queenscliff,2026-10-10T19:00:00Z,2026-10-11T06:00,6.9,327,13.3,0.0,1.44,10.4,228,1.44,0.02,0.2,90,-0.46,14.6,,unavailable (no satellite pass / dataset error),
77.0,Good,Bit dodgy,2026-10-08T12:41:38Z,55,Queenscliff,2026-10-10T20:00:00Z,2026-10-11T07:00,7.9,347,13.3,0.0,1.5,10.65,228,1.5,0.02,0.4,90,-0.4,14.6,,unavailable (no satellite pass / dataset error),
74.3,Good,Getting rough,2026-10-08T12:41:38Z,56,Queenscliff,2026-10-10T21:00:00Z,2026-10-11T08:00,10.0,353,18.7,0.0,1.58,10.9,228,1.58,0.02,0.4,90,-0.27,14.6,,unavailable (no satellite pass / dataset error),
72.7,Good,Getting rough,2026-10-08T12:41:38Z,57,Queenscliff,2026-10-10T22:00:00Z,2026-10-11T09:00,11.2,354,22.3,0.0,1.64,11.15,228,1.64,0.02,0.4,90,-0.03,14.7,,unavailable (no satellite pass / dataset error),
72.1,Good,Getting rough,2026-10-08T12:41:38Z,58,Queenscliff,2026-10-10T23:00:00Z,2026-10-11T10:00,11.2,5,24.5,0.0,1.72,11.35,228,1.72,0.04,0.3,135,0.29,14.7,,unavailable (no satellite pass / dataset error),
71.5,Good,Getting rough,2026-10-08T12:41:38Z,59,Queenscliff,2026-10-11T00:00:00Z,2026-10-11T11:00,10.9,40,23.8,0.0,1.78,11.55,228,1.78,0.04,0.4,153,0.59,14.8,,unavailable (no satellite pass / dataset error),
67.6,Good,Getting rough,2026-10-08T12:41:38Z,60,Queenscliff,2026-10-11T01:00:00Z,2026-10-11T12:00,14.3,48,29.9,0.0,1.82,11.7,228,1.82,0.08,0.6,162,0.73,14.9,,unavailable (no satellite pass / dataset error),
65.0,Good,Getting rough,2026-10-08T12:41:38Z,61,Queenscliff,2026-10-11T02:00:00Z,2026-10-11T13:00,17.0,6,32.8,0.0,1.84,11.85,227,1.86,0.14,0.5,180,0.67,15.1,,unavailable (no satellite pass / dataset error),
63.0,Good,Getting rough,2026-10-08T12:41:38Z,62,Queenscliff,2026-10-11T03:00:00Z,2026-10-11T14:00,18.6,354,34.6,0.0,1.88,11.95,227,1.9,0.18,0.6,198,0.45,15.3,,unavailable (no satellite pass / dataset error),
62.0,Good,Getting rough,2026-10-08T12:41:38Z,63,Queenscliff,2026-10-11T04:00:00Z,2026-10-11T15:00,19.4,341,35.3,0.0,1.88,12.0,227,1.9,0.22,0.7,194,0.08,15.4,,unavailable (no satellite pass / dataset error),
61.8,Good,Getting rough,2026-10-08T12:41:38Z,64,Queenscliff,2026-10-11T05:00:00Z,2026-10-11T16:00,19.4,330,36.0,0.0,1.88,12.05,227,1.92,0.24,0.7,180,-0.33,15.6,,unavailable (no satellite pass / dataset error),
65.0,Good,Getting rough,2026-10-08T12:41:38Z,65,Queenscliff,2026-10-11T06:00:00Z,2026-10-11T17:00,16.1,330,35.3,0.0,1.88,12.05,227,1.92,0.28,0.6,162,-0.66,15.6,,unavailable (no satellite pass / dataset error),
60.5,Good,Getting rough,2026-10-08T12:41:38Z,66,Queenscliff,2026-10-11T07:00:00Z,2026-10-11T18:00,21.6,332,42.1,0.0,1.86,12.05,227,1.9,0.34,0.5,135,-0.77,15.6,,unavailable (no satellite pass / dataset error),
64.3,Good,Getting rough,2026-10-08T12:41:38Z,67,Queenscliff,2026-10-11T08:00:00Z,2026-10-11T19:00,17.7,356,35.3,0.0,1.84,12.05,227,1.9,0.38,0.4,117,-0.7,15.5,,unavailable (no satellite pass / dataset error),
60.5,Good,Getting rough,2026-10-08T12:41:38Z,68,Queenscliff,2026-10-11T09:00:00Z,2026-10-11T20:00,21.6,13,34.2,0.0,1.82,12.0,227,1.88,0.44,0.6,108,-0.54,15.4,,unavailable (no satellite pass / dataset error),
59.9,Fair,Getting rough,2026-10-08T12:41:38Z,69,Queenscliff,2026-10-11T10:00:00Z,2026-10-11T21:00,22.7,8,38.2,0.0,1.78,11.95,227,1.84,0.46,0.6,108,-0.25,15.2,,unavailable (no satellite pass / dataset error),
60.9,Good,Getting rough,2026-10-08T12:41:38Z,70,Queenscliff,2026-10-11T11:00:00Z,2026-10-11T22:00,21.8,357,37.1,0.0,1.74,11.85,227,1.82,0.48,0.6,108,0.16,15.1,,unavailable (no satellite pass / dataset error),
56.5,Fair,Getting rough,2026-10-08T12:41:38Z,71,Queenscliff,2026-10-11T12:00:00Z,2026-10-11T23:00,27.2,350,44.6,0.0,1.7,11.8,227,1.78,0.5,0.6,124,0.59,15.0,,unavailable (no satellite pass / dataset error),
55.5,Fair,Getting rough,2026-10-08T12:41:38Z,72,Queenscliff,2026-10-11T13:00:00Z,2026-10-12T00:00,28.0,353,46.1,0.0,1.66,11.75,227,1.76,0.54,0.8,135,0.9,14.9,,unavailable (no satellite pass / dataset error),
56.6,Fair,Getting rough,2026-10-08T12:41:38Z,73,Queenscliff,2026-10-11T14:00:00Z,2026-10-12T01:00,27.0,353,45.7,0.0,1.62,11.75,227,1.72,0.58,0.9,127,1.01,14.8,,unavailable (no satellite pass / dataset error),
60.6,Good,Getting rough,2026-10-08T12:41:38Z,74,Queenscliff,2026-10-11T15:00:00Z,2026-10-12T02:00,23.5,348,44.6,0.0,1.58,11.75,227,1.7,0.62,0.6,124,0.92,14.8,,unavailable (no satellite pass / dataset error),
66.7,Good,Getting rough,2026-10-08T12:41:38Z,75,Queenscliff,2026-10-11T16:00:00Z,2026-10-12T03:00,15.9,301,38.9,1.1,1.54,11.75,227,1.66,0.54,0.5,135,0.65,14.7,,unavailable (no satellite pass / dataset error),
63.6,Good,Getting rough,2026-10-08T12:41:38Z,76,Queenscliff,2026-10-11T17:00:00Z,2026-10-12T04:00,19.7,293,30.6,0.2,1.52,11.7,227,1.6,0.48,0.5,135,0.26,14.7,,unavailable (no satellite pass / dataset error),
67.3,Good,Bit dodgy,2026-10-08T12:41:38Z,77,Queenscliff,2026-10-11T18:00:00Z,2026-10-12T05:00,15.0,296,38.2,0.7,1.48,11.7,227,1.56,0.4,0.5,90,-0.11,14.7,,unavailable (no satellite pass / dataset error),
68.1,Good,Bit dodgy,2026-10-08T12:41:38Z,78,Queenscliff,2026-10-11T19:00:00Z,2026-10-12T06:00,13.1,348,31.0,0.9,1.46,11.7,227,1.52,0.32,0.6,72,-0.33,14.7,,unavailable (no satellite pass / dataset error),
67.0,Good,Bit dodgy,2026-10-08T12:41:38Z,79,Queenscliff,2026-10-11T20:00:00Z,2026-10-12T07:00,13.6,338,25.2,1.0,1.46,11.65,227,1.5,0.24,0.4,63,-0.36,14.7,,unavailable (no satellite pass / dataset error),
68.0,Good,Bit dodgy,2026-10-08T12:41:38Z,80,Queenscliff,2026-10-11T21:00:00Z,2026-10-12T08:00,12.6,334,25.6,0.3,1.44,11.65,227,1.46,0.16,0.4,63,-0.27,14.7,,unavailable (no satellite pass / dataset error),
68.3,Good,Bit dodgy,2026-10-08T12:41:38Z,81,Queenscliff,2026-10-11T22:00:00Z,2026-10-12T09:00,11.6,328,23.4,0.1,1.44,11.6,227,1.46,0.14,0.6,56,-0.08,14.7,,unavailable (no satellite pass / dataset error),
67.7,Good,Bit dodgy,2026-10-08T12:41:38Z,82,Queenscliff,2026-10-11T23:00:00Z,2026-10-12T10:00,12.2,296,25.6,0.2,1.42,11.55,226,1.44,0.1,0.6,56,0.21,14.7,,unavailable (no satellite pass / dataset error),
63.4,Good,Bit dodgy,2026-10-08T12:41:38Z,83,Queenscliff,2026-10-12T00:00:00Z,2026-10-12T11:00,16.7,259,32.8,0.2,1.42,11.5,226,1.44,0.08,0.6,56,0.57,14.7,,unavailable (no satellite pass / dataset error),
58.4,Fair,Bit dodgy,2026-10-08T12:41:38Z,84,Queenscliff,2026-10-12T01:00:00Z,2026-10-12T12:00,21.9,234,42.5,0.3,1.42,11.5,226,1.46,0.24,0.5,45,0.84,14.7,,unavailable (no satellite pass / dataset error),
50.6,Fair,Bit dodgy,2026-10-08T12:41:38Z,85,Queenscliff,2026-10-12T02:00:00Z,2026-10-12T13:00,30.1,216,55.1,0.3,1.4,11.5,226,1.5,0.4,0.4,63,0.91,14.7,,unavailable (no satellite pass / dataset error),
45.8,Fair,Bit dodgy,2026-10-08T12:41:38Z,86,Queenscliff,2026-10-12T03:00:00Z,2026-10-12T14:00,35.6,209,64.4,0.3,1.4,11.5,226,1.52,0.56,0.3,45,0.76,14.7,,unavailable (no satellite pass / dataset error),
45.6,Fair,Bit dodgy,2026-10-08T12:41:38Z,87,Queenscliff,2026-10-12T04:00:00Z,2026-10-12T15:00,33.8,207,68.4,0.1,1.4,11.45,226,1.66,0.76,0.2,270,0.43,14.7,,unavailable (no satellite pass / dataset error),
49.7,Fair,Bit dodgy,2026-10-08T12:41:38Z,88,Queenscliff,2026-10-12T05:00:00Z,2026-10-12T16:00,27.5,208,68.8,0.1,1.42,11.35,227,1.78,0.96,0.3,225,-0.02,14.7,,unavailable (no satellite pass / dataset error),
53.6,Fair,Bit dodgy,2026-10-08T12:41:38Z,89,Queenscliff,2026-10-12T06:00:00Z,2026-10-12T17:00,21.7,210,66.2,0.1,1.42,11.25,227,1.92,1.16,0.2,270,-0.5,14.7,,unavailable (no satellite pass / dataset error),
57.7,Fair,Bit dodgy,2026-10-08T12:41:38Z,90,Queenscliff,2026-10-12T07:00:00Z,2026-10-12T18:00,17.8,216,59.4,0.0,1.4,11.1,227,1.9,0.92,0.0,90,-0.83,14.7,,unavailable (no satellite pass / dataset error),
60.5,Good,Bit dodgy,2026-10-08T12:41:38Z,91,Queenscliff,2026-10-12T08:00:00Z,2026-10-12T19:00,14.6,226,49.7,0.0,1.38,10.95,228,1.86,0.66,0.2,0,-0.92,14.7,,unavailable (no satellite pass / dataset error),
61.7,Good,Bit dodgy,2026-10-08T12:41:38Z,92,Queenscliff,2026-10-12T09:00:00Z,2026-10-12T20:00,13.2,240,41.8,0.0,1.36,10.75,228,1.84,0.42,0.3,45,-0.81,14.7,,unavailable (no satellite pass / dataset error),
61.1,Good,Bit dodgy,2026-10-08T12:41:38Z,93,Queenscliff,2026-10-12T10:00:00Z,2026-10-12T21:00,13.8,249,37.4,0.0,1.38,10.55,227,1.78,0.4,0.6,56,-0.56,14.7,,unavailable (no satellite pass / dataset error),
59.4,Fair,Bit dodgy,2026-10-08T12:41:38Z,94,Queenscliff,2026-10-12T11:00:00Z,2026-10-12T22:00,15.8,255,34.9,0.0,1.38,10.35,227,1.72,0.4,0.8,45,-0.17,14.6,,unavailable (no satellite pass / dataset error),
59.0,Fair,Bit dodgy,2026-10-08T12:41:38Z,95,Queenscliff,2026-10-12T12:00:00Z,2026-10-12T23:00,16.7,262,32.8,0.0,1.4,10.1,226,1.66,0.38,0.9,53,0.33,14.6,,unavailable (no satellite pass / dataset error),
60.5,Good,Bit dodgy,2026-10-08T12:41:38Z,96,Queenscliff,2026-10-12T13:00:00Z,2026-10-13T00:00,15.7,275,30.2,0.0,1.44,9.75,225,1.62,0.34,0.8,63,0.83,14.6,,unavailable (no satellite pass / dataset error),
61.9,Good,Bit dodgy,2026-10-08T12:41:38Z,97,Queenscliff,2026-10-12T14:00:00Z,2026-10-13T01:00,14.9,292,28.1,0.0,1.46,9.4,225,1.58,0.3,0.7,76,1.15,14.6,,unavailable (no satellite pass / dataset error),
61.8,Good,Bit dodgy,2026-10-08T12:41:38Z,98,Queenscliff,2026-10-12T15:00:00Z,2026-10-13T02:00,15.7,303,27.7,0.0,1.5,9.15,224,1.54,0.26,0.6,72,1.22,14.6,,unavailable (no satellite pass / dataset error),
62.2,Good,Bit dodgy,2026-10-08T12:41:38Z,99,Queenscliff,2026-10-12T16:00:00Z,2026-10-13T03:00,17.3,303,29.9,0.0,1.48,9.1,224,1.54,0.28,0.4,90,1.05,14.6,,unavailable (no satellite pass / dataset error),
60.7,Good,Bit dodgy,2026-10-08T12:41:38Z,100,Queenscliff,2026-10-12T17:00:00Z,2026-10-13T04:00,19.5,298,33.5,0.0,1.48,9.15,225,1.52,0.3,0.4,153,0.7,14.5,,unavailable (no satellite pass / dataset error),
59.9,Fair,Bit dodgy,2026-10-08T12:41:38Z,101,Queenscliff,2026-10-12T18:00:00Z,2026-10-13T05:00,21.1,293,36.7,0.0,1.46,9.25,225,1.52,0.32,0.5,180,0.23,14.5,,unavailable (no satellite pass / dataset error),
59.7,Fair,Bit dodgy,2026-10-08T12:41:38Z,102,Queenscliff,2026-10-12T19:00:00Z,2026-10-13T06:00,22.6,291,38.9,0.0,1.48,9.3,225,1.54,0.36,0.4,153,-0.19,14.5,,unavailable (no satellite pass / dataset error),
59.7,Fair,Bit dodgy,2026-10-08T12:41:38Z,103,Queenscliff,2026-10-12T20:00:00Z,2026-10-13T07:00,23.8,290,41.0,0.0,1.5,9.4,225,1.56,0.38,0.4,117,-0.41,14.5,,unavailable (no satellite pass / dataset error),
60.1,Good,Getting rough,2026-10-08T12:41:38Z,104,Queenscliff,2026-10-12T21:00:00Z,2026-10-13T08:00,23.6,286,43.2,0.0,1.52,9.4,225,1.58,0.42,0.4,90,-0.42,14.5,,unavailable (no satellite pass / dataset error),
61.1,Good,Getting rough,2026-10-08T12:41:38Z,105,Queenscliff,2026-10-12T22:00:00Z,2026-10-13T09:00,21.3,275,45.7,0.1,1.56,9.35,225,1.64,0.46,0.6,56,-0.28,14.5,,unavailable (no satellite pass / dataset error),
61.9,Good,Getting rough,2026-10-08T12:41:38Z,106,Queenscliff,2026-10-12T23:00:00Z,2026-10-13T10:00,19.2,258,48.6,0.1,1.6,9.25,225,1.68,0.48,0.9,53,-0.05,14.5,,unavailable (no satellite pass / dataset error),
60.9,Good,Getting rough,2026-10-08T12:41:38Z,107,Queenscliff,2026-10-13T00:00:00Z,2026-10-13T11:00,19.8,239,51.1,0.1,1.64,9.15,225,1.74,0.52,0.9,53,0.29,14.5,,unavailable (no satellite pass / dataset error),
57.4,Fair,Getting rough,2026-10-08T12:41:38Z,108,Queenscliff,2026-10-13T01:00:00Z,2026-10-13T12:00,23.3,228,53.6,0.3,1.66,9.0,225,1.8,0.62,0.8,45,0.67,14.5,,unavailable (no satellite pass / dataset error),
53.0,Fair,Getting rough,2026-10-08T12:41:38Z,109,Queenscliff,2026-10-13T02:00:00Z,2026-10-13T13:00,27.9,221,56.2,0.3,1.68,8.9,224,1.88,0.74,0.6,56,0.93,14.5,,unavailable (no satellite pass / dataset error),
49.7,Fair,Getting rough,2026-10-08T12:41:38Z,110,Queenscliff,2026-10-13T03:00:00Z,2026-10-13T14:00,31.2,217,58.3,0.3,1.7,9.0,224,1.94,0.84,0.5,45,0.96,14.5,,unavailable (no satellite pass / dataset error),
47.6,Fair,Getting rough,2026-10-08T12:41:38Z,111,Queenscliff,2026-10-13T04:00:00Z,2026-10-13T15:00,32.1,213,60.1,0.0,1.56,9.55,225,2.08,1.16,0.5,45,0.76,14.5,,unavailable (no satellite pass / dataset error),
47.7,Fair,Bit dodgy,2026-10-08T12:41:38Z,112,Queenscliff,2026-10-13T05:00:00Z,2026-10-13T16:00,31.6,210,61.6,0.0,1.44,10.35,225,2.2,1.5,0.2,0,0.39,14.5,,unavailable (no satellite pass / dataset error),
47.0,Fair,Bit dodgy,2026-10-08T12:41:38Z,113,Queenscliff,2026-10-13T06:00:00Z,2026-10-13T17:00,30.9,208,61.9,0.0,1.3,10.9,226,2.34,1.82,0.2,0,-0.09,14.5,,unavailable (no satellite pass / dataset error),
47.6,Fair,Bit dodgy,2026-10-08T12:41:38Z,114,Queenscliff,2026-10-13T07:00:00Z,2026-10-13T18:00,30.3,207,61.2,0.0,1.32,10.9,226,2.34,1.8,0.2,0,-0.56,14.5,,unavailable (no satellite pass / dataset error),
48.0,Fair,Bit dodgy,2026-10-08T12:41:38Z,115,Queenscliff,2026-10-13T08:00:00Z,2026-10-13T19:00,29.1,207,59.8,0.0,1.36,10.7,227,2.36,1.76,0.4,0,-0.87,14.5,,unavailable (no satellite pass / dataset error),
49.2,Fair,Bit dodgy,2026-10-08T12:41:38Z,116,Queenscliff,2026-10-13T09:00:00Z,2026-10-13T20:00,28.3,207,57.6,0.0,1.38,10.5,227,2.36,1.74,0.2,0,-0.93,14.5,,unavailable (no satellite pass / dataset error),
49.7,Fair,Bit dodgy,2026-10-08T12:41:38Z,117,Queenscliff,2026-10-13T10:00:00Z,2026-10-13T21:00,27.4,205,54.7,0.0,1.38,10.45,227,2.36,1.68,0.3,45,-0.8,14.5,,unavailable (no satellite pass / dataset error),
50.5,Fair,Bit dodgy,2026-10-08T12:41:38Z,118,Queenscliff,2026-10-13T11:00:00Z,2026-10-13T22:00,26.5,202,51.1,0.0,1.4,10.45,227,2.34,1.6,0.4,63,-0.51,14.5,,unavailable (no satellite pass / dataset error),
50.8,Fair,Bit dodgy,2026-10-08T12:41:38Z,119,Queenscliff,2026-10-13T12:00:00Z,2026-10-13T23:00,25.6,200,48.2,0.0,1.4,10.55,227,2.34,1.54,0.6,56,-0.08,14.5,,unavailable (no satellite pass / dataset error),
67.4,Good,Bit dodgy,2026-10-08T12:41:38Z,0,Blairgowrie Back Beach,2026-10-08T13:00:00Z,2026-10-09T00:00,19.3,53,36.4,0.0,1.32,11.5,225,1.44,0.38,0.4,207,0.08,14.4,,unavailable (no satellite pass / dataset error),
69.1,Good,Bit dodgy,2026-10-08T12:41:38Z,1,Blairgowrie Back Beach,2026-10-08T14:00:00Z,2026-10-09T01:00,17.6,47,33.5,0.0,1.3,11.7,226,1.42,0.36,0.4,207,-0.19,14.4,,unavailable (no satellite pass / dataset error),
69.7,Good,Bit dodgy,2026-10-08T12:41:38Z,2,Blairgowrie Back Beach,2026-10-08T15:00:00Z,2026-10-09T02:00,17.3,38,30.2,0.0,1.28,11.85,226,1.42,0.36,0.3,225,-0.45,14.4,,unavailable (no satellite pass / dataset error),
69.4,Good,Bit dodgy,2026-10-08T12:41:38Z,3,Blairgowrie Back Beach,2026-10-08T16:00:00Z,2026-10-09T03:00,17.8,30,31.0,0.0,1.3,11.9,226,1.42,0.4,0.2,180,-0.59,14.3,,unavailable (no satellite pass / dataset error),
67.9,Good,Bit dodgy,2026-10-08T12:41:38Z,4,Blairgowrie Back Beach,2026-10-08T17:00:00Z,2026-10-09T04:00,19.3,16,33.1,0.0,1.3,11.85,226,1.44,0.42,0.2,180,-0.55,14.3,,unavailable (no satellite pass / dataset error),
66.7,Good,Bit dodgy,2026-10-08T12:41:38Z,5,Blairgowrie Back Beach,2026-10-08T18:00:00Z,2026-10-09T05:00,20.1,13,34.9,0.0,1.32,11.85,226,1.44,0.46,0.4,180,-0.41,14.3,,unavailable (no satellite pass / dataset error),
65.3,Good,Bit dodgy,2026-10-08T12:41:38Z,6,Blairgowrie Back Beach,2026-10-08T19:00:00Z,2026-10-09T06:00,21.5,16,37.4,0.0,1.32,11.9,226,1.46,0.52,0.4,180,-0.26,14.3,,unavailable (no satellite pass / dataset error),
64.4,Good,Bit dodgy,2026-10-08T12:41:38Z,7,Blairgowrie Back Beach,2026-10-08T20:00:00Z,2026-10-09T07:00,22.2,17,38.5,0.0,1.32,12.0,226,1.46,0.56,0.5,180,-0.07,14.3,,unavailable (no satellite pass / dataset error),
62.7,Good,Bit dodgy,2026-10-08T12:41:38Z,8,Blairgowrie Back Beach,2026-10-08T21:00:00Z,2026-10-09T08:00,23.4,19,41.0,0.0,1.32,12.1,226,1.48,0.62,0.7,180,0.18,14.3,,unavailable (no satellite pass / dataset error),
62.1,Good,Bit dodgy,2026-10-08T12:41:38Z,9,Blairgowrie Back Beach,2026-10-08T22:00:00Z,2026-10-09T09:00,23.8,25,43.6,0.0,1.34,12.15,226,1.5,0.64,0.7,180,0.46,14.3,,unavailable (no satellite pass / dataset error),
62.2,Good,Bit dodgy,2026-10-08T12:41:38Z,10,Blairgowrie Back Beach,2026-10-08T23:00:00Z,2026-10-09T10:00,23.7,20,45.4,0.0,1.34,12.2,226,1.5,0.64,0.7,180,0.62,14.4,,unavailable (no satellite pass / dataset error),
60.4,Good,Bit dodgy,2026-10-08T12:41:38Z,11,Blairgowrie Back Beach,2026-10-09T00:00:00Z,2026-10-09T11:00,25.5,16,47.9,0.0,1.36,12.25,226,1.52,0.66,0.7,180,0.61,14.4,,unavailable (no satellite pass / dataset error),
57.7,Fair,Bit dodgy,2026-10-08T12:41:38Z,12,Blairgowrie Back Beach,2026-10-09T01:00:00Z,2026-10-09T12:00,28.8,9,52.6,0.0,1.38,12.25,226,1.54,0.68,0.5,180,0.46,14.4,,unavailable (no satellite pass / dataset error),
56.4,Fair,Bit dodgy,2026-10-08T12:41:38Z,13,Blairgowrie Back Beach,2026-10-09T02:00:00Z,2026-10-09T13:00,30.1,9,54.4,0.0,1.38,12.25,226,1.56,0.7,0.5,180,0.22,14.4,,unavailable (no satellite pass / dataset error),
57.9,Fair,Bit dodgy,2026-10-08T12:41:38Z,14,Blairgowrie Back Beach,2026-10-09T03:00:00Z,2026-10-09T14:00,28.1,9,54.0,0.0,1.4,12.25,226,1.58,0.72,0.5,180,-0.08,14.5,,unavailable (no satellite pass / dataset error),
59.3,Fair,Bit dodgy,2026-10-08T12:41:38Z,15,Blairgowrie Back Beach,2026-10-09T04:00:00Z,2026-10-09T15:00,26.4,11,49.3,0.0,1.4,12.25,226,1.6,0.74,0.5,180,-0.32,14.5,,unavailable (no satellite pass / dataset error),
58.6,Fair,Bit dodgy,2026-10-08T12:41:38Z,16,Blairgowrie Back Beach,2026-10-09T05:00:00Z,2026-10-09T16:00,27.4,9,46.8,0.0,1.4,12.25,227,1.6,0.76,0.4,153,-0.41,14.5,,unavailable (no satellite pass / dataset error),
57.4,Fair,Bit dodgy,2026-10-08T12:41:38Z,17,Blairgowrie Back Beach,2026-10-09T06:00:00Z,2026-10-09T17:00,28.0,11,47.5,0.0,1.4,12.25,227,1.62,0.78,0.6,162,-0.35,14.5,,unavailable (no satellite pass / dataset error),
56.7,Fair,Bit dodgy,2026-10-08T12:41:38Z,18,Blairgowrie Back Beach,2026-10-09T07:00:00Z,2026-10-09T18:00,29.0,11,48.2,0.0,1.4,12.25,227,1.6,0.78,0.6,162,-0.23,14.5,,unavailable (no satellite pass / dataset error),
57.9,Fair,Bit dodgy,2026-10-08T12:41:38Z,19,Blairgowrie Back Beach,2026-10-09T08:00:00Z,2026-10-09T19:00,27.7,20,49.7,0.0,1.4,12.25,227,1.6,0.76,0.6,162,-0.08,14.5,,unavailable (no satellite pass / dataset error),
57.9,Fair,Bit dodgy,2026-10-08T12:41:38Z,20,Blairgowrie Back Beach,2026-10-09T09:00:00Z,2026-10-09T20:00,27.9,29,48.6,0.0,1.4,12.25,227,1.58,0.76,0.6,162,0.16,14.5,,unavailable (no satellite pass / dataset error),
58.5,Fair,Bit dodgy,2026-10-08T12:41:38Z,21,Blairgowrie Back Beach,2026-10-09T10:00:00Z,2026-10-09T21:00,27.2,29,48.2,0.0,1.4,12.25,227,1.58,0.74,0.6,162,0.46,14.5,,unavailable (no satellite pass / dataset error),
61.5,Good,Bit dodgy,2026-10-08T12:41:38Z,22,Blairgowrie Back Beach,2026-10-09T11:00:00Z,2026-10-09T22:00,24.1,18,47.2,0.0,1.38,12.2,228,1.56,0.7,0.6,162,0.7,14.5,,unavailable (no satellite pass / dataset error),
60.5,Good,Bit dodgy,2026-10-08T12:41:38Z,23,Blairgowrie Back Beach,2026-10-09T12:00:00Z,2026-10-09T23:00,25.2,344,43.2,0.0,1.38,12.15,228,1.56,0.68,0.6,162,0.79,14.5,,unavailable (no satellite pass / dataset error),
57.8,Fair,Bit dodgy,2026-10-08T12:41:38Z,24,Blairgowrie Back Beach,2026-10-09T13:00:00Z,2026-10-10T00:00,28.5,328,55.1,0.1,1.36,12.1,228,1.52,0.62,0.6,162,0.71,14.5,,unavailable (no satellite pass / dataset error),
64.8,Good,Bit dodgy,2026-10-08T12:41:38Z,25,Blairgowrie Back Beach,2026-10-09T14:00:00Z,2026-10-10T01:00,20.9,333,48.6,0.0,1.36,12.0,228,1.5,0.58,0.6,162,0.5,14.5,,unavailable (no satellite pass / dataset error),
65.1,Good,Bit dodgy,2026-10-08T12:41:38Z,26,Blairgowrie Back Beach,2026-10-09T15:00:00Z,2026-10-10T02:00,21.3,311,36.4,0.0,1.34,11.95,228,1.46,0.52,0.5,135,0.21,14.5,,unavailable (no satellite pass / dataset error),
62.7,Good,Bit dodgy,2026-10-08T12:41:38Z,27,Blairgowrie Back Beach,2026-10-09T16:00:00Z,2026-10-10T03:00,24.0,308,43.2,0.0,1.32,11.9,228,1.46,0.52,0.5,135,-0.1,14.5,,unavailable (no satellite pass / dataset error),
64.2,Good,Bit dodgy,2026-10-08T12:41:38Z,28,Blairgowrie Back Beach,2026-10-09T17:00:00Z,2026-10-10T04:00,22.2,304,42.5,0.0,1.32,11.8,228,1.44,0.54,0.6,108,-0.29,14.5,,unavailable (no satellite pass / dataset error),
63.7,Good,Bit dodgy,2026-10-08T12:41:38Z,29,Blairgowrie Back Beach,2026-10-09T18:00:00Z,2026-10-10T05:00,22.5,288,42.8,0.0,1.3,11.7,228,1.44,0.54,0.7,90,-0.32,14.5,,unavailable (no satellite pass / dataset error),
60.4,Good,Bit dodgy,2026-10-08T12:41:38Z,30,Blairgowrie Back Beach,2026-10-09T19:00:00Z,2026-10-10T06:00,26.2,279,47.5,0.0,1.3,11.6,228,1.44,0.56,0.7,90,-0.23,14.5,,unavailable (no satellite pass / dataset error),
60.1,Good,Bit dodgy,2026-10-08T12:41:38Z,31,Blairgowrie Back Beach,2026-10-09T20:00:00Z,2026-10-10T07:00,26.4,284,50.0,0.0,1.3,11.45,228,1.46,0.6,0.7,104,-0.1,14.5,,unavailable (no satellite pass / dataset error),
60.3,Good,Bit dodgy,2026-10-08T12:41:38Z,32,Blairgowrie Back Beach,2026-10-09T21:00:00Z,2026-10-10T08:00,26.1,295,50.0,0.0,1.3,11.3,228,1.46,0.62,0.7,104,0.1,14.5,,unavailable (no satellite pass / dataset error),
60.6,Good,Bit dodgy,2026-10-08T12:41:38Z,33,Blairgowrie Back Beach,2026-10-09T22:00:00Z,2026-10-10T09:00,25.6,302,51.1,0.0,1.3,11.05,228,1.48,0.64,0.7,104,0.39,14.5,,unavailable (no satellite pass / dataset error),
58.0,Fair,Bit dodgy,2026-10-08T12:41:38Z,34,Blairgowrie Back Beach,2026-10-09T23:00:00Z,2026-10-10T10:00,27.8,296,56.5,0.0,1.32,10.8,229,1.52,0.66,0.8,117,0.67,14.5,,unavailable (no satellite pass / dataset error),
58.3,Fair,Bit dodgy,2026-10-08T12:41:38Z,35,Blairgowrie Back Beach,2026-10-10T00:00:00Z,2026-10-10T11:00,27.2,293,56.5,0.0,1.32,10.55,229,1.54,0.68,0.8,117,0.82,14.5,,unavailable (no satellite pass / dataset error),
59.1,Fair,Bit dodgy,2026-10-08T12:41:38Z,36,Blairgowrie Back Beach,2026-10-10T01:00:00Z,2026-10-10T12:00,26.3,294,55.8,0.0,1.32,10.35,229,1.54,0.66,0.8,135,0.79,14.5,,unavailable (no satellite pass / dataset error),
60.6,Good,Bit dodgy,2026-10-08T12:41:38Z,37,Blairgowrie Back Beach,2026-10-10T02:00:00Z,2026-10-10T13:00,24.6,293,54.7,0.0,1.32,10.2,230,1.54,0.64,0.8,135,0.61,14.6,,unavailable (no satellite pass / dataset error),
62.3,Good,Bit dodgy,2026-10-08T12:41:38Z,38,Blairgowrie Back Beach,2026-10-10T03:00:00Z,2026-10-10T14:00,23.3,296,51.8,0.0,1.32,10.1,230,1.54,0.62,0.6,124,0.31,14.6,,unavailable (no satellite pass / dataset error),
62.0,Good,Bit dodgy,2026-10-08T12:41:38Z,39,Blairgowrie Back Beach,2026-10-10T04:00:00Z,2026-10-10T15:00,23.8,291,51.8,0.0,1.3,10.05,230,1.52,0.6,0.6,108,-0.06,14.7,,unavailable (no satellite pass / dataset error),
66.3,Good,Bit dodgy,2026-10-08T12:41:38Z,40,Blairgowrie Back Beach,2026-10-10T05:00:00Z,2026-10-10T16:00,19.7,299,47.9,0.0,1.28,10.0,231,1.48,0.6,0.5,90,-0.36,14.7,,unavailable (no satellite pass / dataset error),
66.2,Good,Bit dodgy,2026-10-08T12:41:38Z,41,Blairgowrie Back Beach,2026-10-10T06:00:00Z,2026-10-10T17:00,20.1,299,39.2,0.0,1.26,9.95,231,1.46,0.58,0.5,90,-0.49,14.7,,unavailable (no satellite pass / dataset error),
66.2,Good,Bit dodgy,2026-10-08T12:41:38Z,42,Blairgowrie Back Beach,2026-10-10T07:00:00Z,2026-10-10T18:00,20.1,303,37.8,0.0,1.26,9.9,231,1.46,0.46,0.5,90,-0.45,14.7,,unavailable (no satellite pass / dataset error),
65.8,Good,Bit dodgy,2026-10-08T12:41:38Z,43,Blairgowrie Back Beach,2026-10-10T08:00:00Z,2026-10-10T19:00,20.7,301,37.4,0.0,1.28,9.85,231,1.44,0.34,0.5,90,-0.33,14.7,,unavailable (no satellite pass / dataset error),
67.8,Good,Bit dodgy,2026-10-08T12:41:38Z,44,Blairgowrie Back Beach,2026-10-10T09:00:00Z,2026-10-10T20:00,18.5,288,36.7,0.0,1.28,9.7,231,1.44,0.22,0.5,90,-0.14,14.7,,unavailable (no satellite pass / dataset error),
71.2,Good,Bit dodgy,2026-10-08T12:41:38Z,45,Blairgowrie Back Beach,2026-10-10T10:00:00Z,2026-10-10T21:00,14.7,255,33.1,0.0,1.36,9.4,232,1.46,0.18,0.4,90,0.16,14.7,,unavailable (no satellite pass / dataset error),
71.4,Good,Bit dodgy,2026-10-08T12:41:38Z,46,Blairgowrie Back Beach,2026-10-10T11:00:00Z,2026-10-10T22:00,13.9,243,26.3,0.1,1.42,9.0,232,1.5,0.14,0.4,117,0.52,14.6,,unavailable (no satellite pass / dataset error),
72.4,Good,Bit dodgy,2026-10-08T12:41:38Z,47,Blairgowrie Back Beach,2026-10-10T12:00:00Z,2026-10-10T23:00,12.6,251,25.2,0.0,1.5,8.75,233,1.52,0.1,0.4,153,0.8,14.6,,unavailable (no satellite pass / dataset error),
74.5,Good,Getting rough,2026-10-08T12:41:38Z,48,Blairgowrie Back Beach,2026-10-10T13:00:00Z,2026-10-11T00:00,10.1,264,22.3,0.0,1.52,8.85,233,1.54,0.08,0.4,153,0.9,14.6,,unavailable (no satellite pass / dataset error),
76.6,Good,Getting rough,2026-10-08T12:41:38Z,49,Blairgowrie Back Beach,2026-10-10T14:00:00Z,2026-10-11T01:00,7.5,280,18.0,0.0,1.56,9.1,232,1.56,0.04,0.4,180,0.81,14.6,,unavailable (no satellite pass / dataset error),
78.2,Good,Getting rough,2026-10-08T12:41:38Z,50,Blairgowrie Back Beach,2026-10-10T15:00:00Z,2026-10-11T02:00,5.5,314,13.3,0.0,1.58,9.35,232,1.58,0.02,0.4,180,0.56,14.6,,unavailable (no satellite pass / dataset error),
78.4,Good,Getting rough,2026-10-08T12:41:38Z,51,Blairgowrie Back Beach,2026-10-10T16:00:00Z,2026-10-11T03:00,4.9,343,9.7,0.0,1.66,9.6,232,1.66,0.02,0.2,180,0.2,14.6,,unavailable (no satellite pass / dataset error),
75.8,Good,Getting rough,2026-10-08T12:41:38Z,52,Blairgowrie Back Beach,2026-10-10T17:00:00Z,2026-10-11T04:00,6.7,355,11.5,0.0,1.74,9.9,232,1.74,0.04,0.3,135,-0.17,14.6,,unavailable (no satellite pass / dataset error),
73.3,Good,Getting rough,2026-10-08T12:41:38Z,53,Blairgowrie Back Beach,2026-10-10T18:00:00Z,2026-10-11T05:00,8.8,351,15.1,0.0,1.82,10.15,232,1.82,0.04,0.2,90,-0.42,14.6,,unavailable (no satellite pass / dataset error),
72.0,Good,Getting rough,2026-10-08T12:41:38Z,54,Blairgowrie Back Beach,2026-10-10T19:00:00Z,2026-10-11T06:00,9.2,348,16.2,0.0,1.92,10.4,232,1.92,0.04,0.2,90,-0.48,14.6,,unavailable (no satellite pass / dataset error),
70.2,Good,Getting rough,2026-10-08T12:41:38Z,55,Blairgowrie Back Beach,2026-10-10T20:00:00Z,2026-10-11T07:00,9.8,355,16.9,0.0,2.0,10.7,232,2.0,0.04,0.4,90,-0.41,14.6,,unavailable (no satellite pass / dataset error),
67.1,Good,Getting rough,2026-10-08T12:41:38Z,56,Blairgowrie Back Beach,2026-10-10T21:00:00Z,2026-10-11T08:00,12.1,356,23.4,0.0,2.1,10.95,232,2.1,0.04,0.4,90,-0.28,14.7,,unavailable (no satellite pass / dataset error),
65.1,Good,Getting rough,2026-10-08T12:41:38Z,57,Blairgowrie Back Beach,2026-10-10T22:00:00Z,2026-10-11T09:00,13.5,2,28.1,0.0,2.18,11.2,232,2.18,0.04,0.4,117,-0.04,14.7,,unavailable (no satellite pass / dataset error),
63.4,Good,Getting rough,2026-10-08T12:41:38Z,58,Blairgowrie Back Beach,2026-10-10T23:00:00Z,2026-10-11T10:00,14.5,11,30.2,0.0,2.26,11.4,232,2.26,0.06,0.4,153,0.29,14.7,,unavailable (no satellite pass / dataset error),
62.6,Good,Getting rough,2026-10-08T12:41:38Z,59,Blairgowrie Back Beach,2026-10-11T00:00:00Z,2026-10-11T11:00,14.5,20,32.4,0.0,2.34,11.6,232,2.34,0.06,0.4,153,0.6,14.8,,unavailable (no satellite pass / dataset error),
60.4,Good,Getting rough,2026-10-08T12:41:38Z,60,Blairgowrie Back Beach,2026-10-11T01:00:00Z,2026-10-11T12:00,16.0,12,33.5,0.0,2.38,11.75,232,2.4,0.16,0.5,180,0.74,14.9,,unavailable (no satellite pass / dataset error),
53.5,Fair,Getting rough,2026-10-08T12:41:38Z,61,Blairgowrie Back Beach,2026-10-11T02:00:00Z,2026-10-11T13:00,22.8,10,42.8,0.0,2.44,11.9,232,2.44,0.26,0.7,180,0.69,15.0,,unavailable (no satellite pass / dataset error),
48.0,Fair,Getting rough,2026-10-08T12:41:38Z,62,Blairgowrie Back Beach,2026-10-11T03:00:00Z,2026-10-11T14:00,28.3,15,51.1,0.0,2.48,12.0,232,2.5,0.36,0.7,194,0.46,15.1,,unavailable (no satellite pass / dataset error),
48.1,Fair,Getting rough,2026-10-08T12:41:38Z,63,Blairgowrie Back Beach,2026-10-11T04:00:00Z,2026-10-11T15:00,28.1,16,52.9,0.0,2.48,12.1,232,2.5,0.38,0.7,180,0.1,15.2,,unavailable (no satellite pass / dataset error),
52.1,Fair,Getting rough,2026-10-08T12:41:38Z,64,Blairgowrie Back Beach,2026-10-11T05:00:00Z,2026-10-11T16:00,24.2,12,50.8,0.0,2.48,12.1,231,2.52,0.38,0.5,180,-0.32,15.3,,unavailable (no satellite pass / dataset error),
57.1,Fair,Getting rough,2026-10-08T12:41:38Z,65,Blairgowrie Back Beach,2026-10-11T06:00:00Z,2026-10-11T17:00,18.6,10,42.1,0.0,2.48,12.15,231,2.52,0.4,0.5,180,-0.66,15.4,,unavailable (no satellite pass / dataset error),
56.9,Fair,Getting rough,2026-10-08T12:41:38Z,66,Blairgowrie Back Beach,2026-10-11T07:00:00Z,2026-10-11T18:00,19.1,11,33.5,0.0,2.46,12.15,231,2.5,0.46,0.4,153,-0.78,15.4,,unavailable (no satellite pass / dataset error),
53.3,Fair,Getting rough,2026-10-08T12:41:38Z,67,Blairgowrie Back Beach,2026-10-11T08:00:00Z,2026-10-11T19:00,23.1,8,39.2,0.0,2.42,12.15,231,2.5,0.54,0.4,153,-0.72,15.3,,unavailable (no satellite pass / dataset error),
48.4,Fair,Getting rough,2026-10-08T12:41:38Z,68,Blairgowrie Back Beach,2026-10-11T09:00:00Z,2026-10-11T20:00,28.6,9,49.0,0.0,2.4,12.1,231,2.48,0.6,0.5,135,-0.56,15.3,,unavailable (no satellite pass / dataset error),
47.4,Fair,Getting rough,2026-10-08T12:41:38Z,69,Blairgowrie Back Beach,2026-10-11T10:00:00Z,2026-10-11T21:00,29.9,6,52.2,0.0,2.36,12.05,231,2.44,0.62,0.6,146,-0.27,15.2,,unavailable (no satellite pass / dataset error),
49.9,Fair,Getting rough,2026-10-08T12:41:38Z,70,Blairgowrie Back Beach,2026-10-11T11:00:00Z,2026-10-11T22:00,27.3,5,51.5,0.0,2.3,12.05,231,2.38,0.64,0.8,153,0.14,15.1,,unavailable (no satellite pass / dataset error),
50.9,Fair,Getting rough,2026-10-08T12:41:38Z,71,Blairgowrie Back Beach,2026-10-11T12:00:00Z,2026-10-11T23:00,26.2,355,47.5,0.0,2.26,12.0,231,2.34,0.66,1.0,158,0.59,15.1,,unavailable (no satellite pass / dataset error),
49.0,Fair,Getting rough,2026-10-08T12:41:38Z,72,Blairgowrie Back Beach,2026-10-11T13:00:00Z,2026-10-12T00:00,28.5,355,49.0,0.0,2.2,12.0,231,2.32,0.72,1.0,149,0.91,15.0,,unavailable (no satellite pass / dataset error),
48.0,Fair,Getting rough,2026-10-08T12:41:38Z,73,Blairgowrie Back Beach,2026-10-11T14:00:00Z,2026-10-12T01:00,29.5,352,52.2,0.0,2.14,11.95,231,2.28,0.78,1.2,153,1.02,15.0,,unavailable (no satellite pass / dataset error),
47.9,Fair,Getting rough,2026-10-08T12:41:38Z,74,Blairgowrie Back Beach,2026-10-11T15:00:00Z,2026-10-12T02:00,30.2,347,52.9,0.0,2.08,11.95,231,2.26,0.84,1.1,162,0.93,15.0,,unavailable (no satellite pass / dataset error),
50.2,Fair,Getting rough,2026-10-08T12:41:38Z,75,Blairgowrie Back Beach,2026-10-11T16:00:00Z,2026-10-12T03:00,28.2,333,53.3,0.2,2.04,11.95,231,2.2,0.74,1.0,149,0.66,14.9,,unavailable (no satellite pass / dataset error),
56.7,Fair,Getting rough,2026-10-08T12:41:38Z,76,Blairgowrie Back Beach,2026-10-11T17:00:00Z,2026-10-12T04:00,20.7,308,49.3,1.0,2.0,11.9,231,2.14,0.62,0.8,135,0.28,14.9,,unavailable (no satellite pass / dataset error),
55.8,Fair,Getting rough,2026-10-08T12:41:38Z,77,Blairgowrie Back Beach,2026-10-11T18:00:00Z,2026-10-12T05:00,20.2,300,38.5,2.0,1.96,11.9,231,2.08,0.52,0.6,108,-0.11,14.9,,unavailable (no satellite pass / dataset error),
58.0,Fair,Getting rough,2026-10-08T12:41:38Z,78,Blairgowrie Back Beach,2026-10-11T19:00:00Z,2026-10-12T06:00,18.3,336,37.1,0.1,1.94,11.85,231,2.04,0.42,0.5,90,-0.34,14.9,,unavailable (no satellite pass / dataset error),
60.8,Good,Getting rough,2026-10-08T12:41:38Z,79,Blairgowrie Back Beach,2026-10-11T20:00:00Z,2026-10-12T07:00,14.8,342,38.2,0.4,1.9,11.85,231,2.0,0.32,0.6,72,-0.38,14.8,,unavailable (no satellite pass / dataset error),
58.0,Fair,Getting rough,2026-10-08T12:41:38Z,80,Blairgowrie Back Beach,2026-10-11T21:00:00Z,2026-10-12T08:00,18.0,344,32.4,0.2,1.88,11.8,231,1.96,0.22,0.6,72,-0.28,14.8,,unavailable (no satellite pass / dataset error),
59.9,Fair,Getting rough,2026-10-08T12:41:38Z,81,Blairgowrie Back Beach,2026-10-11T22:00:00Z,2026-10-12T09:00,16.0,335,31.3,0.1,1.88,11.75,231,1.94,0.16,0.6,72,-0.1,14.8,,unavailable (no satellite pass / dataset error),
60.6,Good,Getting rough,2026-10-08T12:41:38Z,82,Blairgowrie Back Beach,2026-10-11T23:00:00Z,2026-10-12T10:00,15.3,315,31.3,0.1,1.86,11.65,231,1.92,0.12,0.6,72,0.2,14.8,,unavailable (no satellite pass / dataset error),
63.2,Good,Getting rough,2026-10-08T12:41:38Z,83,Blairgowrie Back Beach,2026-10-12T00:00:00Z,2026-10-12T11:00,12.5,285,31.7,0.1,1.86,11.6,231,1.9,0.06,0.6,72,0.57,14.8,,unavailable (no satellite pass / dataset error),
60.8,Good,Getting rough,2026-10-08T12:41:38Z,84,Blairgowrie Back Beach,2026-10-12T01:00:00Z,2026-10-12T12:00,14.8,247,39.2,0.1,1.86,11.55,231,1.92,0.26,0.6,72,0.86,14.8,,unavailable (no satellite pass / dataset error),
54.7,Fair,Getting rough,2026-10-08T12:41:38Z,85,Blairgowrie Back Beach,2026-10-12T02:00:00Z,2026-10-12T13:00,21.8,223,49.7,0.1,1.84,11.55,231,1.94,0.46,0.4,63,0.94,14.8,,unavailable (no satellite pass / dataset error),
49.3,Fair,Getting rough,2026-10-08T12:41:38Z,86,Blairgowrie Back Beach,2026-10-12T03:00:00Z,2026-10-12T14:00,27.8,215,57.2,0.1,1.84,11.55,231,1.96,0.66,0.3,45,0.78,14.8,,unavailable (no satellite pass / dataset error),
47.0,Fair,Getting rough,2026-10-08T12:41:38Z,87,Blairgowrie Back Beach,2026-10-12T04:00:00Z,2026-10-12T15:00,28.6,216,59.8,0.1,1.82,11.6,231,2.12,0.98,0.2,90,0.45,14.8,,unavailable (no satellite pass / dataset error),
47.3,Fair,Getting rough,2026-10-08T12:41:38Z,88,Blairgowrie Back Beach,2026-10-12T05:00:00Z,2026-10-12T16:00,26.6,221,59.8,0.1,1.8,11.6,232,2.26,1.3,0.2,0,0.0,14.8,,unavailable (no satellite pass / dataset error),
47.1,Fair,Getting rough,2026-10-08T12:41:38Z,89,Blairgowrie Back Beach,2026-10-12T06:00:00Z,2026-10-12T17:00,24.9,225,58.7,0.1,1.78,11.6,232,2.42,1.62,0.2,0,-0.48,14.8,,unavailable (no satellite pass / dataset error),
47.5,Fair,Getting rough,2026-10-08T12:41:38Z,90,Blairgowrie Back Beach,2026-10-12T07:00:00Z,2026-10-12T18:00,24.7,225,56.5,0.0,1.78,11.55,232,2.4,1.3,0.2,0,-0.83,14.8,,unavailable (no satellite pass / dataset error),
47.3,Fair,Getting rough,2026-10-08T12:41:38Z,91,Blairgowrie Back Beach,2026-10-12T08:00:00Z,2026-10-12T19:00,24.6,224,53.6,0.0,1.8,11.45,232,2.38,0.98,0.4,27,-0.93,14.8,,unavailable (no satellite pass / dataset error),
48.1,Fair,Getting rough,2026-10-08T12:41:38Z,92,Blairgowrie Back Beach,2026-10-12T09:00:00Z,2026-10-12T20:00,23.7,226,50.4,0.0,1.8,11.15,232,2.36,0.66,0.5,45,-0.82,14.8,,unavailable (no satellite pass / dataset error),
50.4,Fair,Getting rough,2026-10-08T12:41:38Z,93,Blairgowrie Back Beach,2026-10-12T10:00:00Z,2026-10-12T21:00,22.0,237,47.5,0.0,1.88,10.55,231,2.28,0.64,0.5,45,-0.58,14.7,,unavailable (no satellite pass / dataset error),
51.8,Fair,Getting rough,2026-10-08T12:41:38Z,94,Blairgowrie Back Beach,2026-10-12T11:00:00Z,2026-10-12T22:00,20.8,253,44.6,0.0,1.98,9.8,229,2.22,0.62,0.6,56,-0.19,14.7,,unavailable (no satellite pass / dataset error),
52.4,Fair,Getting rough,2026-10-08T12:41:38Z,95,Blairgowrie Back Beach,2026-10-12T12:00:00Z,2026-10-12T23:00,21.1,268,42.5,0.0,2.06,9.25,228,2.14,0.6,0.6,56,0.32,14.7,,unavailable (no satellite pass / dataset error),
52.5,Fair,Getting rough,2026-10-08T12:41:38Z,96,Blairgowrie Back Beach,2026-10-12T13:00:00Z,2026-10-13T00:00,20.9,278,40.7,0.0,2.02,9.1,228,2.1,0.56,0.8,63,0.83,14.7,,unavailable (no satellite pass / dataset error),
53.9,Fair,Getting rough,2026-10-08T12:41:38Z,97,Blairgowrie Back Beach,2026-10-12T14:00:00Z,2026-10-13T01:00,20.5,287,39.2,0.0,2.0,9.1,229,2.04,0.52,0.6,72,1.16,14.7,,unavailable (no satellite pass / dataset error),
54.3,Fair,Getting rough,2026-10-08T12:41:38Z,98,Blairgowrie Back Beach,2026-10-12T15:00:00Z,2026-10-13T02:00,20.7,294,38.9,0.0,1.96,9.15,229,2.0,0.48,0.5,90,1.23,14.7,,unavailable (no satellite pass / dataset error),
54.0,Fair,Getting rough,2026-10-08T12:41:38Z,99,Blairgowrie Back Beach,2026-10-12T16:00:00Z,2026-10-13T03:00,21.6,299,40.0,0.0,1.94,9.15,229,2.0,0.5,0.4,117,1.07,14.7,,unavailable (no satellite pass / dataset error),
54.3,Fair,Getting rough,2026-10-08T12:41:38Z,100,Blairgowrie Back Beach,2026-10-12T17:00:00Z,2026-10-13T04:00,22.6,302,42.1,0.0,1.94,9.2,230,1.98,0.5,0.5,135,0.72,14.6,,unavailable (no satellite pass / dataset error),
55.7,Fair,Getting rough,2026-10-08T12:41:38Z,101,Blairgowrie Back Beach,2026-10-12T18:00:00Z,2026-10-13T05:00,23.6,302,44.3,0.0,1.92,9.25,230,1.98,0.52,0.6,146,0.26,14.6,,unavailable (no satellite pass / dataset error),
54.7,Fair,Getting rough,2026-10-08T12:41:38Z,102,Blairgowrie Back Beach,2026-10-12T19:00:00Z,2026-10-13T06:00,24.7,302,46.1,0.0,1.94,9.3,230,2.02,0.56,0.5,135,-0.17,14.6,,unavailable (no satellite pass / dataset error),
54.0,Fair,Getting rough,2026-10-08T12:41:38Z,103,Blairgowrie Back Beach,2026-10-12T20:00:00Z,2026-10-13T07:00,25.6,299,48.2,0.0,1.96,9.3,230,2.04,0.62,0.6,124,-0.41,14.6,,unavailable (no satellite pass / dataset error),
54.0,Fair,Getting rough,2026-10-08T12:41:38Z,104,Blairgowrie Back Beach,2026-10-12T21:00:00Z,2026-10-13T08:00,25.4,294,50.0,0.0,1.98,9.35,230,2.08,0.66,0.6,108,-0.42,14.6,,unavailable (no satellite pass / dataset error),
53.9,Fair,Getting rough,2026-10-08T12:41:38Z,105,Blairgowrie Back Beach,2026-10-12T22:00:00Z,2026-10-13T09:00,23.9,281,51.5,0.4,2.02,9.35,230,2.16,0.72,0.7,76,-0.29,14.6,,unavailable (no satellite pass / dataset error),
53.1,Fair,Getting rough,2026-10-08T12:41:38Z,106,Blairgowrie Back Beach,2026-10-12T23:00:00Z,2026-10-13T10:00,23.5,264,52.9,0.4,2.06,9.3,229,2.22,0.8,0.8,63,-0.06,14.6,,unavailable (no satellite pass / dataset error),
50.8,Fair,Getting rough,2026-10-08T12:41:38Z,107,Blairgowrie Back Beach,2026-10-13T00:00:00Z,2026-10-13T11:00,24.7,249,54.4,0.4,2.1,9.35,229,2.3,0.86,0.8,63,0.28,14.6,,unavailable (no satellite pass / dataset error),
48.6,Fair,Getting rough,2026-10-08T12:41:38Z,108,Blairgowrie Back Beach,2026-10-13T01:00:00Z,2026-10-13T12:00,26.3,240,56.2,0.1,2.06,9.5,229,2.38,1.08,0.8,63,0.67,14.6,,unavailable (no satellite pass / dataset error),
46.9,Fair,Getting rough,2026-10-08T12:41:38Z,109,Blairgowrie Back Beach,2026-10-13T02:00:00Z,2026-10-13T13:00,27.6,233,58.0,0.1,2.0,9.75,230,2.46,1.3,0.7,76,0.95,14.6,,unavailable (no satellite pass / dataset error),
45.7,Fair,Getting rough,2026-10-08T12:41:38Z,110,Blairgowrie Back Beach,2026-10-13T03:00:00Z,2026-10-13T14:00,28.7,227,59.4,0.1,1.96,10.05,230,2.54,1.52,0.6,72,0.99,14.6,,unavailable (no satellite pass / dataset error),
46.1,Fair,Getting rough,2026-10-08T12:41:38Z,111,Blairgowrie Back Beach,2026-10-13T04:00:00Z,2026-10-13T15:00,28.9,222,60.5,0.0,1.84,10.5,230,2.66,1.82,0.4,63,0.79,14.6,,unavailable (no satellite pass / dataset error),
46.1,Fair,Getting rough,2026-10-08T12:41:38Z,112,Blairgowrie Back Beach,2026-10-13T05:00:00Z,2026-10-13T16:00,28.8,217,60.8,0.0,1.7,11.05,231,2.8,2.1,0.5,45,0.42,14.6,,unavailable (no satellite pass / dataset error),
46.5,Fair,Getting rough,2026-10-08T12:41:38Z,113,Blairgowrie Back Beach,2026-10-13T06:00:00Z,2026-10-13T17:00,28.5,213,60.8,0.0,1.58,11.35,231,2.92,2.4,0.5,45,-0.06,14.6,,unavailable (no satellite pass / dataset error),
46.8,Fair,Getting rough,2026-10-08T12:41:38Z,114,Blairgowrie Back Beach,2026-10-13T07:00:00Z,2026-10-13T18:00,27.9,211,60.1,0.0,1.66,11.25,231,2.92,2.32,0.6,18,-0.54,14.6,,unavailable (no satellite pass / dataset error),
47.4,Fair,Getting rough,2026-10-08T12:41:38Z,115,Blairgowrie Back Beach,2026-10-13T08:00:00Z,2026-10-13T19:00,27.2,209,59.0,0.0,1.76,10.95,231,2.92,2.26,0.6,18,-0.86,14.6,,unavailable (no satellite pass / dataset error),
48.7,Fair,Getting rough,2026-10-08T12:41:38Z,116,Blairgowrie Back Beach,2026-10-13T09:00:00Z,2026-10-13T20:00,26.3,207,57.2,0.0,1.84,10.7,231,2.92,2.18,0.4,27,-0.94,14.6,,unavailable (no satellite pass / dataset error),
49.7,Fair,Getting rough,2026-10-08T12:41:38Z,117,Blairgowrie Back Beach,2026-10-13T10:00:00Z,2026-10-13T21:00,25.5,204,54.4,0.0,1.84,10.65,231,2.9,2.16,0.3,45,-0.8,14.6,,unavailable (no satellite pass / dataset error),
50.6,Fair,Getting rough,2026-10-08T12:41:38Z,118,Blairgowrie Back Beach,2026-10-13T11:00:00Z,2026-10-13T22:00,24.4,201,50.8,0.0,1.84,10.65,231,2.9,2.12,0.3,45,-0.52,14.5,,unavailable (no satellite pass / dataset error),
51.1,Fair,Getting rough,2026-10-08T12:41:38Z,119,Blairgowrie Back Beach,2026-10-13T12:00:00Z,2026-10-13T23:00,23.6,198,47.5,0.0,1.84,10.75,231,2.88,2.1,0.4,63,-0.1,14.5,,unavailable (no satellite pass / dataset error),
66.7,Good,Bit dodgy,2026-10-08T12:41:38Z,0,Cape Schanck,2026-10-08T13:00:00Z,2026-10-09T00:00,17.8,42,34.6,0.0,1.3,11.85,232,1.58,0.38,0.7,256,0.1,14.4,,unavailable (no satellite pass / dataset error),
69.2,Good,Doable,2026-10-08T12:41:38Z,1,Cape Schanck,2026-10-08T14:00:00Z,2026-10-09T01:00,15.2,39,30.6,0.0,1.18,12.8,233,1.56,0.36,0.7,256,-0.18,14.3,,unavailable (no satellite pass / dataset error),
69.7,Good,Doable,2026-10-08T12:41:38Z,2,Cape Schanck,2026-10-08T15:00:00Z,2026-10-09T02:00,14.9,36,26.3,0.0,1.04,13.35,233,1.56,0.34,0.6,252,-0.45,14.3,,unavailable (no satellite pass / dataset error),
69.8,Good,Doable,2026-10-08T12:41:38Z,3,Cape Schanck,2026-10-08T16:00:00Z,2026-10-09T03:00,15.0,32,26.3,0.0,1.16,13.0,233,1.56,0.36,0.5,225,-0.6,14.3,,unavailable (no satellite pass / dataset error),
70.6,Good,Bit dodgy,2026-10-08T12:41:38Z,4,Cape Schanck,2026-10-08T17:00:00Z,2026-10-09T04:00,14.6,20,25.9,0.0,1.28,12.2,232,1.54,0.4,0.4,180,-0.57,14.3,,unavailable (no satellite pass / dataset error),
69.8,Good,Bit dodgy,2026-10-08T12:41:38Z,5,Cape Schanck,2026-10-08T18:00:00Z,2026-10-09T05:00,15.0,17,25.9,0.0,1.4,11.6,232,1.54,0.42,0.6,162,-0.44,14.3,,unavailable (no satellite pass / dataset error),
67.8,Good,Bit dodgy,2026-10-08T12:41:38Z,6,Cape Schanck,2026-10-08T19:00:00Z,2026-10-09T06:00,16.5,22,28.4,0.0,1.4,11.55,232,1.56,0.48,0.8,135,-0.28,14.3,,unavailable (no satellite pass / dataset error),
66.5,Good,Bit dodgy,2026-10-08T12:41:38Z,7,Cape Schanck,2026-10-08T20:00:00Z,2026-10-09T07:00,17.7,24,30.2,0.0,1.4,11.7,232,1.56,0.56,0.9,143,-0.08,14.3,,unavailable (no satellite pass / dataset error),
62.8,Good,Bit dodgy,2026-10-08T12:41:38Z,8,Cape Schanck,2026-10-08T21:00:00Z,2026-10-09T08:00,21.6,20,36.7,0.0,1.4,11.85,232,1.58,0.62,0.9,143,0.18,14.3,,unavailable (no satellite pass / dataset error),
61.7,Good,Bit dodgy,2026-10-08T12:41:38Z,9,Cape Schanck,2026-10-08T22:00:00Z,2026-10-09T09:00,22.9,22,40.0,0.0,1.4,11.9,232,1.6,0.66,0.8,153,0.47,14.3,,unavailable (no satellite pass / dataset error),
61.6,Good,Bit dodgy,2026-10-08T12:41:38Z,10,Cape Schanck,2026-10-08T23:00:00Z,2026-10-09T10:00,22.5,18,41.8,0.0,1.42,11.95,232,1.64,0.68,0.8,153,0.64,14.3,,unavailable (no satellite pass / dataset error),
60.3,Good,Bit dodgy,2026-10-08T12:41:38Z,11,Cape Schanck,2026-10-09T00:00:00Z,2026-10-09T11:00,24.3,10,45.7,0.0,1.42,12.0,232,1.66,0.72,0.6,162,0.64,14.3,,unavailable (no satellite pass / dataset error),
56.7,Fair,Bit dodgy,2026-10-08T12:41:38Z,12,Cape Schanck,2026-10-09T01:00:00Z,2026-10-09T12:00,28.4,359,53.3,0.0,1.44,12.0,232,1.68,0.76,0.5,180,0.49,14.3,,unavailable (no satellite pass / dataset error),
54.6,Fair,Bit dodgy,2026-10-08T12:41:38Z,13,Cape Schanck,2026-10-09T02:00:00Z,2026-10-09T13:00,30.2,0,57.2,0.0,1.44,12.05,232,1.7,0.82,0.6,198,0.24,14.3,,unavailable (no satellite pass / dataset error),
55.9,Fair,Bit dodgy,2026-10-08T12:41:38Z,14,Cape Schanck,2026-10-09T03:00:00Z,2026-10-09T14:00,28.8,360,57.2,0.0,1.46,12.05,232,1.72,0.86,0.5,180,-0.06,14.4,,unavailable (no satellite pass / dataset error),
57.3,Fair,Bit dodgy,2026-10-08T12:41:38Z,15,Cape Schanck,2026-10-09T04:00:00Z,2026-10-09T15:00,27.0,0,54.7,0.0,1.46,12.05,232,1.74,0.86,0.5,180,-0.31,14.4,,unavailable (no satellite pass / dataset error),
58.4,Fair,Bit dodgy,2026-10-08T12:41:38Z,16,Cape Schanck,2026-10-09T05:00:00Z,2026-10-09T16:00,26.1,359,50.8,0.0,1.48,12.1,233,1.74,0.88,0.4,153,-0.42,14.4,,unavailable (no satellite pass / dataset error),
58.1,Fair,Bit dodgy,2026-10-08T12:41:38Z,17,Cape Schanck,2026-10-09T06:00:00Z,2026-10-09T17:00,25.9,359,48.6,0.0,1.48,12.1,233,1.76,0.88,0.5,135,-0.37,14.4,,unavailable (no satellite pass / dataset error),
56.2,Fair,Bit dodgy,2026-10-08T12:41:38Z,18,Cape Schanck,2026-10-09T07:00:00Z,2026-10-09T18:00,27.5,360,47.2,0.0,1.48,12.1,233,1.74,0.86,0.8,135,-0.25,14.4,,unavailable (no satellite pass / dataset error),
59.2,Fair,Bit dodgy,2026-10-08T12:41:38Z,19,Cape Schanck,2026-10-09T08:00:00Z,2026-10-09T19:00,24.6,11,48.6,0.0,1.48,12.1,233,1.74,0.82,0.6,124,-0.09,14.4,,unavailable (no satellite pass / dataset error),
60.0,Good,Bit dodgy,2026-10-08T12:41:38Z,20,Cape Schanck,2026-10-09T09:00:00Z,2026-10-09T20:00,24.0,23,43.2,0.0,1.48,12.1,233,1.72,0.8,0.6,124,0.16,14.4,,unavailable (no satellite pass / dataset error),
60.2,Good,Bit dodgy,2026-10-08T12:41:38Z,21,Cape Schanck,2026-10-09T10:00:00Z,2026-10-09T21:00,24.0,30,42.5,0.0,1.48,12.05,233,1.72,0.8,0.5,135,0.46,14.4,,unavailable (no satellite pass / dataset error),
63.6,Good,Bit dodgy,2026-10-08T12:41:38Z,22,Cape Schanck,2026-10-09T11:00:00Z,2026-10-09T22:00,20.7,20,42.5,0.0,1.46,12.0,234,1.7,0.78,0.4,153,0.71,14.4,,unavailable (no satellite pass / dataset error),
63.6,Good,Bit dodgy,2026-10-08T12:41:38Z,23,Cape Schanck,2026-10-09T12:00:00Z,2026-10-09T23:00,20.7,359,36.7,0.0,1.46,11.95,234,1.7,0.78,0.4,153,0.81,14.4,,unavailable (no satellite pass / dataset error),
57.6,Fair,Bit dodgy,2026-10-08T12:41:38Z,24,Cape Schanck,2026-10-09T13:00:00Z,2026-10-10T00:00,27.5,328,51.8,0.1,1.46,11.9,234,1.68,0.74,0.4,180,0.73,14.4,,unavailable (no satellite pass / dataset error),
65.7,Good,Bit dodgy,2026-10-08T12:41:38Z,25,Cape Schanck,2026-10-09T14:00:00Z,2026-10-10T01:00,19.2,328,46.8,0.0,1.44,11.85,234,1.66,0.7,0.2,180,0.52,14.4,,unavailable (no satellite pass / dataset error),
66.4,Good,Bit dodgy,2026-10-08T12:41:38Z,26,Cape Schanck,2026-10-09T15:00:00Z,2026-10-10T02:00,18.6,309,33.1,0.0,1.44,11.8,234,1.64,0.66,0.2,180,0.22,14.3,,unavailable (no satellite pass / dataset error),
62.2,Good,Bit dodgy,2026-10-08T12:41:38Z,27,Cape Schanck,2026-10-09T16:00:00Z,2026-10-10T03:00,23.1,310,40.0,0.1,1.44,11.75,234,1.62,0.66,0.3,135,-0.1,14.3,,unavailable (no satellite pass / dataset error),
63.1,Good,Bit dodgy,2026-10-08T12:41:38Z,28,Cape Schanck,2026-10-09T17:00:00Z,2026-10-10T04:00,21.8,304,41.4,0.0,1.42,11.65,234,1.62,0.64,0.4,117,-0.3,14.3,,unavailable (no satellite pass / dataset error),
61.0,Good,Bit dodgy,2026-10-08T12:41:38Z,29,Cape Schanck,2026-10-09T18:00:00Z,2026-10-10T05:00,24.2,293,43.2,0.0,1.42,11.55,234,1.6,0.64,0.5,90,-0.34,14.3,,unavailable (no satellite pass / dataset error),
56.5,Fair,Bit dodgy,2026-10-08T12:41:38Z,30,Cape Schanck,2026-10-09T19:00:00Z,2026-10-10T06:00,27.9,284,48.2,0.0,1.42,11.35,234,1.62,0.68,0.9,101,-0.26,14.3,,unavailable (no satellite pass / dataset error),
57.0,Fair,Bit dodgy,2026-10-08T12:41:38Z,31,Cape Schanck,2026-10-09T20:00:00Z,2026-10-10T07:00,27.2,290,51.5,0.0,1.44,11.1,235,1.64,0.72,0.9,101,-0.12,14.3,,unavailable (no satellite pass / dataset error),
57.3,Fair,Bit dodgy,2026-10-08T12:41:38Z,32,Cape Schanck,2026-10-09T21:00:00Z,2026-10-10T08:00,26.1,297,48.2,0.0,1.44,10.95,235,1.66,0.76,1.1,99,0.09,14.3,,unavailable (no satellite pass / dataset error),
56.2,Fair,Bit dodgy,2026-10-08T12:41:38Z,33,Cape Schanck,2026-10-09T22:00:00Z,2026-10-10T09:00,26.6,301,49.7,0.0,1.4,10.95,234,1.72,0.78,1.1,99,0.38,14.3,,unavailable (no satellite pass / dataset error),
54.3,Fair,Bit dodgy,2026-10-08T12:41:38Z,34,Cape Schanck,2026-10-09T23:00:00Z,2026-10-10T10:00,28.8,299,54.0,0.0,1.38,11.05,234,1.76,0.82,0.9,101,0.67,14.4,,unavailable (no satellite pass / dataset error),
54.1,Fair,Bit dodgy,2026-10-08T12:41:38Z,35,Cape Schanck,2026-10-10T00:00:00Z,2026-10-10T11:00,28.4,295,55.1,0.0,1.34,11.05,233,1.82,0.84,0.9,101,0.84,14.4,,unavailable (no satellite pass / dataset error),
54.3,Fair,Bit dodgy,2026-10-08T12:41:38Z,36,Cape Schanck,2026-10-10T01:00:00Z,2026-10-10T12:00,29.2,295,56.2,0.0,1.32,10.9,233,1.82,0.8,0.5,90,0.81,14.4,,unavailable (no satellite pass / dataset error),
55.1,Fair,Bit dodgy,2026-10-08T12:41:38Z,37,Cape Schanck,2026-10-10T02:00:00Z,2026-10-10T13:00,28.3,296,55.8,0.0,1.28,10.65,234,1.84,0.76,0.4,90,0.63,14.4,,unavailable (no satellite pass / dataset error),
57.3,Fair,Bit dodgy,2026-10-08T12:41:38Z,38,Cape Schanck,2026-10-10T03:00:00Z,2026-10-10T14:00,25.9,297,55.1,0.0,1.26,10.25,234,1.84,0.72,0.4,90,0.33,14.5,,unavailable (no satellite pass / dataset error),
57.4,Fair,Bit dodgy,2026-10-08T12:41:38Z,39,Cape Schanck,2026-10-10T04:00:00Z,2026-10-10T15:00,26.8,295,52.6,0.0,1.24,9.5,237,1.8,0.68,0.2,90,-0.04,14.5,,unavailable (no satellite pass / dataset error),
60.6,Good,Bit dodgy,2026-10-08T12:41:38Z,40,Cape Schanck,2026-10-10T05:00:00Z,2026-10-10T16:00,23.1,300,52.2,0.0,1.22,8.5,239,1.78,0.66,0.3,45,-0.36,14.6,,unavailable (no satellite pass / dataset error),
60.6,Good,Doable,2026-10-08T12:41:38Z,41,Cape Schanck,2026-10-10T06:00:00Z,2026-10-10T17:00,23.3,298,45.4,0.0,1.2,7.8,242,1.74,0.62,0.4,63,-0.5,14.6,,unavailable (no satellite pass / dataset error),
64.1,Good,Bit dodgy,2026-10-08T12:41:38Z,42,Cape Schanck,2026-10-10T07:00:00Z,2026-10-10T18:00,18.9,301,44.3,0.0,1.26,7.5,243,1.74,0.48,0.6,72,-0.48,14.6,,unavailable (no satellite pass / dataset error),
63.8,Good,Bit dodgy,2026-10-08T12:41:38Z,43,Cape Schanck,2026-10-10T08:00:00Z,2026-10-10T19:00,19.0,293,37.4,0.0,1.32,7.45,244,1.76,0.36,0.6,72,-0.36,14.6,,unavailable (no satellite pass / dataset error),
68.4,Good,Bit dodgy,2026-10-08T12:41:38Z,44,Cape Schanck,2026-10-10T09:00:00Z,2026-10-10T20:00,13.8,259,33.5,0.0,1.38,7.45,245,1.76,0.22,0.6,72,-0.16,14.5,,unavailable (no satellite pass / dataset error),
68.4,Good,Bit dodgy,2026-10-08T12:41:38Z,45,Cape Schanck,2026-10-10T10:00:00Z,2026-10-10T21:00,13.1,237,25.6,0.2,1.48,7.5,244,1.8,0.2,0.6,72,0.14,14.5,,unavailable (no satellite pass / dataset error),
69.2,Good,Getting rough,2026-10-08T12:41:38Z,46,Cape Schanck,2026-10-10T11:00:00Z,2026-10-10T22:00,11.9,256,23.0,0.1,1.6,7.65,244,1.86,0.16,0.4,63,0.51,14.5,,unavailable (no satellite pass / dataset error),
69.1,Good,Getting rough,2026-10-08T12:41:38Z,47,Cape Schanck,2026-10-10T12:00:00Z,2026-10-10T23:00,11.4,265,22.0,0.1,1.7,7.9,243,1.9,0.14,0.4,90,0.81,14.5,,unavailable (no satellite pass / dataset error),
72.9,Good,Getting rough,2026-10-08T12:41:38Z,48,Cape Schanck,2026-10-10T13:00:00Z,2026-10-11T00:00,7.5,278,20.2,0.1,1.8,8.25,242,1.92,0.1,0.2,90,0.92,14.5,,unavailable (no satellite pass / dataset error),
73.9,Good,Getting rough,2026-10-08T12:41:38Z,49,Cape Schanck,2026-10-10T14:00:00Z,2026-10-11T01:00,6.3,307,13.3,0.1,1.88,8.75,241,1.96,0.04,0.0,90,0.83,14.4,,unavailable (no satellite pass / dataset error),
72.5,Good,Getting rough,2026-10-08T12:41:38Z,50,Cape Schanck,2026-10-10T15:00:00Z,2026-10-11T02:00,6.9,321,12.2,0.0,1.98,9.15,240,1.98,0.0,0.3,225,0.58,14.4,,unavailable (no satellite pass / dataset error),
71.5,Good,Getting rough,2026-10-08T12:41:38Z,51,Cape Schanck,2026-10-10T16:00:00Z,2026-10-11T03:00,7.2,333,13.0,0.0,2.06,9.45,240,2.06,0.04,0.3,225,0.22,14.4,,unavailable (no satellite pass / dataset error),
70.9,Good,Getting rough,2026-10-08T12:41:38Z,52,Cape Schanck,2026-10-10T17:00:00Z,2026-10-11T04:00,7.0,347,12.6,0.0,2.14,9.75,239,2.16,0.1,0.2,180,-0.16,14.4,,unavailable (no satellite pass / dataset error),
68.9,Good,Getting rough,2026-10-08T12:41:38Z,53,Cape Schanck,2026-10-10T18:00:00Z,2026-10-11T05:00,8.4,349,14.4,0.0,2.22,10.0,239,2.24,0.14,0.2,180,-0.42,14.4,,unavailable (no satellite pass / dataset error),
66.2,Good,Getting rough,2026-10-08T12:41:38Z,54,Cape Schanck,2026-10-10T19:00:00Z,2026-10-11T06:00,10.0,342,16.9,0.0,2.32,10.3,239,2.34,0.16,0.3,135,-0.49,14.4,,unavailable (no satellite pass / dataset error),
64.2,Good,Getting rough,2026-10-08T12:41:38Z,55,Cape Schanck,2026-10-10T20:00:00Z,2026-10-11T07:00,10.1,341,17.6,0.0,2.44,10.6,239,2.46,0.16,0.6,108,-0.43,14.4,,unavailable (no satellite pass / dataset error),
62.3,Good,Getting rough,2026-10-08T12:41:38Z,56,Cape Schanck,2026-10-10T21:00:00Z,2026-10-11T08:00,11.5,343,20.9,0.0,2.54,10.85,239,2.56,0.18,0.7,104,-0.29,14.5,,unavailable (no satellite pass / dataset error),
61.2,Good,Getting rough,2026-10-08T12:41:38Z,57,Cape Schanck,2026-10-10T22:00:00Z,2026-10-11T09:00,12.8,349,25.6,0.0,2.62,11.05,239,2.64,0.18,0.7,104,-0.05,14.5,,unavailable (no satellite pass / dataset error),
58.9,Fair,Getting rough,2026-10-08T12:41:38Z,58,Cape Schanck,2026-10-10T23:00:00Z,2026-10-11T10:00,15.4,349,30.6,0.0,2.68,11.25,239,2.72,0.2,0.7,104,0.28,14.5,,unavailable (no satellite pass / dataset error),
58.4,Fair,Getting rough,2026-10-08T12:41:38Z,59,Cape Schanck,2026-10-11T00:00:00Z,2026-10-11T11:00,15.9,350,33.1,0.0,2.76,11.45,239,2.8,0.2,0.7,104,0.6,14.6,,unavailable (no satellite pass / dataset error),
58.4,Fair,Getting rough,2026-10-08T12:41:38Z,60,Cape Schanck,2026-10-11T01:00:00Z,2026-10-11T12:00,16.2,352,34.2,0.0,2.8,11.65,239,2.84,0.24,0.6,108,0.76,14.7,,unavailable (no satellite pass / dataset error),
53.5,Fair,Getting rough,2026-10-08T12:41:38Z,61,Cape Schanck,2026-10-11T02:00:00Z,2026-10-11T13:00,22.4,354,43.9,0.0,2.84,11.8,238,2.88,0.3,0.3,135,0.71,14.8,,unavailable (no satellite pass / dataset error),
49.7,Fair,Getting rough,2026-10-08T12:41:38Z,62,Cape Schanck,2026-10-11T03:00:00Z,2026-10-11T14:00,27.0,360,52.2,0.0,2.88,11.95,238,2.92,0.34,0.2,180,0.48,14.9,,unavailable (no satellite pass / dataset error),
48.3,Fair,Getting rough,2026-10-08T12:41:38Z,63,Cape Schanck,2026-10-11T04:00:00Z,2026-10-11T15:00,28.3,360,54.4,0.0,2.88,12.05,238,2.92,0.38,0.3,225,0.12,15.0,,unavailable (no satellite pass / dataset error),
51.9,Fair,Getting rough,2026-10-08T12:41:38Z,64,Cape Schanck,2026-10-11T05:00:00Z,2026-10-11T16:00,24.3,359,54.0,0.0,2.9,12.05,238,2.92,0.44,0.3,225,-0.3,15.1,,unavailable (no satellite pass / dataset error),
55.4,Fair,Getting rough,2026-10-08T12:41:38Z,65,Cape Schanck,2026-10-11T06:00:00Z,2026-10-11T17:00,20.3,359,46.1,0.0,2.9,12.1,238,2.92,0.48,0.3,225,-0.65,15.2,,unavailable (no satellite pass / dataset error),
56.9,Fair,Getting rough,2026-10-08T12:41:38Z,66,Cape Schanck,2026-10-11T07:00:00Z,2026-10-11T18:00,18.7,359,37.8,0.0,2.86,12.1,238,2.9,0.54,0.3,225,-0.8,15.2,,unavailable (no satellite pass / dataset error),
53.4,Fair,Getting rough,2026-10-08T12:41:38Z,67,Cape Schanck,2026-10-11T08:00:00Z,2026-10-11T19:00,22.3,358,39.2,0.0,2.84,12.1,238,2.9,0.58,0.4,180,-0.75,15.1,,unavailable (no satellite pass / dataset error),
49.2,Fair,Getting rough,2026-10-08T12:41:38Z,68,Cape Schanck,2026-10-11T09:00:00Z,2026-10-11T20:00,27.0,1,46.4,0.0,2.8,12.1,238,2.88,0.64,0.4,153,-0.58,15.1,,unavailable (no satellite pass / dataset error),
49.3,Fair,Getting rough,2026-10-08T12:41:38Z,69,Cape Schanck,2026-10-11T10:00:00Z,2026-10-11T21:00,26.7,2,47.2,0.0,2.74,12.05,238,2.84,0.68,0.6,146,-0.29,15.0,,unavailable (no satellite pass / dataset error),
49.4,Fair,Getting rough,2026-10-08T12:41:38Z,70,Cape Schanck,2026-10-11T11:00:00Z,2026-10-11T22:00,25.9,1,46.4,0.0,2.7,12.05,238,2.78,0.74,0.9,143,0.12,14.9,,unavailable (no satellite pass / dataset error),
48.1,Fair,Getting rough,2026-10-08T12:41:38Z,71,Cape Schanck,2026-10-11T12:00:00Z,2026-10-11T23:00,26.7,350,46.8,0.0,2.64,12.0,238,2.74,0.78,1.2,141,0.58,14.9,,unavailable (no satellite pass / dataset error),
46.7,Fair,Getting rough,2026-10-08T12:41:38Z,72,Cape Schanck,2026-10-11T13:00:00Z,2026-10-12T00:00,28.4,350,49.0,0.0,2.58,12.0,238,2.72,0.86,1.2,141,0.92,14.8,,unavailable (no satellite pass / dataset error),
45.2,Fair,Getting rough,2026-10-08T12:41:38Z,73,Cape Schanck,2026-10-11T14:00:00Z,2026-10-12T01:00,30.0,345,52.6,0.0,2.5,11.95,238,2.68,0.96,1.3,146,1.04,14.8,,unavailable (no satellite pass / dataset error),
44.0,Fair,Getting rough,2026-10-08T12:41:38Z,74,Cape Schanck,2026-10-11T15:00:00Z,2026-10-12T02:00,32.1,341,55.1,0.0,2.44,11.95,238,2.66,1.04,1.0,149,0.95,14.7,,unavailable (no satellite pass / dataset error),
44.1,Fair,Getting rough,2026-10-08T12:41:38Z,75,Cape Schanck,2026-10-11T16:00:00Z,2026-10-12T03:00,32.1,332,56.5,0.1,2.4,11.9,238,2.58,0.92,0.9,143,0.68,14.7,,unavailable (no satellite pass / dataset error),
51.6,Fair,Getting rough,2026-10-08T12:41:38Z,76,Cape Schanck,2026-10-11T17:00:00Z,2026-10-12T04:00,23.3,312,55.8,0.5,2.34,11.9,238,2.5,0.78,0.8,135,0.3,14.7,,unavailable (no satellite pass / dataset error),
52.4,Fair,Getting rough,2026-10-08T12:41:38Z,77,Cape Schanck,2026-10-11T18:00:00Z,2026-10-12T05:00,21.7,300,43.2,1.5,2.3,11.85,238,2.42,0.66,0.6,124,-0.1,14.6,,unavailable (no satellite pass / dataset error),
52.6,Fair,Getting rough,2026-10-08T12:41:38Z,78,Cape Schanck,2026-10-11T19:00:00Z,2026-10-12T06:00,21.5,333,40.7,0.3,2.28,11.8,238,2.38,0.58,0.6,108,-0.35,14.6,,unavailable (no satellite pass / dataset error),
55.4,Fair,Getting rough,2026-10-08T12:41:38Z,79,Cape Schanck,2026-10-11T20:00:00Z,2026-10-12T07:00,18.4,336,42.5,0.1,2.24,11.75,238,2.34,0.5,0.7,90,-0.4,14.6,,unavailable (no satellite pass / dataset error),
54.5,Fair,Getting rough,2026-10-08T12:41:38Z,80,Cape Schanck,2026-10-11T21:00:00Z,2026-10-12T08:00,19.2,332,33.5,0.1,2.22,11.65,238,2.3,0.42,0.9,90,-0.3,14.6,,unavailable (no satellite pass / dataset error),
56.6,Fair,Getting rough,2026-10-08T12:41:38Z,81,Cape Schanck,2026-10-11T22:00:00Z,2026-10-12T09:00,16.6,323,32.8,0.0,2.22,11.55,238,2.28,0.32,1.1,81,-0.12,14.6,,unavailable (no satellite pass / dataset error),
54.8,Fair,Getting rough,2026-10-08T12:41:38Z,82,Cape Schanck,2026-10-11T23:00:00Z,2026-10-12T10:00,18.8,309,36.0,0.0,2.2,11.45,238,2.26,0.2,1.1,72,0.18,14.6,,unavailable (no satellite pass / dataset error),
55.7,Fair,Getting rough,2026-10-08T12:41:38Z,83,Cape Schanck,2026-10-12T00:00:00Z,2026-10-12T11:00,17.6,285,37.1,0.1,2.2,11.35,238,2.24,0.1,1.2,63,0.56,14.6,,unavailable (no satellite pass / dataset error),
53.9,Fair,Getting rough,2026-10-08T12:41:38Z,84,Cape Schanck,2026-10-12T01:00:00Z,2026-10-12T12:00,19.2,258,42.8,0.1,2.18,11.3,238,2.26,0.34,1.2,51,0.85,14.6,,unavailable (no satellite pass / dataset error),
49.5,Fair,Getting rough,2026-10-08T12:41:38Z,85,Cape Schanck,2026-10-12T02:00:00Z,2026-10-12T13:00,24.6,234,50.4,0.1,2.14,11.3,237,2.26,0.56,1.0,45,0.95,14.5,,unavailable (no satellite pass / dataset error),
45.2,Fair,Getting rough,2026-10-08T12:41:38Z,86,Cape Schanck,2026-10-12T03:00:00Z,2026-10-12T14:00,29.5,225,55.8,0.1,2.12,11.35,237,2.28,0.8,0.8,27,0.8,14.5,,unavailable (no satellite pass / dataset error),
43.7,Fair,Getting rough,2026-10-08T12:41:38Z,87,Cape Schanck,2026-10-12T04:00:00Z,2026-10-12T15:00,29.5,224,58.0,0.1,2.1,11.45,237,2.44,1.14,0.7,14,0.47,14.5,,unavailable (no satellite pass / dataset error),
45.3,Fair,Getting rough,2026-10-08T12:41:38Z,88,Cape Schanck,2026-10-12T05:00:00Z,2026-10-12T16:00,26.9,228,58.7,0.1,2.06,11.6,238,2.58,1.46,0.7,0,0.02,14.5,,unavailable (no satellite pass / dataset error),
47.3,Fair,Getting rough,2026-10-08T12:41:38Z,89,Cape Schanck,2026-10-12T06:00:00Z,2026-10-12T17:00,24.6,232,57.6,0.1,2.04,11.6,238,2.74,1.8,0.7,346,-0.46,14.5,,unavailable (no satellite pass / dataset error),
47.4,Fair,Getting rough,2026-10-08T12:41:38Z,90,Cape Schanck,2026-10-12T07:00:00Z,2026-10-12T18:00,24.5,232,55.1,0.0,2.06,11.45,238,2.74,1.66,0.7,346,-0.82,14.5,,unavailable (no satellite pass / dataset error),
47.7,Fair,Getting rough,2026-10-08T12:41:38Z,91,Cape Schanck,2026-10-12T08:00:00Z,2026-10-12T19:00,24.6,232,51.1,0.0,2.1,11.2,238,2.76,1.54,0.5,0,-0.94,14.5,,unavailable (no satellite pass / dataset error),
48.0,Fair,Getting rough,2026-10-08T12:41:38Z,92,Cape Schanck,2026-10-12T09:00:00Z,2026-10-12T20:00,24.3,235,47.5,0.0,2.12,10.9,238,2.76,1.4,0.5,45,-0.84,14.4,,unavailable (no satellite pass / dataset error),
49.2,Fair,Getting rough,2026-10-08T12:41:38Z,93,Cape Schanck,2026-10-12T10:00:00Z,2026-10-12T21:00,22.7,244,45.4,0.0,2.16,10.55,237,2.68,1.22,0.6,72,-0.6,14.4,,unavailable (no satellite pass / dataset error),
50.1,Fair,Getting rough,2026-10-08T12:41:38Z,94,Cape Schanck,2026-10-12T11:00:00Z,2026-10-12T22:00,21.4,257,43.9,0.0,2.2,10.15,236,2.6,1.04,0.7,76,-0.21,14.4,,unavailable (no satellite pass / dataset error),
49.7,Fair,Getting rough,2026-10-08T12:41:38Z,95,Cape Schanck,2026-10-12T12:00:00Z,2026-10-12T23:00,21.4,270,42.5,0.0,2.24,9.8,235,2.52,0.86,0.9,90,0.29,14.4,,unavailable (no satellite pass / dataset error),
48.9,Fair,Getting rough,2026-10-08T12:41:38Z,96,Cape Schanck,2026-10-12T13:00:00Z,2026-10-13T00:00,21.9,277,41.4,0.0,2.24,9.6,235,2.48,0.86,1.1,99,0.81,14.4,,unavailable (no satellite pass / dataset error),
49.1,Fair,Getting rough,2026-10-08T12:41:38Z,97,Cape Schanck,2026-10-12T14:00:00Z,2026-10-13T01:00,22.4,282,40.7,0.0,2.22,9.4,235,2.42,0.86,1.1,99,1.17,14.4,,unavailable (no satellite pass / dataset error),
49.5,Fair,Getting rough,2026-10-08T12:41:38Z,98,Cape Schanck,2026-10-12T15:00:00Z,2026-10-13T02:00,22.7,286,40.3,0.0,2.22,9.3,235,2.38,0.86,1.0,112,1.25,14.4,,unavailable (no satellite pass / dataset error),
50.0,Fair,Getting rough,2026-10-08T12:41:38Z,99,Cape Schanck,2026-10-12T16:00:00Z,2026-10-13T03:00,22.8,292,40.0,0.0,2.24,9.2,235,2.38,0.84,0.8,117,1.09,14.4,,unavailable (no satellite pass / dataset error),
51.1,Fair,Getting rough,2026-10-08T12:41:38Z,100,Cape Schanck,2026-10-12T17:00:00Z,2026-10-13T04:00,22.8,299,40.3,0.0,2.24,9.15,236,2.38,0.82,0.6,124,0.75,14.4,,unavailable (no satellite pass / dataset error),
52.5,Fair,Getting rough,2026-10-08T12:41:38Z,101,Cape Schanck,2026-10-12T18:00:00Z,2026-10-13T05:00,23.3,302,41.0,0.0,2.26,9.15,236,2.38,0.8,0.6,124,0.29,14.4,,unavailable (no satellite pass / dataset error),
51.2,Fair,Getting rough,2026-10-08T12:41:38Z,102,Cape Schanck,2026-10-12T19:00:00Z,2026-10-13T06:00,24.5,301,43.2,0.0,2.22,9.15,235,2.44,0.88,0.6,108,-0.15,14.4,,unavailable (no satellite pass / dataset error),
49.0,Fair,Getting rough,2026-10-08T12:41:38Z,103,Cape Schanck,2026-10-12T20:00:00Z,2026-10-13T07:00,26.2,297,46.1,0.0,2.18,9.15,235,2.5,0.96,0.7,90,-0.4,14.4,,unavailable (no satellite pass / dataset error),
48.4,Fair,Getting rough,2026-10-08T12:41:38Z,104,Cape Schanck,2026-10-12T21:00:00Z,2026-10-13T08:00,26.5,292,48.6,0.0,2.14,9.2,234,2.56,1.04,0.9,90,-0.43,14.4,,unavailable (no satellite pass / dataset error),
48.6,Fair,Getting rough,2026-10-08T12:41:38Z,105,Cape Schanck,2026-10-12T22:00:00Z,2026-10-13T09:00,25.4,280,50.8,0.2,2.2,9.35,235,2.64,1.2,1.1,81,-0.3,14.3,,unavailable (no satellite pass / dataset error),
48.8,Fair,Getting rough,2026-10-08T12:41:38Z,106,Cape Schanck,2026-10-12T23:00:00Z,2026-10-13T10:00,24.9,265,52.6,0.2,2.28,9.55,235,2.74,1.38,1.1,72,-0.07,14.3,,unavailable (no satellite pass / dataset error),
47.5,Fair,Getting rough,2026-10-08T12:41:38Z,107,Cape Schanck,2026-10-13T00:00:00Z,2026-10-13T11:00,25.7,251,54.0,0.2,2.34,9.8,236,2.82,1.54,1.3,74,0.27,14.3,,unavailable (no satellite pass / dataset error),
46.4,Fair,Getting rough,2026-10-08T12:41:38Z,108,Cape Schanck,2026-10-13T01:00:00Z,2026-10-13T12:00,26.8,242,55.1,0.2,2.26,10.05,236,2.9,1.74,1.3,74,0.66,14.3,,unavailable (no satellite pass / dataset error),
45.9,Fair,Getting rough,2026-10-08T12:41:38Z,109,Cape Schanck,2026-10-13T02:00:00Z,2026-10-13T13:00,27.8,235,55.8,0.2,2.18,10.3,237,2.96,1.94,1.1,72,0.95,14.3,,unavailable (no satellite pass / dataset error),
45.2,Fair,Getting rough,2026-10-08T12:41:38Z,110,Cape Schanck,2026-10-13T03:00:00Z,2026-10-13T14:00,28.6,229,56.2,0.2,2.1,10.55,237,3.04,2.14,1.0,59,1.01,14.3,,unavailable (no satellite pass / dataset error),
45.2,Fair,Getting rough,2026-10-08T12:41:38Z,111,Cape Schanck,2026-10-13T04:00:00Z,2026-10-13T15:00,29.0,224,56.5,0.0,2.0,10.85,237,3.12,2.34,0.9,53,0.82,14.3,,unavailable (no satellite pass / dataset error),
46.0,Fair,Getting rough,2026-10-08T12:41:38Z,112,Cape Schanck,2026-10-13T05:00:00Z,2026-10-13T16:00,29.1,220,56.5,0.0,1.92,11.15,238,3.22,2.52,0.6,34,0.45,14.3,,unavailable (no satellite pass / dataset error),
46.2,Fair,Getting rough,2026-10-08T12:41:38Z,113,Cape Schanck,2026-10-13T06:00:00Z,2026-10-13T17:00,28.7,217,56.5,0.0,1.82,11.3,238,3.3,2.72,0.7,14,-0.03,14.3,,unavailable (no satellite pass / dataset error),
47.2,Fair,Getting rough,2026-10-08T12:41:38Z,114,Cape Schanck,2026-10-13T07:00:00Z,2026-10-13T18:00,27.6,215,56.2,0.0,1.9,11.2,238,3.28,2.6,0.7,0,-0.52,14.3,,unavailable (no satellite pass / dataset error),
48.6,Fair,Getting rough,2026-10-08T12:41:38Z,115,Cape Schanck,2026-10-13T08:00:00Z,2026-10-13T19:00,26.1,213,55.8,0.0,2.0,10.95,238,3.26,2.5,0.7,0,-0.87,14.3,,unavailable (no satellite pass / dataset error),
49.7,Fair,Getting rough,2026-10-08T12:41:38Z,116,Cape Schanck,2026-10-13T09:00:00Z,2026-10-13T20:00,24.8,210,54.4,0.0,2.08,10.8,238,3.24,2.38,0.7,14,-0.96,14.3,,unavailable (no satellite pass / dataset error),
50.1,Fair,Getting rough,2026-10-08T12:41:38Z,117,Cape Schanck,2026-10-13T10:00:00Z,2026-10-13T21:00,24.1,206,51.1,0.0,2.08,10.75,238,3.24,2.38,0.8,27,-0.84,14.2,,unavailable (no satellite pass / dataset error),
50.2,Fair,Getting rough,2026-10-08T12:41:38Z,118,Cape Schanck,2026-10-13T11:00:00Z,2026-10-13T22:00,23.7,202,47.2,0.0,2.06,10.8,239,3.26,2.4,0.9,37,-0.56,14.2,,unavailable (no satellite pass / dataset error),
49.9,Fair,Getting rough,2026-10-08T12:41:38Z,119,Cape Schanck,2026-10-13T12:00:00Z,2026-10-13T23:00,23.3,199,43.9,0.0,2.06,10.9,239,3.26,2.4,1.2,51,-0.13,14.2,,unavailable (no satellite pass / dataset error),
66.0,Good,Doable,2026-10-08T12:41:38Z,0,Cape Paterson,2026-10-08T13:00:00Z,2026-10-09T00:00,20.3,55,38.5,0.0,1.18,10.85,245,1.38,0.4,0.9,233,0.12,14.3,,unavailable (no satellite pass / dataset error),
70.1,Good,Doable,2026-10-08T12:41:38Z,1,Cape Paterson,2026-10-08T14:00:00Z,2026-10-09T01:00,16.4,51,33.8,0.0,1.16,10.95,246,1.34,0.32,0.8,243,-0.21,14.2,,unavailable (no satellite pass / dataset error),
74.1,Good,Doable,2026-10-08T12:41:38Z,2,Cape Paterson,2026-10-08T15:00:00Z,2026-10-09T02:00,12.1,48,27.0,0.0,1.14,11.05,247,1.32,0.26,0.8,243,-0.51,14.2,,unavailable (no satellite pass / dataset error),
76.0,Good,Doable,2026-10-08T12:41:38Z,3,Cape Paterson,2026-10-08T16:00:00Z,2026-10-09T03:00,10.8,47,19.8,0.0,1.12,11.1,247,1.3,0.22,0.6,236,-0.7,14.2,,unavailable (no satellite pass / dataset error),
77.0,Good,Doable,2026-10-08T12:41:38Z,4,Cape Paterson,2026-10-08T17:00:00Z,2026-10-09T04:00,10.4,51,17.6,0.0,1.12,11.15,247,1.28,0.18,0.4,207,-0.71,14.2,,unavailable (no satellite pass / dataset error),
78.1,Good,Doable,2026-10-08T12:41:38Z,5,Cape Paterson,2026-10-08T18:00:00Z,2026-10-09T05:00,9.1,52,17.3,0.0,1.1,11.2,247,1.26,0.14,0.5,180,-0.57,14.2,,unavailable (no satellite pass / dataset error),
76.9,Good,Doable,2026-10-08T12:41:38Z,6,Cape Paterson,2026-10-08T19:00:00Z,2026-10-09T06:00,10.2,51,16.6,0.0,1.08,11.25,247,1.26,0.16,0.6,162,-0.34,14.2,,unavailable (no satellite pass / dataset error),
75.5,Good,Doable,2026-10-08T12:41:38Z,7,Cape Paterson,2026-10-08T20:00:00Z,2026-10-09T07:00,12.0,50,19.4,0.0,1.08,11.35,247,1.24,0.18,0.6,146,-0.08,14.2,,unavailable (no satellite pass / dataset error),
74.1,Good,Doable,2026-10-08T12:41:38Z,8,Cape Paterson,2026-10-08T21:00:00Z,2026-10-09T08:00,13.6,54,23.4,0.0,1.06,11.4,247,1.24,0.2,0.6,162,0.23,14.2,,unavailable (no satellite pass / dataset error),
73.2,Good,Doable,2026-10-08T12:41:38Z,9,Cape Paterson,2026-10-08T22:00:00Z,2026-10-09T09:00,14.5,58,24.8,0.0,1.06,11.45,247,1.24,0.2,0.6,162,0.53,14.2,,unavailable (no satellite pass / dataset error),
74.1,Good,Doable,2026-10-08T12:41:38Z,10,Cape Paterson,2026-10-08T23:00:00Z,2026-10-09T10:00,14.1,58,26.6,0.0,1.06,11.55,247,1.24,0.18,0.4,153,0.72,14.3,,unavailable (no satellite pass / dataset error),
74.3,Good,Doable,2026-10-08T12:41:38Z,11,Cape Paterson,2026-10-09T00:00:00Z,2026-10-09T11:00,13.8,50,27.4,0.0,1.06,11.6,247,1.24,0.18,0.4,180,0.72,14.3,,unavailable (no satellite pass / dataset error),
74.6,Good,Doable,2026-10-08T12:41:38Z,12,Cape Paterson,2026-10-09T01:00:00Z,2026-10-09T12:00,13.5,33,27.7,0.0,1.06,11.65,247,1.24,0.14,0.4,180,0.55,14.5,,unavailable (no satellite pass / dataset error),
74.4,Good,Doable,2026-10-08T12:41:38Z,13,Cape Paterson,2026-10-09T02:00:00Z,2026-10-09T13:00,13.7,5,28.1,0.0,1.08,11.75,246,1.24,0.12,0.4,180,0.25,14.6,,unavailable (no satellite pass / dataset error),
71.3,Good,Doable,2026-10-08T12:41:38Z,14,Cape Paterson,2026-10-09T03:00:00Z,2026-10-09T14:00,17.2,355,32.8,0.0,1.08,11.8,246,1.24,0.08,0.4,180,-0.08,14.8,,unavailable (no satellite pass / dataset error),
65.6,Good,Doable,2026-10-08T12:41:38Z,15,Cape Paterson,2026-10-09T04:00:00Z,2026-10-09T15:00,22.8,344,42.1,0.0,1.1,11.85,246,1.26,0.2,0.6,162,-0.37,15.0,,unavailable (no satellite pass / dataset error),
67.1,Good,Doable,2026-10-08T12:41:38Z,16,Cape Paterson,2026-10-09T05:00:00Z,2026-10-09T16:00,20.7,349,42.5,0.0,1.1,11.9,245,1.3,0.3,0.6,146,-0.52,15.2,,unavailable (no satellite pass / dataset error),
65.8,Good,Doable,2026-10-08T12:41:38Z,17,Cape Paterson,2026-10-09T06:00:00Z,2026-10-09T17:00,21.4,357,38.5,0.0,1.12,11.95,245,1.32,0.42,0.8,135,-0.49,15.3,,unavailable (no satellite pass / dataset error),
65.1,Good,Doable,2026-10-08T12:41:38Z,18,Cape Paterson,2026-10-09T07:00:00Z,2026-10-09T18:00,21.9,6,37.1,0.0,1.14,12.0,244,1.32,0.4,0.9,127,-0.33,15.3,,unavailable (no satellite pass / dataset error),
63.4,Good,Doable,2026-10-08T12:41:38Z,19,Cape Paterson,2026-10-09T08:00:00Z,2026-10-09T19:00,23.6,7,39.6,0.0,1.16,12.0,244,1.34,0.38,0.9,127,-0.11,15.2,,unavailable (no satellite pass / dataset error),
66.9,Good,Doable,2026-10-08T12:41:38Z,20,Cape Paterson,2026-10-09T09:00:00Z,2026-10-09T20:00,20.0,27,38.9,0.0,1.18,12.0,243,1.34,0.36,0.8,135,0.17,15.1,,unavailable (no satellite pass / dataset error),
65.5,Good,Doable,2026-10-08T12:41:38Z,21,Cape Paterson,2026-10-09T10:00:00Z,2026-10-09T21:00,22.3,45,35.3,0.0,1.18,12.0,242,1.34,0.38,0.5,135,0.49,14.9,,unavailable (no satellite pass / dataset error),
63.0,Good,Doable,2026-10-08T12:41:38Z,22,Cape Paterson,2026-10-09T11:00:00Z,2026-10-09T22:00,25.2,42,41.8,0.0,1.2,11.95,240,1.36,0.42,0.4,153,0.76,14.8,,unavailable (no satellite pass / dataset error),
65.2,Good,Doable,2026-10-08T12:41:38Z,23,Cape Paterson,2026-10-09T12:00:00Z,2026-10-09T23:00,22.7,34,41.8,0.0,1.2,11.9,239,1.36,0.44,0.4,153,0.88,14.7,,unavailable (no satellite pass / dataset error),
69.1,Good,Doable,2026-10-08T12:41:38Z,24,Cape Paterson,2026-10-09T13:00:00Z,2026-10-10T00:00,18.3,15,37.4,0.0,1.2,11.85,239,1.36,0.48,0.4,153,0.8,14.7,,unavailable (no satellite pass / dataset error),
69.5,Good,Doable,2026-10-08T12:41:38Z,25,Cape Paterson,2026-10-09T14:00:00Z,2026-10-10T01:00,17.3,330,38.2,0.0,1.2,11.8,239,1.36,0.52,0.6,162,0.55,14.6,,unavailable (no satellite pass / dataset error),
68.6,Good,Doable,2026-10-08T12:41:38Z,26,Cape Paterson,2026-10-09T15:00:00Z,2026-10-10T02:00,18.6,337,31.3,0.0,1.2,11.7,239,1.36,0.56,0.5,135,0.21,14.6,,unavailable (no satellite pass / dataset error),
66.6,Good,Doable,2026-10-08T12:41:38Z,27,Cape Paterson,2026-10-09T16:00:00Z,2026-10-10T03:00,20.6,315,34.2,0.0,1.2,11.6,239,1.36,0.58,0.6,124,-0.12,14.6,,unavailable (no satellite pass / dataset error),
64.3,Good,Doable,2026-10-08T12:41:38Z,28,Cape Paterson,2026-10-09T17:00:00Z,2026-10-10T04:00,22.7,297,37.4,0.0,1.18,11.5,240,1.38,0.62,0.7,104,-0.37,14.6,,unavailable (no satellite pass / dataset error),
61.9,Good,Doable,2026-10-08T12:41:38Z,29,Cape Paterson,2026-10-09T18:00:00Z,2026-10-10T05:00,24.3,294,40.7,0.0,1.18,11.4,240,1.38,0.64,1.1,99,-0.44,14.6,,unavailable (no satellite pass / dataset error),
58.9,Fair,Doable,2026-10-08T12:41:38Z,30,Cape Paterson,2026-10-09T19:00:00Z,2026-10-10T06:00,26.7,288,45.7,0.0,1.18,11.3,240,1.42,0.7,1.3,98,-0.35,14.5,,unavailable (no satellite pass / dataset error),
56.3,Fair,Doable,2026-10-08T12:41:38Z,31,Cape Paterson,2026-10-09T20:00:00Z,2026-10-10T07:00,28.9,282,49.0,0.0,1.18,11.15,241,1.44,0.78,1.5,97,-0.15,14.5,,unavailable (no satellite pass / dataset error),
55.4,Fair,Doable,2026-10-08T12:41:38Z,32,Cape Paterson,2026-10-09T21:00:00Z,2026-10-10T08:00,29.4,287,51.8,0.0,1.18,10.95,241,1.48,0.84,1.5,97,0.11,14.5,,unavailable (no satellite pass / dataset error),
54.6,Fair,Bit dodgy,2026-10-08T12:41:38Z,33,Cape Paterson,2026-10-09T22:00:00Z,2026-10-10T09:00,29.0,293,53.3,0.0,1.24,10.65,241,1.58,0.94,1.6,96,0.44,14.5,,unavailable (no satellite pass / dataset error),
52.8,Fair,Bit dodgy,2026-10-08T12:41:38Z,34,Cape Paterson,2026-10-09T23:00:00Z,2026-10-10T10:00,29.9,293,55.4,0.0,1.28,10.25,242,1.68,1.02,1.6,96,0.74,14.4,,unavailable (no satellite pass / dataset error),
51.2,Fair,Bit dodgy,2026-10-08T12:41:38Z,35,Cape Paterson,2026-10-10T00:00:00Z,2026-10-10T11:00,30.8,291,58.0,0.0,1.34,9.65,242,1.78,1.12,1.5,97,0.93,14.4,,unavailable (no satellite pass / dataset error),
50.7,Fair,Bit dodgy,2026-10-08T12:41:38Z,36,Cape Paterson,2026-10-10T01:00:00Z,2026-10-10T12:00,30.9,291,58.7,0.0,1.34,8.65,244,1.82,1.08,1.5,97,0.91,14.4,,unavailable (no satellite pass / dataset error),
50.7,Fair,Bit dodgy,2026-10-08T12:41:38Z,37,Cape Paterson,2026-10-10T02:00:00Z,2026-10-10T13:00,30.7,292,59.0,0.0,1.34,7.45,247,1.88,1.02,1.3,90,0.7,14.4,,unavailable (no satellite pass / dataset error),
52.6,Fair,Bit dodgy,2026-10-08T12:41:38Z,38,Cape Paterson,2026-10-10T03:00:00Z,2026-10-10T14:00,28.2,292,58.0,0.0,1.34,6.6,249,1.92,0.98,1.3,90,0.36,14.4,,unavailable (no satellite pass / dataset error),
52.9,Fair,Bit dodgy,2026-10-08T12:41:38Z,39,Cape Paterson,2026-10-10T04:00:00Z,2026-10-10T15:00,28.6,291,53.6,0.0,1.36,6.4,249,1.9,0.92,1.1,90,-0.03,14.5,,unavailable (no satellite pass / dataset error),
53.5,Fair,Bit dodgy,2026-10-08T12:41:38Z,40,Cape Paterson,2026-10-10T05:00:00Z,2026-10-10T16:00,28.4,289,54.7,0.0,1.38,6.55,250,1.86,0.88,1.1,90,-0.38,14.5,,unavailable (no satellite pass / dataset error),
58.9,Fair,Bit dodgy,2026-10-08T12:41:38Z,41,Cape Paterson,2026-10-10T06:00:00Z,2026-10-10T17:00,22.5,295,52.9,0.0,1.4,6.8,250,1.84,0.82,1.1,81,-0.58,14.5,,unavailable (no satellite pass / dataset error),
59.8,Fair,Bit dodgy,2026-10-08T12:41:38Z,42,Cape Paterson,2026-10-10T07:00:00Z,2026-10-10T18:00,21.8,301,44.6,0.0,1.48,7.2,250,1.82,0.74,1.1,81,-0.57,14.5,,unavailable (no satellite pass / dataset error),
62.9,Good,Getting rough,2026-10-08T12:41:38Z,43,Cape Paterson,2026-10-10T08:00:00Z,2026-10-10T19:00,17.8,300,37.1,0.0,1.58,7.75,249,1.82,0.66,1.3,82,-0.42,14.5,,unavailable (no satellite pass / dataset error),
64.1,Good,Getting rough,2026-10-08T12:41:38Z,44,Cape Paterson,2026-10-10T09:00:00Z,2026-10-10T20:00,16.6,270,30.2,0.0,1.66,8.15,249,1.8,0.58,1.3,82,-0.19,14.5,,unavailable (no satellite pass / dataset error),
67.0,Good,Getting rough,2026-10-08T12:41:38Z,45,Cape Paterson,2026-10-10T10:00:00Z,2026-10-10T21:00,13.5,245,28.4,0.0,1.74,8.2,249,1.84,0.48,1.1,81,0.15,14.4,,unavailable (no satellite pass / dataset error),
64.1,Good,Getting rough,2026-10-08T12:41:38Z,46,Cape Paterson,2026-10-10T11:00:00Z,2026-10-10T22:00,16.6,252,28.4,0.0,1.84,8.05,250,1.9,0.36,0.9,79,0.54,14.4,,unavailable (no satellite pass / dataset error),
66.2,Good,Getting rough,2026-10-08T12:41:38Z,47,Cape Paterson,2026-10-10T12:00:00Z,2026-10-10T23:00,13.8,257,28.4,0.0,1.92,7.95,250,1.94,0.26,0.9,79,0.85,14.4,,unavailable (no satellite pass / dataset error),
69.1,Good,Getting rough,2026-10-08T12:41:38Z,48,Cape Paterson,2026-10-10T13:00:00Z,2026-10-11T00:00,10.3,270,23.4,0.2,1.92,7.8,250,1.98,0.2,0.7,76,0.98,14.4,,unavailable (no satellite pass / dataset error),
72.0,Good,Getting rough,2026-10-08T12:41:38Z,49,Cape Paterson,2026-10-10T14:00:00Z,2026-10-11T01:00,7.0,299,17.3,0.1,1.92,7.65,250,2.0,0.14,0.6,72,0.9,14.4,,unavailable (no satellite pass / dataset error),
71.3,Good,Getting rough,2026-10-08T12:41:38Z,50,Cape Paterson,2026-10-10T15:00:00Z,2026-10-11T02:00,7.0,339,11.9,0.2,1.92,7.75,250,2.04,0.08,0.6,72,0.62,14.4,,unavailable (no satellite pass / dataset error),
70.4,Good,Getting rough,2026-10-08T12:41:38Z,51,Cape Paterson,2026-10-10T16:00:00Z,2026-10-11T03:00,8.0,352,14.0,0.1,1.94,8.3,249,2.08,0.06,0.4,63,0.24,14.4,,unavailable (no satellite pass / dataset error),
69.9,Good,Getting rough,2026-10-08T12:41:38Z,52,Cape Paterson,2026-10-10T17:00:00Z,2026-10-11T04:00,8.3,358,13.7,0.0,1.98,9.15,247,2.1,0.06,0.4,63,-0.16,14.4,,unavailable (no satellite pass / dataset error),
68.8,Good,Getting rough,2026-10-08T12:41:38Z,53,Cape Paterson,2026-10-10T18:00:00Z,2026-10-11T05:00,9.0,354,15.1,0.1,2.0,9.8,246,2.14,0.04,0.4,63,-0.45,14.4,,unavailable (no satellite pass / dataset error),
66.3,Good,Getting rough,2026-10-08T12:41:38Z,54,Cape Paterson,2026-10-10T19:00:00Z,2026-10-11T06:00,10.8,356,17.3,0.0,2.12,10.1,247,2.22,0.06,0.4,63,-0.57,14.4,,unavailable (no satellite pass / dataset error),
63.3,Good,Getting rough,2026-10-08T12:41:38Z,55,Cape Paterson,2026-10-10T20:00:00Z,2026-10-11T07:00,13.3,352,21.2,0.0,2.26,10.2,248,2.3,0.08,0.4,90,-0.51,14.4,,unavailable (no satellite pass / dataset error),
61.2,Good,Getting rough,2026-10-08T12:41:38Z,56,Cape Paterson,2026-10-10T21:00:00Z,2026-10-11T08:00,14.5,353,24.5,0.0,2.38,10.35,249,2.38,0.1,0.5,90,-0.33,14.4,,unavailable (no satellite pass / dataset error),
62.5,Good,Getting rough,2026-10-08T12:41:38Z,57,Cape Paterson,2026-10-10T22:00:00Z,2026-10-11T09:00,12.2,351,24.1,0.0,2.46,10.6,249,2.46,0.12,0.5,90,-0.05,14.5,,unavailable (no satellite pass / dataset error),
60.0,Good,Getting rough,2026-10-08T12:41:38Z,58,Cape Paterson,2026-10-10T23:00:00Z,2026-10-11T10:00,14.2,340,28.1,0.0,2.56,10.95,248,2.56,0.12,0.6,108,0.3,14.5,,unavailable (no satellite pass / dataset error),
57.7,Fair,Getting rough,2026-10-08T12:41:38Z,59,Cape Paterson,2026-10-11T00:00:00Z,2026-10-11T11:00,16.8,335,33.1,0.0,2.64,11.2,248,2.64,0.14,0.6,108,0.65,14.6,,unavailable (no satellite pass / dataset error),
55.7,Fair,Getting rough,2026-10-08T12:41:38Z,60,Cape Paterson,2026-10-11T01:00:00Z,2026-10-11T12:00,19.1,331,37.4,0.0,2.68,11.4,248,2.68,0.14,0.6,108,0.84,14.8,,unavailable (no satellite pass / dataset error),
56.1,Fair,Getting rough,2026-10-08T12:41:38Z,61,Cape Paterson,2026-10-11T02:00:00Z,2026-10-11T13:00,19.1,327,37.8,0.0,2.72,11.6,248,2.74,0.12,0.4,90,0.8,15.0,,unavailable (no satellite pass / dataset error),
55.5,Fair,Getting rough,2026-10-08T12:41:38Z,62,Cape Paterson,2026-10-11T03:00:00Z,2026-10-11T14:00,19.8,321,38.5,0.0,2.76,11.75,248,2.78,0.12,0.4,63,0.56,15.3,,unavailable (no satellite pass / dataset error),
53.1,Fair,Getting rough,2026-10-08T12:41:38Z,63,Cape Paterson,2026-10-11T04:00:00Z,2026-10-11T15:00,22.8,322,43.2,0.0,2.76,11.9,248,2.78,0.2,0.3,45,0.17,15.6,,unavailable (no satellite pass / dataset error),
50.7,Fair,Getting rough,2026-10-08T12:41:38Z,64,Cape Paterson,2026-10-11T05:00:00Z,2026-10-11T16:00,25.2,327,46.4,0.0,2.78,11.95,248,2.8,0.28,0.4,0,-0.28,15.8,,unavailable (no satellite pass / dataset error),
52.8,Fair,Getting rough,2026-10-08T12:41:38Z,65,Cape Paterson,2026-10-11T06:00:00Z,2026-10-11T17:00,22.8,337,46.4,0.0,2.78,12.05,248,2.8,0.36,0.4,333,-0.66,15.9,,unavailable (no satellite pass / dataset error),
55.0,Fair,Getting rough,2026-10-08T12:41:38Z,66,Cape Paterson,2026-10-11T07:00:00Z,2026-10-11T18:00,20.4,350,38.9,0.0,2.76,12.1,248,2.78,0.42,0.4,297,-0.87,15.9,,unavailable (no satellite pass / dataset error),
51.0,Fair,Getting rough,2026-10-08T12:41:38Z,67,Cape Paterson,2026-10-11T08:00:00Z,2026-10-11T19:00,24.8,6,41.4,0.0,2.72,12.15,248,2.78,0.46,0.4,270,-0.87,15.7,,unavailable (no satellite pass / dataset error),
51.8,Fair,Getting rough,2026-10-08T12:41:38Z,68,Cape Paterson,2026-10-11T09:00:00Z,2026-10-11T20:00,23.9,10,41.8,0.0,2.7,12.15,248,2.76,0.52,0.4,207,-0.68,15.6,,unavailable (no satellite pass / dataset error),
51.2,Fair,Getting rough,2026-10-08T12:41:38Z,69,Cape Paterson,2026-10-11T10:00:00Z,2026-10-11T21:00,24.4,11,41.0,0.0,2.66,12.15,248,2.72,0.56,0.5,180,-0.36,15.4,,unavailable (no satellite pass / dataset error),
52.8,Fair,Getting rough,2026-10-08T12:41:38Z,70,Cape Paterson,2026-10-11T11:00:00Z,2026-10-11T22:00,22.1,6,40.3,0.0,2.6,12.15,248,2.68,0.58,0.7,166,0.08,15.2,,unavailable (no satellite pass / dataset error),
50.1,Fair,Getting rough,2026-10-08T12:41:38Z,71,Cape Paterson,2026-10-11T12:00:00Z,2026-10-11T23:00,24.8,351,41.4,0.0,2.56,12.15,248,2.64,0.62,0.8,153,0.55,15.1,,unavailable (no satellite pass / dataset error),
49.7,Fair,Getting rough,2026-10-08T12:41:38Z,72,Cape Paterson,2026-10-11T13:00:00Z,2026-10-12T00:00,25.3,349,43.6,0.0,2.5,12.1,248,2.6,0.7,0.9,143,0.93,15.0,,unavailable (no satellite pass / dataset error),
48.4,Fair,Getting rough,2026-10-08T12:41:38Z,73,Cape Paterson,2026-10-11T14:00:00Z,2026-10-12T01:00,26.6,351,44.3,0.0,2.42,12.1,248,2.56,0.76,1.0,149,1.1,14.9,,unavailable (no satellite pass / dataset error),
49.0,Fair,Getting rough,2026-10-08T12:41:38Z,74,Cape Paterson,2026-10-11T15:00:00Z,2026-10-12T02:00,26.2,346,44.3,0.0,2.36,12.05,248,2.52,0.84,1.0,149,1.02,14.9,,unavailable (no satellite pass / dataset error),
48.4,Fair,Getting rough,2026-10-08T12:41:38Z,75,Cape Paterson,2026-10-11T16:00:00Z,2026-10-12T03:00,27.0,333,45.0,0.0,2.32,12.0,248,2.5,0.92,1.0,135,0.74,14.8,,unavailable (no satellite pass / dataset error),
44.9,Fair,Getting rough,2026-10-08T12:41:38Z,76,Cape Paterson,2026-10-11T17:00:00Z,2026-10-12T04:00,27.6,301,54.7,2.4,2.26,12.0,248,2.5,1.02,1.0,135,0.34,14.8,,unavailable (no satellite pass / dataset error),
44.9,Fair,Getting rough,2026-10-08T12:41:38Z,77,Cape Paterson,2026-10-11T18:00:00Z,2026-10-12T05:00,27.8,297,51.5,0.1,2.22,11.95,248,2.48,1.1,1.0,135,-0.07,14.7,,unavailable (no satellite pass / dataset error),
52.3,Fair,Getting rough,2026-10-08T12:41:38Z,78,Cape Paterson,2026-10-11T19:00:00Z,2026-10-12T06:00,18.4,306,49.0,1.5,2.18,11.9,248,2.42,0.92,0.9,127,-0.37,14.7,,unavailable (no satellite pass / dataset error),
53.2,Fair,Getting rough,2026-10-08T12:41:38Z,79,Cape Paterson,2026-10-11T20:00:00Z,2026-10-12T07:00,17.5,325,32.0,0.5,2.16,11.8,248,2.34,0.76,0.9,127,-0.46,14.7,,unavailable (no satellite pass / dataset error),
45.7,Fair,Getting rough,2026-10-08T12:41:38Z,80,Cape Paterson,2026-10-11T21:00:00Z,2026-10-12T08:00,23.7,333,39.6,1.9,2.12,11.7,248,2.28,0.58,1.0,121,-0.37,14.7,,unavailable (no satellite pass / dataset error),
46.8,Fair,Getting rough,2026-10-08T12:41:38Z,81,Cape Paterson,2026-10-11T22:00:00Z,2026-10-12T09:00,22.1,334,43.2,0.2,2.1,11.55,248,2.24,0.56,1.2,117,-0.15,14.7,,unavailable (no satellite pass / dataset error),
48.7,Fair,Getting rough,2026-10-08T12:41:38Z,82,Cape Paterson,2026-10-11T23:00:00Z,2026-10-12T10:00,20.4,316,37.1,0.0,2.1,11.4,248,2.2,0.54,1.2,117,0.19,14.7,,unavailable (no satellite pass / dataset error),
47.0,Fair,Getting rough,2026-10-08T12:41:38Z,83,Cape Paterson,2026-10-12T00:00:00Z,2026-10-12T11:00,22.1,294,45.0,0.3,2.08,11.25,248,2.16,0.52,1.3,106,0.59,14.7,,unavailable (no satellite pass / dataset error),
47.0,Fair,Getting rough,2026-10-08T12:41:38Z,84,Cape Paterson,2026-10-12T01:00:00Z,2026-10-12T12:00,21.7,275,46.4,0.1,2.06,11.15,248,2.14,0.48,1.5,104,0.92,14.7,,unavailable (no satellite pass / dataset error),
45.8,Fair,Getting rough,2026-10-08T12:41:38Z,85,Cape Paterson,2026-10-12T02:00:00Z,2026-10-12T13:00,23.1,255,47.9,0.1,2.06,11.05,247,2.12,0.46,1.5,97,1.06,14.7,,unavailable (no satellite pass / dataset error),
44.5,Fair,Getting rough,2026-10-08T12:41:38Z,86,Cape Paterson,2026-10-12T03:00:00Z,2026-10-12T14:00,25.1,243,50.0,0.1,2.04,11.0,247,2.1,0.42,1.3,90,0.94,14.7,,unavailable (no satellite pass / dataset error),
44.4,Fair,Getting rough,2026-10-08T12:41:38Z,87,Cape Paterson,2026-10-12T04:00:00Z,2026-10-12T15:00,25.1,238,54.0,0.0,2.0,11.05,247,2.16,0.66,1.1,90,0.6,14.7,,unavailable (no satellite pass / dataset error),
45.4,Fair,Getting rough,2026-10-08T12:41:38Z,88,Cape Paterson,2026-10-12T05:00:00Z,2026-10-12T16:00,23.5,238,58.7,0.0,1.98,11.1,246,2.2,0.9,1.1,81,0.1,14.7,,unavailable (no satellite pass / dataset error),
46.5,Fair,Getting rough,2026-10-08T12:41:38Z,89,Cape Paterson,2026-10-12T06:00:00Z,2026-10-12T17:00,21.9,238,60.1,0.0,1.94,11.15,246,2.26,1.14,1.0,68,-0.42,14.7,,unavailable (no satellite pass / dataset error),
46.1,Fair,Getting rough,2026-10-08T12:41:38Z,90,Cape Paterson,2026-10-12T07:00:00Z,2026-10-12T18:00,21.5,238,55.1,0.0,1.94,11.15,246,2.34,1.22,1.0,68,-0.83,14.7,,unavailable (no satellite pass / dataset error),
45.3,Fair,Getting rough,2026-10-08T12:41:38Z,91,Cape Paterson,2026-10-12T08:00:00Z,2026-10-12T19:00,21.2,239,47.2,0.0,1.94,11.1,246,2.44,1.3,1.0,68,-1.03,14.7,,unavailable (no satellite pass / dataset error),
44.7,Fair,Getting rough,2026-10-08T12:41:38Z,92,Cape Paterson,2026-10-12T09:00:00Z,2026-10-12T20:00,21.2,242,41.0,0.0,1.94,11.05,246,2.52,1.38,1.0,68,-0.97,14.7,,unavailable (no satellite pass / dataset error),
44.3,Fair,Getting rough,2026-10-08T12:41:38Z,93,Cape Paterson,2026-10-12T10:00:00Z,2026-10-12T21:00,21.4,249,40.0,0.0,1.9,11.05,246,2.54,1.4,1.1,72,-0.71,14.7,,unavailable (no satellite pass / dataset error),
43.0,Fair,Getting rough,2026-10-08T12:41:38Z,94,Cape Paterson,2026-10-12T11:00:00Z,2026-10-12T22:00,22.4,258,41.0,0.0,1.86,11.1,247,2.54,1.42,1.3,74,-0.29,14.7,,unavailable (no satellite pass / dataset error),
41.7,Fair,Getting rough,2026-10-08T12:41:38Z,95,Cape Paterson,2026-10-12T12:00:00Z,2026-10-12T23:00,23.3,266,41.8,0.0,1.82,11.15,247,2.56,1.44,1.5,83,0.24,14.7,,unavailable (no satellite pass / dataset error),
41.2,Fair,Getting rough,2026-10-08T12:41:38Z,96,Cape Paterson,2026-10-12T13:00:00Z,2026-10-13T00:00,23.8,273,41.8,0.0,1.78,11.25,247,2.52,1.32,1.5,83,0.8,14.7,,unavailable (no satellite pass / dataset error),
41.6,Fair,Getting rough,2026-10-08T12:41:38Z,97,Cape Paterson,2026-10-12T14:00:00Z,2026-10-13T01:00,24.1,279,41.4,0.0,1.72,11.3,247,2.46,1.18,1.4,90,1.21,14.6,,unavailable (no satellite pass / dataset error),
41.7,Fair,Getting rough,2026-10-08T12:41:38Z,98,Cape Paterson,2026-10-12T15:00:00Z,2026-10-13T02:00,24.4,286,41.4,0.0,1.68,11.25,247,2.42,1.06,1.4,90,1.34,14.6,,unavailable (no satellite pass / dataset error),
41.7,Fair,Getting rough,2026-10-08T12:41:38Z,99,Cape Paterson,2026-10-12T16:00:00Z,2026-10-13T03:00,24.2,295,41.8,0.0,1.74,10.95,247,2.42,1.08,1.5,97,1.2,14.6,,unavailable (no satellite pass / dataset error),
45.1,Fair,Getting rough,2026-10-08T12:41:38Z,100,Cape Paterson,2026-10-12T17:00:00Z,2026-10-13T04:00,24.3,305,42.1,0.0,1.82,10.5,246,2.42,1.1,1.3,98,0.85,14.6,,unavailable (no satellite pass / dataset error),
44.7,Fair,Getting rough,2026-10-08T12:41:38Z,101,Cape Paterson,2026-10-12T18:00:00Z,2026-10-13T05:00,24.8,310,42.8,0.0,1.88,10.05,246,2.42,1.12,1.3,98,0.38,14.6,,unavailable (no satellite pass / dataset error),
45.1,Fair,Getting rough,2026-10-08T12:41:38Z,102,Cape Paterson,2026-10-12T19:00:00Z,2026-10-13T06:00,26.0,308,44.3,0.0,2.0,9.6,245,2.46,1.18,1.3,98,-0.08,14.6,,unavailable (no satellite pass / dataset error),
44.4,Fair,Getting rough,2026-10-08T12:41:38Z,103,Cape Paterson,2026-10-12T20:00:00Z,2026-10-13T07:00,27.1,303,46.1,0.0,2.1,9.2,245,2.52,1.22,1.3,98,-0.38,14.6,,unavailable (no satellite pass / dataset error),
46.4,Fair,Getting rough,2026-10-08T12:41:38Z,104,Cape Paterson,2026-10-12T21:00:00Z,2026-10-13T08:00,27.5,295,47.9,0.0,2.22,9.0,244,2.56,1.28,1.3,98,-0.46,14.5,,unavailable (no satellite pass / dataset error),
46.9,Fair,Getting rough,2026-10-08T12:41:38Z,105,Cape Paterson,2026-10-12T22:00:00Z,2026-10-13T09:00,26.3,284,50.0,0.3,2.16,9.25,245,2.66,1.5,1.5,97,-0.35,14.5,,unavailable (no satellite pass / dataset error),
46.7,Fair,Getting rough,2026-10-08T12:41:38Z,106,Cape Paterson,2026-10-12T23:00:00Z,2026-10-13T10:00,25.8,268,52.6,0.3,2.1,9.7,246,2.76,1.7,1.6,90,-0.09,14.5,,unavailable (no satellite pass / dataset error),
45.5,Fair,Getting rough,2026-10-08T12:41:38Z,107,Cape Paterson,2026-10-13T00:00:00Z,2026-10-13T11:00,26.6,255,55.1,0.3,2.04,10.1,247,2.86,1.92,1.8,90,0.28,14.5,,unavailable (no satellite pass / dataset error),
44.2,Fair,Getting rough,2026-10-08T12:41:38Z,108,Cape Paterson,2026-10-13T01:00:00Z,2026-10-13T12:00,27.8,247,57.6,0.3,2.04,10.2,247,2.88,1.96,1.8,90,0.7,14.5,,unavailable (no satellite pass / dataset error),
42.6,Fair,Getting rough,2026-10-08T12:41:38Z,109,Cape Paterson,2026-10-13T02:00:00Z,2026-10-13T13:00,28.8,241,60.5,0.3,2.06,10.25,247,2.9,2.0,2.0,90,1.03,14.5,,unavailable (no satellite pass / dataset error),
41.7,Fair,Getting rough,2026-10-08T12:41:38Z,110,Cape Paterson,2026-10-13T03:00:00Z,2026-10-13T14:00,29.5,235,61.6,0.3,2.06,10.3,247,2.92,2.04,2.0,90,1.15,14.5,,unavailable (no satellite pass / dataset error),
42.5,Fair,Getting rough,2026-10-08T12:41:38Z,111,Cape Paterson,2026-10-13T04:00:00Z,2026-10-13T15:00,29.2,230,60.5,0.0,2.0,10.5,247,2.98,2.16,1.8,90,0.99,14.5,,unavailable (no satellite pass / dataset error),
43.3,Fair,Getting rough,2026-10-08T12:41:38Z,112,Cape Paterson,2026-10-13T05:00:00Z,2026-10-13T16:00,28.8,224,58.3,0.0,1.92,10.75,248,3.06,2.3,1.6,84,0.61,14.5,,unavailable (no satellite pass / dataset error),
44.1,Fair,Getting rough,2026-10-08T12:41:38Z,113,Cape Paterson,2026-10-13T06:00:00Z,2026-10-13T17:00,28.1,219,56.2,0.0,1.86,10.85,248,3.12,2.42,1.5,76,0.1,14.5,,unavailable (no satellite pass / dataset error),
45.4,Fair,Getting rough,2026-10-08T12:41:38Z,114,Cape Paterson,2026-10-13T07:00:00Z,2026-10-13T18:00,27.7,216,55.1,0.0,1.94,10.75,248,3.1,2.32,1.1,72,-0.44,14.5,,unavailable (no satellite pass / dataset error),
46.3,Fair,Getting rough,2026-10-08T12:41:38Z,115,Cape Paterson,2026-10-13T08:00:00Z,2026-10-13T19:00,27.0,215,54.0,0.0,2.0,10.5,249,3.1,2.2,1.0,59,-0.86,14.5,,unavailable (no satellite pass / dataset error),
46.8,Fair,Getting rough,2026-10-08T12:41:38Z,116,Cape Paterson,2026-10-13T09:00:00Z,2026-10-13T20:00,26.4,213,52.6,0.0,2.08,10.35,249,3.08,2.1,1.0,59,-1.04,14.4,,unavailable (no satellite pass / dataset error),
46.6,Fair,Getting rough,2026-10-08T12:41:38Z,117,Cape Paterson,2026-10-13T10:00:00Z,2026-10-13T21:00,26.1,211,50.8,0.0,2.08,10.25,249,3.08,2.08,1.2,63,-0.95,14.4,,unavailable (no satellite pass / dataset error),
46.3,Fair,Getting rough,2026-10-08T12:41:38Z,118,Cape Paterson,2026-10-13T11:00:00Z,2026-10-13T22:00,25.9,209,48.6,0.0,2.1,10.2,249,3.06,2.08,1.4,67,-0.66,14.4,,unavailable (no satellite pass / dataset error),
46.5,Fair,Getting rough,2026-10-08T12:41:38Z,119,Cape Paterson,2026-10-13T12:00:00Z,2026-10-13T23:00,25.5,206,46.8,0.0,2.1,10.35,249,3.06,2.06,1.5,69,-0.23,14.3,,unavailable (no satellite pass / dataset error),
51.7,Fair,Doable,2026-10-08T12:41:38Z,0,Wilsons Prom (West - Norman Bay),2026-10-08T13:00:00Z,2026-10-09T00:00,37.2,48,50.0,0.0,0.88,11.1,228,1.54,0.84,0.7,256,0.14,13.9,,unavailable (no satellite pass / dataset error),
52.1,Fair,Doable,2026-10-08T12:41:38Z,1,Wilsons Prom (West - Norman Bay),2026-10-08T14:00:00Z,2026-10-09T01:00,36.5,49,49.7,0.0,0.86,11.25,228,1.52,0.84,0.6,252,-0.21,13.8,,unavailable (no satellite pass / dataset error),
53.4,Fair,Doable,2026-10-08T12:41:38Z,2,Wilsons Prom (West - Norman Bay),2026-10-08T15:00:00Z,2026-10-09T02:00,33.6,47,49.0,0.0,0.86,11.4,228,1.52,0.82,0.6,252,-0.53,13.8,,unavailable (no satellite pass / dataset error),
53.8,Fair,Doable,2026-10-08T12:41:38Z,3,Wilsons Prom (West - Norman Bay),2026-10-08T16:00:00Z,2026-10-09T03:00,33.4,47,44.6,0.0,0.86,11.45,228,1.5,0.74,0.6,252,-0.74,13.8,,unavailable (no satellite pass / dataset error),
53.9,Fair,Doable,2026-10-08T12:41:38Z,4,Wilsons Prom (West - Norman Bay),2026-10-08T17:00:00Z,2026-10-09T04:00,34.0,48,44.3,0.0,0.86,11.5,228,1.48,0.66,0.4,243,-0.78,13.8,,unavailable (no satellite pass / dataset error),
57.4,Fair,Doable,2026-10-08T12:41:38Z,5,Wilsons Prom (West - Norman Bay),2026-10-08T18:00:00Z,2026-10-09T05:00,30.6,46,45.0,0.0,0.86,11.55,228,1.46,0.58,0.3,225,-0.65,13.8,,unavailable (no satellite pass / dataset error),
57.0,Fair,Doable,2026-10-08T12:41:38Z,6,Wilsons Prom (West - Norman Bay),2026-10-08T19:00:00Z,2026-10-09T06:00,31.0,48,40.7,0.0,0.86,11.65,228,1.44,0.56,0.4,207,-0.39,13.8,,unavailable (no satellite pass / dataset error),
58.8,Fair,Doable,2026-10-08T12:41:38Z,7,Wilsons Prom (West - Norman Bay),2026-10-08T20:00:00Z,2026-10-09T07:00,29.4,48,41.4,0.0,0.86,11.75,228,1.42,0.54,0.3,225,-0.06,13.8,,unavailable (no satellite pass / dataset error),
60.3,Good,Doable,2026-10-08T12:41:38Z,8,Wilsons Prom (West - Norman Bay),2026-10-08T21:00:00Z,2026-10-09T08:00,28.0,45,38.5,0.0,0.86,11.8,228,1.4,0.52,0.3,225,0.27,13.8,,unavailable (no satellite pass / dataset error),
62.3,Good,Doable,2026-10-08T12:41:38Z,9,Wilsons Prom (West - Norman Bay),2026-10-08T22:00:00Z,2026-10-09T09:00,26.0,41,36.4,0.0,0.88,11.85,228,1.38,0.46,0.3,225,0.57,13.8,,unavailable (no satellite pass / dataset error),
62.8,Good,Doable,2026-10-08T12:41:38Z,10,Wilsons Prom (West - Norman Bay),2026-10-08T23:00:00Z,2026-10-09T10:00,25.6,46,33.1,0.0,0.88,11.85,228,1.36,0.42,0.3,225,0.75,13.8,,unavailable (no satellite pass / dataset error),
66.1,Good,Doable,2026-10-08T12:41:38Z,11,Wilsons Prom (West - Norman Bay),2026-10-09T00:00:00Z,2026-10-09T11:00,22.2,48,32.0,0.0,0.9,11.85,228,1.34,0.36,0.3,225,0.74,13.9,,unavailable (no satellite pass / dataset error),
66.7,Good,Doable,2026-10-08T12:41:38Z,12,Wilsons Prom (West - Norman Bay),2026-10-09T01:00:00Z,2026-10-09T12:00,21.5,52,27.4,0.0,0.9,11.85,228,1.34,0.32,0.3,225,0.55,13.9,,unavailable (no satellite pass / dataset error),
67.8,Good,Doable,2026-10-08T12:41:38Z,13,Wilsons Prom (West - Norman Bay),2026-10-09T02:00:00Z,2026-10-09T13:00,20.5,58,26.3,0.0,0.92,11.8,229,1.32,0.3,0.3,225,0.25,14.0,,unavailable (no satellite pass / dataset error),
69.5,Good,Doable,2026-10-08T12:41:38Z,14,Wilsons Prom (West - Norman Bay),2026-10-09T03:00:00Z,2026-10-09T14:00,18.6,58,24.5,0.0,0.92,11.8,229,1.32,0.26,0.3,225,-0.1,14.1,,unavailable (no satellite pass / dataset error),
71.0,Good,Doable,2026-10-08T12:41:38Z,15,Wilsons Prom (West - Norman Bay),2026-10-09T04:00:00Z,2026-10-09T15:00,16.7,57,21.6,0.0,0.92,11.8,229,1.34,0.34,0.3,225,-0.39,14.2,,unavailable (no satellite pass / dataset error),
69.9,Good,Doable,2026-10-08T12:41:38Z,16,Wilsons Prom (West - Norman Bay),2026-10-09T05:00:00Z,2026-10-09T16:00,17.7,53,19.8,0.0,0.94,11.8,229,1.34,0.4,0.4,207,-0.56,14.3,,unavailable (no satellite pass / dataset error),
62.0,Good,Doable,2026-10-08T12:41:38Z,17,Wilsons Prom (West - Norman Bay),2026-10-09T06:00:00Z,2026-10-09T17:00,26.3,49,29.9,0.0,0.94,11.8,229,1.36,0.48,0.4,180,-0.55,14.3,,unavailable (no satellite pass / dataset error),
56.7,Fair,Doable,2026-10-08T12:41:38Z,18,Wilsons Prom (West - Norman Bay),2026-10-09T07:00:00Z,2026-10-09T18:00,31.8,49,38.2,0.0,0.94,11.8,229,1.4,0.56,0.4,207,-0.38,14.3,,unavailable (no satellite pass / dataset error),
53.9,Fair,Doable,2026-10-08T12:41:38Z,19,Wilsons Prom (West - Norman Bay),2026-10-09T08:00:00Z,2026-10-09T19:00,34.7,51,43.6,0.0,0.94,11.8,230,1.42,0.66,0.4,207,-0.11,14.3,,unavailable (no satellite pass / dataset error),
52.7,Fair,Doable,2026-10-08T12:41:38Z,20,Wilsons Prom (West - Norman Bay),2026-10-09T09:00:00Z,2026-10-09T20:00,36.1,51,46.1,0.0,0.94,11.8,230,1.46,0.74,0.6,214,0.2,14.2,,unavailable (no satellite pass / dataset error),
52.7,Fair,Doable,2026-10-08T12:41:38Z,21,Wilsons Prom (West - Norman Bay),2026-10-09T10:00:00Z,2026-10-09T21:00,36.4,51,46.8,0.0,0.94,11.75,230,1.46,0.72,0.6,214,0.52,14.1,,unavailable (no satellite pass / dataset error),
52.7,Fair,Doable,2026-10-08T12:41:38Z,22,Wilsons Prom (West - Norman Bay),2026-10-09T11:00:00Z,2026-10-09T22:00,36.0,49,46.8,0.0,0.92,11.75,230,1.46,0.68,0.6,214,0.78,14.1,,unavailable (no satellite pass / dataset error),
52.7,Fair,Doable,2026-10-08T12:41:38Z,23,Wilsons Prom (West - Norman Bay),2026-10-09T12:00:00Z,2026-10-09T23:00,36.8,46,48.2,0.0,0.92,11.7,230,1.46,0.66,0.6,214,0.89,14.0,,unavailable (no satellite pass / dataset error),
54.5,Fair,Doable,2026-10-08T12:41:38Z,24,Wilsons Prom (West - Norman Bay),2026-10-09T13:00:00Z,2026-10-10T00:00,32.5,43,47.2,0.2,0.92,11.7,230,1.46,0.62,0.7,194,0.79,14.0,,unavailable (no satellite pass / dataset error),
64.0,Good,Doable,2026-10-08T12:41:38Z,25,Wilsons Prom (West - Norman Bay),2026-10-09T14:00:00Z,2026-10-10T01:00,22.1,10,42.1,0.0,0.92,11.7,230,1.44,0.58,0.7,166,0.55,14.0,,unavailable (no satellite pass / dataset error),
63.7,Good,Doable,2026-10-08T12:41:38Z,26,Wilsons Prom (West - Norman Bay),2026-10-09T15:00:00Z,2026-10-10T02:00,22.1,341,30.2,0.0,0.92,11.65,230,1.44,0.54,0.8,153,0.19,14.0,,unavailable (no satellite pass / dataset error),
62.1,Good,Doable,2026-10-08T12:41:38Z,27,Wilsons Prom (West - Norman Bay),2026-10-09T16:00:00Z,2026-10-10T03:00,23.9,348,29.2,0.0,0.92,11.6,230,1.44,0.6,0.8,135,-0.15,14.0,,unavailable (no satellite pass / dataset error),
57.3,Fair,Doable,2026-10-08T12:41:38Z,28,Wilsons Prom (West - Norman Bay),2026-10-09T17:00:00Z,2026-10-10T04:00,29.1,296,33.1,0.0,0.9,11.5,230,1.46,0.64,0.8,117,-0.4,14.0,,unavailable (no satellite pass / dataset error),
51.3,Fair,Doable,2026-10-08T12:41:38Z,29,Wilsons Prom (West - Norman Bay),2026-10-09T18:00:00Z,2026-10-10T05:00,36.2,297,43.6,0.0,0.9,11.4,230,1.46,0.7,1.1,108,-0.49,14.0,,unavailable (no satellite pass / dataset error),
51.1,Fair,Doable,2026-10-08T12:41:38Z,30,Wilsons Prom (West - Norman Bay),2026-10-09T19:00:00Z,2026-10-10T06:00,38.1,293,47.9,0.0,0.9,11.35,230,1.48,0.74,1.1,99,-0.4,14.0,,unavailable (no satellite pass / dataset error),
51.4,Fair,Doable,2026-10-08T12:41:38Z,31,Wilsons Prom (West - Norman Bay),2026-10-09T20:00:00Z,2026-10-10T07:00,34.5,285,48.6,0.0,0.88,11.3,230,1.5,0.8,1.1,90,-0.18,14.0,,unavailable (no satellite pass / dataset error),
54.3,Fair,Doable,2026-10-08T12:41:38Z,32,Wilsons Prom (West - Norman Bay),2026-10-09T21:00:00Z,2026-10-10T08:00,30.9,278,43.9,0.1,0.88,11.25,230,1.52,0.84,1.1,81,0.13,14.0,,unavailable (no satellite pass / dataset error),
49.1,Fair,Doable,2026-10-08T12:41:38Z,33,Wilsons Prom (West - Norman Bay),2026-10-09T22:00:00Z,2026-10-10T09:00,35.7,286,44.3,0.1,0.86,11.4,230,1.66,1.06,1.1,81,0.46,14.0,,unavailable (no satellite pass / dataset error),
47.9,Fair,Doable,2026-10-08T12:41:38Z,34,Wilsons Prom (West - Norman Bay),2026-10-09T23:00:00Z,2026-10-10T10:00,38.5,292,48.2,0.0,0.84,11.6,230,1.82,1.26,0.9,79,0.76,14.0,,unavailable (no satellite pass / dataset error),
46.5,Fair,Doable,2026-10-08T12:41:38Z,35,Wilsons Prom (West - Norman Bay),2026-10-10T00:00:00Z,2026-10-10T11:00,43.8,294,55.8,0.0,0.82,11.3,230,1.96,1.48,0.9,90,0.94,14.0,,unavailable (no satellite pass / dataset error),
45.7,Fair,Doable,2026-10-08T12:41:38Z,36,Wilsons Prom (West - Norman Bay),2026-10-10T01:00:00Z,2026-10-10T12:00,44.1,293,58.0,0.0,0.96,10.05,238,2.04,1.48,0.9,90,0.92,14.0,,unavailable (no satellite pass / dataset error),
44.9,Fair,Doable,2026-10-08T12:41:38Z,37,Wilsons Prom (West - Norman Bay),2026-10-10T02:00:00Z,2026-10-10T13:00,42.1,294,56.9,0.0,1.1,8.35,247,2.12,1.5,0.9,90,0.71,14.0,,unavailable (no satellite pass / dataset error),
44.1,Fair,Bit dodgy,2026-10-08T12:41:38Z,38,Wilsons Prom (West - Norman Bay),2026-10-10T03:00:00Z,2026-10-10T14:00,37.4,296,54.0,0.0,1.24,7.1,255,2.2,1.5,0.9,90,0.36,14.0,,unavailable (no satellite pass / dataset error),
44.8,Fair,Bit dodgy,2026-10-08T12:41:38Z,39,Wilsons Prom (West - Norman Bay),2026-10-10T04:00:00Z,2026-10-10T15:00,38.0,296,49.3,0.0,1.34,6.8,256,2.18,1.42,0.7,90,-0.04,14.0,,unavailable (no satellite pass / dataset error),
45.0,Fair,Bit dodgy,2026-10-08T12:41:38Z,40,Wilsons Prom (West - Norman Bay),2026-10-10T05:00:00Z,2026-10-10T16:00,37.9,297,48.2,0.0,1.44,7.0,256,2.16,1.36,0.7,90,-0.39,14.1,,unavailable (no satellite pass / dataset error),
45.2,Fair,Getting rough,2026-10-08T12:41:38Z,41,Wilsons Prom (West - Norman Bay),2026-10-10T06:00:00Z,2026-10-10T17:00,38.1,301,49.0,0.0,1.54,7.25,257,2.14,1.28,0.7,90,-0.6,14.1,,unavailable (no satellite pass / dataset error),
46.1,Fair,Getting rough,2026-10-08T12:41:38Z,42,Wilsons Prom (West - Norman Bay),2026-10-10T07:00:00Z,2026-10-10T18:00,34.8,296,47.9,0.0,1.54,7.45,257,2.12,1.26,0.5,90,-0.62,14.1,,unavailable (no satellite pass / dataset error),
50.4,Fair,Getting rough,2026-10-08T12:41:38Z,43,Wilsons Prom (West - Norman Bay),2026-10-10T08:00:00Z,2026-10-10T19:00,30.2,283,43.9,0.0,1.52,7.65,258,2.1,1.24,0.5,90,-0.47,14.1,,unavailable (no satellite pass / dataset error),
52.0,Fair,Getting rough,2026-10-08T12:41:38Z,44,Wilsons Prom (West - Norman Bay),2026-10-10T09:00:00Z,2026-10-10T20:00,28.6,261,37.4,0.0,1.52,7.85,258,2.08,1.22,0.5,90,-0.2,14.1,,unavailable (no satellite pass / dataset error),
45.7,Fair,Getting rough,2026-10-08T12:41:38Z,45,Wilsons Prom (West - Norman Bay),2026-10-10T10:00:00Z,2026-10-10T21:00,36.7,264,44.6,0.0,1.6,7.95,258,2.14,1.24,0.5,90,0.16,14.1,,unavailable (no satellite pass / dataset error),
44.9,Fair,Getting rough,2026-10-08T12:41:38Z,46,Wilsons Prom (West - Norman Bay),2026-10-10T11:00:00Z,2026-10-10T22:00,38.8,261,48.2,0.0,1.7,8.0,257,2.22,1.26,0.5,90,0.53,14.1,,unavailable (no satellite pass / dataset error),
44.7,Fair,Getting rough,2026-10-08T12:41:38Z,47,Wilsons Prom (West - Norman Bay),2026-10-10T12:00:00Z,2026-10-10T23:00,34.4,264,48.2,0.1,1.78,8.0,257,2.28,1.28,0.5,90,0.83,14.1,,unavailable (no satellite pass / dataset error),
49.0,Fair,Getting rough,2026-10-08T12:41:38Z,48,Wilsons Prom (West - Norman Bay),2026-10-10T13:00:00Z,2026-10-11T00:00,29.9,263,42.8,0.0,1.9,7.85,258,2.28,1.0,0.5,90,0.96,14.1,,unavailable (no satellite pass / dataset error),
53.0,Fair,Getting rough,2026-10-08T12:41:38Z,49,Wilsons Prom (West - Norman Bay),2026-10-10T14:00:00Z,2026-10-11T01:00,24.9,267,37.4,0.0,2.04,7.6,258,2.28,0.74,0.7,104,0.88,14.1,,unavailable (no satellite pass / dataset error),
57.4,Fair,Getting rough,2026-10-08T12:41:38Z,50,Wilsons Prom (West - Norman Bay),2026-10-10T15:00:00Z,2026-10-11T02:00,19.9,279,31.0,0.0,2.16,7.45,259,2.28,0.46,0.7,104,0.61,14.0,,unavailable (no satellite pass / dataset error),
59.9,Fair,Getting rough,2026-10-08T12:41:38Z,51,Wilsons Prom (West - Norman Bay),2026-10-10T16:00:00Z,2026-10-11T03:00,17.1,290,24.5,0.0,2.14,7.5,260,2.28,0.34,0.7,104,0.23,14.0,,unavailable (no satellite pass / dataset error),
61.7,Good,Getting rough,2026-10-08T12:41:38Z,52,Wilsons Prom (West - Norman Bay),2026-10-10T17:00:00Z,2026-10-11T04:00,15.4,299,20.9,0.0,2.1,7.7,260,2.28,0.22,0.6,108,-0.16,14.0,,unavailable (no satellite pass / dataset error),
63.0,Good,Getting rough,2026-10-08T12:41:38Z,53,Wilsons Prom (West - Norman Bay),2026-10-10T18:00:00Z,2026-10-11T05:00,14.2,308,19.1,0.0,2.08,8.0,261,2.28,0.1,0.5,90,-0.46,14.0,,unavailable (no satellite pass / dataset error),
65.1,Good,Getting rough,2026-10-08T12:41:38Z,54,Wilsons Prom (West - Norman Bay),2026-10-10T19:00:00Z,2026-10-11T06:00,11.6,330,17.3,0.0,2.08,8.4,261,2.32,0.12,0.4,90,-0.59,14.0,,unavailable (no satellite pass / dataset error),
63.7,Good,Getting rough,2026-10-08T12:41:38Z,55,Wilsons Prom (West - Norman Bay),2026-10-10T20:00:00Z,2026-10-11T07:00,12.8,357,15.5,0.1,2.08,8.85,262,2.34,0.12,0.4,117,-0.54,14.1,,unavailable (no satellite pass / dataset error),
61.7,Good,Getting rough,2026-10-08T12:41:38Z,56,Wilsons Prom (West - Norman Bay),2026-10-10T21:00:00Z,2026-10-11T08:00,14.8,6,18.7,0.0,2.08,9.3,262,2.38,0.14,0.4,117,-0.33,14.1,,unavailable (no satellite pass / dataset error),
59.7,Fair,Getting rough,2026-10-08T12:41:38Z,57,Wilsons Prom (West - Norman Bay),2026-10-10T22:00:00Z,2026-10-11T09:00,16.3,8,20.5,0.0,2.14,9.7,262,2.46,0.14,0.4,117,-0.03,14.1,,unavailable (no satellite pass / dataset error),
59.6,Fair,Getting rough,2026-10-08T12:41:38Z,58,Wilsons Prom (West - Norman Bay),2026-10-10T23:00:00Z,2026-10-11T10:00,16.2,3,20.9,0.0,2.22,10.1,262,2.52,0.14,0.3,135,0.33,14.2,,unavailable (no satellite pass / dataset error),
61.9,Good,Getting rough,2026-10-08T12:41:38Z,59,Wilsons Prom (West - Norman Bay),2026-10-11T00:00:00Z,2026-10-11T11:00,13.3,350,19.8,0.0,2.28,10.4,262,2.6,0.14,0.4,117,0.65,14.3,,unavailable (no satellite pass / dataset error),
64.2,Good,Getting rough,2026-10-08T12:41:38Z,60,Wilsons Prom (West - Norman Bay),2026-10-11T01:00:00Z,2026-10-11T12:00,10.8,342,16.2,0.0,2.3,10.65,262,2.64,0.1,0.4,90,0.84,14.4,,unavailable (no satellite pass / dataset error),
65.8,Good,Getting rough,2026-10-08T12:41:38Z,61,Wilsons Prom (West - Norman Bay),2026-10-11T02:00:00Z,2026-10-11T13:00,9.0,360,12.6,0.0,2.32,10.85,261,2.66,0.04,0.4,90,0.81,14.7,,unavailable (no satellite pass / dataset error),
66.2,Good,Getting rough,2026-10-08T12:41:38Z,62,Wilsons Prom (West - Norman Bay),2026-10-11T03:00:00Z,2026-10-11T14:00,8.5,356,10.4,0.0,2.34,11.0,261,2.7,0.0,0.4,63,0.57,15.0,,unavailable (no satellite pass / dataset error),
68.6,Good,Getting rough,2026-10-08T12:41:38Z,63,Wilsons Prom (West - Norman Bay),2026-10-11T04:00:00Z,2026-10-11T15:00,6.1,357,9.7,0.0,2.32,11.15,261,2.68,0.0,0.3,45,0.18,15.2,,unavailable (no satellite pass / dataset error),
72.9,Good,Getting rough,2026-10-08T12:41:38Z,64,Wilsons Prom (West - Norman Bay),2026-10-11T05:00:00Z,2026-10-11T16:00,1.0,45,6.8,0.0,2.32,11.3,261,2.66,0.0,0.4,27,-0.26,15.4,,unavailable (no satellite pass / dataset error),
70.6,Good,Getting rough,2026-10-08T12:41:38Z,65,Wilsons Prom (West - Norman Bay),2026-10-11T06:00:00Z,2026-10-11T17:00,3.6,150,3.6,0.0,2.3,11.4,261,2.64,0.0,0.4,333,-0.64,15.5,,unavailable (no satellite pass / dataset error),
68.3,Good,Getting rough,2026-10-08T12:41:38Z,66,Wilsons Prom (West - Norman Bay),2026-10-11T07:00:00Z,2026-10-11T18:00,5.6,86,6.1,0.0,2.26,11.45,261,2.62,0.12,0.6,288,-0.88,15.4,,unavailable (no satellite pass / dataset error),
56.7,Fair,Getting rough,2026-10-08T12:41:38Z,67,Wilsons Prom (West - Norman Bay),2026-10-11T08:00:00Z,2026-10-11T19:00,18.4,1,18.0,0.0,2.24,11.5,261,2.58,0.26,0.7,256,-0.9,15.2,,unavailable (no satellite pass / dataset error),
45.3,Fair,Getting rough,2026-10-08T12:41:38Z,68,Wilsons Prom (West - Norman Bay),2026-10-11T09:00:00Z,2026-10-11T20:00,30.9,17,37.4,0.0,2.2,11.55,261,2.56,0.38,0.8,243,-0.72,15.0,,unavailable (no satellite pass / dataset error),
44.6,Fair,Getting rough,2026-10-08T12:41:38Z,69,Wilsons Prom (West - Norman Bay),2026-10-11T10:00:00Z,2026-10-11T21:00,31.4,30,39.6,0.0,2.16,11.6,261,2.54,0.42,0.9,233,-0.38,14.8,,unavailable (no satellite pass / dataset error),
45.9,Fair,Getting rough,2026-10-08T12:41:38Z,70,Wilsons Prom (West - Norman Bay),2026-10-11T11:00:00Z,2026-10-11T22:00,30.0,35,40.7,0.0,2.14,11.7,261,2.5,0.46,0.9,217,0.06,14.5,,unavailable (no satellite pass / dataset error),
47.8,Fair,Getting rough,2026-10-08T12:41:38Z,71,Wilsons Prom (West - Norman Bay),2026-10-11T12:00:00Z,2026-10-11T23:00,28.7,22,38.5,0.0,2.1,11.75,261,2.48,0.5,0.7,194,0.51,14.4,,unavailable (no satellite pass / dataset error),
47.8,Fair,Getting rough,2026-10-08T12:41:38Z,72,Wilsons Prom (West - Norman Bay),2026-10-11T13:00:00Z,2026-10-12T00:00,28.6,11,36.4,0.0,2.06,11.75,261,2.44,0.56,0.9,180,0.88,14.3,,unavailable (no satellite pass / dataset error),
49.8,Fair,Getting rough,2026-10-08T12:41:38Z,73,Wilsons Prom (West - Norman Bay),2026-10-11T14:00:00Z,2026-10-12T01:00,26.6,5,36.0,0.0,2.0,11.7,261,2.4,0.64,1.0,158,1.06,14.3,,unavailable (no satellite pass / dataset error),
49.4,Fair,Getting rough,2026-10-08T12:41:38Z,74,Wilsons Prom (West - Norman Bay),2026-10-11T15:00:00Z,2026-10-12T02:00,26.9,357,33.1,0.0,1.96,11.65,261,2.36,0.7,1.2,141,1.0,14.2,,unavailable (no satellite pass / dataset error),
46.9,Fair,Getting rough,2026-10-08T12:41:38Z,75,Wilsons Prom (West - Norman Bay),2026-10-11T16:00:00Z,2026-10-12T03:00,29.5,339,35.3,0.0,1.92,11.6,261,2.36,0.82,1.3,135,0.73,14.2,,unavailable (no satellite pass / dataset error),
42.8,Fair,Getting rough,2026-10-08T12:41:38Z,76,Wilsons Prom (West - Norman Bay),2026-10-11T17:00:00Z,2026-10-12T04:00,34.3,285,39.6,0.0,1.88,11.55,261,2.34,0.92,1.3,124,0.36,14.2,,unavailable (no satellite pass / dataset error),
42.2,Fair,Getting rough,2026-10-08T12:41:38Z,77,Wilsons Prom (West - Norman Bay),2026-10-11T18:00:00Z,2026-10-12T05:00,39.1,286,47.2,0.2,1.84,11.45,261,2.34,1.04,1.2,117,-0.03,14.2,,unavailable (no satellite pass / dataset error),
43.1,Fair,Getting rough,2026-10-08T12:41:38Z,78,Wilsons Prom (West - Norman Bay),2026-10-11T19:00:00Z,2026-10-12T06:00,33.2,295,53.3,0.7,1.82,11.3,261,2.34,1.04,1.1,108,-0.33,14.2,,unavailable (no satellite pass / dataset error),
41.4,Fair,Getting rough,2026-10-08T12:41:38Z,79,Wilsons Prom (West - Norman Bay),2026-10-11T20:00:00Z,2026-10-12T07:00,35.3,321,43.6,0.2,1.82,11.15,261,2.34,1.06,1.1,99,-0.46,14.2,,unavailable (no satellite pass / dataset error),
42.8,Fair,Getting rough,2026-10-08T12:41:38Z,80,Wilsons Prom (West - Norman Bay),2026-10-11T21:00:00Z,2026-10-12T08:00,33.5,334,45.7,0.3,1.8,10.95,261,2.34,1.06,0.9,101,-0.38,14.2,,unavailable (no satellite pass / dataset error),
43.6,Fair,Getting rough,2026-10-08T12:41:38Z,81,Wilsons Prom (West - Norman Bay),2026-10-11T22:00:00Z,2026-10-12T09:00,33.1,316,43.9,0.0,1.8,10.65,261,2.3,0.98,0.9,90,-0.15,14.2,,unavailable (no satellite pass / dataset error),
45.3,Fair,Getting rough,2026-10-08T12:41:38Z,82,Wilsons Prom (West - Norman Bay),2026-10-11T23:00:00Z,2026-10-12T10:00,31.4,305,42.5,0.0,1.82,10.35,261,2.28,0.88,0.9,90,0.2,14.2,,unavailable (no satellite pass / dataset error),
47.5,Fair,Getting rough,2026-10-08T12:41:38Z,83,Wilsons Prom (West - Norman Bay),2026-10-12T00:00:00Z,2026-10-12T11:00,29.9,295,39.2,0.0,1.82,10.15,261,2.24,0.8,0.7,76,0.58,14.2,,unavailable (no satellite pass / dataset error),
47.5,Fair,Getting rough,2026-10-08T12:41:38Z,84,Wilsons Prom (West - Norman Bay),2026-10-12T01:00:00Z,2026-10-12T12:00,29.8,278,38.9,0.0,1.78,10.05,261,2.2,0.78,0.9,79,0.9,14.2,,unavailable (no satellite pass / dataset error),
46.4,Fair,Getting rough,2026-10-08T12:41:38Z,85,Wilsons Prom (West - Norman Bay),2026-10-12T02:00:00Z,2026-10-12T13:00,31.3,261,39.2,0.0,1.74,10.05,261,2.16,0.74,1.0,68,1.04,14.2,,unavailable (no satellite pass / dataset error),
44.3,Fair,Getting rough,2026-10-08T12:41:38Z,86,Wilsons Prom (West - Norman Bay),2026-10-12T03:00:00Z,2026-10-12T14:00,34.0,250,41.0,0.0,1.7,10.2,261,2.12,0.72,1.0,59,0.94,14.2,,unavailable (no satellite pass / dataset error),
43.3,Fair,Getting rough,2026-10-08T12:41:38Z,87,Wilsons Prom (West - Norman Bay),2026-10-12T04:00:00Z,2026-10-12T15:00,35.5,247,45.4,0.0,1.58,10.55,261,2.16,0.98,0.9,53,0.62,14.2,,unavailable (no satellite pass / dataset error),
42.9,Fair,Bit dodgy,2026-10-08T12:41:38Z,88,Wilsons Prom (West - Norman Bay),2026-10-12T05:00:00Z,2026-10-12T16:00,35.5,247,50.4,0.0,1.48,11.0,261,2.22,1.24,0.8,45,0.14,14.2,,unavailable (no satellite pass / dataset error),
43.0,Fair,Bit dodgy,2026-10-08T12:41:38Z,89,Wilsons Prom (West - Norman Bay),2026-10-12T06:00:00Z,2026-10-12T17:00,35.7,248,54.0,0.0,1.36,11.35,261,2.26,1.5,0.6,34,-0.38,14.2,,unavailable (no satellite pass / dataset error),
42.0,Fair,Bit dodgy,2026-10-08T12:41:38Z,90,Wilsons Prom (West - Norman Bay),2026-10-12T07:00:00Z,2026-10-12T18:00,36.6,250,53.3,0.0,1.36,11.4,261,2.36,1.62,0.6,34,-0.8,14.2,,unavailable (no satellite pass / dataset error),
41.7,Fair,Bit dodgy,2026-10-08T12:41:38Z,91,Wilsons Prom (West - Norman Bay),2026-10-12T08:00:00Z,2026-10-12T19:00,37.8,253,50.8,0.0,1.36,11.35,260,2.44,1.72,0.4,27,-1.03,14.1,,unavailable (no satellite pass / dataset error),
41.1,Fair,Bit dodgy,2026-10-08T12:41:38Z,92,Wilsons Prom (West - Norman Bay),2026-10-12T09:00:00Z,2026-10-12T20:00,39.1,256,49.3,0.0,1.36,11.25,260,2.54,1.84,0.4,27,-1.01,14.1,,unavailable (no satellite pass / dataset error),
41.3,Fair,Bit dodgy,2026-10-08T12:41:38Z,93,Wilsons Prom (West - Norman Bay),2026-10-12T10:00:00Z,2026-10-12T21:00,40.3,259,51.1,0.0,1.38,11.1,260,2.58,1.84,0.3,45,-0.76,14.1,,unavailable (no satellite pass / dataset error),
41.1,Fair,Bit dodgy,2026-10-08T12:41:38Z,94,Wilsons Prom (West - Norman Bay),2026-10-12T11:00:00Z,2026-10-12T22:00,41.4,262,54.0,0.0,1.4,10.95,261,2.62,1.84,0.4,63,-0.34,14.1,,unavailable (no satellite pass / dataset error),
41.1,Fair,Bit dodgy,2026-10-08T12:41:38Z,95,Wilsons Prom (West - Norman Bay),2026-10-12T12:00:00Z,2026-10-12T23:00,42.8,265,56.5,0.0,1.42,10.85,261,2.66,1.84,0.4,90,0.19,14.1,,unavailable (no satellite pass / dataset error),
40.4,Fair,Bit dodgy,2026-10-08T12:41:38Z,96,Wilsons Prom (West - Norman Bay),2026-10-12T13:00:00Z,2026-10-13T00:00,44.5,268,58.3,0.0,1.4,10.8,261,2.66,1.84,0.7,104,0.73,14.1,,unavailable (no satellite pass / dataset error),
39.4,Poor,Bit dodgy,2026-10-08T12:41:38Z,97,Wilsons Prom (West - Norman Bay),2026-10-12T14:00:00Z,2026-10-13T01:00,46.3,271,59.8,0.0,1.36,10.85,260,2.64,1.86,1.1,108,1.13,14.1,,unavailable (no satellite pass / dataset error),
39.0,Poor,Bit dodgy,2026-10-08T12:41:38Z,98,Wilsons Prom (West - Norman Bay),2026-10-12T15:00:00Z,2026-10-13T02:00,47.7,274,60.8,0.0,1.34,10.85,260,2.64,1.86,1.3,106,1.3,14.0,,unavailable (no satellite pass / dataset error),
38.4,Poor,Bit dodgy,2026-10-08T12:41:38Z,99,Wilsons Prom (West - Norman Bay),2026-10-12T16:00:00Z,2026-10-13T03:00,48.1,279,61.6,0.1,1.32,10.85,260,2.66,1.86,1.5,111,1.19,14.0,,unavailable (no satellite pass / dataset error),
37.8,Poor,Bit dodgy,2026-10-08T12:41:38Z,100,Wilsons Prom (West - Norman Bay),2026-10-12T17:00:00Z,2026-10-13T04:00,48.3,284,62.3,0.1,1.3,10.9,260,2.66,1.84,1.7,108,0.87,14.0,,unavailable (no satellite pass / dataset error),
37.9,Poor,Bit dodgy,2026-10-08T12:41:38Z,101,Wilsons Prom (West - Norman Bay),2026-10-12T18:00:00Z,2026-10-13T05:00,48.6,286,63.0,0.1,1.28,10.9,260,2.68,1.84,1.7,103,0.43,14.0,,unavailable (no satellite pass / dataset error),
37.4,Poor,Bit dodgy,2026-10-08T12:41:38Z,102,Wilsons Prom (West - Norman Bay),2026-10-12T19:00:00Z,2026-10-13T06:00,49.5,283,64.8,1.1,1.3,10.85,260,2.74,1.94,1.7,103,-0.02,14.0,,unavailable (no satellite pass / dataset error),
36.7,Poor,Bit dodgy,2026-10-08T12:41:38Z,103,Wilsons Prom (West - Norman Bay),2026-10-12T20:00:00Z,2026-10-13T07:00,50.5,278,67.3,1.1,1.32,10.8,260,2.8,2.02,1.5,97,-0.34,14.0,,unavailable (no satellite pass / dataset error),
36.0,Poor,Bit dodgy,2026-10-08T12:41:38Z,104,Wilsons Prom (West - Norman Bay),2026-10-12T21:00:00Z,2026-10-13T08:00,50.4,272,68.4,1.1,1.34,10.7,260,2.86,2.12,1.4,90,-0.46,14.0,,unavailable (no satellite pass / dataset error),
35.8,Poor,Bit dodgy,2026-10-08T12:41:38Z,105,Wilsons Prom (West - Norman Bay),2026-10-12T22:00:00Z,2026-10-13T09:00,47.8,266,68.0,0.3,1.4,10.6,260,2.94,2.22,1.3,90,-0.37,14.0,,unavailable (no satellite pass / dataset error),
35.5,Poor,Bit dodgy,2026-10-08T12:41:38Z,106,Wilsons Prom (West - Norman Bay),2026-10-12T23:00:00Z,2026-10-13T10:00,44.5,258,66.6,0.3,1.46,10.5,260,3.0,2.34,1.3,82,-0.11,14.0,,unavailable (no satellite pass / dataset error),
35.1,Poor,Getting rough,2026-10-08T12:41:38Z,107,Wilsons Prom (West - Norman Bay),2026-10-13T00:00:00Z,2026-10-13T11:00,42.4,250,64.8,0.3,1.52,10.45,260,3.08,2.44,1.3,82,0.26,14.0,,unavailable (no satellite pass / dataset error),
35.1,Poor,Bit dodgy,2026-10-08T12:41:38Z,108,Wilsons Prom (West - Norman Bay),2026-10-13T01:00:00Z,2026-10-13T12:00,42.3,244,62.6,0.0,1.5,10.55,260,3.08,2.46,1.3,82,0.66,14.0,,unavailable (no satellite pass / dataset error),
34.8,Poor,Bit dodgy,2026-10-08T12:41:38Z,109,Wilsons Prom (West - Norman Bay),2026-10-13T02:00:00Z,2026-10-13T13:00,43.0,238,60.5,0.0,1.48,10.7,260,3.08,2.46,1.4,90,0.99,14.0,,unavailable (no satellite pass / dataset error),
34.4,Poor,Bit dodgy,2026-10-08T12:41:38Z,110,Wilsons Prom (West - Norman Bay),2026-10-13T03:00:00Z,2026-10-13T14:00,43.8,234,58.7,0.0,1.46,10.8,260,3.08,2.48,1.6,90,1.12,13.9,,unavailable (no satellite pass / dataset error),
34.4,Poor,Getting rough,2026-10-08T12:41:38Z,111,Wilsons Prom (West - Norman Bay),2026-10-13T04:00:00Z,2026-10-13T15:00,44.1,231,58.0,0.0,1.54,10.85,258,3.12,2.52,1.6,90,0.99,13.9,,unavailable (no satellite pass / dataset error),
34.4,Poor,Getting rough,2026-10-08T12:41:38Z,112,Wilsons Prom (West - Norman Bay),2026-10-13T05:00:00Z,2026-10-13T16:00,44.0,229,57.6,0.0,1.62,10.8,255,3.18,2.56,1.6,90,0.63,13.9,,unavailable (no satellite pass / dataset error),
34.6,Poor,Getting rough,2026-10-08T12:41:38Z,113,Wilsons Prom (West - Norman Bay),2026-10-13T06:00:00Z,2026-10-13T17:00,44.1,228,58.0,0.0,1.7,10.8,253,3.22,2.6,1.5,83,0.13,13.9,,unavailable (no satellite pass / dataset error),
35.1,Poor,Getting rough,2026-10-08T12:41:38Z,114,Wilsons Prom (West - Norman Bay),2026-10-13T07:00:00Z,2026-10-13T18:00,44.6,226,58.7,0.0,1.72,10.75,254,3.22,2.6,1.3,82,-0.41,13.9,,unavailable (no satellite pass / dataset error),
35.5,Poor,Getting rough,2026-10-08T12:41:38Z,115,Wilsons Prom (West - Norman Bay),2026-10-13T08:00:00Z,2026-10-13T19:00,45.3,224,59.8,0.0,1.76,10.65,254,3.24,2.58,1.1,72,-0.85,13.9,,unavailable (no satellite pass / dataset error),
35.5,Poor,Getting rough,2026-10-08T12:41:38Z,116,Wilsons Prom (West - Norman Bay),2026-10-13T09:00:00Z,2026-10-13T20:00,45.7,221,60.5,0.0,1.78,10.7,255,3.24,2.58,1.1,72,-1.07,13.9,,unavailable (no satellite pass / dataset error),
35.5,Poor,Getting rough,2026-10-08T12:41:38Z,117,Wilsons Prom (West - Norman Bay),2026-10-13T10:00:00Z,2026-10-13T21:00,45.6,218,60.5,0.0,1.6,11.05,257,3.28,2.72,1.1,72,-1.03,13.9,,unavailable (no satellite pass / dataset error),
35.5,Poor,Bit dodgy,2026-10-08T12:41:38Z,118,Wilsons Prom (West - Norman Bay),2026-10-13T11:00:00Z,2026-10-13T22:00,45.4,215,60.5,0.0,1.42,11.55,260,3.34,2.88,1.1,72,-0.76,13.9,,unavailable (no satellite pass / dataset error),
35.5,Poor,Bit dodgy,2026-10-08T12:41:38Z,119,Wilsons Prom (West - Norman Bay),2026-10-13T12:00:00Z,2026-10-13T23:00,44.5,211,60.1,0.0,1.24,11.6,262,3.38,3.02,1.1,72,-0.33,13.9,,unavailable (no satellite pass / dataset error),
72.8,Good,Great,2026-10-08T12:41:38Z,0,Wilsons Prom (East - Sealers Cove),2026-10-08T13:00:00Z,2026-10-09T00:00,16.3,65,34.6,0.0,0.64,7.85,216,1.26,0.74,0.0,90,0.05,14.6,,unavailable (no satellite pass / dataset error),
71.6,Good,Great,2026-10-08T12:41:38Z,1,Wilsons Prom (East - Sealers Cove),2026-10-08T14:00:00Z,2026-10-09T01:00,17.5,66,37.1,0.0,0.64,7.95,216,1.28,0.76,0.0,90,-0.27,14.5,,unavailable (no satellite pass / dataset error),
71.4,Good,Great,2026-10-08T12:41:38Z,2,Wilsons Prom (East - Sealers Cove),2026-10-08T15:00:00Z,2026-10-09T02:00,17.7,68,38.5,0.0,0.64,8.25,216,1.28,0.78,0.0,90,-0.56,14.5,,unavailable (no satellite pass / dataset error),
71.9,Good,Great,2026-10-08T12:41:38Z,3,Wilsons Prom (East - Sealers Cove),2026-10-08T16:00:00Z,2026-10-09T03:00,17.1,68,37.8,0.0,0.62,8.95,216,1.28,0.72,0.0,90,-0.74,14.5,,unavailable (no satellite pass / dataset error),
73.3,Good,Great,2026-10-08T12:41:38Z,4,Wilsons Prom (East - Sealers Cove),2026-10-08T17:00:00Z,2026-10-09T04:00,15.6,73,35.6,0.0,0.58,9.85,216,1.28,0.64,0.0,90,-0.76,14.4,,unavailable (no satellite pass / dataset error),
74.5,Good,Great,2026-10-08T12:41:38Z,5,Wilsons Prom (East - Sealers Cove),2026-10-08T18:00:00Z,2026-10-09T05:00,14.2,81,32.0,0.0,0.56,10.4,216,1.28,0.58,0.0,90,-0.62,14.4,,unavailable (no satellite pass / dataset error),
74.1,Good,Great,2026-10-08T12:41:38Z,6,Wilsons Prom (East - Sealers Cove),2026-10-08T19:00:00Z,2026-10-09T06:00,14.7,84,28.8,0.0,0.6,10.3,216,1.28,0.54,0.0,90,-0.35,14.4,,unavailable (no satellite pass / dataset error),
74.5,Good,Great,2026-10-08T12:41:38Z,7,Wilsons Prom (East - Sealers Cove),2026-10-08T20:00:00Z,2026-10-09T07:00,13.9,88,28.8,0.0,0.62,9.85,217,1.26,0.48,0.2,0,-0.04,14.4,,unavailable (no satellite pass / dataset error),
76.7,Good,Great,2026-10-08T12:41:38Z,8,Wilsons Prom (East - Sealers Cove),2026-10-08T21:00:00Z,2026-10-09T08:00,11.5,87,28.1,0.0,0.66,9.55,217,1.26,0.44,0.2,0,0.26,14.4,,unavailable (no satellite pass / dataset error),
76.1,Good,Great,2026-10-08T12:41:38Z,9,Wilsons Prom (East - Sealers Cove),2026-10-08T22:00:00Z,2026-10-09T09:00,12.1,79,30.6,0.0,0.68,9.6,217,1.26,0.42,0.2,0,0.51,14.4,,unavailable (no satellite pass / dataset error),
75.6,Good,Great,2026-10-08T12:41:38Z,10,Wilsons Prom (East - Sealers Cove),2026-10-08T23:00:00Z,2026-10-09T10:00,12.7,82,33.1,0.0,0.68,9.7,216,1.26,0.42,0.2,0,0.65,14.5,,unavailable (no satellite pass / dataset error),
75.0,Good,Great,2026-10-08T12:41:38Z,11,Wilsons Prom (East - Sealers Cove),2026-10-09T00:00:00Z,2026-10-09T11:00,13.4,85,35.3,0.0,0.7,9.65,216,1.26,0.4,0.2,0,0.63,14.5,,unavailable (no satellite pass / dataset error),
75.9,Good,Great,2026-10-08T12:41:38Z,12,Wilsons Prom (East - Sealers Cove),2026-10-09T01:00:00Z,2026-10-09T12:00,12.4,91,34.9,0.0,0.7,9.05,176,1.26,0.38,0.2,0,0.46,14.6,,unavailable (no satellite pass / dataset error),
76.9,Good,Great,2026-10-08T12:41:38Z,13,Wilsons Prom (East - Sealers Cove),2026-10-09T02:00:00Z,2026-10-09T13:00,11.2,94,33.8,0.0,0.72,8.25,135,1.26,0.34,0.2,0,0.19,14.7,,unavailable (no satellite pass / dataset error),
78.0,Good,Great,2026-10-08T12:41:38Z,14,Wilsons Prom (East - Sealers Cove),2026-10-09T03:00:00Z,2026-10-09T14:00,10.5,94,31.0,0.0,0.72,7.9,95,1.26,0.32,0.0,90,-0.11,14.8,,unavailable (no satellite pass / dataset error),
78.4,Good,Great,2026-10-08T12:41:38Z,15,Wilsons Prom (East - Sealers Cove),2026-10-09T04:00:00Z,2026-10-09T15:00,10.1,96,29.5,0.0,0.72,8.45,136,1.26,0.32,0.0,90,-0.36,15.0,,unavailable (no satellite pass / dataset error),
77.4,Good,Great,2026-10-08T12:41:38Z,16,Wilsons Prom (East - Sealers Cove),2026-10-09T05:00:00Z,2026-10-09T16:00,11.4,95,29.9,0.0,0.72,9.4,176,1.24,0.32,0.0,90,-0.5,15.1,,unavailable (no satellite pass / dataset error),
77.3,Good,Great,2026-10-08T12:41:38Z,17,Wilsons Prom (East - Sealers Cove),2026-10-09T06:00:00Z,2026-10-09T17:00,11.5,104,31.0,0.0,0.72,10.1,217,1.24,0.32,0.0,90,-0.48,15.1,,unavailable (no satellite pass / dataset error),
77.0,Good,Great,2026-10-08T12:41:38Z,18,Wilsons Prom (East - Sealers Cove),2026-10-09T07:00:00Z,2026-10-09T18:00,11.3,97,28.1,0.0,0.72,10.1,218,1.24,0.36,0.2,90,-0.31,15.1,,unavailable (no satellite pass / dataset error),
75.9,Good,Great,2026-10-08T12:41:38Z,19,Wilsons Prom (East - Sealers Cove),2026-10-09T08:00:00Z,2026-10-09T19:00,12.3,94,27.0,0.0,0.72,9.8,220,1.26,0.38,0.2,90,-0.06,15.1,,unavailable (no satellite pass / dataset error),
74.2,Good,Great,2026-10-08T12:41:38Z,20,Wilsons Prom (East - Sealers Cove),2026-10-09T09:00:00Z,2026-10-09T20:00,14.3,76,29.2,0.0,0.72,9.55,221,1.26,0.42,0.2,90,0.22,15.1,,unavailable (no satellite pass / dataset error),
72.8,Good,Great,2026-10-08T12:41:38Z,21,Wilsons Prom (East - Sealers Cove),2026-10-09T10:00:00Z,2026-10-09T21:00,15.8,61,32.4,0.0,0.72,9.65,221,1.26,0.44,0.2,90,0.48,15.0,,unavailable (no satellite pass / dataset error),
73.5,Good,Great,2026-10-08T12:41:38Z,22,Wilsons Prom (East - Sealers Cove),2026-10-09T11:00:00Z,2026-10-09T22:00,15.0,61,33.1,0.0,0.72,9.8,222,1.26,0.44,0.2,90,0.68,15.0,,unavailable (no satellite pass / dataset error),
75.1,Good,Great,2026-10-08T12:41:38Z,23,Wilsons Prom (East - Sealers Cove),2026-10-09T12:00:00Z,2026-10-09T23:00,13.3,77,31.7,0.0,0.72,9.45,222,1.26,0.46,0.2,90,0.75,14.9,,unavailable (no satellite pass / dataset error),
80.9,Excellent,Great,2026-10-08T12:41:38Z,24,Wilsons Prom (East - Sealers Cove),2026-10-09T13:00:00Z,2026-10-10T00:00,6.7,98,28.1,0.0,0.78,8.05,177,1.26,0.4,0.2,90,0.65,14.9,,unavailable (no satellite pass / dataset error),
78.3,Good,Doable,2026-10-08T12:41:38Z,25,Wilsons Prom (East - Sealers Cove),2026-10-09T14:00:00Z,2026-10-10T01:00,9.4,110,18.0,0.2,0.86,6.15,132,1.26,0.32,0.2,90,0.43,14.9,,unavailable (no satellite pass / dataset error),
80.0,Excellent,Doable,2026-10-08T12:41:38Z,26,Wilsons Prom (East - Sealers Cove),2026-10-09T15:00:00Z,2026-10-10T02:00,7.2,270,18.4,0.0,0.92,4.8,87,1.26,0.26,0.3,45,0.16,14.9,,unavailable (no satellite pass / dataset error),
78.3,Good,Doable,2026-10-08T12:41:38Z,27,Wilsons Prom (East - Sealers Cove),2026-10-09T16:00:00Z,2026-10-10T03:00,9.4,320,18.0,0.0,0.88,4.45,88,1.24,0.26,0.3,45,-0.14,14.9,,unavailable (no satellite pass / dataset error),
75.2,Good,Doable,2026-10-08T12:41:38Z,28,Wilsons Prom (East - Sealers Cove),2026-10-09T17:00:00Z,2026-10-10T04:00,13.0,288,23.4,0.0,0.84,4.7,89,1.22,0.26,0.3,45,-0.34,14.9,,unavailable (no satellite pass / dataset error),
71.6,Good,Great,2026-10-08T12:41:38Z,29,Wilsons Prom (East - Sealers Cove),2026-10-09T18:00:00Z,2026-10-10T05:00,17.3,274,37.8,0.0,0.8,5.3,90,1.2,0.26,0.3,45,-0.4,14.9,,unavailable (no satellite pass / dataset error),
68.9,Good,Great,2026-10-08T12:41:38Z,30,Wilsons Prom (East - Sealers Cove),2026-10-09T19:00:00Z,2026-10-10T06:00,20.1,275,43.6,0.0,0.76,6.5,134,1.22,0.38,0.3,45,-0.32,14.9,,unavailable (no satellite pass / dataset error),
66.1,Good,Great,2026-10-08T12:41:38Z,31,Wilsons Prom (East - Sealers Cove),2026-10-09T20:00:00Z,2026-10-10T07:00,22.8,279,49.7,0.0,0.74,8.05,177,1.24,0.5,0.4,27,-0.1,14.9,,unavailable (no satellite pass / dataset error),
65.3,Good,Great,2026-10-08T12:41:38Z,32,Wilsons Prom (East - Sealers Cove),2026-10-09T21:00:00Z,2026-10-10T08:00,22.9,277,51.5,0.0,0.7,9.15,221,1.26,0.62,0.6,18,0.19,14.9,,unavailable (no satellite pass / dataset error),
62.8,Good,Great,2026-10-08T12:41:38Z,33,Wilsons Prom (East - Sealers Cove),2026-10-09T22:00:00Z,2026-10-10T09:00,24.8,276,57.2,0.0,0.7,9.4,220,1.34,0.78,0.6,18,0.48,14.9,,unavailable (no satellite pass / dataset error),
62.5,Good,Great,2026-10-08T12:41:38Z,34,Wilsons Prom (East - Sealers Cove),2026-10-09T23:00:00Z,2026-10-10T10:00,24.0,278,57.6,0.0,0.7,9.2,220,1.44,0.96,0.6,18,0.72,14.9,,unavailable (no satellite pass / dataset error),
59.9,Fair,Great,2026-10-08T12:41:38Z,35,Wilsons Prom (East - Sealers Cove),2026-10-10T00:00:00Z,2026-10-10T11:00,26.0,278,62.3,0.0,0.7,8.85,219,1.52,1.12,0.6,18,0.85,14.9,,unavailable (no satellite pass / dataset error),
57.9,Fair,Great,2026-10-08T12:41:38Z,36,Wilsons Prom (East - Sealers Cove),2026-10-10T01:00:00Z,2026-10-10T12:00,27.6,277,66.2,0.0,0.7,8.4,231,1.58,1.18,0.6,18,0.82,15.0,,unavailable (no satellite pass / dataset error),
56.0,Fair,Great,2026-10-08T12:41:38Z,37,Wilsons Prom (East - Sealers Cove),2026-10-10T02:00:00Z,2026-10-10T13:00,29.1,275,69.5,0.0,0.72,7.85,243,1.64,1.26,0.6,18,0.65,15.1,,unavailable (no satellite pass / dataset error),
56.2,Fair,Great,2026-10-08T12:41:38Z,38,Wilsons Prom (East - Sealers Cove),2026-10-10T03:00:00Z,2026-10-10T14:00,28.2,278,69.5,0.0,0.72,7.35,255,1.7,1.32,0.6,18,0.36,15.1,,unavailable (no satellite pass / dataset error),
59.5,Fair,Doable,2026-10-08T12:41:38Z,39,Wilsons Prom (East - Sealers Cove),2026-10-10T04:00:00Z,2026-10-10T15:00,25.2,282,66.2,0.0,0.82,6.95,255,1.68,1.2,0.4,27,0.02,15.2,,unavailable (no satellite pass / dataset error),
59.4,Fair,Doable,2026-10-08T12:41:38Z,40,Wilsons Prom (East - Sealers Cove),2026-10-10T05:00:00Z,2026-10-10T16:00,25.8,285,60.8,0.0,0.94,6.6,254,1.64,1.08,0.4,27,-0.29,15.3,,unavailable (no satellite pass / dataset error),
60.6,Good,Doable,2026-10-08T12:41:38Z,41,Wilsons Prom (East - Sealers Cove),2026-10-10T06:00:00Z,2026-10-10T17:00,24.6,283,61.2,0.0,1.04,6.4,254,1.62,0.96,0.4,27,-0.47,15.3,,unavailable (no satellite pass / dataset error),
64.9,Good,Doable,2026-10-08T12:41:38Z,42,Wilsons Prom (East - Sealers Cove),2026-10-10T07:00:00Z,2026-10-10T18:00,20.3,284,57.6,0.0,1.06,6.3,257,1.58,0.88,0.4,27,-0.48,15.3,,unavailable (no satellite pass / dataset error),
67.8,Good,Doable,2026-10-08T12:41:38Z,43,Wilsons Prom (East - Sealers Cove),2026-10-10T08:00:00Z,2026-10-10T19:00,17.5,285,46.8,0.0,1.08,6.35,259,1.54,0.8,0.4,27,-0.34,15.3,,unavailable (no satellite pass / dataset error),
70.0,Good,Doable,2026-10-08T12:41:38Z,44,Wilsons Prom (East - Sealers Cove),2026-10-10T09:00:00Z,2026-10-10T20:00,15.5,280,38.9,0.0,1.1,6.45,262,1.5,0.72,0.4,27,-0.09,15.3,,unavailable (no satellite pass / dataset error),
72.2,Good,Doable,2026-10-08T12:41:38Z,45,Wilsons Prom (East - Sealers Cove),2026-10-10T10:00:00Z,2026-10-10T21:00,13.1,252,33.8,0.0,1.1,6.7,260,1.52,0.8,0.3,45,0.2,15.3,,unavailable (no satellite pass / dataset error),
68.5,Good,Doable,2026-10-08T12:41:38Z,46,Wilsons Prom (East - Sealers Cove),2026-10-10T11:00:00Z,2026-10-10T22:00,16.7,256,36.4,0.0,1.12,7.0,257,1.56,0.86,0.3,45,0.49,15.2,,unavailable (no satellite pass / dataset error),
67.3,Good,Doable,2026-10-08T12:41:38Z,47,Wilsons Prom (East - Sealers Cove),2026-10-10T12:00:00Z,2026-10-10T23:00,17.9,260,39.2,0.0,1.12,7.15,255,1.58,0.94,0.3,45,0.72,15.2,,unavailable (no satellite pass / dataset error),
68.9,Good,Bit dodgy,2026-10-08T12:41:38Z,48,Wilsons Prom (East - Sealers Cove),2026-10-10T13:00:00Z,2026-10-11T00:00,16.2,269,39.2,0.1,1.22,6.95,256,1.58,0.74,0.2,90,0.83,15.2,,unavailable (no satellite pass / dataset error),
72.6,Good,Bit dodgy,2026-10-08T12:41:38Z,49,Wilsons Prom (East - Sealers Cove),2026-10-10T14:00:00Z,2026-10-11T01:00,12.1,281,34.9,0.0,1.34,6.6,256,1.58,0.52,0.3,135,0.76,15.2,,unavailable (no satellite pass / dataset error),
74.2,Good,Bit dodgy,2026-10-08T12:41:38Z,50,Wilsons Prom (East - Sealers Cove),2026-10-10T15:00:00Z,2026-10-11T02:00,10.3,283,27.0,0.0,1.44,6.4,257,1.58,0.32,0.3,135,0.55,15.2,,unavailable (no satellite pass / dataset error),
76.2,Good,Bit dodgy,2026-10-08T12:41:38Z,51,Wilsons Prom (East - Sealers Cove),2026-10-10T16:00:00Z,2026-10-11T03:00,8.3,288,22.7,0.0,1.4,6.45,258,1.56,0.22,0.3,135,0.25,15.1,,unavailable (no satellite pass / dataset error),
78.8,Good,Bit dodgy,2026-10-08T12:41:38Z,52,Wilsons Prom (East - Sealers Cove),2026-10-10T17:00:00Z,2026-10-11T04:00,6.0,299,18.7,0.0,1.36,6.65,258,1.52,0.14,0.2,180,-0.07,15.1,,unavailable (no satellite pass / dataset error),
80.2,Excellent,Bit dodgy,2026-10-08T12:41:38Z,53,Wilsons Prom (East - Sealers Cove),2026-10-10T18:00:00Z,2026-10-11T05:00,4.2,306,14.0,0.0,1.32,6.85,259,1.5,0.04,0.4,180,-0.33,15.1,,unavailable (no satellite pass / dataset error),
81.9,Excellent,Bit dodgy,2026-10-08T12:41:38Z,54,Wilsons Prom (East - Sealers Cove),2026-10-10T19:00:00Z,2026-10-11T06:00,2.3,328,9.7,0.0,1.3,7.05,259,1.5,0.04,0.4,180,-0.44,15.1,,unavailable (no satellite pass / dataset error),
81.6,Excellent,Bit dodgy,2026-10-08T12:41:38Z,55,Wilsons Prom (East - Sealers Cove),2026-10-10T20:00:00Z,2026-10-11T07:00,2.2,346,6.1,0.1,1.26,7.3,259,1.52,0.04,0.4,180,-0.39,15.1,,unavailable (no satellite pass / dataset error),
80.8,Excellent,Bit dodgy,2026-10-08T12:41:38Z,56,Wilsons Prom (East - Sealers Cove),2026-10-10T21:00:00Z,2026-10-11T08:00,3.2,19,10.8,0.0,1.24,7.6,259,1.52,0.04,0.4,180,-0.22,15.2,,unavailable (no satellite pass / dataset error),
77.4,Good,Doable,2026-10-08T12:41:38Z,57,Wilsons Prom (East - Sealers Cove),2026-10-10T22:00:00Z,2026-10-11T09:00,6.7,19,19.1,0.0,1.2,8.0,257,1.54,0.04,0.4,180,0.04,15.2,,unavailable (no satellite pass / dataset error),
76.5,Good,Doable,2026-10-08T12:41:38Z,58,Wilsons Prom (East - Sealers Cove),2026-10-10T23:00:00Z,2026-10-11T10:00,7.3,25,22.7,0.0,1.18,8.45,256,1.58,0.06,0.4,180,0.32,15.2,,unavailable (no satellite pass / dataset error),
74.8,Good,Doable,2026-10-08T12:41:38Z,59,Wilsons Prom (East - Sealers Cove),2026-10-11T00:00:00Z,2026-10-11T11:00,9.0,6,26.6,0.0,1.14,8.8,254,1.6,0.06,0.4,180,0.57,15.3,,unavailable (no satellite pass / dataset error),
72.8,Good,Doable,2026-10-08T12:41:38Z,60,Wilsons Prom (East - Sealers Cove),2026-10-11T01:00:00Z,2026-10-11T12:00,10.7,338,31.3,0.2,1.1,8.95,257,1.62,0.06,0.4,180,0.72,15.4,,unavailable (no satellite pass / dataset error),
71.9,Good,Doable,2026-10-08T12:41:38Z,61,Wilsons Prom (East - Sealers Cove),2026-10-11T02:00:00Z,2026-10-11T13:00,11.2,330,31.7,0.2,1.08,8.95,259,1.64,0.08,0.4,180,0.69,15.5,,unavailable (no satellite pass / dataset error),
70.8,Good,Doable,2026-10-08T12:41:38Z,62,Wilsons Prom (East - Sealers Cove),2026-10-11T03:00:00Z,2026-10-11T14:00,12.2,333,34.6,0.0,1.04,9.2,262,1.66,0.08,0.4,180,0.5,15.6,,unavailable (no satellite pass / dataset error),
72.0,Good,Doable,2026-10-08T12:41:38Z,63,Wilsons Prom (East - Sealers Cove),2026-10-11T04:00:00Z,2026-10-11T15:00,10.9,351,34.6,0.0,1.12,9.85,259,1.66,0.12,0.4,180,0.18,15.8,,unavailable (no satellite pass / dataset error),
74.7,Good,Doable,2026-10-08T12:41:38Z,64,Wilsons Prom (East - Sealers Cove),2026-10-11T05:00:00Z,2026-10-11T16:00,8.1,25,30.6,0.0,1.18,10.7,257,1.64,0.18,0.4,180,-0.19,15.9,,unavailable (no satellite pass / dataset error),
72.4,Good,Bit dodgy,2026-10-08T12:41:38Z,65,Wilsons Prom (East - Sealers Cove),2026-10-11T06:00:00Z,2026-10-11T17:00,10.6,40,28.1,0.0,1.26,11.3,254,1.64,0.22,0.4,180,-0.53,15.9,,unavailable (no satellite pass / dataset error),
72.4,Good,Bit dodgy,2026-10-08T12:41:38Z,66,Wilsons Prom (East - Sealers Cove),2026-10-11T07:00:00Z,2026-10-11T18:00,10.9,52,27.7,0.0,1.24,11.5,256,1.62,0.24,0.4,180,-0.75,15.9,,unavailable (no satellite pass / dataset error),
70.6,Good,Bit dodgy,2026-10-08T12:41:38Z,67,Wilsons Prom (East - Sealers Cove),2026-10-11T08:00:00Z,2026-10-11T19:00,13.1,61,28.1,0.0,1.22,11.45,258,1.6,0.28,0.4,180,-0.79,15.8,,unavailable (no satellite pass / dataset error),
70.7,Good,Doable,2026-10-08T12:41:38Z,68,Wilsons Prom (East - Sealers Cove),2026-10-11T09:00:00Z,2026-10-11T20:00,13.2,55,28.4,0.0,1.2,11.4,260,1.58,0.3,0.4,180,-0.65,15.8,,unavailable (no satellite pass / dataset error),
70.1,Good,Doable,2026-10-08T12:41:38Z,69,Wilsons Prom (East - Sealers Cove),2026-10-11T10:00:00Z,2026-10-11T21:00,14.1,48,28.4,0.0,1.18,11.45,260,1.56,0.34,0.4,180,-0.36,15.6,,unavailable (no satellite pass / dataset error),
69.2,Good,Doable,2026-10-08T12:41:38Z,70,Wilsons Prom (East - Sealers Cove),2026-10-11T11:00:00Z,2026-10-11T22:00,15.1,38,31.3,0.0,1.18,11.5,261,1.56,0.38,0.4,180,0.0,15.5,,unavailable (no satellite pass / dataset error),
72.6,Good,Doable,2026-10-08T12:41:38Z,71,Wilsons Prom (East - Sealers Cove),2026-10-11T12:00:00Z,2026-10-11T23:00,12.1,37,30.6,0.0,1.16,11.55,261,1.54,0.42,0.2,180,0.37,15.5,,unavailable (no satellite pass / dataset error),
74.9,Good,Doable,2026-10-08T12:41:38Z,72,Wilsons Prom (East - Sealers Cove),2026-10-11T13:00:00Z,2026-10-12T00:00,9.9,45,24.8,0.0,1.14,11.55,261,1.52,0.4,0.2,180,0.69,15.4,,unavailable (no satellite pass / dataset error),
78.3,Good,Doable,2026-10-08T12:41:38Z,73,Wilsons Prom (East - Sealers Cove),2026-10-11T14:00:00Z,2026-10-12T01:00,6.5,84,19.8,0.0,1.12,11.5,261,1.48,0.38,0.2,180,0.85,15.4,,unavailable (no satellite pass / dataset error),
81.7,Excellent,Doable,2026-10-08T12:41:38Z,74,Wilsons Prom (East - Sealers Cove),2026-10-11T15:00:00Z,2026-10-12T02:00,2.9,112,14.0,0.0,1.1,11.45,261,1.46,0.36,0.2,180,0.83,15.4,,unavailable (no satellite pass / dataset error),
79.7,Good,Doable,2026-10-08T12:41:38Z,75,Wilsons Prom (East - Sealers Cove),2026-10-11T16:00:00Z,2026-10-12T03:00,5.2,311,13.0,0.0,1.08,11.4,261,1.46,0.42,0.2,180,0.65,15.4,,unavailable (no satellite pass / dataset error),
74.1,Good,Doable,2026-10-08T12:41:38Z,76,Wilsons Prom (East - Sealers Cove),2026-10-11T17:00:00Z,2026-10-12T04:00,11.4,301,21.2,0.0,1.04,11.3,260,1.46,0.5,0.2,90,0.37,15.3,,unavailable (no satellite pass / dataset error),
67.2,Good,Doable,2026-10-08T12:41:38Z,77,Wilsons Prom (East - Sealers Cove),2026-10-11T18:00:00Z,2026-10-12T05:00,18.2,258,47.9,0.7,1.02,11.25,260,1.46,0.56,0.2,90,0.06,15.3,,unavailable (no satellite pass / dataset error),
64.0,Good,Doable,2026-10-08T12:41:38Z,78,Wilsons Prom (East - Sealers Cove),2026-10-11T19:00:00Z,2026-10-12T06:00,21.3,281,44.6,0.0,1.0,11.25,260,1.48,0.64,0.3,45,-0.19,15.3,,unavailable (no satellite pass / dataset error),
62.4,Good,Doable,2026-10-08T12:41:38Z,79,Wilsons Prom (East - Sealers Cove),2026-10-11T20:00:00Z,2026-10-12T07:00,22.1,282,47.5,0.5,0.98,11.25,260,1.52,0.7,0.3,45,-0.3,15.3,,unavailable (no satellite pass / dataset error),
64.0,Good,Doable,2026-10-08T12:41:38Z,80,Wilsons Prom (East - Sealers Cove),2026-10-11T21:00:00Z,2026-10-12T08:00,18.4,275,46.4,1.2,0.96,11.2,260,1.54,0.78,0.3,45,-0.24,15.3,,unavailable (no satellite pass / dataset error),
63.3,Good,Doable,2026-10-08T12:41:38Z,81,Wilsons Prom (East - Sealers Cove),2026-10-11T22:00:00Z,2026-10-12T09:00,17.2,299,39.6,1.4,0.96,11.1,260,1.52,0.7,0.4,27,-0.05,15.3,,unavailable (no satellite pass / dataset error),
62.1,Good,Doable,2026-10-08T12:41:38Z,82,Wilsons Prom (East - Sealers Cove),2026-10-11T23:00:00Z,2026-10-12T10:00,18.5,303,41.0,0.0,0.94,11.0,260,1.52,0.64,0.4,27,0.22,15.3,,unavailable (no satellite pass / dataset error),
56.8,Fair,Doable,2026-10-08T12:41:38Z,83,Wilsons Prom (East - Sealers Cove),2026-10-12T00:00:00Z,2026-10-12T11:00,24.2,300,57.2,0.3,0.94,10.8,260,1.5,0.56,0.4,27,0.52,15.3,,unavailable (no satellite pass / dataset error),
58.5,Fair,Doable,2026-10-08T12:41:38Z,84,Wilsons Prom (East - Sealers Cove),2026-10-12T01:00:00Z,2026-10-12T12:00,21.8,290,58.3,0.4,0.88,10.4,258,1.48,0.54,0.6,18,0.78,15.3,,unavailable (no satellite pass / dataset error),
60.1,Good,Doable,2026-10-08T12:41:38Z,85,Wilsons Prom (East - Sealers Cove),2026-10-12T02:00:00Z,2026-10-12T13:00,19.6,268,58.0,0.4,0.84,9.9,257,1.46,0.54,0.7,14,0.91,15.4,,unavailable (no satellite pass / dataset error),
59.5,Fair,Great,2026-10-08T12:41:38Z,86,Wilsons Prom (East - Sealers Cove),2026-10-12T03:00:00Z,2026-10-12T14:00,20.0,251,58.0,0.4,0.78,9.7,255,1.44,0.52,0.7,14,0.85,15.4,,unavailable (no satellite pass / dataset error),
58.4,Fair,Great,2026-10-08T12:41:38Z,87,Wilsons Prom (East - Sealers Cove),2026-10-12T04:00:00Z,2026-10-12T15:00,20.6,246,59.4,0.1,0.76,10.05,247,1.48,0.68,0.7,14,0.6,15.4,,unavailable (no satellite pass / dataset error),
58.0,Fair,Great,2026-10-08T12:41:38Z,88,Wilsons Prom (East - Sealers Cove),2026-10-12T05:00:00Z,2026-10-12T16:00,20.7,247,60.8,0.1,0.72,10.7,238,1.52,0.84,0.6,18,0.22,15.4,,unavailable (no satellite pass / dataset error),
57.7,Fair,Great,2026-10-08T12:41:38Z,89,Wilsons Prom (East - Sealers Cove),2026-10-12T06:00:00Z,2026-10-12T17:00,20.5,250,60.8,0.1,0.7,11.15,230,1.56,1.0,0.6,18,-0.23,15.4,,unavailable (no satellite pass / dataset error),
58.1,Fair,Great,2026-10-08T12:41:38Z,90,Wilsons Prom (East - Sealers Cove),2026-10-12T07:00:00Z,2026-10-12T18:00,19.9,253,57.6,0.0,0.72,11.25,230,1.62,1.1,0.4,27,-0.63,15.4,,unavailable (no satellite pass / dataset error),
57.9,Fair,Great,2026-10-08T12:41:38Z,91,Wilsons Prom (East - Sealers Cove),2026-10-12T08:00:00Z,2026-10-12T19:00,19.2,258,52.2,0.0,0.72,11.2,231,1.7,1.2,0.4,27,-0.85,15.4,,unavailable (no satellite pass / dataset error),
57.9,Fair,Great,2026-10-08T12:41:38Z,92,Wilsons Prom (East - Sealers Cove),2026-10-12T09:00:00Z,2026-10-12T20:00,18.6,262,47.9,0.0,0.74,10.95,231,1.76,1.3,0.4,27,-0.85,15.3,,unavailable (no satellite pass / dataset error),
58.2,Fair,Great,2026-10-08T12:41:38Z,93,Wilsons Prom (East - Sealers Cove),2026-10-12T10:00:00Z,2026-10-12T21:00,18.0,263,45.0,0.0,0.74,10.35,239,1.8,1.32,0.3,45,-0.66,15.3,,unavailable (no satellite pass / dataset error),
58.2,Fair,Great,2026-10-08T12:41:38Z,94,Wilsons Prom (East - Sealers Cove),2026-10-12T11:00:00Z,2026-10-12T22:00,17.6,262,42.8,0.0,0.76,9.5,247,1.84,1.32,0.3,45,-0.32,15.3,,unavailable (no satellite pass / dataset error),
58.4,Fair,Great,2026-10-08T12:41:38Z,95,Wilsons Prom (East - Sealers Cove),2026-10-12T12:00:00Z,2026-10-12T23:00,17.2,264,41.8,0.0,0.76,8.95,255,1.88,1.34,0.2,90,0.1,15.2,,unavailable (no satellite pass / dataset error),
58.3,Fair,Great,2026-10-08T12:41:38Z,96,Wilsons Prom (East - Sealers Cove),2026-10-12T13:00:00Z,2026-10-13T00:00,17.5,268,41.8,0.0,0.72,8.9,255,1.86,1.3,0.2,90,0.55,15.2,,unavailable (no satellite pass / dataset error),
57.9,Fair,Great,2026-10-08T12:41:38Z,97,Wilsons Prom (East - Sealers Cove),2026-10-12T14:00:00Z,2026-10-13T01:00,18.0,274,42.5,0.0,0.7,9.1,255,1.86,1.24,0.2,90,0.92,15.2,,unavailable (no satellite pass / dataset error),
58.0,Fair,Great,2026-10-08T12:41:38Z,98,Wilsons Prom (East - Sealers Cove),2026-10-12T15:00:00Z,2026-10-13T02:00,18.1,280,42.8,0.0,0.66,9.25,255,1.84,1.2,0.2,90,1.12,15.1,,unavailable (no satellite pass / dataset error),
58.8,Fair,Great,2026-10-08T12:41:38Z,99,Wilsons Prom (East - Sealers Cove),2026-10-12T16:00:00Z,2026-10-13T03:00,17.2,288,42.5,0.1,0.66,9.3,255,1.82,1.1,0.2,90,1.09,15.1,,unavailable (no satellite pass / dataset error),
59.6,Fair,Great,2026-10-08T12:41:38Z,100,Wilsons Prom (East - Sealers Cove),2026-10-12T17:00:00Z,2026-10-13T04:00,16.0,297,41.8,0.1,0.66,9.3,255,1.82,1.02,0.3,135,0.86,15.1,,unavailable (no satellite pass / dataset error),
61.0,Good,Great,2026-10-08T12:41:38Z,101,Wilsons Prom (East - Sealers Cove),2026-10-12T18:00:00Z,2026-10-13T05:00,15.5,305,41.4,0.1,0.66,9.1,255,1.8,0.92,0.3,135,0.51,15.0,,unavailable (no satellite pass / dataset error),
60.8,Good,Great,2026-10-08T12:41:38Z,102,Wilsons Prom (East - Sealers Cove),2026-10-12T19:00:00Z,2026-10-13T06:00,15.6,306,41.4,0.1,0.78,8.6,251,1.82,0.96,0.2,90,0.15,15.0,,unavailable (no satellite pass / dataset error),
60.7,Good,Doable,2026-10-08T12:41:38Z,103,Wilsons Prom (East - Sealers Cove),2026-10-12T20:00:00Z,2026-10-13T07:00,16.0,304,41.8,0.1,0.92,7.9,246,1.84,1.02,0.2,90,-0.13,15.0,,unavailable (no satellite pass / dataset error),
61.9,Good,Doable,2026-10-08T12:41:38Z,104,Wilsons Prom (East - Sealers Cove),2026-10-12T21:00:00Z,2026-10-13T08:00,16.0,297,43.2,0.1,1.04,7.4,242,1.86,1.06,0.2,90,-0.25,15.0,,unavailable (no satellite pass / dataset error),
61.3,Good,Doable,2026-10-08T12:41:38Z,105,Wilsons Prom (East - Sealers Cove),2026-10-12T22:00:00Z,2026-10-13T09:00,16.1,286,45.7,1.3,1.04,7.1,244,1.92,1.18,0.2,90,-0.21,14.9,,unavailable (no satellite pass / dataset error),
58.0,Fair,Doable,2026-10-08T12:41:38Z,106,Wilsons Prom (East - Sealers Cove),2026-10-12T23:00:00Z,2026-10-13T10:00,16.9,272,49.0,1.3,1.04,6.9,247,2.0,1.28,0.3,45,-0.03,14.9,,unavailable (no satellite pass / dataset error),
54.4,Fair,Doable,2026-10-08T12:41:38Z,107,Wilsons Prom (East - Sealers Cove),2026-10-13T00:00:00Z,2026-10-13T11:00,18.6,261,52.6,1.3,1.04,7.05,249,2.06,1.4,0.4,27,0.24,14.9,,unavailable (no satellite pass / dataset error),
51.8,Fair,Doable,2026-10-08T12:41:38Z,108,Wilsons Prom (East - Sealers Cove),2026-10-13T01:00:00Z,2026-10-13T12:00,20.9,252,56.9,0.1,1.02,7.8,253,2.1,1.52,0.6,18,0.57,14.9,,unavailable (no satellite pass / dataset error),
49.4,Fair,Doable,2026-10-08T12:41:38Z,109,Wilsons Prom (East - Sealers Cove),2026-10-13T02:00:00Z,2026-10-13T13:00,23.6,247,61.2,0.1,0.98,8.85,256,2.14,1.62,0.6,18,0.85,15.0,,unavailable (no satellite pass / dataset error),
47.7,Fair,Doable,2026-10-08T12:41:38Z,110,Wilsons Prom (East - Sealers Cove),2026-10-13T03:00:00Z,2026-10-13T14:00,25.4,243,64.1,0.1,0.96,9.55,260,2.18,1.74,0.6,18,0.98,15.0,,unavailable (no satellite pass / dataset error),
47.6,Fair,Doable,2026-10-08T12:41:38Z,111,Wilsons Prom (East - Sealers Cove),2026-10-13T04:00:00Z,2026-10-13T15:00,25.7,240,64.8,0.0,1.02,9.55,261,2.18,1.68,0.6,18,0.91,15.0,,unavailable (no satellite pass / dataset error),
48.5,Fair,Doable,2026-10-08T12:41:38Z,112,Wilsons Prom (East - Sealers Cove),2026-10-13T05:00:00Z,2026-10-13T16:00,25.1,238,64.1,0.0,1.1,9.2,261,2.16,1.64,0.6,18,0.63,15.1,,unavailable (no satellite pass / dataset error),
49.5,Fair,Doable,2026-10-08T12:41:38Z,113,Wilsons Prom (East - Sealers Cove),2026-10-13T06:00:00Z,2026-10-13T17:00,24.1,236,62.6,0.0,1.16,8.95,262,2.16,1.58,0.6,18,0.22,15.1,,unavailable (no satellite pass / dataset error),
50.0,Fair,Doable,2026-10-08T12:41:38Z,114,Wilsons Prom (East - Sealers Cove),2026-10-13T07:00:00Z,2026-10-13T18:00,23.1,234,61.2,0.0,1.12,9.1,262,2.2,1.66,0.6,18,-0.25,15.1,,unavailable (no satellite pass / dataset error),
50.4,Fair,Doable,2026-10-08T12:41:38Z,115,Wilsons Prom (East - Sealers Cove),2026-10-13T08:00:00Z,2026-10-13T19:00,22.0,233,59.4,0.0,1.08,9.35,262,2.26,1.76,0.6,18,-0.65,15.0,,unavailable (no satellite pass / dataset error),
50.8,Fair,Doable,2026-10-08T12:41:38Z,116,Wilsons Prom (East - Sealers Cove),2026-10-13T09:00:00Z,2026-10-13T20:00,21.0,231,56.9,0.0,1.04,9.55,262,2.3,1.84,0.6,18,-0.87,15.0,,unavailable (no satellite pass / dataset error),
51.7,Fair,Doable,2026-10-08T12:41:38Z,117,Wilsons Prom (East - Sealers Cove),2026-10-13T10:00:00Z,2026-10-13T21:00,20.3,228,53.3,0.0,1.02,9.65,262,2.32,1.86,0.4,27,-0.86,14.9,,unavailable (no satellite pass / dataset error),
52.5,Fair,Doable,2026-10-08T12:41:38Z,118,Wilsons Prom (East - Sealers Cove),2026-10-13T11:00:00Z,2026-10-13T22:00,19.5,224,49.3,0.0,1.02,9.65,261,2.32,1.86,0.4,27,-0.66,14.8,,unavailable (no satellite pass / dataset error),
53.3,Fair,Doable,2026-10-08T12:41:38Z,119,Wilsons Prom (East - Sealers Cove),2026-10-13T12:00:00Z,2026-10-13T23:00,18.6,221,45.7,0.0,1.0,9.4,261,2.34,1.88,0.3,45,-0.32,14.8,,unavailable (no satellite pass / dataset error),
77.4,Good,Bit dodgy,2026-10-08T12:41:38Z,0,Mallacoota,2026-10-08T13:00:00Z,2026-10-09T00:00,7.8,22,13.0,0.0,1.36,7.4,139,1.38,0.04,0.8,225,-0.53,16.8,,unavailable (no satellite pass / dataset error),
77.8,Good,Bit dodgy,2026-10-08T12:41:38Z,1,Mallacoota,2026-10-08T14:00:00Z,2026-10-09T01:00,7.6,25,12.2,0.0,1.38,7.5,139,1.4,0.02,0.6,214,-0.65,16.7,,unavailable (no satellite pass / dataset error),
77.1,Good,Bit dodgy,2026-10-08T12:41:38Z,2,Mallacoota,2026-10-08T15:00:00Z,2026-10-09T02:00,8.6,29,13.7,0.0,1.4,7.6,138,1.4,0.02,0.5,225,-0.62,16.7,,unavailable (no satellite pass / dataset error),
76.6,Good,Bit dodgy,2026-10-08T12:41:38Z,3,Mallacoota,2026-10-08T16:00:00Z,2026-10-09T03:00,9.2,23,15.1,0.0,1.4,7.65,138,1.4,0.02,0.5,225,-0.46,16.7,,unavailable (no satellite pass / dataset error),
76.4,Good,Bit dodgy,2026-10-08T12:41:38Z,4,Mallacoota,2026-10-08T17:00:00Z,2026-10-09T04:00,9.4,24,14.8,0.0,1.4,7.7,139,1.4,0.04,0.5,225,-0.2,16.6,,unavailable (no satellite pass / dataset error),
74.8,Good,Bit dodgy,2026-10-08T12:41:38Z,5,Mallacoota,2026-10-08T18:00:00Z,2026-10-09T05:00,11.0,34,18.0,0.0,1.4,7.75,139,1.4,0.04,0.6,214,0.09,16.6,,unavailable (no satellite pass / dataset error),
74.1,Good,Bit dodgy,2026-10-08T12:41:38Z,6,Mallacoota,2026-10-08T19:00:00Z,2026-10-09T06:00,11.7,34,20.5,0.0,1.38,7.75,138,1.4,0.06,0.6,214,0.34,16.6,,unavailable (no satellite pass / dataset error),
73.8,Good,Bit dodgy,2026-10-08T12:41:38Z,7,Mallacoota,2026-10-08T20:00:00Z,2026-10-09T07:00,12.3,29,22.7,0.0,1.38,7.75,138,1.38,0.08,0.6,214,0.49,16.6,,unavailable (no satellite pass / dataset error),
74.3,Good,Bit dodgy,2026-10-08T12:41:38Z,8,Mallacoota,2026-10-08T21:00:00Z,2026-10-09T08:00,11.2,30,24.8,0.0,1.36,7.7,137,1.38,0.1,0.8,225,0.51,16.6,,unavailable (no satellite pass / dataset error),
69.7,Good,Bit dodgy,2026-10-08T12:41:38Z,9,Mallacoota,2026-10-08T22:00:00Z,2026-10-09T09:00,16.1,31,36.7,0.0,1.32,7.65,137,1.38,0.16,0.9,217,0.4,16.7,,unavailable (no satellite pass / dataset error),
68.9,Good,Bit dodgy,2026-10-08T12:41:38Z,10,Mallacoota,2026-10-08T23:00:00Z,2026-10-09T10:00,17.0,26,40.7,0.0,1.28,7.55,138,1.38,0.2,0.9,217,0.19,16.7,,unavailable (no satellite pass / dataset error),
69.7,Good,Bit dodgy,2026-10-08T12:41:38Z,11,Mallacoota,2026-10-09T00:00:00Z,2026-10-09T11:00,15.9,34,40.3,0.0,1.24,7.5,138,1.38,0.26,1.0,211,-0.06,16.7,,unavailable (no satellite pass / dataset error),
66.5,Good,Bit dodgy,2026-10-08T12:41:38Z,12,Mallacoota,2026-10-09T01:00:00Z,2026-10-09T12:00,19.4,48,45.7,0.0,1.22,7.5,138,1.38,0.32,1.0,211,-0.29,16.8,,unavailable (no satellite pass / dataset error),
65.5,Good,Doable,2026-10-08T12:41:38Z,13,Mallacoota,2026-10-09T02:00:00Z,2026-10-09T13:00,20.8,43,49.7,0.0,1.18,7.5,138,1.36,0.4,1.0,211,-0.42,16.8,,unavailable (no satellite pass / dataset error),
65.4,Good,Doable,2026-10-08T12:41:38Z,14,Mallacoota,2026-10-09T03:00:00Z,2026-10-09T14:00,21.4,39,50.4,0.0,1.16,7.45,138,1.36,0.46,0.8,207,-0.43,16.9,,unavailable (no satellite pass / dataset error),
65.7,Good,Doable,2026-10-08T12:41:38Z,15,Mallacoota,2026-10-09T04:00:00Z,2026-10-09T15:00,21.3,39,50.4,0.0,1.12,7.4,135,1.34,0.48,0.8,207,-0.31,17.0,,unavailable (no satellite pass / dataset error),
65.6,Good,Doable,2026-10-08T12:41:38Z,16,Mallacoota,2026-10-09T05:00:00Z,2026-10-09T16:00,21.4,34,49.7,0.0,1.1,7.3,131,1.34,0.48,0.8,207,-0.09,17.0,,unavailable (no satellite pass / dataset error),
65.8,Good,Doable,2026-10-08T12:41:38Z,17,Mallacoota,2026-10-09T06:00:00Z,2026-10-09T17:00,21.4,36,49.7,0.0,1.06,7.2,128,1.32,0.5,0.8,207,0.17,17.1,,unavailable (no satellite pass / dataset error),
65.3,Good,Doable,2026-10-08T12:41:38Z,18,Mallacoota,2026-10-09T07:00:00Z,2026-10-09T18:00,21.7,36,48.6,0.0,1.02,7.15,127,1.3,0.5,1.0,211,0.42,17.1,,unavailable (no satellite pass / dataset error),
65.5,Good,Doable,2026-10-08T12:41:38Z,19,Mallacoota,2026-10-09T08:00:00Z,2026-10-09T19:00,21.4,31,47.5,0.0,1.0,7.1,126,1.3,0.48,1.0,211,0.59,17.1,,unavailable (no satellite pass / dataset error),
63.6,Good,Doable,2026-10-08T12:41:38Z,20,Mallacoota,2026-10-09T09:00:00Z,2026-10-09T20:00,23.8,28,48.2,0.0,0.96,7.1,125,1.28,0.48,1.0,211,0.62,17.1,,unavailable (no satellite pass / dataset error),
63.8,Good,Doable,2026-10-08T12:41:38Z,21,Mallacoota,2026-10-09T10:00:00Z,2026-10-09T21:00,23.3,24,48.2,0.0,0.9,7.2,125,1.26,0.42,1.2,207,0.51,17.1,,unavailable (no satellite pass / dataset error),
65.8,Good,Doable,2026-10-08T12:41:38Z,22,Mallacoota,2026-10-09T11:00:00Z,2026-10-09T22:00,22.0,17,47.9,0.0,0.86,7.4,126,1.22,0.36,1.0,211,0.29,17.0,,unavailable (no satellite pass / dataset error),
68.5,Good,Great,2026-10-08T12:41:38Z,23,Mallacoota,2026-10-09T12:00:00Z,2026-10-09T23:00,19.2,7,45.0,0.0,0.8,7.5,126,1.2,0.3,1.0,211,0.01,17.0,,unavailable (no satellite pass / dataset error),
68.2,Good,Great,2026-10-08T12:41:38Z,24,Mallacoota,2026-10-09T13:00:00Z,2026-10-10T00:00,19.5,19,39.6,0.0,0.76,7.5,124,1.2,0.34,1.0,211,-0.25,17.0,,unavailable (no satellite pass / dataset error),
67.7,Good,Great,2026-10-08T12:41:38Z,25,Mallacoota,2026-10-09T14:00:00Z,2026-10-10T01:00,20.3,23,41.0,0.0,0.72,7.5,122,1.18,0.38,1.0,202,-0.43,17.0,,unavailable (no satellite pass / dataset error),
66.0,Good,Great,2026-10-08T12:41:38Z,26,Mallacoota,2026-10-09T15:00:00Z,2026-10-10T02:00,22.8,17,46.1,0.0,0.68,7.25,120,1.18,0.42,0.8,207,-0.49,17.0,,unavailable (no satellite pass / dataset error),
70.9,Good,Great,2026-10-08T12:41:38Z,27,Mallacoota,2026-10-09T16:00:00Z,2026-10-10T03:00,18.0,16,46.1,0.0,0.7,6.65,105,1.16,0.34,0.6,214,-0.4,17.0,,unavailable (no satellite pass / dataset error),
69.2,Good,Great,2026-10-08T12:41:38Z,28,Mallacoota,2026-10-09T17:00:00Z,2026-10-10T04:00,20.1,18,41.8,0.0,0.7,5.85,91,1.14,0.28,0.6,198,-0.19,17.0,,unavailable (no satellite pass / dataset error),
67.4,Good,Great,2026-10-08T12:41:38Z,29,Mallacoota,2026-10-09T18:00:00Z,2026-10-10T05:00,22.8,14,50.8,0.1,0.72,5.4,76,1.12,0.2,0.4,207,0.09,17.0,,unavailable (no satellite pass / dataset error),
72.4,Good,Great,2026-10-08T12:41:38Z,30,Mallacoota,2026-10-09T19:00:00Z,2026-10-10T06:00,17.5,24,46.8,0.1,0.68,5.7,88,1.08,0.14,0.4,207,0.37,17.0,,unavailable (no satellite pass / dataset error),
79.6,Good,Great,2026-10-08T12:41:38Z,31,Mallacoota,2026-10-09T20:00:00Z,2026-10-10T07:00,9.9,360,35.3,0.0,0.62,6.35,101,1.06,0.1,0.3,225,0.6,17.0,,unavailable (no satellite pass / dataset error),
82.5,Excellent,Great,2026-10-08T12:41:38Z,32,Mallacoota,2026-10-09T21:00:00Z,2026-10-10T08:00,6.8,55,19.8,0.2,0.58,6.7,113,1.02,0.04,0.3,225,0.72,17.1,,unavailable (no satellite pass / dataset error),
81.4,Excellent,Great,2026-10-08T12:41:38Z,33,Mallacoota,2026-10-09T22:00:00Z,2026-10-10T09:00,8.5,356,20.9,0.0,0.58,6.35,112,1.0,0.02,0.2,180,0.69,17.1,,unavailable (no satellite pass / dataset error),
82.7,Excellent,Great,2026-10-08T12:41:38Z,34,Mallacoota,2026-10-09T23:00:00Z,2026-10-10T10:00,8.1,315,22.3,0.0,0.6,5.7,110,0.96,0.02,0.0,90,0.52,17.1,,unavailable (no satellite pass / dataset error),
78.8,Good,Great,2026-10-08T12:41:38Z,35,Mallacoota,2026-10-10T00:00:00Z,2026-10-10T11:00,12.1,221,27.7,0.0,0.6,5.2,109,0.94,0.0,0.2,0,0.27,17.2,,unavailable (no satellite pass / dataset error),
70.1,Good,Great,2026-10-08T12:41:38Z,36,Mallacoota,2026-10-10T01:00:00Z,2026-10-10T12:00,21.1,202,49.0,0.0,0.62,5.0,104,0.92,0.08,0.6,18,-0.01,17.2,,unavailable (no satellite pass / dataset error),
68.5,Good,Great,2026-10-08T12:41:38Z,37,Mallacoota,2026-10-10T02:00:00Z,2026-10-10T13:00,21.8,201,54.7,0.0,0.62,4.9,99,0.92,0.18,1.0,22,-0.24,17.3,,unavailable (no satellite pass / dataset error),
69.0,Good,Great,2026-10-08T12:41:38Z,38,Mallacoota,2026-10-10T03:00:00Z,2026-10-10T14:00,21.2,198,52.2,0.0,0.64,5.1,94,0.9,0.26,1.1,18,-0.37,17.3,,unavailable (no satellite pass / dataset error),
69.8,Good,Great,2026-10-08T12:41:38Z,39,Mallacoota,2026-10-10T04:00:00Z,2026-10-10T15:00,20.1,200,51.1,0.0,0.6,5.8,95,0.92,0.34,1.1,18,-0.36,17.3,,unavailable (no satellite pass / dataset error),
69.8,Good,Great,2026-10-08T12:41:38Z,40,Mallacoota,2026-10-10T05:00:00Z,2026-10-10T16:00,19.6,205,47.9,0.0,0.56,6.8,96,0.96,0.44,1.1,18,-0.22,17.4,,unavailable (no satellite pass / dataset error),
70.0,Good,Great,2026-10-08T12:41:38Z,41,Mallacoota,2026-10-10T06:00:00Z,2026-10-10T17:00,19.2,208,48.2,0.0,0.52,7.25,97,0.98,0.52,1.1,18,0.0,17.4,,unavailable (no satellite pass / dataset error),
70.8,Good,Great,2026-10-08T12:41:38Z,42,Mallacoota,2026-10-10T07:00:00Z,2026-10-10T18:00,18.5,204,45.0,0.0,0.52,6.75,97,0.98,0.4,1.0,22,0.25,17.4,,unavailable (no satellite pass / dataset error),
75.1,Good,Great,2026-10-08T12:41:38Z,43,Mallacoota,2026-10-10T08:00:00Z,2026-10-10T19:00,14.7,202,41.8,0.0,0.52,5.7,96,0.96,0.26,0.7,14,0.46,17.4,,unavailable (no satellite pass / dataset error),
80.6,Excellent,Great,2026-10-08T12:41:38Z,44,Mallacoota,2026-10-10T09:00:00Z,2026-10-10T20:00,8.8,215,30.6,0.0,0.52,4.9,96,0.96,0.14,0.6,18,0.59,17.3,,unavailable (no satellite pass / dataset error),
85.1,Excellent,Great,2026-10-08T12:41:38Z,45,Mallacoota,2026-10-10T10:00:00Z,2026-10-10T21:00,4.6,259,16.2,0.0,0.56,4.6,128,0.94,0.1,0.4,0,0.58,17.3,,unavailable (no satellite pass / dataset error),
85.3,Excellent,Great,2026-10-08T12:41:38Z,46,Mallacoota,2026-10-10T11:00:00Z,2026-10-10T22:00,4.8,283,7.9,0.0,0.6,4.5,159,0.94,0.04,0.2,0,0.45,17.3,,unavailable (no satellite pass / dataset error),
84.2,Excellent,Great,2026-10-08T12:41:38Z,47,Mallacoota,2026-10-10T12:00:00Z,2026-10-10T23:00,6.8,307,11.5,0.0,0.64,4.5,191,0.92,0.0,0.0,90,0.22,17.3,,unavailable (no satellite pass / dataset error),
84.9,Excellent,Great,2026-10-08T12:41:38Z,48,Mallacoota,2026-10-10T13:00:00Z,2026-10-11T00:00,6.0,331,11.5,0.0,0.64,4.65,194,0.92,0.0,0.0,90,-0.04,17.3,,unavailable (no satellite pass / dataset error),
84.0,Excellent,Great,2026-10-08T12:41:38Z,49,Mallacoota,2026-10-10T14:00:00Z,2026-10-11T01:00,6.8,342,11.9,0.0,0.62,4.9,196,0.9,0.0,0.2,90,-0.27,17.2,,unavailable (no satellite pass / dataset error),
83.1,Excellent,Great,2026-10-08T12:41:38Z,50,Mallacoota,2026-10-10T15:00:00Z,2026-10-11T02:00,7.5,345,13.3,0.0,0.62,5.05,199,0.9,0.0,0.3,45,-0.4,17.2,,unavailable (no satellite pass / dataset error),
82.3,Excellent,Great,2026-10-08T12:41:38Z,51,Mallacoota,2026-10-10T16:00:00Z,2026-10-11T03:00,8.6,350,15.5,0.0,0.58,5.05,167,0.88,0.0,0.3,45,-0.4,17.2,,unavailable (no satellite pass / dataset error),
82.3,Excellent,Great,2026-10-08T12:41:38Z,52,Mallacoota,2026-10-10T17:00:00Z,2026-10-11T04:00,8.6,348,15.8,0.0,0.52,4.95,136,0.88,0.0,0.3,45,-0.27,17.2,,unavailable (no satellite pass / dataset error),
81.7,Excellent,Great,2026-10-08T12:41:38Z,53,Mallacoota,2026-10-10T18:00:00Z,2026-10-11T05:00,9.4,356,16.6,0.0,0.48,4.9,104,0.86,0.0,0.4,27,-0.05,17.2,,unavailable (no satellite pass / dataset error),
81.8,Excellent,Great,2026-10-08T12:41:38Z,54,Mallacoota,2026-10-10T19:00:00Z,2026-10-11T06:00,9.6,4,17.3,0.0,0.5,4.95,109,0.84,0.0,0.4,27,0.22,17.2,,unavailable (no satellite pass / dataset error),
82.0,Excellent,Great,2026-10-08T12:41:38Z,55,Mallacoota,2026-10-10T20:00:00Z,2026-10-11T07:00,9.6,13,18.4,0.0,0.5,5.05,114,0.82,0.02,0.4,27,0.47,17.2,,unavailable (no satellite pass / dataset error),
82.6,Excellent,Great,2026-10-08T12:41:38Z,56,Mallacoota,2026-10-10T21:00:00Z,2026-10-11T08:00,10.0,17,19.4,0.0,0.52,5.15,119,0.8,0.02,0.2,0,0.65,17.2,,unavailable (no satellite pass / dataset error),
81.4,Excellent,Great,2026-10-08T12:41:38Z,57,Mallacoota,2026-10-10T22:00:00Z,2026-10-11T09:00,11.6,24,27.4,0.0,0.52,5.15,119,0.78,0.06,0.2,0,0.69,17.2,,unavailable (no satellite pass / dataset error),
77.0,Good,Great,2026-10-08T12:41:38Z,58,Mallacoota,2026-10-10T23:00:00Z,2026-10-11T10:00,16.5,30,38.2,0.0,0.52,5.1,120,0.78,0.1,0.2,270,0.59,17.2,,unavailable (no satellite pass / dataset error),
71.9,Good,Great,2026-10-08T12:41:38Z,59,Mallacoota,2026-10-11T00:00:00Z,2026-10-11T11:00,22.2,27,51.1,0.0,0.52,5.1,120,0.76,0.14,0.3,225,0.38,17.3,,unavailable (no satellite pass / dataset error),
71.2,Good,Great,2026-10-08T12:41:38Z,60,Mallacoota,2026-10-11T01:00:00Z,2026-10-11T12:00,22.2,27,52.2,0.0,0.5,5.15,120,0.78,0.24,0.5,225,0.11,17.3,,unavailable (no satellite pass / dataset error),
70.5,Good,Great,2026-10-08T12:41:38Z,61,Mallacoota,2026-10-11T02:00:00Z,2026-10-11T13:00,22.3,35,51.1,0.0,0.5,5.2,121,0.82,0.36,0.6,214,-0.17,17.4,,unavailable (no satellite pass / dataset error),
68.3,Good,Great,2026-10-08T12:41:38Z,62,Mallacoota,2026-10-11T03:00:00Z,2026-10-11T14:00,24.0,42,55.1,0.0,0.48,5.25,121,0.84,0.46,0.8,225,-0.37,17.4,,unavailable (no satellite pass / dataset error),
67.0,Good,Great,2026-10-08T12:41:38Z,63,Mallacoota,2026-10-11T04:00:00Z,2026-10-11T15:00,25.0,36,56.5,0.0,0.46,5.25,109,0.88,0.52,0.8,225,-0.46,17.5,,unavailable (no satellite pass / dataset error),
66.6,Good,Great,2026-10-08T12:41:38Z,64,Mallacoota,2026-10-11T05:00:00Z,2026-10-11T16:00,24.7,35,58.0,0.0,0.44,5.2,97,0.92,0.58,0.9,217,-0.41,17.5,,unavailable (no satellite pass / dataset error),
67.4,Good,Great,2026-10-08T12:41:38Z,65,Mallacoota,2026-10-11T06:00:00Z,2026-10-11T17:00,23.4,35,56.2,0.0,0.42,5.05,85,0.96,0.64,0.9,217,-0.26,17.6,,unavailable (no satellite pass / dataset error),
69.8,Good,Great,2026-10-08T12:41:38Z,66,Mallacoota,2026-10-11T07:00:00Z,2026-10-11T18:00,20.9,38,52.6,0.0,0.52,4.75,83,0.94,0.52,0.9,217,-0.05,17.6,,unavailable (no satellite pass / dataset error),
74.5,Good,Great,2026-10-08T12:41:38Z,67,Mallacoota,2026-10-11T08:00:00Z,2026-10-11T19:00,15.7,44,50.8,0.0,0.6,4.35,80,0.94,0.38,0.9,217,0.19,17.6,,unavailable (no satellite pass / dataset error),
75.4,Good,Great,2026-10-08T12:41:38Z,68,Mallacoota,2026-10-11T09:00:00Z,2026-10-11T20:00,14.6,30,33.1,0.0,0.7,4.15,78,0.92,0.26,1.0,211,0.38,17.6,,unavailable (no satellite pass / dataset error),
75.2,Good,Great,2026-10-08T12:41:38Z,69,Mallacoota,2026-10-11T10:00:00Z,2026-10-11T21:00,14.9,22,30.2,0.0,0.74,4.25,79,0.92,0.22,1.0,211,0.48,17.6,,unavailable (no satellite pass / dataset error),
75.8,Good,Great,2026-10-08T12:41:38Z,70,Mallacoota,2026-10-11T11:00:00Z,2026-10-11T22:00,14.7,6,30.2,0.0,0.76,4.55,81,0.9,0.18,0.9,217,0.45,17.5,,unavailable (no satellite pass / dataset error),
76.9,Good,Great,2026-10-08T12:41:38Z,71,Mallacoota,2026-10-11T12:00:00Z,2026-10-11T23:00,13.7,360,28.8,0.0,0.8,4.75,82,0.9,0.14,0.8,207,0.3,17.5,,unavailable (no satellite pass / dataset error),
80.6,Excellent,Great,2026-10-08T12:41:38Z,72,Mallacoota,2026-10-11T13:00:00Z,2026-10-12T00:00,10.3,353,26.3,0.0,0.78,4.85,82,0.88,0.1,0.6,214,0.1,17.5,,unavailable (no satellite pass / dataset error),
81.6,Excellent,Great,2026-10-08T12:41:38Z,73,Mallacoota,2026-10-11T14:00:00Z,2026-10-12T01:00,9.7,349,19.4,0.0,0.78,4.85,83,0.88,0.06,0.4,207,-0.12,17.5,,unavailable (no satellite pass / dataset error),
82.6,Excellent,Great,2026-10-08T12:41:38Z,74,Mallacoota,2026-10-11T15:00:00Z,2026-10-12T02:00,9.1,351,18.4,0.0,0.76,4.9,83,0.86,0.02,0.3,225,-0.29,17.5,,unavailable (no satellite pass / dataset error),
82.0,Excellent,Great,2026-10-08T12:41:38Z,75,Mallacoota,2026-10-11T16:00:00Z,2026-10-12T03:00,10.0,351,18.4,0.0,0.74,4.95,84,0.84,0.02,0.3,225,-0.34,17.4,,unavailable (no satellite pass / dataset error),
81.3,Excellent,Great,2026-10-08T12:41:38Z,76,Mallacoota,2026-10-11T17:00:00Z,2026-10-12T04:00,11.5,346,21.6,0.0,0.72,5.0,84,0.84,0.04,0.0,90,-0.28,17.4,,unavailable (no satellite pass / dataset error),
79.8,Good,Great,2026-10-08T12:41:38Z,77,Mallacoota,2026-10-11T18:00:00Z,2026-10-12T05:00,12.9,353,23.4,0.0,0.7,5.0,85,0.82,0.04,0.2,0,-0.11,17.4,,unavailable (no satellite pass / dataset error),
80.9,Excellent,Great,2026-10-08T12:41:38Z,78,Mallacoota,2026-10-11T19:00:00Z,2026-10-12T06:00,11.9,3,23.4,0.0,0.68,5.0,86,0.8,0.02,0.2,0,0.13,17.4,,unavailable (no satellite pass / dataset error),
81.5,Excellent,Great,2026-10-08T12:41:38Z,79,Mallacoota,2026-10-11T20:00:00Z,2026-10-12T07:00,11.5,2,21.6,0.0,0.66,4.95,86,0.78,0.02,0.2,0,0.39,17.5,,unavailable (no satellite pass / dataset error),
83.0,Excellent,Great,2026-10-08T12:41:38Z,80,Mallacoota,2026-10-11T21:00:00Z,2026-10-12T08:00,10.5,352,21.2,0.0,0.64,5.0,87,0.76,0.0,0.0,90,0.61,17.5,,unavailable (no satellite pass / dataset error),
84.5,Excellent,Great,2026-10-08T12:41:38Z,81,Mallacoota,2026-10-11T22:00:00Z,2026-10-12T09:00,8.6,348,20.5,0.0,0.6,5.25,88,0.74,0.0,0.2,180,0.74,17.5,,unavailable (no satellite pass / dataset error),
85.4,Excellent,Great,2026-10-08T12:41:38Z,82,Mallacoota,2026-10-11T23:00:00Z,2026-10-12T10:00,7.5,352,20.2,0.0,0.56,5.6,88,0.74,0.02,0.2,180,0.74,17.5,,unavailable (no satellite pass / dataset error),
88.2,Excellent,Great,2026-10-08T12:41:38Z,83,Mallacoota,2026-10-12T00:00:00Z,2026-10-12T11:00,4.6,36,19.4,0.0,0.52,5.85,89,0.72,0.02,0.2,180,0.6,17.6,,unavailable (no satellite pass / dataset error),
86.1,Excellent,Great,2026-10-08T12:41:38Z,84,Mallacoota,2026-10-12T01:00:00Z,2026-10-12T12:00,6.2,46,21.6,0.2,0.5,5.85,89,0.72,0.08,0.4,207,0.36,17.6,,unavailable (no satellite pass / dataset error),
83.8,Excellent,Great,2026-10-08T12:41:38Z,85,Mallacoota,2026-10-12T02:00:00Z,2026-10-12T13:00,8.7,47,25.2,0.2,0.5,5.7,90,0.7,0.12,0.4,207,0.1,17.7,,unavailable (no satellite pass / dataset error),
83.4,Excellent,Great,2026-10-08T12:41:38Z,86,Mallacoota,2026-10-12T03:00:00Z,2026-10-12T14:00,8.9,50,30.2,0.2,0.48,5.75,90,0.7,0.18,0.4,207,-0.15,17.7,,unavailable (no satellite pass / dataset error),
86.1,Excellent,Great,2026-10-08T12:41:38Z,87,Mallacoota,2026-10-12T04:00:00Z,2026-10-12T15:00,5.9,67,38.5,0.3,0.46,6.15,88,0.7,0.12,0.2,180,-0.33,17.7,,unavailable (no satellite pass / dataset error),
87.6,Excellent,Great,2026-10-08T12:41:38Z,88,Mallacoota,2026-10-12T05:00:00Z,2026-10-12T16:00,3.8,139,47.9,0.3,0.46,6.75,86,0.7,0.08,0.2,0,-0.39,17.8,,unavailable (no satellite pass / dataset error),
83.1,Excellent,Great,2026-10-08T12:41:38Z,89,Mallacoota,2026-10-12T06:00:00Z,2026-10-12T17:00,7.4,186,54.4,0.3,0.44,7.15,84,0.7,0.02,0.6,18,-0.32,17.8,,unavailable (no satellite pass / dataset error),
78.5,Good,Great,2026-10-08T12:41:38Z,90,Mallacoota,2026-10-12T07:00:00Z,2026-10-12T18:00,12.1,205,55.1,0.1,0.44,7.25,84,0.68,0.06,0.8,27,-0.17,17.8,,unavailable (no satellite pass / dataset error),
73.4,Good,Great,2026-10-08T12:41:38Z,91,Mallacoota,2026-10-12T08:00:00Z,2026-10-12T19:00,17.2,215,52.2,0.1,0.42,7.2,85,0.68,0.1,1.0,22,0.04,17.7,,unavailable (no satellite pass / dataset error),
70.4,Good,Great,2026-10-08T12:41:38Z,92,Mallacoota,2026-10-12T09:00:00Z,2026-10-12T20:00,20.6,220,49.3,0.1,0.42,7.2,85,0.66,0.14,1.0,22,0.25,17.7,,unavailable (no satellite pass / dataset error),
69.6,Good,Great,2026-10-08T12:41:38Z,93,Mallacoota,2026-10-12T10:00:00Z,2026-10-12T21:00,20.6,224,46.8,0.0,0.36,7.5,118,0.74,0.28,1.0,22,0.42,17.6,,unavailable (no satellite pass / dataset error),
70.8,Good,Great,2026-10-08T12:41:38Z,94,Mallacoota,2026-10-12T11:00:00Z,2026-10-12T22:00,18.6,229,43.6,0.0,0.32,7.85,152,0.8,0.42,1.0,22,0.49,17.5,,unavailable (no satellite pass / dataset error),
71.1,Good,Amazing,2026-10-08T12:41:38Z,95,Mallacoota,2026-10-12T12:00:00Z,2026-10-12T23:00,17.4,233,41.4,0.0,0.26,7.75,185,0.88,0.56,1.0,22,0.44,17.5,,unavailable (no satellite pass / dataset error),
70.3,Good,Great,2026-10-08T12:41:38Z,96,Mallacoota,2026-10-12T13:00:00Z,2026-10-13T00:00,17.8,234,40.3,0.0,0.34,6.75,188,0.92,0.6,1.0,31,0.3,17.4,,unavailable (no satellite pass / dataset error),
68.8,Good,Great,2026-10-08T12:41:38Z,97,Mallacoota,2026-10-12T14:00:00Z,2026-10-13T01:00,18.8,234,40.3,0.0,0.44,5.25,191,0.98,0.62,1.0,31,0.12,17.4,,unavailable (no satellite pass / dataset error),
68.2,Good,Great,2026-10-08T12:41:38Z,98,Mallacoota,2026-10-12T15:00:00Z,2026-10-13T02:00,19.0,233,40.0,0.0,0.52,4.25,194,1.02,0.66,1.0,31,-0.05,17.3,,unavailable (no satellite pass / dataset error),
68.6,Good,Great,2026-10-08T12:41:38Z,99,Mallacoota,2026-10-12T16:00:00Z,2026-10-13T03:00,18.1,235,39.6,0.0,0.58,4.15,197,1.02,0.64,1.2,39,-0.15,17.3,,unavailable (no satellite pass / dataset error),
69.7,Good,Great,2026-10-08T12:41:38Z,100,Mallacoota,2026-10-12T17:00:00Z,2026-10-13T04:00,16.6,236,39.2,0.0,0.62,4.5,201,1.04,0.6,1.2,39,-0.16,17.2,,unavailable (no satellite pass / dataset error),
70.9,Good,Great,2026-10-08T12:41:38Z,101,Mallacoota,2026-10-12T18:00:00Z,2026-10-13T05:00,15.3,239,38.5,0.0,0.68,4.8,204,1.04,0.58,1.2,39,-0.06,17.2,,unavailable (no satellite pass / dataset error),
71.4,Good,Great,2026-10-08T12:41:38Z,102,Mallacoota,2026-10-12T19:00:00Z,2026-10-13T06:00,14.9,242,36.7,0.0,0.7,4.8,204,1.02,0.52,1.2,39,0.12,17.2,,unavailable (no satellite pass / dataset error),
72.5,Good,Great,2026-10-08T12:41:38Z,103,Mallacoota,2026-10-12T20:00:00Z,2026-10-13T07:00,14.7,245,34.2,0.0,0.74,4.75,204,0.98,0.44,1.0,31,0.34,17.2,,unavailable (no satellite pass / dataset error),
72.6,Good,Great,2026-10-08T12:41:38Z,104,Mallacoota,2026-10-12T21:00:00Z,2026-10-13T08:00,15.0,246,33.5,0.0,0.76,4.7,204,0.96,0.38,0.9,37,0.57,17.2,,unavailable (no satellite pass / dataset error),
72.5,Good,Great,2026-10-08T12:41:38Z,105,Mallacoota,2026-10-12T22:00:00Z,2026-10-13T09:00,15.6,244,35.3,0.0,0.74,4.7,205,0.94,0.36,0.8,27,0.74,17.2,,unavailable (no satellite pass / dataset error),
72.2,Good,Great,2026-10-08T12:41:38Z,106,Mallacoota,2026-10-12T23:00:00Z,2026-10-13T10:00,16.7,241,38.9,0.0,0.7,4.65,206,0.92,0.34,0.6,34,0.8,17.3,,unavailable (no satellite pass / dataset error),
71.5,Good,Great,2026-10-08T12:41:38Z,107,Mallacoota,2026-10-13T00:00:00Z,2026-10-13T11:00,17.8,236,42.5,0.0,0.68,4.7,207,0.9,0.32,0.6,18,0.73,17.3,,unavailable (no satellite pass / dataset error),
71.0,Good,Great,2026-10-08T12:41:38Z,108,Mallacoota,2026-10-13T01:00:00Z,2026-10-13T12:00,18.9,229,45.4,0.0,0.64,4.75,208,0.9,0.38,0.5,0,0.55,17.3,,unavailable (no satellite pass / dataset error),
69.8,Good,Great,2026-10-08T12:41:38Z,109,Mallacoota,2026-10-13T02:00:00Z,2026-10-13T13:00,20.5,221,48.2,0.0,0.58,4.85,209,0.9,0.42,0.5,0,0.31,17.3,,unavailable (no satellite pass / dataset error),
68.3,Good,Great,2026-10-08T12:41:38Z,110,Mallacoota,2026-10-13T03:00:00Z,2026-10-13T14:00,22.4,217,51.1,0.0,0.54,5.1,210,0.9,0.48,0.5,0,0.05,17.4,,unavailable (no satellite pass / dataset error),
65.9,Good,Great,2026-10-08T12:41:38Z,111,Mallacoota,2026-10-13T04:00:00Z,2026-10-13T15:00,24.3,217,54.7,0.0,0.5,5.8,212,0.96,0.62,0.7,0,-0.17,17.4,,unavailable (no satellite pass / dataset error),
63.3,Good,Great,2026-10-08T12:41:38Z,112,Mallacoota,2026-10-13T05:00:00Z,2026-10-13T16:00,26.2,220,58.0,0.0,0.46,6.65,213,1.04,0.74,0.9,11,-0.29,17.5,,unavailable (no satellite pass / dataset error),
62.1,Good,Great,2026-10-08T12:41:38Z,113,Mallacoota,2026-10-13T06:00:00Z,2026-10-13T17:00,27.1,222,60.5,0.0,0.42,7.15,215,1.1,0.88,1.0,22,-0.3,17.5,,unavailable (no satellite pass / dataset error),
62.2,Good,Great,2026-10-08T12:41:38Z,114,Mallacoota,2026-10-13T07:00:00Z,2026-10-13T18:00,26.3,225,61.6,0.1,0.56,6.85,211,1.16,0.84,1.0,22,-0.22,17.5,,unavailable (no satellite pass / dataset error),
63.1,Good,Great,2026-10-08T12:41:38Z,115,Mallacoota,2026-10-13T08:00:00Z,2026-10-13T19:00,24.8,229,61.2,0.1,0.7,6.2,207,1.2,0.78,1.0,22,-0.05,17.4,,unavailable (no satellite pass / dataset error),
63.5,Good,Doable,2026-10-08T12:41:38Z,116,Mallacoota,2026-10-13T09:00:00Z,2026-10-13T20:00,23.7,233,60.1,0.1,0.84,5.75,203,1.26,0.74,1.0,22,0.14,17.4,,unavailable (no satellite pass / dataset error),
63.2,Good,Doable,2026-10-08T12:41:38Z,117,Mallacoota,2026-10-13T10:00:00Z,2026-10-13T21:00,23.6,234,56.9,0.2,0.84,5.8,203,1.28,0.76,1.0,31,0.33,17.3,,unavailable (no satellite pass / dataset error),
62.4,Good,Doable,2026-10-08T12:41:38Z,118,Mallacoota,2026-10-13T11:00:00Z,2026-10-13T22:00,24.0,234,52.6,0.2,0.84,6.1,204,1.3,0.8,1.0,31,0.46,17.3,,unavailable (no satellite pass / dataset error),
62.1,Good,Doable,2026-10-08T12:41:38Z,119,Mallacoota,2026-10-13T12:00:00Z,2026-10-13T23:00,23.8,236,49.7,0.2,0.84,6.25,204,1.32,0.82,1.0,31,0.49,17.2,,unavailable (no satellite pass / dataset error),
94.5,Excellent,,2026-10-08T12:41:38Z,0,Eden,2026-10-08T13:00:00Z,2026-10-09T00:00,3.8,335,6.5,0.0,,,,,,0.3,135,-0.53,17.7,,unavailable (no satellite pass / dataset error),
94.2,Excellent,,2026-10-08T12:41:38Z,1,Eden,2026-10-08T14:00:00Z,2026-10-09T01:00,4.1,311,7.2,0.0,,,,,,0.3,135,-0.65,17.6,,unavailable (no satellite pass / dataset error),
93.7,Excellent,,2026-10-08T12:41:38Z,2,Eden,2026-10-08T15:00:00Z,2026-10-09T02:00,4.5,299,6.8,0.0,,,,,,0.3,135,-0.62,17.6,,unavailable (no satellite pass / dataset error),
90.8,Excellent,,2026-10-08T12:41:38Z,3,Eden,2026-10-08T16:00:00Z,2026-10-09T03:00,7.2,292,11.2,0.0,,,,,,0.2,180,-0.44,17.6,,unavailable (no satellite pass / dataset error),
90.1,Excellent,,2026-10-08T12:41:38Z,4,Eden,2026-10-08T17:00:00Z,2026-10-09T04:00,7.8,289,13.3,0.0,,,,,,0.2,180,-0.17,17.6,,unavailable (no satellite pass / dataset error),
90.8,Excellent,,2026-10-08T12:41:38Z,5,Eden,2026-10-08T18:00:00Z,2026-10-09T05:00,7.2,295,13.0,0.0,,,,,,0.2,180,0.13,17.6,,unavailable (no satellite pass / dataset error),
90.1,Excellent,,2026-10-08T12:41:38Z,6,Eden,2026-10-08T19:00:00Z,2026-10-09T06:00,7.8,308,12.6,0.0,,,,,,0.2,180,0.4,17.6,,unavailable (no satellite pass / dataset error),
88.1,Excellent,,2026-10-08T12:41:38Z,7,Eden,2026-10-08T20:00:00Z,2026-10-09T07:00,9.2,320,15.1,0.0,,,,,,0.3,135,0.55,17.6,,unavailable (no satellite pass / dataset error),
88.2,Excellent,,2026-10-08T12:41:38Z,8,Eden,2026-10-08T21:00:00Z,2026-10-09T08:00,8.9,346,18.0,0.0,,,,,,0.4,153,0.56,17.7,,unavailable (no satellite pass / dataset error),
83.6,Excellent,,2026-10-08T12:41:38Z,9,Eden,2026-10-08T22:00:00Z,2026-10-09T09:00,12.7,15,30.6,0.0,,,,,,0.4,153,0.44,17.7,,unavailable (no satellite pass / dataset error),
80.2,Excellent,,2026-10-08T12:41:38Z,10,Eden,2026-10-08T23:00:00Z,2026-10-09T10:00,15.6,19,38.2,0.0,,,,,,0.4,153,0.21,17.7,,unavailable (no satellite pass / dataset error),
79.2,Good,,2026-10-08T12:41:38Z,11,Eden,2026-10-09T00:00:00Z,2026-10-09T11:00,15.9,28,40.0,0.0,,,,,,0.6,162,-0.06,17.7,,unavailable (no satellite pass / dataset error),
75.0,Good,,2026-10-08T12:41:38Z,12,Eden,2026-10-09T01:00:00Z,2026-10-09T12:00,19.2,45,46.1,0.0,,,,,,0.7,166,-0.3,17.8,,unavailable (no satellite pass / dataset error),
72.9,Good,,2026-10-08T12:41:38Z,13,Eden,2026-10-09T02:00:00Z,2026-10-09T13:00,20.9,43,50.0,0.0,,,,,,0.7,166,-0.45,17.8,,unavailable (no satellite pass / dataset error),
73.6,Good,,2026-10-08T12:41:38Z,14,Eden,2026-10-09T03:00:00Z,2026-10-09T14:00,20.1,39,49.7,0.0,,,,,,0.8,153,-0.45,17.8,,unavailable (no satellite pass / dataset error),
73.6,Good,,2026-10-08T12:41:38Z,15,Eden,2026-10-09T04:00:00Z,2026-10-09T15:00,20.1,36,48.2,0.0,,,,,,0.8,153,-0.32,17.8,,unavailable (no satellite pass / dataset error),
73.5,Good,,2026-10-08T12:41:38Z,16,Eden,2026-10-09T05:00:00Z,2026-10-09T16:00,20.2,33,48.2,0.0,,,,,,0.8,153,-0.08,17.9,,unavailable (no satellite pass / dataset error),
73.3,Good,,2026-10-08T12:41:38Z,17,Eden,2026-10-09T06:00:00Z,2026-10-09T17:00,20.3,33,47.2,0.0,,,,,,0.8,153,0.21,17.9,,unavailable (no satellite pass / dataset error),
72.8,Good,,2026-10-08T12:41:38Z,18,Eden,2026-10-09T07:00:00Z,2026-10-09T18:00,21.3,30,48.2,0.0,,,,,,0.6,146,0.48,17.9,,unavailable (no satellite pass / dataset error),
74.8,Good,,2026-10-08T12:41:38Z,19,Eden,2026-10-09T08:00:00Z,2026-10-09T19:00,19.6,24,47.5,0.0,,,,,,0.6,146,0.66,17.9,,unavailable (no satellite pass / dataset error),
74.0,Good,,2026-10-08T12:41:38Z,20,Eden,2026-10-09T09:00:00Z,2026-10-09T20:00,19.7,21,40.0,0.0,,,,,,0.8,135,0.69,17.8,,unavailable (no satellite pass / dataset error),
74.2,Good,,2026-10-08T12:41:38Z,21,Eden,2026-10-09T10:00:00Z,2026-10-09T21:00,19.6,13,40.0,0.0,,,,,,0.8,135,0.57,17.8,,unavailable (no satellite pass / dataset error),
74.3,Good,,2026-10-08T12:41:38Z,22,Eden,2026-10-09T11:00:00Z,2026-10-09T22:00,19.5,11,40.7,0.0,,,,,,0.8,135,0.33,17.8,,unavailable (no satellite pass / dataset error),
78.8,Good,,2026-10-08T12:41:38Z,23,Eden,2026-10-09T12:00:00Z,2026-10-09T23:00,15.7,5,39.2,0.0,,,,,,0.8,135,0.04,17.8,,unavailable (no satellite pass / dataset error),
83.3,Excellent,,2026-10-08T12:41:38Z,24,Eden,2026-10-09T13:00:00Z,2026-10-10T00:00,11.9,354,31.3,0.0,,,,,,0.8,135,-0.25,17.8,,unavailable (no satellite pass / dataset error),
83.2,Excellent,,2026-10-08T12:41:38Z,25,Eden,2026-10-09T14:00:00Z,2026-10-10T01:00,12.0,351,22.3,0.0,,,,,,0.8,135,-0.45,17.8,,unavailable (no satellite pass / dataset error),
83.3,Excellent,,2026-10-08T12:41:38Z,26,Eden,2026-10-09T15:00:00Z,2026-10-10T02:00,11.9,346,28.8,0.0,,,,,,0.8,135,-0.51,17.8,,unavailable (no satellite pass / dataset error),
89.7,Excellent,,2026-10-08T12:41:38Z,27,Eden,2026-10-09T16:00:00Z,2026-10-10T03:00,7.1,319,22.7,0.0,,,,,,0.6,146,-0.42,17.8,,unavailable (no satellite pass / dataset error),
85.6,Excellent,,2026-10-08T12:41:38Z,28,Eden,2026-10-09T17:00:00Z,2026-10-10T04:00,10.4,352,20.2,0.1,,,,,,0.6,146,-0.2,17.8,,unavailable (no satellite pass / dataset error),
81.5,Excellent,,2026-10-08T12:41:38Z,29,Eden,2026-10-09T18:00:00Z,2026-10-10T05:00,9.9,359,22.3,2.8,,,,,,0.6,146,0.09,17.8,,unavailable (no satellite pass / dataset error),
81.5,Excellent,,2026-10-08T12:41:38Z,30,Eden,2026-10-09T19:00:00Z,2026-10-10T06:00,9.9,4,21.2,0.0,,,,,,0.6,146,0.39,17.8,,unavailable (no satellite pass / dataset error),
82.2,Excellent,,2026-10-08T12:41:38Z,31,Eden,2026-10-09T20:00:00Z,2026-10-10T07:00,9.3,328,18.7,0.0,,,,,,0.6,146,0.64,17.8,,unavailable (no satellite pass / dataset error),
89.2,Excellent,,2026-10-08T12:41:38Z,32,Eden,2026-10-09T21:00:00Z,2026-10-10T08:00,3.7,299,17.3,0.0,,,,,,0.5,135,0.75,17.9,,unavailable (no satellite pass / dataset error),
87.4,Excellent,,2026-10-08T12:41:38Z,33,Eden,2026-10-09T22:00:00Z,2026-10-10T09:00,5.2,295,11.9,0.0,,,,,,0.5,135,0.71,17.9,,unavailable (no satellite pass / dataset error),
91.6,Excellent,,2026-10-08T12:41:38Z,34,Eden,2026-10-09T23:00:00Z,2026-10-10T10:00,1.7,319,16.2,0.0,,,,,,0.5,135,0.53,17.9,,unavailable (no satellite pass / dataset error),
87.8,Excellent,,2026-10-08T12:41:38Z,35,Eden,2026-10-10T00:00:00Z,2026-10-10T11:00,4.9,98,17.3,0.0,,,,,,0.5,135,0.26,18.0,,unavailable (no satellite pass / dataset error),
86.5,Excellent,,2026-10-08T12:41:38Z,36,Eden,2026-10-10T01:00:00Z,2026-10-10T12:00,6.0,81,21.6,0.0,,,,,,0.5,135,-0.03,18.0,,unavailable (no satellite pass / dataset error),
80.1,Excellent,,2026-10-08T12:41:38Z,37,Eden,2026-10-10T02:00:00Z,2026-10-10T13:00,11.3,92,27.4,0.4,,,,,,0.3,135,-0.28,18.1,,unavailable (no satellite pass / dataset error),
77.4,Good,,2026-10-08T12:41:38Z,38,Eden,2026-10-10T03:00:00Z,2026-10-10T14:00,13.6,151,34.6,0.2,,,,,,0.2,180,-0.41,18.1,,unavailable (no satellite pass / dataset error),
74.8,Good,,2026-10-08T12:41:38Z,39,Eden,2026-10-10T04:00:00Z,2026-10-10T15:00,16.3,162,38.9,0.0,,,,,,0.0,90,-0.39,18.2,,unavailable (no satellite pass / dataset error),
72.5,Good,,2026-10-08T12:41:38Z,40,Eden,2026-10-10T05:00:00Z,2026-10-10T16:00,17.7,177,41.8,0.0,,,,,,0.2,270,-0.24,18.2,,unavailable (no satellite pass / dataset error),
73.2,Good,,2026-10-08T12:41:38Z,41,Eden,2026-10-10T06:00:00Z,2026-10-10T17:00,17.1,195,42.8,0.0,,,,,,0.2,270,0.0,18.2,,unavailable (no satellite pass / dataset error),
72.3,Good,,2026-10-08T12:41:38Z,42,Eden,2026-10-10T07:00:00Z,2026-10-10T18:00,17.6,188,40.3,0.0,,,,,,0.3,315,0.27,18.2,,unavailable (no satellite pass / dataset error),
73.6,Good,,2026-10-08T12:41:38Z,43,Eden,2026-10-10T08:00:00Z,2026-10-10T19:00,16.5,202,41.8,0.0,,,,,,0.3,315,0.5,18.2,,unavailable (no satellite pass / dataset error),
79.5,Good,,2026-10-08T12:41:38Z,44,Eden,2026-10-10T09:00:00Z,2026-10-10T20:00,11.5,210,33.8,0.0,,,,,,0.3,315,0.63,18.2,,unavailable (no satellite pass / dataset error),
85.2,Excellent,,2026-10-08T12:41:38Z,45,Eden,2026-10-10T10:00:00Z,2026-10-10T21:00,7.0,215,23.4,0.0,,,,,,0.2,270,0.62,18.1,,unavailable (no satellite pass / dataset error),
87.7,Excellent,,2026-10-08T12:41:38Z,46,Eden,2026-10-10T11:00:00Z,2026-10-10T22:00,4.9,253,13.0,0.0,,,,,,0.2,270,0.47,18.1,,unavailable (no satellite pass / dataset error),
86.0,Excellent,,2026-10-08T12:41:38Z,47,Eden,2026-10-10T12:00:00Z,2026-10-10T23:00,6.3,268,10.1,0.0,,,,,,0.2,270,0.22,18.1,,unavailable (no satellite pass / dataset error),
85.8,Excellent,,2026-10-08T12:41:38Z,48,Eden,2026-10-10T13:00:00Z,2026-10-11T00:00,6.5,265,10.8,0.0,,,,,,0.2,270,-0.07,18.1,,unavailable (no satellite pass / dataset error),
85.1,Excellent,,2026-10-08T12:41:38Z,49,Eden,2026-10-10T14:00:00Z,2026-10-11T01:00,7.1,276,11.5,0.0,,,,,,0.2,180,-0.32,18.1,,unavailable (no satellite pass / dataset error),
86.0,Excellent,,2026-10-08T12:41:38Z,50,Eden,2026-10-10T15:00:00Z,2026-10-11T02:00,6.3,277,11.5,0.0,,,,,,0.2,180,-0.46,18.1,,unavailable (no satellite pass / dataset error),
86.4,Excellent,,2026-10-08T12:41:38Z,51,Eden,2026-10-10T16:00:00Z,2026-10-11T03:00,6.0,279,10.4,0.0,,,,,,0.2,180,-0.46,18.1,,unavailable (no satellite pass / dataset error),
85.9,Excellent,,2026-10-08T12:41:38Z,52,Eden,2026-10-10T17:00:00Z,2026-10-11T04:00,6.6,283,10.8,0.0,,,,,,0.2,180,-0.32,18.1,,unavailable (no satellite pass / dataset error),
90.6,Excellent,,2026-10-08T12:41:38Z,53,Eden,2026-10-10T18:00:00Z,2026-10-11T05:00,6.5,293,11.9,0.0,,,,,,0.2,180,-0.09,18.1,,unavailable (no satellite pass / dataset error),
88.9,Excellent,,2026-10-08T12:41:38Z,54,Eden,2026-10-10T19:00:00Z,2026-10-11T06:00,7.7,307,12.6,0.0,,,,,,0.3,135,0.2,18.1,,unavailable (no satellite pass / dataset error),
88.2,Excellent,,2026-10-08T12:41:38Z,55,Eden,2026-10-10T20:00:00Z,2026-10-11T07:00,8.3,316,14.0,0.0,,,,,,0.3,135,0.47,18.1,,unavailable (no satellite pass / dataset error),
89.8,Excellent,,2026-10-08T12:41:38Z,56,Eden,2026-10-10T21:00:00Z,2026-10-11T08:00,6.9,346,15.8,0.0,,,,,,0.3,135,0.66,18.1,,unavailable (no satellite pass / dataset error),
83.3,Excellent,,2026-10-08T12:41:38Z,57,Eden,2026-10-10T22:00:00Z,2026-10-11T09:00,12.4,16,29.2,0.0,,,,,,0.3,135,0.71,18.2,,unavailable (no satellite pass / dataset error),
77.8,Good,,2026-10-08T12:41:38Z,58,Eden,2026-10-10T23:00:00Z,2026-10-11T10:00,17.0,26,41.4,0.0,,,,,,0.3,135,0.61,18.2,,unavailable (no satellite pass / dataset error),
75.2,Good,,2026-10-08T12:41:38Z,59,Eden,2026-10-11T00:00:00Z,2026-10-11T11:00,19.2,32,46.8,0.0,,,,,,0.3,135,0.39,18.2,,unavailable (no satellite pass / dataset error),
75.0,Good,,2026-10-08T12:41:38Z,60,Eden,2026-10-11T01:00:00Z,2026-10-11T12:00,19.4,35,47.2,0.0,,,,,,0.3,135,0.1,18.3,,unavailable (no satellite pass / dataset error),
76.5,Good,,2026-10-08T12:41:38Z,61,Eden,2026-10-11T02:00:00Z,2026-10-11T13:00,18.7,41,46.8,0.0,,,,,,0.3,135,-0.18,18.3,,unavailable (no satellite pass / dataset error),
74.4,Good,,2026-10-08T12:41:38Z,62,Eden,2026-10-11T03:00:00Z,2026-10-11T14:00,20.7,39,49.0,0.0,,,,,,0.3,135,-0.39,18.3,,unavailable (no satellite pass / dataset error),
75.0,Good,,2026-10-08T12:41:38Z,63,Eden,2026-10-11T04:00:00Z,2026-10-11T15:00,20.2,35,49.7,0.0,,,,,,0.3,135,-0.47,18.3,,unavailable (no satellite pass / dataset error),
73.9,Good,,2026-10-08T12:41:38Z,64,Eden,2026-10-11T05:00:00Z,2026-10-11T16:00,21.1,30,49.7,0.0,,,,,,0.3,135,-0.41,18.4,,unavailable (no satellite pass / dataset error),
74.5,Good,,2026-10-08T12:41:38Z,65,Eden,2026-10-11T06:00:00Z,2026-10-11T17:00,20.6,29,49.7,0.0,,,,,,0.3,135,-0.24,18.4,,unavailable (no satellite pass / dataset error),
77.2,Good,,2026-10-08T12:41:38Z,66,Eden,2026-10-11T07:00:00Z,2026-10-11T18:00,18.4,29,47.2,0.0,,,,,,0.3,135,0.0,18.4,,unavailable (no satellite pass / dataset error),
81.9,Excellent,,2026-10-08T12:41:38Z,67,Eden,2026-10-11T08:00:00Z,2026-10-11T19:00,14.4,24,42.1,0.0,,,,,,0.3,135,0.25,18.4,,unavailable (no satellite pass / dataset error),
84.2,Excellent,,2026-10-08T12:41:38Z,68,Eden,2026-10-11T09:00:00Z,2026-10-11T20:00,12.5,15,29.5,0.0,,,,,,0.3,135,0.45,18.3,,unavailable (no satellite pass / dataset error),
84.3,Excellent,,2026-10-08T12:41:38Z,69,Eden,2026-10-11T10:00:00Z,2026-10-11T21:00,12.4,8,24.8,0.0,,,,,,0.3,135,0.54,18.3,,unavailable (no satellite pass / dataset error),
87.2,Excellent,,2026-10-08T12:41:38Z,70,Eden,2026-10-11T11:00:00Z,2026-10-11T22:00,9.7,345,23.8,0.0,,,,,,0.4,117,0.49,18.3,,unavailable (no satellite pass / dataset error),
92.4,Excellent,,2026-10-08T12:41:38Z,71,Eden,2026-10-11T12:00:00Z,2026-10-11T23:00,5.3,280,17.3,0.0,,,,,,0.4,117,0.33,18.3,,unavailable (no satellite pass / dataset error),
90.8,Excellent,,2026-10-08T12:41:38Z,72,Eden,2026-10-11T13:00:00Z,2026-10-12T00:00,6.7,267,11.5,0.0,,,,,,0.4,117,0.09,18.3,,unavailable (no satellite pass / dataset error),
89.5,Excellent,,2026-10-08T12:41:38Z,73,Eden,2026-10-11T14:00:00Z,2026-10-12T01:00,7.8,263,14.8,0.0,,,,,,0.4,90,-0.16,18.3,,unavailable (no satellite pass / dataset error),
89.1,Excellent,,2026-10-08T12:41:38Z,74,Eden,2026-10-11T15:00:00Z,2026-10-12T02:00,8.6,272,16.6,0.0,,,,,,0.2,90,-0.34,18.2,,unavailable (no satellite pass / dataset error),
88.2,Excellent,,2026-10-08T12:41:38Z,75,Eden,2026-10-11T16:00:00Z,2026-10-12T03:00,9.4,265,18.0,0.0,,,,,,0.2,90,-0.41,18.2,,unavailable (no satellite pass / dataset error),
87.7,Excellent,,2026-10-08T12:41:38Z,76,Eden,2026-10-11T17:00:00Z,2026-10-12T04:00,9.8,265,18.4,0.0,,,,,,0.2,90,-0.34,18.2,,unavailable (no satellite pass / dataset error),
87.8,Excellent,,2026-10-08T12:41:38Z,77,Eden,2026-10-11T18:00:00Z,2026-10-12T05:00,9.7,269,18.0,0.0,,,,,,0.2,90,-0.15,18.2,,unavailable (no satellite pass / dataset error),
88.2,Excellent,,2026-10-08T12:41:38Z,78,Eden,2026-10-11T19:00:00Z,2026-10-12T06:00,9.4,269,17.3,0.0,,,,,,0.2,90,0.11,18.2,,unavailable (no satellite pass / dataset error),
88.5,Excellent,,2026-10-08T12:41:38Z,79,Eden,2026-10-11T20:00:00Z,2026-10-12T07:00,9.7,273,17.3,0.0,,,,,,0.0,90,0.39,18.2,,unavailable (no satellite pass / dataset error),
89.6,Excellent,,2026-10-08T12:41:38Z,80,Eden,2026-10-11T21:00:00Z,2026-10-12T08:00,8.7,277,17.3,0.0,,,,,,0.0,90,0.63,18.2,,unavailable (no satellite pass / dataset error),
93.8,Excellent,,2026-10-08T12:41:38Z,81,Eden,2026-10-11T22:00:00Z,2026-10-12T09:00,5.2,297,16.9,0.0,,,,,,0.0,90,0.77,18.2,,unavailable (no satellite pass / dataset error),
94.4,Excellent,,2026-10-08T12:41:38Z,82,Eden,2026-10-11T23:00:00Z,2026-10-12T10:00,4.7,9,14.4,0.0,,,,,,0.0,90,0.77,18.2,,unavailable (no satellite pass / dataset error),
91.2,Excellent,,2026-10-08T12:41:38Z,83,Eden,2026-10-12T00:00:00Z,2026-10-12T11:00,7.4,26,20.2,0.0,,,,,,0.0,90,0.62,18.3,,unavailable (no satellite pass / dataset error),
87.1,Excellent,,2026-10-08T12:41:38Z,84,Eden,2026-10-12T01:00:00Z,2026-10-12T12:00,10.8,38,22.7,0.0,,,,,,0.0,90,0.38,18.3,,unavailable (no satellite pass / dataset error),
83.7,Excellent,,2026-10-08T12:41:38Z,85,Eden,2026-10-12T02:00:00Z,2026-10-12T13:00,13.7,44,25.9,0.0,,,,,,0.0,90,0.09,18.4,,unavailable (no satellite pass / dataset error),
84.0,Excellent,,2026-10-08T12:41:38Z,86,Eden,2026-10-12T03:00:00Z,2026-10-12T14:00,12.9,50,30.2,0.0,,,,,,0.2,90,-0.16,18.5,,unavailable (no satellite pass / dataset error),
91.8,Excellent,,2026-10-08T12:41:38Z,87,Eden,2026-10-12T04:00:00Z,2026-10-12T15:00,6.1,85,37.1,0.0,,,,,,0.3,45,-0.34,18.6,,unavailable (no satellite pass / dataset error),
87.0,Excellent,,2026-10-08T12:41:38Z,88,Eden,2026-10-12T05:00:00Z,2026-10-12T16:00,10.1,181,45.0,0.0,,,,,,0.3,45,-0.39,18.6,,unavailable (no satellite pass / dataset error),
75.9,Good,,2026-10-08T12:41:38Z,89,Eden,2026-10-12T06:00:00Z,2026-10-12T17:00,18.9,196,50.4,0.0,,,,,,0.5,0,-0.32,18.6,,unavailable (no satellite pass / dataset error),
71.9,Good,,2026-10-08T12:41:38Z,90,Eden,2026-10-12T07:00:00Z,2026-10-12T18:00,22.3,200,50.4,0.0,,,,,,0.5,0,-0.16,18.6,,unavailable (no satellite pass / dataset error),
71.4,Good,,2026-10-08T12:41:38Z,91,Eden,2026-10-12T08:00:00Z,2026-10-12T19:00,22.7,203,47.9,0.0,,,,,,0.5,0,0.05,18.5,,unavailable (no satellite pass / dataset error),
71.5,Good,,2026-10-08T12:41:38Z,92,Eden,2026-10-12T09:00:00Z,2026-10-12T20:00,22.4,207,45.7,0.0,,,,,,0.6,342,0.26,18.5,,unavailable (no satellite pass / dataset error),
72.8,Good,,2026-10-08T12:41:38Z,93,Eden,2026-10-12T10:00:00Z,2026-10-12T21:00,21.8,211,46.1,0.0,,,,,,0.4,333,0.42,18.4,,unavailable (no satellite pass / dataset error),
74.3,Good,,2026-10-08T12:41:38Z,94,Eden,2026-10-12T11:00:00Z,2026-10-12T22:00,20.5,215,47.2,0.0,,,,,,0.4,333,0.48,18.3,,unavailable (no satellite pass / dataset error),
75.8,Good,,2026-10-08T12:41:38Z,95,Eden,2026-10-12T12:00:00Z,2026-10-12T23:00,19.3,219,47.2,0.0,,,,,,0.4,333,0.41,18.2,,unavailable (no satellite pass / dataset error),
77.0,Good,,2026-10-08T12:41:38Z,96,Eden,2026-10-12T13:00:00Z,2026-10-13T00:00,17.9,221,45.7,0.1,,,,,,0.5,315,0.25,18.2,,unavailable (no satellite pass / dataset error),
78.8,Good,,2026-10-08T12:41:38Z,97,Eden,2026-10-12T14:00:00Z,2026-10-13T01:00,16.2,221,43.2,0.1,,,,,,0.5,315,0.04,18.2,,unavailable (no satellite pass / dataset error),
80.2,Excellent,,2026-10-08T12:41:38Z,98,Eden,2026-10-12T15:00:00Z,2026-10-13T02:00,14.9,221,40.7,0.1,,,,,,0.5,315,-0.14,18.1,,unavailable (no satellite pass / dataset error),
80.5,Excellent,,2026-10-08T12:41:38Z,99,Eden,2026-10-12T16:00:00Z,2026-10-13T03:00,14.2,219,37.4,0.3,,,,,,0.5,315,-0.25,18.1,,unavailable (no satellite pass / dataset error),
80.6,Excellent,,2026-10-08T12:41:38Z,100,Eden,2026-10-12T17:00:00Z,2026-10-13T04:00,13.7,218,33.8,0.3,,,,,,0.5,315,-0.25,18.1,,unavailable (no satellite pass / dataset error),
80.5,Excellent,,2026-10-08T12:41:38Z,101,Eden,2026-10-12T18:00:00Z,2026-10-13T05:00,13.4,217,31.0,0.3,,,,,,0.5,315,-0.13,18.1,,unavailable (no satellite pass / dataset error),
81.7,Excellent,,2026-10-08T12:41:38Z,102,Eden,2026-10-12T19:00:00Z,2026-10-13T06:00,12.4,219,28.8,0.0,,,,,,0.5,315,0.07,18.1,,unavailable (no satellite pass / dataset error),
83.1,Excellent,,2026-10-08T12:41:38Z,103,Eden,2026-10-12T20:00:00Z,2026-10-13T07:00,11.5,221,27.4,0.0,,,,,,0.4,333,0.33,18.0,,unavailable (no satellite pass / dataset error),
83.5,Excellent,,2026-10-08T12:41:38Z,104,Eden,2026-10-12T21:00:00Z,2026-10-13T08:00,11.1,223,27.4,0.0,,,,,,0.4,333,0.58,18.0,,unavailable (no satellite pass / dataset error),
82.8,Excellent,,2026-10-08T12:41:38Z,105,Eden,2026-10-12T22:00:00Z,2026-10-13T09:00,11.7,221,29.5,0.0,,,,,,0.4,333,0.77,18.0,,unavailable (no satellite pass / dataset error),
81.2,Excellent,,2026-10-08T12:41:38Z,106,Eden,2026-10-12T23:00:00Z,2026-10-13T10:00,13.1,218,33.1,0.0,,,,,,0.4,333,0.85,18.0,,unavailable (no satellite pass / dataset error),
80.1,Excellent,,2026-10-08T12:41:38Z,107,Eden,2026-10-13T00:00:00Z,2026-10-13T11:00,14.0,217,35.6,0.0,,,,,,0.4,333,0.78,18.0,,unavailable (no satellite pass / dataset error),
80.2,Excellent,,2026-10-08T12:41:38Z,108,Eden,2026-10-13T01:00:00Z,2026-10-13T12:00,13.9,219,35.6,0.0,,,,,,0.4,333,0.6,18.0,,unavailable (no satellite pass / dataset error),
80.7,Excellent,,2026-10-08T12:41:38Z,109,Eden,2026-10-13T02:00:00Z,2026-10-13T13:00,13.5,223,34.9,0.0,,,,,,0.4,333,0.34,18.1,,unavailable (no satellite pass / dataset error),
80.6,Excellent,,2026-10-08T12:41:38Z,110,Eden,2026-10-13T03:00:00Z,2026-10-13T14:00,13.6,222,34.9,0.0,,,,,,0.4,333,0.07,18.1,,unavailable (no satellite pass / dataset error),
78.1,Good,,2026-10-08T12:41:38Z,111,Eden,2026-10-13T04:00:00Z,2026-10-13T15:00,15.4,213,36.4,0.0,,,,,,0.5,315,-0.16,18.1,,unavailable (no satellite pass / dataset error),
74.8,Good,,2026-10-08T12:41:38Z,112,Eden,2026-10-13T05:00:00Z,2026-10-13T16:00,18.4,203,38.9,0.0,,,,,,0.4,333,-0.29,18.2,,unavailable (no satellite pass / dataset error),
72.3,Good,,2026-10-08T12:41:38Z,113,Eden,2026-10-13T06:00:00Z,2026-10-13T17:00,20.5,200,42.1,0.0,,,,,,0.4,333,-0.3,18.2,,unavailable (no satellite pass / dataset error),
72.0,Good,,2026-10-08T12:41:38Z,114,Eden,2026-10-13T07:00:00Z,2026-10-13T18:00,20.8,206,46.8,0.0,,,,,,0.4,333,-0.21,18.2,,unavailable (no satellite pass / dataset error),
72.2,Good,,2026-10-08T12:41:38Z,115,Eden,2026-10-13T08:00:00Z,2026-10-13T19:00,20.6,216,52.2,0.0,,,,,,0.4,333,-0.05,18.1,,unavailable (no satellite pass / dataset error),
72.5,Good,,2026-10-08T12:41:38Z,116,Eden,2026-10-13T09:00:00Z,2026-10-13T20:00,20.4,224,55.4,0.0,,,,,,0.4,0,0.14,18.1,,unavailable (no satellite pass / dataset error),
72.9,Good,,2026-10-08T12:41:38Z,117,Eden,2026-10-13T10:00:00Z,2026-10-13T21:00,19.3,229,54.4,0.5,,,,,,0.4,0,0.33,18.1,,unavailable (no satellite pass / dataset error),
74.6,Good,,2026-10-08T12:41:38Z,118,Eden,2026-10-13T11:00:00Z,2026-10-13T22:00,17.7,233,50.4,0.5,,,,,,0.2,0,0.44,18.0,,unavailable (no satellite pass / dataset error),
75.0,Good,,2026-10-08T12:41:38Z,119,Eden,2026-10-13T12:00:00Z,2026-10-13T23:00,16.7,237,47.2,0.5,,,,,,0.2,0,0.45,18.0,,unavailable (no satellite pass / dataset error),
76.4,Good,Getting rough,2026-10-08T12:41:38Z,0,Green Cape,2026-10-08T13:00:00Z,2026-10-09T00:00,6.2,21,10.1,0.0,1.76,7.45,139,1.76,0.0,0.2,90,-0.52,17.4,,unavailable (no satellite pass / dataset error),
76.8,Good,Getting rough,2026-10-08T12:41:38Z,1,Green Cape,2026-10-08T14:00:00Z,2026-10-09T01:00,6.3,15,10.1,0.0,1.76,7.5,138,1.76,0.0,0.0,90,-0.64,17.3,,unavailable (no satellite pass / dataset error),
77.8,Good,Getting rough,2026-10-08T12:41:38Z,2,Green Cape,2026-10-08T15:00:00Z,2026-10-09T02:00,4.9,358,10.1,0.0,1.78,7.55,138,1.78,0.0,0.0,90,-0.62,17.3,,unavailable (no satellite pass / dataset error),
76.8,Good,Getting rough,2026-10-08T12:41:38Z,3,Green Cape,2026-10-08T16:00:00Z,2026-10-09T03:00,5.5,337,9.7,0.0,1.78,7.6,137,1.78,0.0,0.2,180,-0.45,17.3,,unavailable (no satellite pass / dataset error),
75.9,Good,Getting rough,2026-10-08T12:41:38Z,4,Green Cape,2026-10-08T17:00:00Z,2026-10-09T04:00,6.5,318,10.8,0.0,1.78,7.65,137,1.78,0.02,0.2,180,-0.18,17.3,,unavailable (no satellite pass / dataset error),
76.5,Good,Getting rough,2026-10-08T12:41:38Z,5,Green Cape,2026-10-08T18:00:00Z,2026-10-09T05:00,5.9,322,10.8,0.0,1.78,7.7,136,1.78,0.02,0.2,180,0.12,17.3,,unavailable (no satellite pass / dataset error),
75.0,Good,Getting rough,2026-10-08T12:41:38Z,6,Green Cape,2026-10-08T19:00:00Z,2026-10-09T06:00,7.5,336,12.2,0.0,1.78,7.7,136,1.78,0.04,0.2,180,0.38,17.3,,unavailable (no satellite pass / dataset error),
72.3,Good,Getting rough,2026-10-08T12:41:38Z,7,Green Cape,2026-10-08T20:00:00Z,2026-10-09T07:00,10.6,346,18.4,0.0,1.78,7.7,135,1.78,0.06,0.2,180,0.53,17.3,,unavailable (no satellite pass / dataset error),
71.0,Good,Getting rough,2026-10-08T12:41:38Z,8,Green Cape,2026-10-08T21:00:00Z,2026-10-09T08:00,11.5,359,24.8,0.0,1.78,7.7,135,1.78,0.08,0.4,180,0.54,17.4,,unavailable (no satellite pass / dataset error),
68.2,Good,Getting rough,2026-10-08T12:41:38Z,9,Green Cape,2026-10-08T22:00:00Z,2026-10-09T09:00,14.9,8,34.6,0.0,1.76,7.7,135,1.76,0.14,0.4,180,0.42,17.4,,unavailable (no satellite pass / dataset error),
66.0,Good,Getting rough,2026-10-08T12:41:38Z,10,Green Cape,2026-10-08T23:00:00Z,2026-10-09T10:00,17.1,7,40.7,0.0,1.74,7.7,134,1.76,0.18,0.5,180,0.2,17.4,,unavailable (no satellite pass / dataset error),
64.8,Good,Getting rough,2026-10-08T12:41:38Z,11,Green Cape,2026-10-09T00:00:00Z,2026-10-09T11:00,18.4,18,44.3,0.0,1.72,7.7,134,1.74,0.24,0.6,162,-0.07,17.4,,unavailable (no satellite pass / dataset error),
62.4,Good,Getting rough,2026-10-08T12:41:38Z,12,Green Cape,2026-10-09T01:00:00Z,2026-10-09T12:00,20.8,32,49.3,0.0,1.7,7.7,134,1.72,0.32,0.8,153,-0.31,17.4,,unavailable (no satellite pass / dataset error),
61.3,Good,Getting rough,2026-10-08T12:41:38Z,13,Green Cape,2026-10-09T02:00:00Z,2026-10-09T13:00,22.0,28,52.6,0.0,1.66,7.65,135,1.72,0.38,0.8,153,-0.45,17.5,,unavailable (no satellite pass / dataset error),
62.0,Good,Getting rough,2026-10-08T12:41:38Z,14,Green Cape,2026-10-09T03:00:00Z,2026-10-09T14:00,21.2,26,52.6,0.0,1.64,7.65,135,1.7,0.46,0.9,143,-0.45,17.5,,unavailable (no satellite pass / dataset error),
61.9,Good,Getting rough,2026-10-08T12:41:38Z,15,Green Cape,2026-10-09T04:00:00Z,2026-10-09T15:00,21.3,25,50.8,0.0,1.56,7.65,135,1.7,0.54,0.9,143,-0.32,17.5,,unavailable (no satellite pass / dataset error),
60.7,Good,Bit dodgy,2026-10-08T12:41:38Z,16,Green Cape,2026-10-09T05:00:00Z,2026-10-09T16:00,22.6,25,52.6,0.0,1.5,7.7,135,1.68,0.62,1.0,135,-0.09,17.5,,unavailable (no satellite pass / dataset error),
59.6,Fair,Bit dodgy,2026-10-08T12:41:38Z,17,Green Cape,2026-10-09T06:00:00Z,2026-10-09T17:00,23.8,26,54.7,0.0,1.42,7.7,135,1.68,0.7,1.0,135,0.2,17.5,,unavailable (no satellite pass / dataset error),
58.4,Fair,Bit dodgy,2026-10-08T12:41:38Z,18,Green Cape,2026-10-09T07:00:00Z,2026-10-09T18:00,25.1,21,55.1,0.0,1.36,7.75,139,1.68,0.74,1.0,135,0.46,17.5,,unavailable (no satellite pass / dataset error),
59.6,Fair,Bit dodgy,2026-10-08T12:41:38Z,19,Green Cape,2026-10-09T08:00:00Z,2026-10-09T19:00,23.8,19,55.1,0.0,1.3,7.75,143,1.7,0.8,0.9,143,0.64,17.5,,unavailable (no satellite pass / dataset error),
58.0,Fair,Bit dodgy,2026-10-08T12:41:38Z,20,Green Cape,2026-10-09T09:00:00Z,2026-10-09T20:00,25.6,17,50.0,0.0,1.24,7.8,147,1.7,0.84,0.9,143,0.67,17.5,,unavailable (no satellite pass / dataset error),
57.7,Fair,Doable,2026-10-08T12:41:38Z,21,Green Cape,2026-10-09T10:00:00Z,2026-10-09T21:00,26.0,13,50.8,0.0,1.2,7.85,147,1.7,0.86,0.9,143,0.55,17.4,,unavailable (no satellite pass / dataset error),
58.4,Fair,Doable,2026-10-08T12:41:38Z,22,Green Cape,2026-10-09T11:00:00Z,2026-10-09T22:00,25.5,11,51.1,0.0,1.18,7.9,147,1.7,0.9,0.8,153,0.31,17.4,,unavailable (no satellite pass / dataset error),
59.4,Fair,Doable,2026-10-08T12:41:38Z,23,Green Cape,2026-10-09T12:00:00Z,2026-10-09T23:00,23.8,7,49.7,0.0,1.14,7.85,147,1.7,0.92,1.0,158,0.02,17.4,,unavailable (no satellite pass / dataset error),
62.6,Good,Doable,2026-10-08T12:41:38Z,24,Green Cape,2026-10-09T13:00:00Z,2026-10-10T00:00,20.2,3,46.1,0.0,1.1,7.55,140,1.7,0.92,1.0,158,-0.26,17.4,,unavailable (no satellite pass / dataset error),
62.9,Good,Doable,2026-10-08T12:41:38Z,25,Green Cape,2026-10-09T14:00:00Z,2026-10-10T01:00,19.9,9,38.9,0.0,1.08,7.15,132,1.7,0.94,1.0,158,-0.45,17.4,,unavailable (no satellite pass / dataset error),
63.1,Good,Doable,2026-10-08T12:41:38Z,26,Green Cape,2026-10-09T15:00:00Z,2026-10-10T02:00,20.2,356,43.6,0.0,1.04,6.85,125,1.7,0.94,0.8,153,-0.51,17.4,,unavailable (no satellite pass / dataset error),
70.1,Good,Doable,2026-10-08T12:41:38Z,27,Green Cape,2026-10-09T16:00:00Z,2026-10-10T03:00,12.8,349,38.2,0.0,1.04,6.8,124,1.66,0.74,0.8,153,-0.42,17.4,,unavailable (no satellite pass / dataset error),
64.9,Good,Doable,2026-10-08T12:41:38Z,28,Green Cape,2026-10-09T17:00:00Z,2026-10-10T04:00,19.1,358,37.4,0.0,1.06,6.85,124,1.62,0.54,0.8,153,-0.21,17.4,,unavailable (no satellite pass / dataset error),
66.1,Good,Doable,2026-10-08T12:41:38Z,29,Green Cape,2026-10-09T18:00:00Z,2026-10-10T05:00,17.1,358,38.2,0.6,1.06,6.8,123,1.58,0.34,0.9,143,0.08,17.4,,unavailable (no satellite pass / dataset error),
66.2,Good,Doable,2026-10-08T12:41:38Z,30,Green Cape,2026-10-09T19:00:00Z,2026-10-10T06:00,16.8,12,38.2,0.3,1.04,6.5,122,1.56,0.24,0.9,143,0.38,17.4,,unavailable (no satellite pass / dataset error),
69.6,Good,Doable,2026-10-08T12:41:38Z,31,Green Cape,2026-10-09T20:00:00Z,2026-10-10T07:00,14.0,359,33.1,0.1,1.0,6.1,120,1.52,0.12,0.6,146,0.62,17.4,,unavailable (no satellite pass / dataset error),
73.8,Good,Doable,2026-10-08T12:41:38Z,32,Green Cape,2026-10-09T21:00:00Z,2026-10-10T08:00,9.6,346,26.3,0.0,0.98,5.85,119,1.5,0.02,0.6,146,0.74,17.5,,unavailable (no satellite pass / dataset error),
73.8,Good,Doable,2026-10-08T12:41:38Z,33,Green Cape,2026-10-09T22:00:00Z,2026-10-10T09:00,10.0,337,20.2,0.0,0.96,5.95,116,1.46,0.02,0.6,124,0.7,17.5,,unavailable (no satellite pass / dataset error),
78.6,Good,Doable,2026-10-08T12:41:38Z,34,Green Cape,2026-10-09T23:00:00Z,2026-10-10T10:00,5.1,333,23.4,0.0,0.94,6.15,112,1.42,0.0,0.6,124,0.52,17.5,,unavailable (no satellite pass / dataset error),
78.9,Good,Doable,2026-10-08T12:41:38Z,35,Green Cape,2026-10-10T00:00:00Z,2026-10-10T11:00,5.2,59,16.9,0.0,0.92,6.25,109,1.38,0.0,0.6,108,0.26,17.6,,unavailable (no satellite pass / dataset error),
78.2,Good,Doable,2026-10-08T12:41:38Z,36,Green Cape,2026-10-10T01:00:00Z,2026-10-10T12:00,6.5,67,21.6,0.1,0.88,6.05,109,1.34,0.12,0.5,90,-0.04,17.6,,unavailable (no satellite pass / dataset error),
69.1,Good,Doable,2026-10-08T12:41:38Z,37,Green Cape,2026-10-10T02:00:00Z,2026-10-10T13:00,16.4,149,37.8,0.2,0.82,5.75,108,1.32,0.26,0.6,72,-0.28,17.6,,unavailable (no satellite pass / dataset error),
64.9,Good,Great,2026-10-08T12:41:38Z,38,Green Cape,2026-10-10T03:00:00Z,2026-10-10T14:00,21.4,173,50.4,0.1,0.78,5.5,108,1.28,0.38,0.6,34,-0.41,17.7,,unavailable (no satellite pass / dataset error),
63.7,Good,Great,2026-10-08T12:41:38Z,39,Green Cape,2026-10-10T04:00:00Z,2026-10-10T15:00,22.0,176,51.5,0.0,0.76,5.35,87,1.3,0.52,0.8,27,-0.39,17.7,,unavailable (no satellite pass / dataset error),
62.4,Good,Great,2026-10-08T12:41:38Z,40,Green Cape,2026-10-10T05:00:00Z,2026-10-10T16:00,22.8,185,51.5,0.0,0.72,5.3,65,1.34,0.68,0.9,11,-0.24,17.7,,unavailable (no satellite pass / dataset error),
61.9,Good,Great,2026-10-08T12:41:38Z,41,Green Cape,2026-10-10T06:00:00Z,2026-10-10T17:00,23.1,191,53.3,0.0,0.7,5.4,44,1.36,0.82,0.9,0,0.0,17.7,,unavailable (no satellite pass / dataset error),
62.7,Good,Great,2026-10-08T12:41:38Z,42,Green Cape,2026-10-10T07:00:00Z,2026-10-10T18:00,22.5,196,54.0,0.0,0.66,5.85,60,1.34,0.8,0.9,349,0.26,17.7,,unavailable (no satellite pass / dataset error),
66.3,Good,Great,2026-10-08T12:41:38Z,43,Green Cape,2026-10-10T08:00:00Z,2026-10-10T19:00,18.9,194,49.7,0.0,0.62,6.4,76,1.3,0.76,0.9,349,0.49,17.7,,unavailable (no satellite pass / dataset error),
69.3,Good,Great,2026-10-08T12:41:38Z,44,Green Cape,2026-10-10T09:00:00Z,2026-10-10T20:00,16.0,197,37.1,0.0,0.58,6.65,92,1.28,0.74,0.8,333,0.62,17.6,,unavailable (no satellite pass / dataset error),
74.2,Good,Great,2026-10-08T12:41:38Z,45,Green Cape,2026-10-10T10:00:00Z,2026-10-10T21:00,10.9,211,31.3,0.0,0.64,6.15,118,1.24,0.5,0.8,333,0.61,17.6,,unavailable (no satellite pass / dataset error),
77.7,Good,Great,2026-10-08T12:41:38Z,46,Green Cape,2026-10-10T11:00:00Z,2026-10-10T22:00,7.3,234,21.2,0.0,0.7,5.3,144,1.22,0.28,0.8,315,0.46,17.5,,unavailable (no satellite pass / dataset error),
78.1,Good,Great,2026-10-08T12:41:38Z,47,Green Cape,2026-10-10T12:00:00Z,2026-10-10T23:00,7.8,262,14.4,0.0,0.76,4.7,170,1.18,0.04,0.6,304,0.21,17.5,,unavailable (no satellite pass / dataset error),
78.6,Good,Great,2026-10-08T12:41:38Z,48,Green Cape,2026-10-10T13:00:00Z,2026-10-11T00:00,7.4,277,14.4,0.0,0.76,4.65,175,1.16,0.02,0.6,288,-0.07,17.5,,unavailable (no satellite pass / dataset error),
79.6,Good,Great,2026-10-08T12:41:38Z,49,Green Cape,2026-10-10T14:00:00Z,2026-10-11T01:00,7.1,276,13.7,0.0,0.76,4.9,180,1.14,0.02,0.4,297,-0.31,17.5,,unavailable (no satellite pass / dataset error),
80.5,Excellent,Great,2026-10-08T12:41:38Z,50,Green Cape,2026-10-10T15:00:00Z,2026-10-11T02:00,6.3,283,13.0,0.0,0.76,5.2,185,1.12,0.0,0.4,297,-0.45,17.5,,unavailable (no satellite pass / dataset error),
81.0,Excellent,Great,2026-10-08T12:41:38Z,51,Green Cape,2026-10-10T16:00:00Z,2026-10-11T03:00,6.2,285,11.5,0.0,0.74,5.5,160,1.1,0.0,0.3,315,-0.45,17.5,,unavailable (no satellite pass / dataset error),
81.7,Excellent,Great,2026-10-08T12:41:38Z,52,Green Cape,2026-10-10T17:00:00Z,2026-10-11T04:00,6.1,293,10.8,0.0,0.72,5.8,135,1.06,0.0,0.2,0,-0.31,17.6,,unavailable (no satellite pass / dataset error),
83.0,Excellent,Great,2026-10-08T12:41:38Z,53,Green Cape,2026-10-10T18:00:00Z,2026-10-11T05:00,5.8,309,10.4,0.0,0.7,6.05,110,1.04,0.0,0.2,0,-0.08,17.6,,unavailable (no satellite pass / dataset error),
81.3,Excellent,Great,2026-10-08T12:41:38Z,54,Green Cape,2026-10-10T19:00:00Z,2026-10-11T06:00,8.0,322,12.6,0.0,0.7,6.15,108,1.02,0.0,0.3,45,0.2,17.6,,unavailable (no satellite pass / dataset error),
80.3,Excellent,Great,2026-10-08T12:41:38Z,55,Green Cape,2026-10-10T20:00:00Z,2026-10-11T07:00,9.3,328,15.8,0.0,0.68,6.2,107,1.02,0.02,0.3,45,0.47,17.6,,unavailable (no satellite pass / dataset error),
80.7,Excellent,Great,2026-10-08T12:41:38Z,56,Green Cape,2026-10-10T21:00:00Z,2026-10-11T08:00,9.1,346,19.8,0.0,0.68,6.2,105,1.0,0.02,0.3,45,0.66,17.6,,unavailable (no satellite pass / dataset error),
77.0,Good,Great,2026-10-08T12:41:38Z,57,Green Cape,2026-10-10T22:00:00Z,2026-10-11T09:00,13.2,5,31.0,0.0,0.68,6.2,107,1.0,0.04,0.3,45,0.71,17.6,,unavailable (no satellite pass / dataset error),
74.9,Good,Great,2026-10-08T12:41:38Z,58,Green Cape,2026-10-10T23:00:00Z,2026-10-11T10:00,16.0,11,38.5,0.0,0.68,6.2,108,0.98,0.08,0.2,0,0.6,17.7,,unavailable (no satellite pass / dataset error),
73.4,Good,Great,2026-10-08T12:41:38Z,59,Green Cape,2026-10-11T00:00:00Z,2026-10-11T11:00,17.7,15,42.8,0.0,0.68,6.2,110,0.98,0.1,0.2,0,0.38,17.7,,unavailable (no satellite pass / dataset error),
72.0,Good,Great,2026-10-08T12:41:38Z,60,Green Cape,2026-10-11T01:00:00Z,2026-10-11T12:00,18.8,14,46.8,0.0,0.68,6.25,112,1.04,0.3,0.2,0,0.1,17.7,,unavailable (no satellite pass / dataset error),
72.0,Good,Great,2026-10-08T12:41:38Z,61,Green Cape,2026-10-11T02:00:00Z,2026-10-11T13:00,18.4,29,46.4,0.0,0.7,6.3,113,1.1,0.52,0.2,0,-0.18,17.7,,unavailable (no satellite pass / dataset error),
67.0,Good,Great,2026-10-08T12:41:38Z,62,Green Cape,2026-10-11T03:00:00Z,2026-10-11T14:00,23.4,37,54.4,0.0,0.7,6.3,115,1.16,0.72,0.2,0,-0.39,17.8,,unavailable (no satellite pass / dataset error),
66.8,Good,Great,2026-10-08T12:41:38Z,63,Green Cape,2026-10-11T04:00:00Z,2026-10-11T15:00,23.0,33,56.5,0.0,0.68,6.25,120,1.22,0.76,0.2,0,-0.47,17.8,,unavailable (no satellite pass / dataset error),
66.8,Good,Great,2026-10-08T12:41:38Z,64,Green Cape,2026-10-11T05:00:00Z,2026-10-11T16:00,23.1,33,54.0,0.0,0.66,6.1,124,1.26,0.82,0.0,90,-0.41,17.9,,unavailable (no satellite pass / dataset error),
66.1,Good,Great,2026-10-08T12:41:38Z,65,Green Cape,2026-10-11T06:00:00Z,2026-10-11T17:00,23.2,36,54.4,0.0,0.64,5.9,129,1.32,0.86,0.0,90,-0.25,17.9,,unavailable (no satellite pass / dataset error),
68.1,Good,Great,2026-10-08T12:41:38Z,66,Green Cape,2026-10-11T07:00:00Z,2026-10-11T18:00,20.2,35,51.5,0.0,0.7,5.45,110,1.34,0.84,0.2,180,-0.01,17.9,,unavailable (no satellite pass / dataset error),
69.8,Good,Great,2026-10-08T12:41:38Z,67,Green Cape,2026-10-11T08:00:00Z,2026-10-11T19:00,18.0,29,43.2,0.0,0.74,4.95,92,1.34,0.8,0.3,135,0.23,17.9,,unavailable (no satellite pass / dataset error),
71.0,Good,Great,2026-10-08T12:41:38Z,68,Green Cape,2026-10-11T09:00:00Z,2026-10-11T20:00,16.5,20,35.6,0.0,0.8,4.6,73,1.36,0.78,0.3,135,0.43,17.8,,unavailable (no satellite pass / dataset error),
70.5,Good,Doable,2026-10-08T12:41:38Z,69,Green Cape,2026-10-11T10:00:00Z,2026-10-11T21:00,16.8,12,32.4,0.0,0.94,4.65,71,1.36,0.64,0.4,153,0.52,17.8,,unavailable (no satellite pass / dataset error),
72.1,Good,Doable,2026-10-08T12:41:38Z,70,Green Cape,2026-10-11T11:00:00Z,2026-10-11T22:00,15.0,354,32.4,0.0,1.1,4.9,68,1.36,0.52,0.4,153,0.48,17.8,,unavailable (no satellite pass / dataset error),
77.8,Good,Bit dodgy,2026-10-08T12:41:38Z,71,Green Cape,2026-10-11T12:00:00Z,2026-10-11T23:00,8.6,329,28.4,0.0,1.24,5.1,66,1.36,0.38,0.4,153,0.31,17.7,,unavailable (no satellite pass / dataset error),
79.9,Good,Bit dodgy,2026-10-08T12:41:38Z,72,Green Cape,2026-10-11T13:00:00Z,2026-10-12T00:00,6.2,291,15.1,0.0,1.24,5.1,64,1.34,0.26,0.5,135,0.08,17.7,,unavailable (no satellite pass / dataset error),
79.2,Good,Bit dodgy,2026-10-08T12:41:38Z,73,Green Cape,2026-10-11T14:00:00Z,2026-10-12T01:00,7.2,270,14.4,0.0,1.26,5.05,61,1.34,0.14,0.4,117,-0.16,17.7,,unavailable (no satellite pass / dataset error),
80.0,Excellent,Bit dodgy,2026-10-08T12:41:38Z,74,Green Cape,2026-10-11T15:00:00Z,2026-10-12T02:00,6.6,287,14.0,0.0,1.26,5.0,59,1.32,0.02,0.4,117,-0.33,17.6,,unavailable (no satellite pass / dataset error),
79.2,Good,Bit dodgy,2026-10-08T12:41:38Z,75,Green Cape,2026-10-11T16:00:00Z,2026-10-12T03:00,7.9,283,15.5,0.0,1.22,5.05,61,1.28,0.02,0.4,90,-0.4,17.6,,unavailable (no satellite pass / dataset error),
79.3,Good,Doable,2026-10-08T12:41:38Z,76,Green Cape,2026-10-11T17:00:00Z,2026-10-12T04:00,8.3,275,16.6,0.0,1.16,5.15,64,1.24,0.02,0.4,90,-0.33,17.6,,unavailable (no satellite pass / dataset error),
79.8,Good,Doable,2026-10-08T12:41:38Z,77,Green Cape,2026-10-11T18:00:00Z,2026-10-12T05:00,8.1,273,16.2,0.0,1.12,5.2,66,1.2,0.02,0.4,63,-0.14,17.6,,unavailable (no satellite pass / dataset error),
80.0,Excellent,Doable,2026-10-08T12:41:38Z,78,Green Cape,2026-10-11T19:00:00Z,2026-10-12T06:00,8.4,277,15.8,0.0,1.08,5.2,67,1.16,0.02,0.4,63,0.12,17.6,,unavailable (no satellite pass / dataset error),
79.5,Good,Doable,2026-10-08T12:41:38Z,79,Green Cape,2026-10-11T20:00:00Z,2026-10-12T07:00,9.4,287,16.6,0.0,1.06,5.2,67,1.14,0.04,0.3,45,0.39,17.6,,unavailable (no satellite pass / dataset error),
80.7,Excellent,Doable,2026-10-08T12:41:38Z,80,Green Cape,2026-10-11T21:00:00Z,2026-10-12T08:00,8.5,298,17.6,0.0,1.02,5.2,68,1.1,0.04,0.3,45,0.63,17.6,,unavailable (no satellite pass / dataset error),
83.4,Excellent,Doable,2026-10-08T12:41:38Z,81,Green Cape,2026-10-11T22:00:00Z,2026-10-12T09:00,5.9,322,17.6,0.0,0.96,5.1,61,1.06,0.06,0.3,45,0.77,17.6,,unavailable (no satellite pass / dataset error),
82.6,Excellent,Doable,2026-10-08T12:41:38Z,82,Green Cape,2026-10-11T23:00:00Z,2026-10-12T10:00,7.0,13,18.4,0.0,0.88,5.0,55,1.04,0.08,0.3,45,0.76,17.7,,unavailable (no satellite pass / dataset error),
81.0,Excellent,Doable,2026-10-08T12:41:38Z,83,Green Cape,2026-10-12T00:00:00Z,2026-10-12T11:00,9.6,30,23.8,0.0,0.82,5.0,48,1.0,0.1,0.2,0,0.62,17.7,,unavailable (no satellite pass / dataset error),
78.6,Good,Great,2026-10-08T12:41:38Z,84,Green Cape,2026-10-12T01:00:00Z,2026-10-12T12:00,12.2,28,25.2,0.0,0.72,5.25,54,1.0,0.26,0.2,0,0.37,17.8,,unavailable (no satellite pass / dataset error),
76.6,Good,Great,2026-10-08T12:41:38Z,85,Green Cape,2026-10-12T02:00:00Z,2026-10-12T13:00,14.3,21,26.6,0.0,0.62,5.65,59,1.02,0.42,0.2,0,0.09,17.9,,unavailable (no satellite pass / dataset error),
78.4,Good,Great,2026-10-08T12:41:38Z,86,Green Cape,2026-10-12T03:00:00Z,2026-10-12T14:00,12.2,19,29.5,0.0,0.52,5.8,65,1.02,0.58,0.2,0,-0.16,18.0,,unavailable (no satellite pass / dataset error),
86.9,Excellent,Great,2026-10-08T12:41:38Z,87,Green Cape,2026-10-12T04:00:00Z,2026-10-12T15:00,2.3,61,35.6,0.1,0.58,5.45,58,1.02,0.52,0.3,45,-0.34,18.0,,unavailable (no satellite pass / dataset error),
76.6,Good,Great,2026-10-08T12:41:38Z,88,Green Cape,2026-10-12T05:00:00Z,2026-10-12T16:00,13.5,183,43.6,0.1,0.66,4.9,51,1.04,0.46,0.3,45,-0.39,18.1,,unavailable (no satellite pass / dataset error),
66.7,Good,Great,2026-10-08T12:41:38Z,89,Green Cape,2026-10-12T06:00:00Z,2026-10-12T17:00,24.2,189,49.3,0.1,0.72,4.45,44,1.04,0.4,0.4,27,-0.32,18.1,,unavailable (no satellite pass / dataset error),
64.0,Good,Great,2026-10-08T12:41:38Z,90,Green Cape,2026-10-12T07:00:00Z,2026-10-12T18:00,26.7,196,50.8,0.0,0.76,4.3,49,1.04,0.4,0.6,18,-0.16,18.1,,unavailable (no satellite pass / dataset error),
64.8,Good,Great,2026-10-08T12:41:38Z,91,Green Cape,2026-10-12T08:00:00Z,2026-10-12T19:00,25.5,205,50.4,0.0,0.8,4.3,54,1.04,0.42,0.7,14,0.04,18.0,,unavailable (no satellite pass / dataset error),
65.6,Good,Doable,2026-10-08T12:41:38Z,92,Green Cape,2026-10-12T09:00:00Z,2026-10-12T20:00,24.6,213,49.7,0.0,0.84,4.35,59,1.04,0.42,0.7,0,0.25,18.0,,unavailable (no satellite pass / dataset error),
65.5,Good,Great,2026-10-08T12:41:38Z,93,Green Cape,2026-10-12T10:00:00Z,2026-10-12T21:00,24.1,216,50.0,0.0,0.78,4.5,56,1.1,0.6,0.7,346,0.42,17.9,,unavailable (no satellite pass / dataset error),
64.8,Good,Great,2026-10-08T12:41:38Z,94,Green Cape,2026-10-12T11:00:00Z,2026-10-12T22:00,23.2,216,50.4,0.0,0.7,4.7,53,1.18,0.76,1.0,338,0.47,17.8,,unavailable (no satellite pass / dataset error),
65.3,Good,Great,2026-10-08T12:41:38Z,95,Green Cape,2026-10-12T12:00:00Z,2026-10-12T23:00,21.9,216,50.0,0.0,0.64,4.9,50,1.24,0.94,1.0,338,0.41,17.7,,unavailable (no satellite pass / dataset error),
66.3,Good,Great,2026-10-08T12:41:38Z,96,Green Cape,2026-10-12T13:00:00Z,2026-10-13T00:00,20.2,217,49.0,0.1,0.58,5.15,91,1.24,0.92,1.2,333,0.25,17.7,,unavailable (no satellite pass / dataset error),
68.3,Good,Great,2026-10-08T12:41:38Z,97,Green Cape,2026-10-12T14:00:00Z,2026-10-13T01:00,18.0,219,47.2,0.1,0.54,5.4,132,1.22,0.92,1.2,333,0.05,17.7,,unavailable (no satellite pass / dataset error),
69.4,Good,Great,2026-10-08T12:41:38Z,98,Green Cape,2026-10-12T15:00:00Z,2026-10-13T02:00,16.6,221,45.0,0.1,0.48,5.55,173,1.22,0.9,1.2,333,-0.13,17.7,,unavailable (no satellite pass / dataset error),
69.4,Good,Great,2026-10-08T12:41:38Z,99,Green Cape,2026-10-12T16:00:00Z,2026-10-13T03:00,16.0,221,41.4,0.2,0.56,5.45,182,1.2,0.8,1.4,337,-0.23,17.7,,unavailable (no satellite pass / dataset error),
69.6,Good,Great,2026-10-08T12:41:38Z,100,Green Cape,2026-10-12T17:00:00Z,2026-10-13T04:00,16.0,220,37.1,0.2,0.66,5.2,190,1.18,0.72,1.3,344,-0.23,17.7,,unavailable (no satellite pass / dataset error),
69.9,Good,Great,2026-10-08T12:41:38Z,101,Green Cape,2026-10-12T18:00:00Z,2026-10-13T05:00,15.6,220,33.8,0.2,0.74,5.0,199,1.16,0.62,1.3,344,-0.12,17.7,,unavailable (no satellite pass / dataset error),
71.2,Good,Great,2026-10-08T12:41:38Z,102,Green Cape,2026-10-12T19:00:00Z,2026-10-13T06:00,14.4,222,31.7,0.0,0.78,4.85,199,1.14,0.5,1.3,352,0.09,17.7,,unavailable (no satellite pass / dataset error),
73.0,Good,Doable,2026-10-08T12:41:38Z,103,Green Cape,2026-10-12T20:00:00Z,2026-10-13T07:00,13.1,226,30.6,0.0,0.84,4.8,199,1.12,0.4,1.1,351,0.34,17.7,,unavailable (no satellite pass / dataset error),
73.8,Good,Doable,2026-10-08T12:41:38Z,104,Green Cape,2026-10-12T21:00:00Z,2026-10-13T08:00,12.5,229,30.6,0.0,0.88,4.7,199,1.1,0.28,1.1,351,0.58,17.8,,unavailable (no satellite pass / dataset error),
73.8,Good,Doable,2026-10-08T12:41:38Z,105,Green Cape,2026-10-12T22:00:00Z,2026-10-13T09:00,12.9,229,32.0,0.0,0.82,4.5,200,1.06,0.26,1.1,0,0.77,17.8,,unavailable (no satellite pass / dataset error),
73.8,Good,Great,2026-10-08T12:41:38Z,106,Green Cape,2026-10-12T23:00:00Z,2026-10-13T10:00,13.9,229,34.6,0.0,0.78,4.35,200,1.02,0.26,0.9,349,0.84,17.8,,unavailable (no satellite pass / dataset error),
73.4,Good,Great,2026-10-08T12:41:38Z,107,Green Cape,2026-10-13T00:00:00Z,2026-10-13T11:00,14.8,227,36.4,0.0,0.72,4.6,201,0.98,0.24,0.9,349,0.77,17.8,,unavailable (no satellite pass / dataset error),
73.4,Good,Great,2026-10-08T12:41:38Z,108,Green Cape,2026-10-13T01:00:00Z,2026-10-13T12:00,14.8,225,36.4,0.0,0.62,5.65,189,1.02,0.44,0.7,346,0.59,17.9,,unavailable (no satellite pass / dataset error),
73.1,Good,Great,2026-10-08T12:41:38Z,109,Green Cape,2026-10-13T02:00:00Z,2026-10-13T13:00,14.5,223,36.0,0.0,0.5,7.15,177,1.08,0.62,0.7,346,0.33,17.9,,unavailable (no satellite pass / dataset error),
71.7,Good,Great,2026-10-08T12:41:38Z,110,Green Cape,2026-10-13T03:00:00Z,2026-10-13T14:00,15.4,217,38.2,0.0,0.4,8.05,165,1.12,0.82,0.8,333,0.06,18.0,,unavailable (no satellite pass / dataset error),
68.4,Good,Great,2026-10-08T12:41:38Z,111,Green Cape,2026-10-13T04:00:00Z,2026-10-13T15:00,18.8,209,45.4,0.0,0.42,7.85,166,1.16,0.86,0.8,333,-0.17,18.1,,unavailable (no satellite pass / dataset error),
63.8,Good,Great,2026-10-08T12:41:38Z,112,Green Cape,2026-10-13T05:00:00Z,2026-10-13T16:00,23.8,201,55.4,0.0,0.42,7.1,167,1.18,0.92,0.8,333,-0.3,18.2,,unavailable (no satellite pass / dataset error),
60.7,Good,Great,2026-10-08T12:41:38Z,113,Green Cape,2026-10-13T06:00:00Z,2026-10-13T17:00,27.0,200,62.3,0.0,0.44,6.45,168,1.22,0.96,0.8,333,-0.31,18.2,,unavailable (no satellite pass / dataset error),
61.2,Good,Great,2026-10-08T12:41:38Z,114,Green Cape,2026-10-13T07:00:00Z,2026-10-13T18:00,26.5,204,64.1,0.0,0.5,6.2,172,1.24,0.94,0.7,346,-0.22,18.2,,unavailable (no satellite pass / dataset error),
62.8,Good,Great,2026-10-08T12:41:38Z,115,Green Cape,2026-10-13T08:00:00Z,2026-10-13T19:00,24.5,214,63.4,0.0,0.58,6.1,177,1.26,0.94,0.7,346,-0.06,18.1,,unavailable (no satellite pass / dataset error),
64.1,Good,Great,2026-10-08T12:41:38Z,116,Green Cape,2026-10-13T09:00:00Z,2026-10-13T20:00,22.8,223,61.2,0.0,0.64,5.95,181,1.28,0.92,0.7,346,0.13,18.1,,unavailable (no satellite pass / dataset error),
65.5,Good,Great,2026-10-08T12:41:38Z,117,Green Cape,2026-10-13T10:00:00Z,2026-10-13T21:00,20.8,228,58.3,0.3,0.72,5.75,185,1.28,0.86,0.7,346,0.32,18.0,,unavailable (no satellite pass / dataset error),
67.3,Good,Great,2026-10-08T12:41:38Z,118,Green Cape,2026-10-13T11:00:00Z,2026-10-13T22:00,18.4,233,54.4,0.3,0.8,5.5,189,1.28,0.8,0.7,346,0.44,17.9,,unavailable (no satellite pass / dataset error),
67.5,Good,Doable,2026-10-08T12:41:38Z,119,Green Cape,2026-10-13T12:00:00Z,2026-10-13T23:00,17.2,238,50.8,0.3,0.88,5.4,193,1.28,0.74,0.9,349,0.46,17.9,,unavailable (no satellite pass / dataset error),
79.8,Good,Doable,2026-10-08T12:41:38Z,0,Tathra,2026-10-08T13:00:00Z,2026-10-09T00:00,5.4,272,9.7,0.0,1.16,6.85,122,1.16,0.0,1.6,186,-0.53,18.5,,unavailable (no satellite pass / dataset error),
79.8,Good,Doable,2026-10-08T12:41:38Z,1,Tathra,2026-10-08T14:00:00Z,2026-10-09T01:00,5.4,272,9.7,0.0,1.16,6.95,121,1.16,0.0,1.6,186,-0.65,18.4,,unavailable (no satellite pass / dataset error),
78.1,Good,Doable,2026-10-08T12:41:38Z,2,Tathra,2026-10-08T15:00:00Z,2026-10-09T02:00,7.4,273,12.6,0.0,1.18,7.1,121,1.18,0.0,1.5,187,-0.62,18.4,,unavailable (no satellite pass / dataset error),
77.2,Good,Doable,2026-10-08T12:41:38Z,3,Tathra,2026-10-08T16:00:00Z,2026-10-09T03:00,8.2,278,14.8,0.0,1.16,7.35,121,1.2,0.0,1.5,187,-0.45,18.4,,unavailable (no satellite pass / dataset error),
77.6,Good,Doable,2026-10-08T12:41:38Z,4,Tathra,2026-10-08T17:00:00Z,2026-10-09T04:00,7.7,288,15.1,0.0,1.16,7.65,120,1.2,0.0,1.5,187,-0.17,18.4,,unavailable (no satellite pass / dataset error),
78.4,Good,Doable,2026-10-08T12:41:38Z,5,Tathra,2026-10-08T18:00:00Z,2026-10-09T05:00,7.1,289,14.4,0.0,1.14,7.85,120,1.22,0.0,1.3,188,0.13,18.4,,unavailable (no satellite pass / dataset error),
78.6,Good,Doable,2026-10-08T12:41:38Z,6,Tathra,2026-10-08T19:00:00Z,2026-10-09T06:00,6.9,290,14.0,0.0,1.12,7.9,123,1.22,0.0,1.3,188,0.4,18.4,,unavailable (no satellite pass / dataset error),
77.6,Good,Doable,2026-10-08T12:41:38Z,7,Tathra,2026-10-08T20:00:00Z,2026-10-09T07:00,7.8,292,16.2,0.0,1.1,7.9,126,1.24,0.0,1.3,188,0.55,18.5,,unavailable (no satellite pass / dataset error),
79.3,Good,Doable,2026-10-08T12:41:38Z,8,Tathra,2026-10-08T21:00:00Z,2026-10-09T08:00,5.9,293,17.3,0.0,1.08,7.9,129,1.24,0.0,1.3,188,0.57,18.5,,unavailable (no satellite pass / dataset error),
81.8,Excellent,Doable,2026-10-08T12:41:38Z,9,Tathra,2026-10-08T22:00:00Z,2026-10-09T09:00,3.3,319,15.5,0.0,1.1,7.9,125,1.22,0.02,1.3,188,0.44,18.5,,unavailable (no satellite pass / dataset error),
77.2,Good,Doable,2026-10-08T12:41:38Z,10,Tathra,2026-10-08T23:00:00Z,2026-10-09T10:00,8.5,25,22.7,0.0,1.12,7.85,122,1.22,0.06,1.3,188,0.21,18.5,,unavailable (no satellite pass / dataset error),
75.6,Good,Doable,2026-10-08T12:41:38Z,11,Tathra,2026-10-09T00:00:00Z,2026-10-09T11:00,9.9,35,26.6,0.0,1.14,7.8,118,1.2,0.08,1.5,194,-0.06,18.6,,unavailable (no satellite pass / dataset error),
72.8,Good,Doable,2026-10-08T12:41:38Z,12,Tathra,2026-10-09T01:00:00Z,2026-10-09T12:00,12.8,58,31.3,0.0,1.12,7.8,118,1.18,0.16,1.7,193,-0.3,18.6,,unavailable (no satellite pass / dataset error),
67.4,Good,Doable,2026-10-08T12:41:38Z,13,Tathra,2026-10-09T02:00:00Z,2026-10-09T13:00,18.8,65,43.9,0.0,1.08,7.75,118,1.18,0.24,1.7,193,-0.45,18.6,,unavailable (no satellite pass / dataset error),
66.6,Good,Doable,2026-10-08T12:41:38Z,14,Tathra,2026-10-09T03:00:00Z,2026-10-09T14:00,19.9,59,47.2,0.0,1.06,7.65,118,1.16,0.32,1.7,193,-0.45,18.7,,unavailable (no satellite pass / dataset error),
67.5,Good,Doable,2026-10-08T12:41:38Z,15,Tathra,2026-10-09T04:00:00Z,2026-10-09T15:00,19.0,55,46.4,0.0,1.08,7.4,117,1.16,0.34,1.7,193,-0.32,18.7,,unavailable (no satellite pass / dataset error),
68.7,Good,Doable,2026-10-08T12:41:38Z,16,Tathra,2026-10-09T05:00:00Z,2026-10-09T16:00,17.6,52,43.6,0.0,1.08,7.05,116,1.16,0.34,1.7,193,-0.08,18.8,,unavailable (no satellite pass / dataset error),
69.9,Good,Doable,2026-10-08T12:41:38Z,17,Tathra,2026-10-09T06:00:00Z,2026-10-09T17:00,16.3,45,40.3,0.0,1.1,6.85,115,1.16,0.36,1.7,193,0.21,18.8,,unavailable (no satellite pass / dataset error),
71.1,Good,Doable,2026-10-08T12:41:38Z,18,Tathra,2026-10-09T07:00:00Z,2026-10-09T18:00,15.1,41,36.7,0.0,1.06,6.85,115,1.14,0.32,1.7,193,0.48,18.8,,unavailable (no satellite pass / dataset error),
71.8,Good,Doable,2026-10-08T12:41:38Z,19,Tathra,2026-10-09T08:00:00Z,2026-10-09T19:00,14.3,35,32.4,0.0,1.0,6.9,116,1.14,0.3,1.7,193,0.66,18.8,,unavailable (no satellite pass / dataset error),
72.2,Good,Doable,2026-10-08T12:41:38Z,20,Tathra,2026-10-09T09:00:00Z,2026-10-09T20:00,14.1,28,28.1,0.0,0.96,7.0,116,1.12,0.26,1.7,193,0.69,18.7,,unavailable (no satellite pass / dataset error),
73.2,Good,Doable,2026-10-08T12:41:38Z,21,Tathra,2026-10-09T10:00:00Z,2026-10-09T21:00,13.2,17,27.4,0.0,0.94,7.05,116,1.1,0.22,1.7,193,0.57,18.7,,unavailable (no satellite pass / dataset error),
75.6,Good,Doable,2026-10-08T12:41:38Z,22,Tathra,2026-10-09T11:00:00Z,2026-10-09T22:00,10.5,354,24.8,0.0,0.92,7.05,115,1.1,0.16,1.7,193,0.33,18.7,,unavailable (no satellite pass / dataset error),
80.0,Excellent,Doable,2026-10-08T12:41:38Z,23,Tathra,2026-10-09T12:00:00Z,2026-10-09T23:00,5.8,338,19.8,0.0,0.9,7.05,115,1.08,0.12,1.7,193,0.04,18.7,,unavailable (no satellite pass / dataset error),
82.9,Excellent,Doable,2026-10-08T12:41:38Z,24,Tathra,2026-10-09T13:00:00Z,2026-10-10T00:00,2.8,305,11.2,0.0,0.88,6.95,114,1.06,0.08,1.7,193,-0.25,18.7,,unavailable (no satellite pass / dataset error),
79.9,Good,Doable,2026-10-08T12:41:38Z,25,Tathra,2026-10-09T14:00:00Z,2026-10-10T01:00,6.2,300,13.3,0.0,0.88,6.75,114,1.06,0.06,1.7,193,-0.45,18.7,,unavailable (no satellite pass / dataset error),
81.9,Excellent,Doable,2026-10-08T12:41:38Z,26,Tathra,2026-10-09T15:00:00Z,2026-10-10T02:00,4.2,310,14.0,0.0,0.86,6.65,113,1.04,0.02,1.7,193,-0.51,18.7,,unavailable (no satellite pass / dataset error),
83.0,Excellent,Doable,2026-10-08T12:41:38Z,27,Tathra,2026-10-09T16:00:00Z,2026-10-10T03:00,3.1,336,10.1,0.0,0.84,6.6,113,1.02,0.02,1.7,193,-0.42,18.7,,unavailable (no satellite pass / dataset error),
81.8,Excellent,Great,2026-10-08T12:41:38Z,28,Tathra,2026-10-09T17:00:00Z,2026-10-10T04:00,4.7,288,10.1,0.0,0.8,6.6,112,1.0,0.0,1.7,193,-0.21,18.7,,unavailable (no satellite pass / dataset error),
79.3,Good,Great,2026-10-08T12:41:38Z,29,Tathra,2026-10-09T18:00:00Z,2026-10-10T05:00,2.6,344,20.2,3.7,0.78,6.6,112,0.98,0.0,1.7,193,0.09,18.7,,unavailable (no satellite pass / dataset error),
77.5,Good,Great,2026-10-08T12:41:38Z,30,Tathra,2026-10-09T19:00:00Z,2026-10-10T06:00,3.5,291,6.8,0.9,0.76,6.6,112,0.96,0.0,1.7,193,0.39,18.7,,unavailable (no satellite pass / dataset error),
76.6,Good,Great,2026-10-08T12:41:38Z,31,Tathra,2026-10-09T20:00:00Z,2026-10-10T07:00,4.3,298,9.7,0.2,0.72,6.6,112,0.96,0.0,1.7,193,0.64,18.7,,unavailable (no satellite pass / dataset error),
74.7,Good,Great,2026-10-08T12:41:38Z,32,Tathra,2026-10-09T21:00:00Z,2026-10-10T08:00,6.6,311,12.6,0.0,0.7,6.55,112,0.94,0.0,1.7,193,0.75,18.8,,unavailable (no satellite pass / dataset error),
75.1,Good,Great,2026-10-08T12:41:38Z,33,Tathra,2026-10-09T22:00:00Z,2026-10-10T09:00,6.4,306,15.5,0.0,0.68,6.35,98,0.92,0.0,1.7,193,0.71,18.8,,unavailable (no satellite pass / dataset error),
77.5,Good,Great,2026-10-08T12:41:38Z,34,Tathra,2026-10-09T23:00:00Z,2026-10-10T10:00,3.7,309,15.5,0.0,0.64,6.15,85,0.92,0.0,1.7,193,0.53,18.8,,unavailable (no satellite pass / dataset error),
78.4,Good,Great,2026-10-08T12:41:38Z,35,Tathra,2026-10-10T00:00:00Z,2026-10-10T11:00,2.9,79,14.4,0.0,0.62,5.9,71,0.9,0.0,1.7,193,0.26,18.9,,unavailable (no satellite pass / dataset error),
79.7,Good,Great,2026-10-08T12:41:38Z,36,Tathra,2026-10-10T01:00:00Z,2026-10-10T12:00,2.2,76,17.3,0.0,0.62,5.7,72,0.88,0.0,1.5,194,-0.04,18.9,,unavailable (no satellite pass / dataset error),
79.7,Good,Great,2026-10-08T12:41:38Z,37,Tathra,2026-10-10T02:00:00Z,2026-10-10T13:00,2.3,148,17.3,0.1,0.64,5.5,74,0.86,0.0,1.5,194,-0.28,19.0,,unavailable (no satellite pass / dataset error),
68.7,Good,Great,2026-10-08T12:41:38Z,38,Tathra,2026-10-10T03:00:00Z,2026-10-10T14:00,15.4,142,33.8,0.0,0.64,5.35,75,0.84,0.0,1.3,196,-0.41,19.0,,unavailable (no satellite pass / dataset error),
65.6,Good,Great,2026-10-08T12:41:38Z,39,Tathra,2026-10-10T04:00:00Z,2026-10-10T15:00,19.2,107,53.3,0.1,0.62,5.3,72,0.84,0.12,1.1,198,-0.39,19.1,,unavailable (no satellite pass / dataset error),
68.7,Good,Great,2026-10-08T12:41:38Z,40,Tathra,2026-10-10T05:00:00Z,2026-10-10T16:00,15.8,127,42.1,0.0,0.58,5.25,70,0.86,0.24,1.0,202,-0.24,19.1,,unavailable (no satellite pass / dataset error),
68.3,Good,Great,2026-10-08T12:41:38Z,41,Tathra,2026-10-10T06:00:00Z,2026-10-10T17:00,16.2,130,36.7,0.0,0.56,5.15,67,0.86,0.36,1.0,202,0.0,19.1,,unavailable (no satellite pass / dataset error),
70.9,Good,Great,2026-10-08T12:41:38Z,42,Tathra,2026-10-10T07:00:00Z,2026-10-10T18:00,12.7,134,36.7,0.0,0.64,4.9,92,0.92,0.32,1.0,202,0.27,19.1,,unavailable (no satellite pass / dataset error),
73.6,Good,Great,2026-10-08T12:41:38Z,43,Tathra,2026-10-10T08:00:00Z,2026-10-10T19:00,9.8,134,28.1,0.0,0.74,4.6,117,0.98,0.3,0.7,194,0.5,19.1,,unavailable (no satellite pass / dataset error),
72.9,Good,Doable,2026-10-08T12:41:38Z,44,Tathra,2026-10-10T09:00:00Z,2026-10-10T20:00,9.9,153,20.9,0.0,0.82,4.35,142,1.04,0.26,0.7,194,0.63,19.0,,unavailable (no satellite pass / dataset error),
74.4,Good,Doable,2026-10-08T12:41:38Z,45,Tathra,2026-10-10T10:00:00Z,2026-10-10T21:00,8.6,157,19.4,0.0,0.84,4.3,140,1.0,0.18,0.7,194,0.62,19.0,,unavailable (no satellite pass / dataset error),
78.6,Good,Doable,2026-10-08T12:41:38Z,46,Tathra,2026-10-10T11:00:00Z,2026-10-10T22:00,4.4,148,16.6,0.0,0.84,4.35,137,0.96,0.1,0.7,180,0.46,18.9,,unavailable (no satellite pass / dataset error),
82.4,Excellent,Doable,2026-10-08T12:41:38Z,47,Tathra,2026-10-10T12:00:00Z,2026-10-10T23:00,0.6,198,7.6,0.0,0.86,4.4,135,0.92,0.02,0.7,180,0.21,18.9,,unavailable (no satellite pass / dataset error),
81.1,Excellent,Great,2026-10-08T12:41:38Z,48,Tathra,2026-10-10T13:00:00Z,2026-10-11T00:00,2.7,298,4.0,0.0,0.76,4.5,127,0.86,0.02,0.7,180,-0.07,18.8,,unavailable (no satellite pass / dataset error),
80.2,Excellent,Great,2026-10-08T12:41:38Z,49,Tathra,2026-10-10T14:00:00Z,2026-10-11T01:00,4.1,304,7.6,0.0,0.68,4.7,120,0.82,0.0,0.7,166,-0.32,18.8,,unavailable (no satellite pass / dataset error),
80.9,Excellent,Great,2026-10-08T12:41:38Z,50,Tathra,2026-10-10T15:00:00Z,2026-10-11T02:00,4.0,300,7.6,0.0,0.58,4.8,112,0.76,0.0,0.7,166,-0.47,18.8,,unavailable (no satellite pass / dataset error),
81.1,Excellent,Great,2026-10-08T12:41:38Z,51,Tathra,2026-10-10T16:00:00Z,2026-10-11T03:00,4.3,298,7.9,0.0,0.54,4.85,129,0.72,0.0,0.7,166,-0.47,18.8,,unavailable (no satellite pass / dataset error),
82.0,Excellent,Great,2026-10-08T12:41:38Z,52,Tathra,2026-10-10T17:00:00Z,2026-10-11T04:00,3.7,305,7.6,0.0,0.5,4.85,145,0.7,0.0,0.6,162,-0.33,18.8,,unavailable (no satellite pass / dataset error),
87.2,Excellent,Great,2026-10-08T12:41:38Z,53,Tathra,2026-10-10T18:00:00Z,2026-10-11T05:00,3.6,323,6.5,0.0,0.46,4.9,162,0.66,0.0,0.6,162,-0.09,18.8,,unavailable (no satellite pass / dataset error),
88.5,Excellent,Great,2026-10-08T12:41:38Z,54,Tathra,2026-10-10T19:00:00Z,2026-10-11T06:00,3.9,326,7.2,0.0,0.46,5.05,139,0.66,0.0,0.4,153,0.2,18.8,,unavailable (no satellite pass / dataset error),
88.8,Excellent,Great,2026-10-08T12:41:38Z,55,Tathra,2026-10-10T20:00:00Z,2026-10-11T07:00,4.0,339,7.2,0.0,0.46,5.25,115,0.64,0.0,0.4,153,0.47,18.8,,unavailable (no satellite pass / dataset error),
86.6,Excellent,Great,2026-10-08T12:41:38Z,56,Tathra,2026-10-10T21:00:00Z,2026-10-11T08:00,6.5,358,14.4,0.0,0.46,5.4,92,0.64,0.0,0.4,153,0.66,18.8,,unavailable (no satellite pass / dataset error),
83.9,Excellent,Great,2026-10-08T12:41:38Z,57,Tathra,2026-10-10T22:00:00Z,2026-10-11T09:00,9.8,18,23.4,0.0,0.46,5.45,95,0.64,0.04,0.3,135,0.71,18.8,,unavailable (no satellite pass / dataset error),
78.1,Good,Great,2026-10-08T12:41:38Z,58,Tathra,2026-10-10T23:00:00Z,2026-10-11T10:00,16.0,35,36.4,0.0,0.46,5.45,98,0.64,0.06,0.4,153,0.61,18.9,,unavailable (no satellite pass / dataset error),
75.7,Good,Great,2026-10-08T12:41:38Z,59,Tathra,2026-10-11T00:00:00Z,2026-10-11T11:00,18.7,35,43.2,0.0,0.46,5.45,101,0.64,0.1,0.4,153,0.38,18.9,,unavailable (no satellite pass / dataset error),
75.4,Good,Great,2026-10-08T12:41:38Z,60,Tathra,2026-10-11T01:00:00Z,2026-10-11T12:00,18.6,52,42.8,0.0,0.44,5.55,101,0.68,0.2,0.4,180,0.1,18.9,,unavailable (no satellite pass / dataset error),
72.4,Good,Great,2026-10-08T12:41:38Z,61,Tathra,2026-10-11T02:00:00Z,2026-10-11T13:00,21.7,58,49.7,0.0,0.44,5.7,102,0.72,0.32,0.4,180,-0.19,18.9,,unavailable (no satellite pass / dataset error),
72.1,Good,Great,2026-10-08T12:41:38Z,62,Tathra,2026-10-11T03:00:00Z,2026-10-11T14:00,21.5,57,49.3,0.0,0.42,5.65,102,0.76,0.42,0.4,180,-0.4,19.0,,unavailable (no satellite pass / dataset error),
74.2,Good,Great,2026-10-08T12:41:38Z,63,Tathra,2026-10-11T04:00:00Z,2026-10-11T15:00,18.9,53,48.6,0.0,0.48,5.2,98,0.8,0.42,0.4,180,-0.48,19.0,,unavailable (no satellite pass / dataset error),
73.3,Good,Great,2026-10-08T12:41:38Z,64,Tathra,2026-10-11T05:00:00Z,2026-10-11T16:00,19.5,51,43.6,0.0,0.52,4.55,95,0.84,0.42,0.4,180,-0.42,19.0,,unavailable (no satellite pass / dataset error),
72.4,Good,Great,2026-10-08T12:41:38Z,65,Tathra,2026-10-11T06:00:00Z,2026-10-11T17:00,20.0,46,45.0,0.0,0.58,4.1,91,0.88,0.42,0.4,180,-0.25,19.0,,unavailable (no satellite pass / dataset error),
75.0,Good,Great,2026-10-08T12:41:38Z,66,Tathra,2026-10-11T07:00:00Z,2026-10-11T18:00,17.1,47,42.8,0.0,0.62,3.95,86,0.88,0.34,0.4,153,0.0,19.0,,unavailable (no satellite pass / dataset error),
79.0,Good,Great,2026-10-08T12:41:38Z,67,Tathra,2026-10-11T08:00:00Z,2026-10-11T19:00,12.6,49,35.6,0.0,0.68,3.9,80,0.88,0.28,0.4,153,0.25,19.0,,unavailable (no satellite pass / dataset error),
81.7,Excellent,Great,2026-10-08T12:41:38Z,68,Tathra,2026-10-11T09:00:00Z,2026-10-11T20:00,9.6,38,24.5,0.0,0.72,4.0,75,0.88,0.2,0.4,153,0.45,19.0,,unavailable (no satellite pass / dataset error),
85.7,Excellent,Great,2026-10-08T12:41:38Z,69,Tathra,2026-10-11T10:00:00Z,2026-10-11T21:00,4.9,17,18.0,0.0,0.78,4.2,74,0.9,0.14,0.4,153,0.55,18.9,,unavailable (no satellite pass / dataset error),
86.2,Excellent,Doable,2026-10-08T12:41:38Z,70,Tathra,2026-10-11T11:00:00Z,2026-10-11T22:00,4.6,296,8.6,0.0,0.86,4.5,74,0.9,0.1,0.3,135,0.5,18.9,,unavailable (no satellite pass / dataset error),
85.5,Excellent,Doable,2026-10-08T12:41:38Z,71,Tathra,2026-10-11T12:00:00Z,2026-10-11T23:00,5.1,293,10.1,0.0,0.92,4.75,73,0.92,0.04,0.3,135,0.33,18.9,,unavailable (no satellite pass / dataset error),
86.8,Excellent,Doable,2026-10-08T12:41:38Z,72,Tathra,2026-10-11T13:00:00Z,2026-10-12T00:00,4.2,282,10.1,0.0,0.9,4.85,73,0.9,0.02,0.2,90,0.1,18.9,,unavailable (no satellite pass / dataset error),
85.6,Excellent,Doable,2026-10-08T12:41:38Z,73,Tathra,2026-10-11T14:00:00Z,2026-10-12T01:00,5.5,279,10.4,0.0,0.9,4.85,72,0.9,0.02,0.2,90,-0.15,18.8,,unavailable (no satellite pass / dataset error),
84.8,Excellent,Doable,2026-10-08T12:41:38Z,74,Tathra,2026-10-11T15:00:00Z,2026-10-12T02:00,6.6,287,11.9,0.0,0.88,4.85,72,0.88,0.0,0.2,90,-0.34,18.8,,unavailable (no satellite pass / dataset error),
84.8,Excellent,Doable,2026-10-08T12:41:38Z,75,Tathra,2026-10-11T16:00:00Z,2026-10-12T03:00,7.6,288,13.7,0.0,0.84,4.85,72,0.84,0.0,0.0,90,-0.41,18.8,,unavailable (no satellite pass / dataset error),
84.3,Excellent,Doable,2026-10-08T12:41:38Z,76,Tathra,2026-10-11T17:00:00Z,2026-10-12T04:00,8.4,277,14.8,0.0,0.82,4.9,73,0.82,0.0,0.0,90,-0.34,18.8,,unavailable (no satellite pass / dataset error),
84.3,Excellent,Great,2026-10-08T12:41:38Z,77,Tathra,2026-10-11T18:00:00Z,2026-10-12T05:00,8.8,290,16.2,0.0,0.78,4.9,73,0.78,0.0,0.0,90,-0.15,18.8,,unavailable (no satellite pass / dataset error),
84.3,Excellent,Great,2026-10-08T12:41:38Z,78,Tathra,2026-10-11T19:00:00Z,2026-10-12T06:00,8.5,287,16.2,0.0,0.74,4.9,74,0.76,0.0,0.2,180,0.11,18.8,,unavailable (no satellite pass / dataset error),
84.7,Excellent,Great,2026-10-08T12:41:38Z,79,Tathra,2026-10-11T20:00:00Z,2026-10-12T07:00,8.6,296,15.5,0.0,0.72,4.95,75,0.72,0.0,0.2,180,0.39,18.8,,unavailable (no satellite pass / dataset error),
85.6,Excellent,Great,2026-10-08T12:41:38Z,80,Tathra,2026-10-11T21:00:00Z,2026-10-12T08:00,7.8,304,17.3,0.0,0.68,4.95,76,0.7,0.0,0.2,180,0.63,18.8,,unavailable (no satellite pass / dataset error),
86.2,Excellent,Great,2026-10-08T12:41:38Z,81,Tathra,2026-10-11T22:00:00Z,2026-10-12T09:00,6.6,299,17.3,0.1,0.66,4.95,77,0.68,0.0,0.4,180,0.77,18.8,,unavailable (no satellite pass / dataset error),
89.7,Excellent,Great,2026-10-08T12:41:38Z,82,Tathra,2026-10-11T23:00:00Z,2026-10-12T10:00,2.9,300,16.9,0.0,0.64,4.9,79,0.66,0.0,0.4,180,0.77,18.8,,unavailable (no satellite pass / dataset error),
89.8,Excellent,Great,2026-10-08T12:41:38Z,83,Tathra,2026-10-12T00:00:00Z,2026-10-12T11:00,3.1,59,11.5,0.0,0.62,4.9,80,0.64,0.0,0.4,180,0.62,18.8,,unavailable (no satellite pass / dataset error),
86.9,Excellent,Great,2026-10-08T12:41:38Z,84,Tathra,2026-10-12T01:00:00Z,2026-10-12T12:00,6.5,71,15.5,0.0,0.6,4.9,81,0.62,0.04,0.4,180,0.38,18.9,,unavailable (no satellite pass / dataset error),
84.3,Excellent,Great,2026-10-08T12:41:38Z,85,Tathra,2026-10-12T02:00:00Z,2026-10-12T13:00,9.7,71,22.0,0.0,0.58,4.85,81,0.6,0.06,0.4,153,0.09,19.0,,unavailable (no satellite pass / dataset error),
84.3,Excellent,Great,2026-10-08T12:41:38Z,86,Tathra,2026-10-12T03:00:00Z,2026-10-12T14:00,9.9,68,27.0,0.0,0.56,4.85,82,0.58,0.1,0.4,153,-0.17,19.1,,unavailable (no satellite pass / dataset error),
88.9,Excellent,Great,2026-10-08T12:41:38Z,87,Tathra,2026-10-12T04:00:00Z,2026-10-12T15:00,4.6,36,29.5,0.1,0.54,4.85,77,0.58,0.1,0.4,153,-0.34,19.1,,unavailable (no satellite pass / dataset error),
85.7,Excellent,Great,2026-10-08T12:41:38Z,88,Tathra,2026-10-12T05:00:00Z,2026-10-12T16:00,7.6,295,30.6,0.1,0.5,4.8,73,0.6,0.08,0.5,135,-0.38,19.2,,unavailable (no satellite pass / dataset error),
81.8,Excellent,Great,2026-10-08T12:41:38Z,89,Tathra,2026-10-12T06:00:00Z,2026-10-12T17:00,12.0,278,31.7,0.1,0.48,4.8,68,0.6,0.08,0.4,117,-0.3,19.2,,unavailable (no satellite pass / dataset error),
86.2,Excellent,Great,2026-10-08T12:41:38Z,90,Tathra,2026-10-12T07:00:00Z,2026-10-12T18:00,7.1,254,33.1,0.0,0.48,4.8,71,0.6,0.06,0.4,90,-0.14,19.2,,unavailable (no satellite pass / dataset error),
86.3,Excellent,Great,2026-10-08T12:41:38Z,91,Tathra,2026-10-12T08:00:00Z,2026-10-12T19:00,7.0,157,34.2,0.0,0.46,4.8,74,0.58,0.06,0.5,45,0.07,19.1,,unavailable (no satellite pass / dataset error),
79.7,Good,Great,2026-10-08T12:41:38Z,92,Tathra,2026-10-12T09:00:00Z,2026-10-12T20:00,13.6,141,35.6,0.0,0.46,4.8,77,0.58,0.04,0.8,27,0.28,19.1,,unavailable (no satellite pass / dataset error),
78.2,Good,Great,2026-10-08T12:41:38Z,93,Tathra,2026-10-12T10:00:00Z,2026-10-12T21:00,15.0,157,37.4,0.0,0.48,4.75,75,0.6,0.1,0.8,27,0.44,19.0,,unavailable (no satellite pass / dataset error),
77.2,Good,Great,2026-10-08T12:41:38Z,94,Tathra,2026-10-12T11:00:00Z,2026-10-12T22:00,16.4,182,39.6,0.0,0.5,4.7,72,0.6,0.16,0.7,14,0.49,18.9,,unavailable (no satellite pass / dataset error),
74.9,Good,Great,2026-10-08T12:41:38Z,95,Tathra,2026-10-12T12:00:00Z,2026-10-12T23:00,18.3,195,40.7,0.0,0.52,4.6,70,0.62,0.22,0.9,11,0.41,18.8,,unavailable (no satellite pass / dataset error),
76.3,Good,Great,2026-10-08T12:41:38Z,96,Tathra,2026-10-12T13:00:00Z,2026-10-13T00:00,16.8,192,40.0,0.0,0.5,4.45,107,0.66,0.24,0.7,14,0.25,18.8,,unavailable (no satellite pass / dataset error),
78.2,Good,Great,2026-10-08T12:41:38Z,97,Tathra,2026-10-12T14:00:00Z,2026-10-13T01:00,13.9,181,38.2,0.0,0.48,4.3,143,0.7,0.28,0.8,27,0.04,18.8,,unavailable (no satellite pass / dataset error),
79.2,Good,Great,2026-10-08T12:41:38Z,98,Tathra,2026-10-12T15:00:00Z,2026-10-13T02:00,12.3,169,36.4,0.0,0.46,4.15,180,0.74,0.3,0.8,27,-0.15,18.7,,unavailable (no satellite pass / dataset error),
78.6,Good,Great,2026-10-08T12:41:38Z,99,Tathra,2026-10-12T16:00:00Z,2026-10-13T03:00,12.9,168,33.8,0.1,0.48,4.1,179,0.74,0.3,0.8,27,-0.26,18.7,,unavailable (no satellite pass / dataset error),
77.5,Good,Great,2026-10-08T12:41:38Z,100,Tathra,2026-10-12T17:00:00Z,2026-10-13T04:00,14.2,171,31.3,0.1,0.5,4.05,179,0.72,0.28,0.8,27,-0.26,18.7,,unavailable (no satellite pass / dataset error),
76.8,Good,Great,2026-10-08T12:41:38Z,101,Tathra,2026-10-12T18:00:00Z,2026-10-13T05:00,14.8,174,29.5,0.1,0.52,4.05,178,0.72,0.28,0.8,27,-0.14,18.7,,unavailable (no satellite pass / dataset error),
77.8,Good,Great,2026-10-08T12:41:38Z,102,Tathra,2026-10-12T19:00:00Z,2026-10-13T06:00,13.9,175,29.5,0.0,0.52,4.05,174,0.7,0.22,0.8,27,0.07,18.7,,unavailable (no satellite pass / dataset error),
79.8,Good,Great,2026-10-08T12:41:38Z,103,Tathra,2026-10-12T20:00:00Z,2026-10-13T07:00,12.1,176,29.9,0.0,0.54,4.05,171,0.66,0.18,0.8,27,0.33,18.7,,unavailable (no satellite pass / dataset error),
81.7,Excellent,Great,2026-10-08T12:41:38Z,104,Tathra,2026-10-12T21:00:00Z,2026-10-13T08:00,10.3,177,29.9,0.0,0.54,4.05,167,0.64,0.12,0.8,27,0.58,18.7,,unavailable (no satellite pass / dataset error),
83.0,Excellent,Great,2026-10-08T12:41:38Z,105,Tathra,2026-10-12T22:00:00Z,2026-10-13T09:00,8.5,180,28.1,0.1,0.52,4.05,164,0.62,0.08,1.0,22,0.77,18.7,,unavailable (no satellite pass / dataset error),
84.9,Excellent,Great,2026-10-08T12:41:38Z,106,Tathra,2026-10-12T23:00:00Z,2026-10-13T10:00,6.7,185,25.6,0.1,0.5,4.05,162,0.58,0.06,1.0,22,0.85,18.7,,unavailable (no satellite pass / dataset error),
86.6,Excellent,Great,2026-10-08T12:41:38Z,107,Tathra,2026-10-13T00:00:00Z,2026-10-13T11:00,4.9,184,23.0,0.1,0.48,4.05,159,0.56,0.02,1.0,22,0.78,18.7,,unavailable (no satellite pass / dataset error),
88.0,Excellent,Great,2026-10-08T12:41:38Z,108,Tathra,2026-10-13T01:00:00Z,2026-10-13T12:00,3.3,158,20.9,0.0,0.46,4.0,156,0.56,0.02,1.0,22,0.6,18.7,,unavailable (no satellite pass / dataset error),
87.3,Excellent,Great,2026-10-08T12:41:38Z,109,Tathra,2026-10-13T02:00:00Z,2026-10-13T13:00,4.0,108,18.7,0.0,0.46,3.9,153,0.54,0.02,1.1,18,0.34,18.7,,unavailable (no satellite pass / dataset error),
85.3,Excellent,Great,2026-10-08T12:41:38Z,110,Tathra,2026-10-13T03:00:00Z,2026-10-13T14:00,6.3,92,18.4,0.0,0.44,3.85,150,0.54,0.02,1.1,18,0.08,18.8,,unavailable (no satellite pass / dataset error),
81.9,Excellent,Great,2026-10-08T12:41:38Z,111,Tathra,2026-10-13T04:00:00Z,2026-10-13T15:00,9.5,88,20.9,0.2,0.46,3.95,150,0.58,0.12,1.1,9,-0.15,18.8,,unavailable (no satellite pass / dataset error),
78.0,Good,Great,2026-10-08T12:41:38Z,112,Tathra,2026-10-13T05:00:00Z,2026-10-13T16:00,13.0,90,25.2,0.2,0.46,4.1,151,0.64,0.22,1.1,9,-0.28,18.9,,unavailable (no satellite pass / dataset error),
77.2,Good,Great,2026-10-08T12:41:38Z,113,Tathra,2026-10-13T06:00:00Z,2026-10-13T17:00,13.4,98,29.2,0.2,0.48,4.2,151,0.68,0.32,1.1,9,-0.28,18.9,,unavailable (no satellite pass / dataset error),
78.5,Good,Great,2026-10-08T12:41:38Z,114,Tathra,2026-10-13T07:00:00Z,2026-10-13T18:00,10.9,130,32.4,0.4,0.5,4.2,151,0.72,0.36,1.1,9,-0.2,18.9,,unavailable (no satellite pass / dataset error),
74.6,Good,Great,2026-10-08T12:41:38Z,115,Tathra,2026-10-13T08:00:00Z,2026-10-13T19:00,13.9,179,35.3,0.4,0.54,4.1,150,0.74,0.38,1.3,8,-0.04,18.8,,unavailable (no satellite pass / dataset error),
69.2,Good,Great,2026-10-08T12:41:38Z,116,Tathra,2026-10-13T09:00:00Z,2026-10-13T20:00,19.0,198,37.1,0.4,0.56,4.05,150,0.78,0.42,1.3,16,0.16,18.8,,unavailable (no satellite pass / dataset error),
69.0,Good,Great,2026-10-08T12:41:38Z,117,Tathra,2026-10-13T10:00:00Z,2026-10-13T21:00,19.0,205,37.8,0.3,0.56,4.05,156,0.76,0.36,1.3,16,0.34,18.7,,unavailable (no satellite pass / dataset error),
72.2,Good,Great,2026-10-08T12:41:38Z,118,Tathra,2026-10-13T11:00:00Z,2026-10-13T22:00,16.0,210,37.4,0.3,0.58,4.0,161,0.72,0.32,1.1,18,0.46,18.7,,unavailable (no satellite pass / dataset error),
74.4,Good,Great,2026-10-08T12:41:38Z,119,Tathra,2026-10-13T12:00:00Z,2026-10-13T23:00,13.3,216,36.0,0.3,0.58,4.0,167,0.7,0.26,1.1,18,0.46,18.6,,unavailable (no satellite pass / dataset error),
70.1,Good,Getting rough,2026-10-08T12:41:38Z,0,Bermagui,2026-10-08T13:00:00Z,2026-10-09T00:00,8.9,278,15.1,0.0,1.84,7.75,133,1.84,0.0,1.5,201,-0.5,19.0,,unavailable (no satellite pass / dataset error),
69.5,Good,Getting rough,2026-10-08T12:41:38Z,1,Bermagui,2026-10-08T14:00:00Z,2026-10-09T01:00,9.4,275,16.6,0.0,1.86,7.85,132,1.86,0.0,1.5,201,-0.62,19.0,,unavailable (no satellite pass / dataset error),
69.3,Good,Getting rough,2026-10-08T12:41:38Z,2,Bermagui,2026-10-08T15:00:00Z,2026-10-09T02:00,9.4,273,16.6,0.0,1.9,7.95,132,1.9,0.0,1.4,203,-0.59,19.0,,unavailable (no satellite pass / dataset error),
68.8,Good,Getting rough,2026-10-08T12:41:38Z,3,Bermagui,2026-10-08T16:00:00Z,2026-10-09T03:00,9.8,277,17.6,0.0,1.92,8.0,132,1.92,0.0,1.4,203,-0.42,19.0,,unavailable (no satellite pass / dataset error),
68.8,Good,Getting rough,2026-10-08T12:41:38Z,4,Bermagui,2026-10-08T17:00:00Z,2026-10-09T04:00,9.5,281,17.6,0.0,1.94,8.05,131,1.94,0.0,1.4,203,-0.15,18.9,,unavailable (no satellite pass / dataset error),
70.4,Good,Getting rough,2026-10-08T12:41:38Z,5,Bermagui,2026-10-08T18:00:00Z,2026-10-09T05:00,8.0,286,16.9,0.0,1.96,8.1,131,1.96,0.0,1.2,207,0.16,18.9,,unavailable (no satellite pass / dataset error),
70.4,Good,Getting rough,2026-10-08T12:41:38Z,6,Bermagui,2026-10-08T19:00:00Z,2026-10-09T06:00,8.1,294,14.8,0.0,1.98,8.1,131,1.98,0.0,1.1,198,0.43,18.9,,unavailable (no satellite pass / dataset error),
69.7,Good,Getting rough,2026-10-08T12:41:38Z,7,Bermagui,2026-10-08T20:00:00Z,2026-10-09T07:00,8.9,302,16.2,0.0,1.98,8.1,130,1.98,0.0,1.1,198,0.59,18.9,,unavailable (no satellite pass / dataset error),
71.1,Good,Getting rough,2026-10-08T12:41:38Z,8,Bermagui,2026-10-08T21:00:00Z,2026-10-09T08:00,7.1,326,16.9,0.0,2.0,8.1,130,2.0,0.0,1.1,198,0.6,18.9,,unavailable (no satellite pass / dataset error),
69.0,Good,Getting rough,2026-10-08T12:41:38Z,9,Bermagui,2026-10-08T22:00:00Z,2026-10-09T09:00,9.7,2,24.1,0.0,1.98,8.05,130,1.98,0.02,1.1,198,0.47,18.9,,unavailable (no satellite pass / dataset error),
66.2,Good,Getting rough,2026-10-08T12:41:38Z,10,Bermagui,2026-10-08T23:00:00Z,2026-10-09T10:00,12.5,18,31.7,0.0,1.96,8.05,130,1.96,0.06,1.3,196,0.24,19.0,,unavailable (no satellite pass / dataset error),
65.1,Good,Getting rough,2026-10-08T12:41:38Z,11,Bermagui,2026-10-09T00:00:00Z,2026-10-09T11:00,13.9,29,35.3,0.0,1.94,8.0,130,1.94,0.08,1.3,196,-0.03,19.0,,unavailable (no satellite pass / dataset error),
63.1,Good,Getting rough,2026-10-08T12:41:38Z,12,Bermagui,2026-10-09T01:00:00Z,2026-10-09T12:00,16.1,41,39.6,0.0,1.9,7.95,130,1.9,0.18,1.5,194,-0.27,19.0,,unavailable (no satellite pass / dataset error),
61.1,Good,Getting rough,2026-10-08T12:41:38Z,13,Bermagui,2026-10-09T02:00:00Z,2026-10-09T13:00,18.6,51,45.0,0.0,1.86,7.95,130,1.88,0.3,1.5,194,-0.42,19.0,,unavailable (no satellite pass / dataset error),
62.4,Good,Getting rough,2026-10-08T12:41:38Z,14,Bermagui,2026-10-09T03:00:00Z,2026-10-09T14:00,17.6,48,45.0,0.0,1.82,7.9,130,1.84,0.4,1.5,194,-0.42,19.1,,unavailable (no satellite pass / dataset error),
61.6,Good,Getting rough,2026-10-08T12:41:38Z,15,Bermagui,2026-10-09T04:00:00Z,2026-10-09T15:00,18.5,48,44.3,0.0,1.78,7.85,130,1.84,0.46,1.5,194,-0.29,19.1,,unavailable (no satellite pass / dataset error),
62.9,Good,Getting rough,2026-10-08T12:41:38Z,16,Bermagui,2026-10-09T05:00:00Z,2026-10-09T16:00,17.8,39,44.3,0.0,1.76,7.75,129,1.82,0.5,1.3,196,-0.05,19.2,,unavailable (no satellite pass / dataset error),
64.1,Good,Getting rough,2026-10-08T12:41:38Z,17,Bermagui,2026-10-09T06:00:00Z,2026-10-09T17:00,16.4,30,42.1,0.0,1.72,7.65,129,1.82,0.56,1.3,196,0.25,19.2,,unavailable (no satellite pass / dataset error),
65.5,Good,Getting rough,2026-10-08T12:41:38Z,18,Bermagui,2026-10-09T07:00:00Z,2026-10-09T18:00,15.1,23,37.8,0.0,1.68,7.55,129,1.8,0.56,1.3,196,0.52,19.2,,unavailable (no satellite pass / dataset error),
66.7,Good,Getting rough,2026-10-08T12:41:38Z,19,Bermagui,2026-10-09T08:00:00Z,2026-10-09T19:00,13.9,20,33.5,0.0,1.66,7.45,128,1.78,0.58,1.3,188,0.7,19.2,,unavailable (no satellite pass / dataset error),
66.0,Good,Getting rough,2026-10-08T12:41:38Z,20,Bermagui,2026-10-09T09:00:00Z,2026-10-09T20:00,14.4,13,27.4,0.0,1.62,7.4,128,1.76,0.58,1.5,187,0.74,19.1,,unavailable (no satellite pass / dataset error),
66.3,Good,Getting rough,2026-10-08T12:41:38Z,21,Bermagui,2026-10-09T10:00:00Z,2026-10-09T21:00,14.3,11,27.0,0.0,1.56,7.4,128,1.74,0.6,1.5,187,0.62,19.1,,unavailable (no satellite pass / dataset error),
66.0,Good,Getting rough,2026-10-08T12:41:38Z,22,Bermagui,2026-10-09T11:00:00Z,2026-10-09T22:00,14.6,358,27.4,0.0,1.52,7.45,128,1.74,0.62,1.5,187,0.38,19.1,,unavailable (no satellite pass / dataset error),
69.6,Good,Bit dodgy,2026-10-08T12:41:38Z,23,Bermagui,2026-10-09T12:00:00Z,2026-10-09T23:00,11.4,353,26.6,0.0,1.46,7.5,128,1.72,0.64,1.3,188,0.08,19.0,,unavailable (no satellite pass / dataset error),
71.0,Good,Bit dodgy,2026-10-08T12:41:38Z,24,Bermagui,2026-10-09T13:00:00Z,2026-10-10T00:00,10.0,339,20.2,0.0,1.42,7.5,128,1.7,0.52,1.3,188,-0.21,19.0,,unavailable (no satellite pass / dataset error),
69.8,Good,Bit dodgy,2026-10-08T12:41:38Z,25,Bermagui,2026-10-09T14:00:00Z,2026-10-10T01:00,11.8,321,23.0,0.0,1.38,7.5,127,1.66,0.38,1.3,188,-0.41,19.0,,unavailable (no satellite pass / dataset error),
73.4,Good,Bit dodgy,2026-10-08T12:41:38Z,26,Bermagui,2026-10-09T15:00:00Z,2026-10-10T02:00,8.0,324,22.7,0.0,1.34,7.45,127,1.64,0.26,1.3,188,-0.47,18.9,,unavailable (no satellite pass / dataset error),
71.5,Good,Bit dodgy,2026-10-08T12:41:38Z,27,Bermagui,2026-10-09T16:00:00Z,2026-10-10T03:00,10.4,340,19.4,0.0,1.26,7.25,126,1.62,0.26,1.3,188,-0.38,18.9,,unavailable (no satellite pass / dataset error),
75.7,Good,Doable,2026-10-08T12:41:38Z,28,Bermagui,2026-10-09T17:00:00Z,2026-10-10T04:00,6.4,306,19.1,0.0,1.2,7.0,125,1.6,0.26,1.1,189,-0.16,18.9,,unavailable (no satellite pass / dataset error),
68.2,Good,Doable,2026-10-08T12:41:38Z,29,Bermagui,2026-10-09T18:00:00Z,2026-10-10T05:00,10.4,287,19.4,3.3,1.12,6.8,124,1.58,0.26,1.1,198,0.14,18.9,,unavailable (no satellite pass / dataset error),
69.9,Good,Doable,2026-10-08T12:41:38Z,30,Bermagui,2026-10-09T19:00:00Z,2026-10-10T06:00,5.7,13,25.2,2.3,1.08,6.8,124,1.54,0.26,1.1,198,0.44,18.9,,unavailable (no satellite pass / dataset error),
69.0,Good,Doable,2026-10-08T12:41:38Z,31,Bermagui,2026-10-09T20:00:00Z,2026-10-10T07:00,6.5,330,13.3,0.1,1.02,6.8,123,1.5,0.28,1.3,196,0.69,18.9,,unavailable (no satellite pass / dataset error),
68.6,Good,Doable,2026-10-08T12:41:38Z,32,Bermagui,2026-10-09T21:00:00Z,2026-10-10T08:00,7.4,328,15.8,0.0,0.98,6.7,123,1.46,0.28,1.3,196,0.8,18.9,,unavailable (no satellite pass / dataset error),
65.4,Good,Doable,2026-10-08T12:41:38Z,33,Bermagui,2026-10-09T22:00:00Z,2026-10-10T09:00,11.2,325,21.2,0.0,0.96,6.25,110,1.44,0.18,1.3,196,0.75,18.9,,unavailable (no satellite pass / dataset error),
65.1,Good,Doable,2026-10-08T12:41:38Z,34,Bermagui,2026-10-09T23:00:00Z,2026-10-10T10:00,12.0,341,23.0,0.0,0.94,5.65,96,1.4,0.1,1.3,196,0.57,18.9,,unavailable (no satellite pass / dataset error),
62.7,Good,Doable,2026-10-08T12:41:38Z,35,Bermagui,2026-10-10T00:00:00Z,2026-10-10T11:00,14.9,342,33.1,0.0,0.92,5.2,83,1.38,0.0,1.3,188,0.29,19.0,,unavailable (no satellite pass / dataset error),
65.2,Good,Doable,2026-10-08T12:41:38Z,36,Bermagui,2026-10-10T01:00:00Z,2026-10-10T12:00,12.6,341,34.9,0.0,0.88,5.1,84,1.34,0.02,1.3,188,-0.01,19.0,,unavailable (no satellite pass / dataset error),
70.6,Good,Doable,2026-10-08T12:41:38Z,37,Bermagui,2026-10-10T02:00:00Z,2026-10-10T13:00,6.5,358,31.0,0.3,0.86,5.15,84,1.3,0.04,1.3,196,-0.25,19.1,,unavailable (no satellite pass / dataset error),
72.3,Good,Doable,2026-10-08T12:41:38Z,38,Bermagui,2026-10-10T03:00:00Z,2026-10-10T14:00,5.6,84,18.4,0.0,0.82,5.25,85,1.26,0.06,1.1,198,-0.38,19.2,,unavailable (no satellite pass / dataset error),
59.0,Fair,Great,2026-10-08T12:41:38Z,39,Bermagui,2026-10-10T04:00:00Z,2026-10-10T15:00,20.8,151,45.4,0.0,0.78,5.2,84,1.24,0.22,1.1,198,-0.37,19.2,,unavailable (no satellite pass / dataset error),
61.5,Good,Great,2026-10-08T12:41:38Z,40,Bermagui,2026-10-10T05:00:00Z,2026-10-10T16:00,18.2,157,57.6,0.0,0.72,5.15,82,1.24,0.36,1.0,211,-0.23,19.3,,unavailable (no satellite pass / dataset error),
60.3,Good,Great,2026-10-08T12:41:38Z,41,Bermagui,2026-10-10T06:00:00Z,2026-10-10T17:00,20.0,161,43.9,0.0,0.68,5.35,81,1.22,0.52,0.9,217,0.02,19.3,,unavailable (no satellite pass / dataset error),
58.1,Fair,Great,2026-10-08T12:41:38Z,42,Bermagui,2026-10-10T07:00:00Z,2026-10-10T18:00,21.2,161,46.1,0.0,0.66,6.2,100,1.34,0.76,0.9,217,0.29,19.3,,unavailable (no satellite pass / dataset error),
57.0,Fair,Great,2026-10-08T12:41:38Z,43,Bermagui,2026-10-10T08:00:00Z,2026-10-10T19:00,21.3,159,46.4,0.0,0.66,7.3,119,1.44,0.98,0.9,217,0.52,19.2,,unavailable (no satellite pass / dataset error),
58.2,Fair,Great,2026-10-08T12:41:38Z,44,Bermagui,2026-10-10T09:00:00Z,2026-10-10T20:00,18.6,163,44.6,0.0,0.64,7.8,138,1.56,1.22,0.9,217,0.64,19.2,,unavailable (no satellite pass / dataset error),
62.0,Good,Doable,2026-10-08T12:41:38Z,45,Bermagui,2026-10-10T10:00:00Z,2026-10-10T21:00,14.8,164,37.8,0.0,0.86,7.15,139,1.52,0.96,0.9,217,0.63,19.1,,unavailable (no satellite pass / dataset error),
64.2,Good,Doable,2026-10-08T12:41:38Z,46,Bermagui,2026-10-10T11:00:00Z,2026-10-10T22:00,12.5,168,29.9,0.0,1.1,5.9,141,1.5,0.68,0.9,217,0.47,19.0,,unavailable (no satellite pass / dataset error),
68.3,Good,Bit dodgy,2026-10-08T12:41:38Z,47,Bermagui,2026-10-10T12:00:00Z,2026-10-10T23:00,8.4,196,24.8,0.0,1.32,5.0,142,1.46,0.42,0.9,217,0.22,19.0,,unavailable (no satellite pass / dataset error),
73.5,Good,Bit dodgy,2026-10-08T12:41:38Z,48,Bermagui,2026-10-10T13:00:00Z,2026-10-11T00:00,3.7,247,14.8,0.0,1.26,4.8,141,1.38,0.28,0.8,207,-0.07,18.9,,unavailable (no satellite pass / dataset error),
73.1,Good,Bit dodgy,2026-10-08T12:41:38Z,49,Bermagui,2026-10-10T14:00:00Z,2026-10-11T01:00,5.1,278,8.6,0.0,1.22,4.9,141,1.3,0.14,0.8,207,-0.33,18.9,,unavailable (no satellite pass / dataset error),
72.7,Good,Doable,2026-10-08T12:41:38Z,50,Bermagui,2026-10-10T15:00:00Z,2026-10-11T02:00,6.4,295,11.5,0.0,1.16,4.95,140,1.22,0.0,0.8,207,-0.47,18.9,,unavailable (no satellite pass / dataset error),
73.8,Good,Doable,2026-10-08T12:41:38Z,51,Bermagui,2026-10-10T16:00:00Z,2026-10-11T03:00,6.1,298,11.5,0.0,1.04,4.8,146,1.18,0.0,0.6,214,-0.47,18.9,,unavailable (no satellite pass / dataset error),
74.1,Good,Doable,2026-10-08T12:41:38Z,52,Bermagui,2026-10-10T17:00:00Z,2026-10-11T04:00,6.3,297,11.2,0.0,0.94,4.65,151,1.14,0.0,0.6,198,-0.33,18.9,,unavailable (no satellite pass / dataset error),
77.7,Good,Doable,2026-10-08T12:41:38Z,53,Bermagui,2026-10-10T18:00:00Z,2026-10-11T05:00,7.3,303,12.2,0.0,0.82,4.65,157,1.1,0.0,0.6,198,-0.09,18.9,,unavailable (no satellite pass / dataset error),
79.6,Good,Great,2026-10-08T12:41:38Z,54,Bermagui,2026-10-10T19:00:00Z,2026-10-11T06:00,8.6,311,14.0,0.0,0.76,4.9,150,1.08,0.0,0.6,198,0.2,18.9,,unavailable (no satellite pass / dataset error),
79.4,Good,Great,2026-10-08T12:41:38Z,55,Bermagui,2026-10-10T20:00:00Z,2026-10-11T07:00,9.2,327,15.8,0.0,0.72,5.3,144,1.06,0.0,0.6,198,0.48,18.9,,unavailable (no satellite pass / dataset error),
81.0,Excellent,Great,2026-10-08T12:41:38Z,56,Bermagui,2026-10-10T21:00:00Z,2026-10-11T08:00,7.6,348,17.3,0.0,0.66,5.6,137,1.04,0.0,0.6,198,0.66,18.9,,unavailable (no satellite pass / dataset error),
77.7,Good,Great,2026-10-08T12:41:38Z,57,Bermagui,2026-10-10T22:00:00Z,2026-10-11T09:00,11.3,10,27.4,0.0,0.66,5.8,129,1.04,0.04,0.6,198,0.71,19.0,,unavailable (no satellite pass / dataset error),
74.3,Good,Great,2026-10-08T12:41:38Z,58,Bermagui,2026-10-10T23:00:00Z,2026-10-11T10:00,14.9,25,35.6,0.0,0.64,5.9,121,1.04,0.08,0.7,194,0.61,19.0,,unavailable (no satellite pass / dataset error),
71.4,Good,Great,2026-10-08T12:41:38Z,59,Bermagui,2026-10-11T00:00:00Z,2026-10-11T11:00,18.1,34,42.8,0.0,0.64,6.0,113,1.04,0.12,0.7,194,0.38,19.0,,unavailable (no satellite pass / dataset error),
68.9,Good,Great,2026-10-08T12:41:38Z,60,Bermagui,2026-10-11T01:00:00Z,2026-10-11T12:00,20.7,50,47.5,0.0,0.64,6.1,113,1.06,0.28,0.7,194,0.09,19.0,,unavailable (no satellite pass / dataset error),
67.2,Good,Great,2026-10-08T12:41:38Z,61,Bermagui,2026-10-11T02:00:00Z,2026-10-11T13:00,22.6,54,52.2,0.0,0.62,6.2,114,1.1,0.42,0.7,194,-0.2,19.1,,unavailable (no satellite pass / dataset error),
67.2,Good,Great,2026-10-08T12:41:38Z,62,Bermagui,2026-10-11T03:00:00Z,2026-10-11T14:00,22.4,58,52.2,0.0,0.62,6.25,114,1.12,0.58,0.7,194,-0.41,19.1,,unavailable (no satellite pass / dataset error),
68.8,Good,Great,2026-10-08T12:41:38Z,63,Bermagui,2026-10-11T04:00:00Z,2026-10-11T15:00,20.1,47,51.5,0.0,0.62,6.4,115,1.16,0.6,0.7,194,-0.49,19.1,,unavailable (no satellite pass / dataset error),
68.8,Good,Great,2026-10-08T12:41:38Z,64,Bermagui,2026-10-11T05:00:00Z,2026-10-11T16:00,19.7,39,47.2,0.0,0.6,6.55,117,1.2,0.64,0.7,194,-0.42,19.1,,unavailable (no satellite pass / dataset error),
69.8,Good,Great,2026-10-08T12:41:38Z,65,Bermagui,2026-10-11T06:00:00Z,2026-10-11T17:00,18.1,33,45.7,0.0,0.6,6.45,118,1.24,0.66,0.7,194,-0.25,19.1,,unavailable (no satellite pass / dataset error),
72.2,Good,Great,2026-10-08T12:41:38Z,66,Bermagui,2026-10-11T07:00:00Z,2026-10-11T18:00,15.0,27,40.7,0.0,0.66,5.75,102,1.28,0.66,0.7,180,0.0,19.1,,unavailable (no satellite pass / dataset error),
73.9,Good,Great,2026-10-08T12:41:38Z,67,Bermagui,2026-10-11T08:00:00Z,2026-10-11T19:00,12.8,19,32.4,0.0,0.7,4.75,86,1.3,0.68,0.7,180,0.26,19.1,,unavailable (no satellite pass / dataset error),
72.1,Good,Great,2026-10-08T12:41:38Z,68,Bermagui,2026-10-11T09:00:00Z,2026-10-11T20:00,14.4,3,27.4,0.0,0.76,4.1,70,1.34,0.68,0.7,180,0.46,19.1,,unavailable (no satellite pass / dataset error),
72.0,Good,Doable,2026-10-08T12:41:38Z,69,Bermagui,2026-10-11T10:00:00Z,2026-10-11T21:00,14.5,354,27.0,0.0,0.86,4.25,70,1.36,0.6,0.6,162,0.56,19.1,,unavailable (no satellite pass / dataset error),
74.2,Good,Doable,2026-10-08T12:41:38Z,70,Bermagui,2026-10-11T11:00:00Z,2026-10-11T22:00,11.6,334,26.6,0.0,0.94,4.75,70,1.4,0.52,0.6,162,0.51,19.0,,unavailable (no satellite pass / dataset error),
75.7,Good,Doable,2026-10-08T12:41:38Z,71,Bermagui,2026-10-11T12:00:00Z,2026-10-11T23:00,9.7,320,20.9,0.0,1.04,5.15,70,1.42,0.44,0.6,162,0.34,19.0,,unavailable (no satellite pass / dataset error),
75.8,Good,Doable,2026-10-08T12:41:38Z,72,Bermagui,2026-10-11T13:00:00Z,2026-10-12T00:00,10.6,313,18.7,0.0,1.1,5.15,68,1.38,0.3,0.4,153,0.1,19.0,,unavailable (no satellite pass / dataset error),
75.7,Good,Doable,2026-10-08T12:41:38Z,73,Bermagui,2026-10-11T14:00:00Z,2026-10-12T01:00,11.4,305,20.9,0.0,1.18,5.0,65,1.32,0.18,0.4,153,-0.14,19.0,,unavailable (no satellite pass / dataset error),
76.7,Good,Bit dodgy,2026-10-08T12:41:38Z,74,Bermagui,2026-10-11T15:00:00Z,2026-10-12T02:00,10.7,307,20.9,0.0,1.24,4.9,63,1.28,0.04,0.4,153,-0.33,19.0,,unavailable (no satellite pass / dataset error),
77.3,Good,Doable,2026-10-08T12:41:38Z,75,Bermagui,2026-10-11T16:00:00Z,2026-10-12T03:00,11.2,302,20.2,0.0,1.18,4.9,64,1.22,0.06,0.2,180,-0.4,18.9,,unavailable (no satellite pass / dataset error),
76.1,Good,Doable,2026-10-08T12:41:38Z,76,Bermagui,2026-10-11T17:00:00Z,2026-10-12T04:00,13.0,301,23.0,0.0,1.12,5.0,66,1.18,0.06,0.2,180,-0.33,18.9,,unavailable (no satellite pass / dataset error),
76.1,Good,Doable,2026-10-08T12:41:38Z,77,Bermagui,2026-10-11T18:00:00Z,2026-10-12T05:00,13.7,305,24.5,0.0,1.06,5.05,67,1.12,0.08,0.2,180,-0.14,18.9,,unavailable (no satellite pass / dataset error),
76.7,Good,Doable,2026-10-08T12:41:38Z,78,Bermagui,2026-10-11T19:00:00Z,2026-10-12T06:00,13.2,299,24.5,0.0,1.02,5.05,68,1.08,0.08,0.3,225,0.12,18.9,,unavailable (no satellite pass / dataset error),
78.0,Good,Doable,2026-10-08T12:41:38Z,79,Bermagui,2026-10-11T20:00:00Z,2026-10-12T07:00,11.9,304,23.4,0.0,0.96,5.1,70,1.04,0.08,0.4,207,0.4,18.9,,unavailable (no satellite pass / dataset error),
80.3,Excellent,Doable,2026-10-08T12:41:38Z,80,Bermagui,2026-10-11T21:00:00Z,2026-10-12T08:00,9.8,308,21.6,0.0,0.92,5.1,71,1.0,0.08,0.4,207,0.64,18.9,,unavailable (no satellite pass / dataset error),
82.8,Excellent,Doable,2026-10-08T12:41:38Z,81,Bermagui,2026-10-11T22:00:00Z,2026-10-12T09:00,7.2,323,18.4,0.0,0.88,5.15,75,0.98,0.1,0.4,207,0.78,19.0,,unavailable (no satellite pass / dataset error),
84.8,Excellent,Doable,2026-10-08T12:41:38Z,82,Bermagui,2026-10-11T23:00:00Z,2026-10-12T10:00,4.9,8,16.9,0.0,0.82,5.25,78,0.94,0.1,0.6,198,0.77,19.0,,unavailable (no satellite pass / dataset error),
81.5,Excellent,Great,2026-10-08T12:41:38Z,83,Bermagui,2026-10-12T00:00:00Z,2026-10-12T11:00,8.8,51,22.3,0.0,0.78,5.25,82,0.92,0.12,0.6,198,0.62,19.0,,unavailable (no satellite pass / dataset error),
78.3,Good,Great,2026-10-08T12:41:38Z,84,Bermagui,2026-10-12T01:00:00Z,2026-10-12T12:00,12.6,52,25.9,0.0,0.72,5.15,78,0.9,0.16,0.6,198,0.37,19.1,,unavailable (no satellite pass / dataset error),
75.5,Good,Great,2026-10-08T12:41:38Z,85,Bermagui,2026-10-12T02:00:00Z,2026-10-12T13:00,15.8,48,31.3,0.0,0.68,5.05,73,0.9,0.22,0.6,198,0.08,19.2,,unavailable (no satellite pass / dataset error),
75.8,Good,Great,2026-10-08T12:41:38Z,86,Bermagui,2026-10-12T03:00:00Z,2026-10-12T14:00,15.7,39,35.6,0.0,0.62,5.0,69,0.88,0.26,0.6,198,-0.17,19.2,,unavailable (no satellite pass / dataset error),
79.2,Good,Great,2026-10-08T12:41:38Z,87,Bermagui,2026-10-12T04:00:00Z,2026-10-12T15:00,11.9,2,38.2,0.0,0.56,5.15,68,0.9,0.24,0.5,180,-0.35,19.3,,unavailable (no satellite pass / dataset error),
75.4,Good,Great,2026-10-08T12:41:38Z,88,Bermagui,2026-10-12T05:00:00Z,2026-10-12T16:00,16.4,308,40.3,0.0,0.52,5.35,66,0.9,0.24,0.4,180,-0.39,19.4,,unavailable (no satellite pass / dataset error),
70.8,Good,Great,2026-10-08T12:41:38Z,89,Bermagui,2026-10-12T06:00:00Z,2026-10-12T17:00,21.4,287,42.1,0.0,0.46,5.35,65,0.92,0.22,0.4,153,-0.31,19.4,,unavailable (no satellite pass / dataset error),
75.2,Good,Great,2026-10-08T12:41:38Z,90,Bermagui,2026-10-12T07:00:00Z,2026-10-12T18:00,16.7,262,44.3,0.0,0.52,5.0,61,0.92,0.2,0.3,135,-0.14,19.3,,unavailable (no satellite pass / dataset error),
77.3,Good,Great,2026-10-08T12:41:38Z,91,Bermagui,2026-10-12T08:00:00Z,2026-10-12T19:00,14.8,207,46.8,0.0,0.56,4.4,57,0.9,0.16,0.2,90,0.07,19.3,,unavailable (no satellite pass / dataset error),
71.6,Good,Great,2026-10-08T12:41:38Z,92,Bermagui,2026-10-12T09:00:00Z,2026-10-12T20:00,20.7,179,48.6,0.0,0.62,4.05,53,0.9,0.14,0.4,0,0.28,19.2,,unavailable (no satellite pass / dataset error),
70.2,Good,Great,2026-10-08T12:41:38Z,93,Bermagui,2026-10-12T10:00:00Z,2026-10-12T21:00,22.2,175,50.8,0.0,0.64,3.95,51,0.9,0.24,0.4,0,0.44,19.1,,unavailable (no satellite pass / dataset error),
71.8,Good,Great,2026-10-08T12:41:38Z,94,Bermagui,2026-10-12T11:00:00Z,2026-10-12T22:00,20.2,177,52.6,0.0,0.66,4.05,50,0.92,0.32,0.4,333,0.48,19.0,,unavailable (no satellite pass / dataset error),
73.6,Good,Great,2026-10-08T12:41:38Z,95,Bermagui,2026-10-12T12:00:00Z,2026-10-12T23:00,18.2,179,52.2,0.0,0.68,4.4,48,0.92,0.42,0.4,333,0.4,18.9,,unavailable (no satellite pass / dataset error),
73.2,Good,Great,2026-10-08T12:41:38Z,96,Bermagui,2026-10-12T13:00:00Z,2026-10-13T00:00,16.9,180,47.9,0.0,0.58,5.3,81,1.08,0.66,0.4,297,0.23,18.9,,unavailable (no satellite pass / dataset error),
73.2,Good,Great,2026-10-08T12:41:38Z,97,Bermagui,2026-10-12T14:00:00Z,2026-10-13T01:00,15.3,180,41.8,0.0,0.5,6.45,113,1.22,0.92,0.4,297,0.01,18.8,,unavailable (no satellite pass / dataset error),
72.2,Good,Great,2026-10-08T12:41:38Z,98,Bermagui,2026-10-12T15:00:00Z,2026-10-13T02:00,14.6,180,37.1,0.0,0.4,7.15,146,1.38,1.16,0.4,297,-0.18,18.8,,unavailable (no satellite pass / dataset error),
70.9,Good,Great,2026-10-08T12:41:38Z,99,Bermagui,2026-10-12T16:00:00Z,2026-10-13T03:00,15.1,179,35.6,0.2,0.46,7.0,144,1.44,1.22,0.4,297,-0.3,18.8,,unavailable (no satellite pass / dataset error),
68.7,Good,Great,2026-10-08T12:41:38Z,100,Bermagui,2026-10-12T17:00:00Z,2026-10-13T04:00,16.2,177,35.6,0.2,0.52,6.4,143,1.52,1.28,0.5,315,-0.3,18.7,,unavailable (no satellite pass / dataset error),
67.2,Good,Great,2026-10-08T12:41:38Z,101,Bermagui,2026-10-12T18:00:00Z,2026-10-13T05:00,16.9,177,35.6,0.2,0.58,5.95,141,1.58,1.34,0.5,315,-0.18,18.7,,unavailable (no satellite pass / dataset error),
68.2,Good,Great,2026-10-08T12:41:38Z,102,Bermagui,2026-10-12T19:00:00Z,2026-10-13T06:00,16.6,180,35.6,0.1,0.68,5.85,149,1.52,1.18,0.4,333,0.04,18.7,,unavailable (no satellite pass / dataset error),
69.1,Good,Great,2026-10-08T12:41:38Z,103,Bermagui,2026-10-12T20:00:00Z,2026-10-13T07:00,15.9,184,35.6,0.1,0.8,5.8,157,1.48,1.04,0.4,333,0.3,18.7,,unavailable (no satellite pass / dataset error),
70.2,Good,Doable,2026-10-08T12:41:38Z,104,Bermagui,2026-10-12T21:00:00Z,2026-10-13T08:00,15.2,187,36.0,0.1,0.9,5.75,165,1.42,0.88,0.4,333,0.55,18.7,,unavailable (no satellite pass / dataset error),
70.9,Good,Doable,2026-10-08T12:41:38Z,105,Bermagui,2026-10-12T22:00:00Z,2026-10-13T09:00,15.1,188,36.4,0.0,0.94,5.55,166,1.36,0.72,0.4,0,0.75,18.7,,unavailable (no satellite pass / dataset error),
71.5,Good,Doable,2026-10-08T12:41:38Z,106,Bermagui,2026-10-12T23:00:00Z,2026-10-13T10:00,15.1,188,37.1,0.0,1.0,5.25,166,1.3,0.54,0.4,0,0.83,18.7,,unavailable (no satellite pass / dataset error),
72.5,Good,Doable,2026-10-08T12:41:38Z,107,Bermagui,2026-10-13T00:00:00Z,2026-10-13T11:00,14.6,185,37.1,0.0,1.04,5.05,167,1.24,0.38,0.4,27,0.76,18.7,,unavailable (no satellite pass / dataset error),
73.6,Good,Doable,2026-10-08T12:41:38Z,108,Bermagui,2026-10-13T01:00:00Z,2026-10-13T12:00,13.5,180,36.7,0.0,0.98,4.9,167,1.18,0.34,0.6,18,0.58,18.8,,unavailable (no satellite pass / dataset error),
75.6,Good,Doable,2026-10-08T12:41:38Z,109,Bermagui,2026-10-13T02:00:00Z,2026-10-13T13:00,12.0,171,36.4,0.0,0.92,4.8,166,1.12,0.32,0.6,18,0.32,18.8,,unavailable (no satellite pass / dataset error),
77.4,Good,Doable,2026-10-08T12:41:38Z,110,Bermagui,2026-10-13T03:00:00Z,2026-10-13T14:00,10.9,160,35.3,0.0,0.86,4.75,166,1.06,0.28,0.5,0,0.05,18.9,,unavailable (no satellite pass / dataset error),
77.4,Good,Great,2026-10-08T12:41:38Z,111,Bermagui,2026-10-13T04:00:00Z,2026-10-13T15:00,9.8,140,32.4,0.1,0.72,4.85,170,1.1,0.46,0.7,0,-0.17,18.9,,unavailable (no satellite pass / dataset error),
77.0,Good,Great,2026-10-08T12:41:38Z,112,Bermagui,2026-10-13T05:00:00Z,2026-10-13T16:00,9.8,118,28.8,0.1,0.56,5.05,175,1.12,0.66,0.7,0,-0.29,19.0,,unavailable (no satellite pass / dataset error),
75.5,Good,Great,2026-10-08T12:41:38Z,113,Bermagui,2026-10-13T06:00:00Z,2026-10-13T17:00,10.4,118,28.4,0.1,0.42,5.2,179,1.16,0.84,0.9,0,-0.3,19.0,,unavailable (no satellite pass / dataset error),
71.2,Good,Great,2026-10-08T12:41:38Z,114,Bermagui,2026-10-13T07:00:00Z,2026-10-13T18:00,12.6,152,34.9,0.5,0.38,5.25,151,1.28,1.0,1.1,0,-0.21,19.0,,unavailable (no satellite pass / dataset error),
62.4,Good,Great,2026-10-08T12:41:38Z,115,Bermagui,2026-10-13T08:00:00Z,2026-10-13T19:00,20.5,178,44.6,0.5,0.36,5.3,124,1.4,1.18,1.1,0,-0.04,18.9,,unavailable (no satellite pass / dataset error),
54.9,Fair,Great,2026-10-08T12:41:38Z,116,Bermagui,2026-10-13T09:00:00Z,2026-10-13T20:00,26.3,188,51.8,0.5,0.32,5.4,96,1.52,1.34,1.3,0,0.16,18.8,,unavailable (no satellite pass / dataset error),
54.3,Fair,Great,2026-10-08T12:41:38Z,117,Bermagui,2026-10-13T10:00:00Z,2026-10-13T21:00,25.0,192,53.6,1.1,0.38,5.75,117,1.56,1.36,1.3,0,0.35,18.8,,unavailable (no satellite pass / dataset error),
57.6,Fair,Great,2026-10-08T12:41:38Z,118,Bermagui,2026-10-13T11:00:00Z,2026-10-13T22:00,20.1,197,52.9,1.1,0.42,6.2,138,1.58,1.36,1.1,351,0.46,18.7,,unavailable (no satellite pass / dataset error),
59.4,Fair,Great,2026-10-08T12:41:38Z,119,Bermagui,2026-10-13T12:00:00Z,2026-10-13T23:00,16.0,203,50.4,1.1,0.48,6.4,159,1.62,1.38,1.1,351,0.46,18.7,,unavailable (no satellite pass / dataset error),
75.4,Good,Bit dodgy,2026-10-08T12:41:38Z,0,Narooma,2026-10-08T13:00:00Z,2026-10-09T00:00,6.2,263,11.5,0.0,1.48,7.6,134,1.48,0.0,1.8,180,-0.48,19.2,,unavailable (no satellite pass / dataset error),
75.9,Good,Getting rough,2026-10-08T12:41:38Z,1,Narooma,2026-10-08T14:00:00Z,2026-10-09T01:00,5.2,250,11.2,0.0,1.52,7.7,133,1.52,0.0,1.8,180,-0.6,19.1,,unavailable (no satellite pass / dataset error),
75.8,Good,Getting rough,2026-10-08T12:41:38Z,2,Narooma,2026-10-08T15:00:00Z,2026-10-09T02:00,5.7,252,11.5,0.0,1.54,7.8,133,1.54,0.0,1.6,180,-0.58,19.1,,unavailable (no satellite pass / dataset error),
74.1,Good,Getting rough,2026-10-08T12:41:38Z,3,Narooma,2026-10-08T16:00:00Z,2026-10-09T03:00,7.3,250,14.8,0.0,1.56,7.9,132,1.56,0.0,1.6,180,-0.4,19.1,,unavailable (no satellite pass / dataset error),
74.0,Good,Getting rough,2026-10-08T12:41:38Z,4,Narooma,2026-10-08T17:00:00Z,2026-10-09T04:00,7.2,245,15.5,0.0,1.58,7.95,132,1.58,0.0,1.6,180,-0.12,19.0,,unavailable (no satellite pass / dataset error),
76.1,Good,Getting rough,2026-10-08T12:41:38Z,5,Narooma,2026-10-08T18:00:00Z,2026-10-09T05:00,4.6,234,14.8,0.0,1.6,8.0,131,1.6,0.0,1.6,180,0.19,19.0,,unavailable (no satellite pass / dataset error),
77.4,Good,Getting rough,2026-10-08T12:41:38Z,6,Narooma,2026-10-08T19:00:00Z,2026-10-09T06:00,3.2,236,11.2,0.0,1.6,8.05,131,1.6,0.0,1.6,180,0.46,19.0,,unavailable (no satellite pass / dataset error),
76.7,Good,Getting rough,2026-10-08T12:41:38Z,7,Narooma,2026-10-08T20:00:00Z,2026-10-09T07:00,4.3,246,11.2,0.0,1.62,8.05,131,1.62,0.0,1.4,180,0.62,18.9,,unavailable (no satellite pass / dataset error),
77.3,Good,Getting rough,2026-10-08T12:41:38Z,8,Narooma,2026-10-08T21:00:00Z,2026-10-09T08:00,3.1,280,11.5,0.0,1.62,8.05,131,1.62,0.0,1.6,180,0.63,18.9,,unavailable (no satellite pass / dataset error),
74.5,Good,Getting rough,2026-10-08T12:41:38Z,9,Narooma,2026-10-08T22:00:00Z,2026-10-09T09:00,6.4,18,18.0,0.0,1.6,8.05,131,1.6,0.02,1.6,180,0.5,18.9,,unavailable (no satellite pass / dataset error),
70.1,Good,Getting rough,2026-10-08T12:41:38Z,10,Narooma,2026-10-08T23:00:00Z,2026-10-09T10:00,11.4,24,29.5,0.0,1.6,8.05,131,1.6,0.02,1.6,180,0.27,18.9,,unavailable (no satellite pass / dataset error),
68.4,Good,Getting rough,2026-10-08T12:41:38Z,11,Narooma,2026-10-09T00:00:00Z,2026-10-09T11:00,13.0,33,34.2,0.0,1.58,8.0,131,1.58,0.04,1.8,180,0.0,18.9,,unavailable (no satellite pass / dataset error),
67.4,Good,Getting rough,2026-10-08T12:41:38Z,12,Narooma,2026-10-09T01:00:00Z,2026-10-09T12:00,14.3,46,37.1,0.0,1.56,7.95,131,1.56,0.14,1.8,186,-0.25,18.9,,unavailable (no satellite pass / dataset error),
66.3,Good,Getting rough,2026-10-08T12:41:38Z,13,Narooma,2026-10-09T02:00:00Z,2026-10-09T13:00,15.3,53,39.2,0.0,1.52,7.9,131,1.54,0.24,2.0,185,-0.39,19.0,,unavailable (no satellite pass / dataset error),
65.4,Good,Bit dodgy,2026-10-08T12:41:38Z,14,Narooma,2026-10-09T03:00:00Z,2026-10-09T14:00,16.5,50,41.0,0.0,1.5,7.85,131,1.52,0.34,2.0,185,-0.4,19.0,,unavailable (no satellite pass / dataset error),
65.5,Good,Bit dodgy,2026-10-08T12:41:38Z,15,Narooma,2026-10-09T04:00:00Z,2026-10-09T15:00,16.4,45,41.0,0.0,1.48,7.75,131,1.52,0.36,2.0,185,-0.26,19.0,,unavailable (no satellite pass / dataset error),
66.5,Good,Bit dodgy,2026-10-08T12:41:38Z,16,Narooma,2026-10-09T05:00:00Z,2026-10-09T16:00,15.2,40,40.3,0.0,1.44,7.7,130,1.52,0.36,2.0,185,-0.02,19.1,,unavailable (no satellite pass / dataset error),
68.0,Good,Bit dodgy,2026-10-08T12:41:38Z,17,Narooma,2026-10-09T06:00:00Z,2026-10-09T17:00,13.6,32,37.4,0.0,1.42,7.6,130,1.52,0.38,2.0,185,0.27,19.1,,unavailable (no satellite pass / dataset error),
68.5,Good,Bit dodgy,2026-10-08T12:41:38Z,18,Narooma,2026-10-09T07:00:00Z,2026-10-09T18:00,13.2,28,32.8,0.0,1.38,7.55,130,1.5,0.38,2.0,180,0.55,19.1,,unavailable (no satellite pass / dataset error),
69.2,Good,Bit dodgy,2026-10-08T12:41:38Z,19,Narooma,2026-10-09T08:00:00Z,2026-10-09T19:00,12.4,30,29.5,0.0,1.34,7.5,130,1.5,0.4,2.0,180,0.73,19.0,,unavailable (no satellite pass / dataset error),
68.5,Good,Bit dodgy,2026-10-08T12:41:38Z,20,Narooma,2026-10-09T09:00:00Z,2026-10-09T20:00,13.5,30,25.9,0.0,1.3,7.45,130,1.48,0.4,2.0,180,0.76,19.0,,unavailable (no satellite pass / dataset error),
69.9,Good,Bit dodgy,2026-10-08T12:41:38Z,21,Narooma,2026-10-09T10:00:00Z,2026-10-09T21:00,12.1,20,25.6,0.0,1.26,7.45,130,1.46,0.34,2.0,180,0.64,18.9,,unavailable (no satellite pass / dataset error),
72.3,Good,Bit dodgy,2026-10-08T12:41:38Z,22,Narooma,2026-10-09T11:00:00Z,2026-10-09T22:00,9.6,348,22.0,0.0,1.22,7.4,130,1.44,0.26,2.0,180,0.4,18.9,,unavailable (no satellite pass / dataset error),
78.5,Good,Doable,2026-10-08T12:41:38Z,23,Narooma,2026-10-09T12:00:00Z,2026-10-09T23:00,3.5,325,16.2,0.0,1.18,7.4,130,1.42,0.2,1.8,180,0.1,18.8,,unavailable (no satellite pass / dataset error),
77.0,Good,Doable,2026-10-08T12:41:38Z,24,Narooma,2026-10-09T13:00:00Z,2026-10-10T00:00,5.4,339,7.2,0.0,1.14,7.4,131,1.4,0.18,1.8,180,-0.19,18.8,,unavailable (no satellite pass / dataset error),
75.7,Good,Doable,2026-10-08T12:41:38Z,25,Narooma,2026-10-09T14:00:00Z,2026-10-10T01:00,7.0,299,12.6,0.0,1.08,7.4,131,1.38,0.18,1.8,180,-0.39,18.8,,unavailable (no satellite pass / dataset error),
78.4,Good,Doable,2026-10-08T12:41:38Z,26,Narooma,2026-10-09T15:00:00Z,2026-10-10T02:00,4.2,282,12.2,0.0,1.04,7.35,132,1.36,0.16,1.8,180,-0.45,18.8,,unavailable (no satellite pass / dataset error),
78.1,Good,Doable,2026-10-08T12:41:38Z,27,Narooma,2026-10-09T16:00:00Z,2026-10-10T03:00,4.8,301,12.2,0.0,1.0,7.3,131,1.34,0.16,1.8,180,-0.35,18.8,,unavailable (no satellite pass / dataset error),
81.5,Excellent,Doable,2026-10-08T12:41:38Z,28,Narooma,2026-10-09T17:00:00Z,2026-10-10T04:00,1.7,257,7.9,0.0,0.94,7.2,129,1.32,0.14,1.6,180,-0.14,18.8,,unavailable (no satellite pass / dataset error),
75.3,Good,Doable,2026-10-08T12:41:38Z,29,Narooma,2026-10-09T18:00:00Z,2026-10-10T05:00,8.1,264,16.6,0.6,0.9,7.05,128,1.3,0.14,1.6,180,0.17,18.8,,unavailable (no satellite pass / dataset error),
76.1,Good,Doable,2026-10-08T12:41:38Z,30,Narooma,2026-10-09T19:00:00Z,2026-10-10T06:00,6.3,15,15.5,0.6,0.88,6.8,128,1.26,0.2,1.8,180,0.47,18.8,,unavailable (no satellite pass / dataset error),
78.8,Good,Doable,2026-10-08T12:41:38Z,31,Narooma,2026-10-09T20:00:00Z,2026-10-10T07:00,3.2,297,14.8,0.2,0.84,6.45,127,1.24,0.24,1.8,180,0.72,18.8,,unavailable (no satellite pass / dataset error),
77.1,Good,Doable,2026-10-08T12:41:38Z,32,Narooma,2026-10-09T21:00:00Z,2026-10-10T08:00,5.1,328,6.5,0.3,0.82,6.15,127,1.2,0.3,1.8,180,0.83,18.8,,unavailable (no satellite pass / dataset error),
74.2,Good,Great,2026-10-08T12:41:38Z,33,Narooma,2026-10-09T22:00:00Z,2026-10-10T09:00,8.6,321,16.9,0.0,0.8,5.95,127,1.18,0.24,1.8,180,0.78,18.8,,unavailable (no satellite pass / dataset error),
79.2,Good,Great,2026-10-08T12:41:38Z,34,Narooma,2026-10-09T23:00:00Z,2026-10-10T10:00,3.4,302,18.7,0.0,0.8,5.8,127,1.14,0.16,1.8,180,0.6,18.8,,unavailable (no satellite pass / dataset error),
76.7,Good,Great,2026-10-08T12:41:38Z,35,Narooma,2026-10-10T00:00:00Z,2026-10-10T11:00,5.9,11,19.1,0.0,0.78,5.7,127,1.12,0.1,2.0,180,0.32,18.8,,unavailable (no satellite pass / dataset error),
74.2,Good,Great,2026-10-08T12:41:38Z,36,Narooma,2026-10-10T01:00:00Z,2026-10-10T12:00,9.2,358,27.0,0.0,0.74,5.65,127,1.08,0.1,2.0,180,0.02,18.9,,unavailable (no satellite pass / dataset error),
78.9,Good,Great,2026-10-08T12:41:38Z,37,Narooma,2026-10-10T02:00:00Z,2026-10-10T13:00,4.3,318,24.8,0.0,0.72,5.65,127,1.04,0.1,2.0,180,-0.23,18.9,,unavailable (no satellite pass / dataset error),
80.8,Excellent,Great,2026-10-08T12:41:38Z,38,Narooma,2026-10-10T03:00:00Z,2026-10-10T14:00,2.7,323,16.9,0.0,0.68,5.75,127,1.0,0.1,2.0,180,-0.36,19.0,,unavailable (no satellite pass / dataset error),
79.8,Good,Great,2026-10-08T12:41:38Z,39,Narooma,2026-10-10T04:00:00Z,2026-10-10T15:00,4.5,247,15.1,0.0,0.62,6.1,127,0.98,0.18,1.8,174,-0.34,19.0,,unavailable (no satellite pass / dataset error),
67.1,Good,Great,2026-10-08T12:41:38Z,40,Narooma,2026-10-10T05:00:00Z,2026-10-10T16:00,19.8,164,42.8,0.0,0.58,6.5,127,0.98,0.24,1.4,180,-0.2,19.1,,unavailable (no satellite pass / dataset error),
65.5,Good,Great,2026-10-08T12:41:38Z,41,Narooma,2026-10-10T06:00:00Z,2026-10-10T17:00,22.1,170,54.0,0.0,0.52,6.65,127,0.96,0.32,1.3,180,0.04,19.1,,unavailable (no satellite pass / dataset error),
67.1,Good,Great,2026-10-08T12:41:38Z,42,Narooma,2026-10-10T07:00:00Z,2026-10-10T18:00,19.4,169,48.6,0.0,0.54,6.3,127,1.04,0.44,1.3,188,0.31,19.0,,unavailable (no satellite pass / dataset error),
70.0,Good,Great,2026-10-08T12:41:38Z,43,Narooma,2026-10-10T08:00:00Z,2026-10-10T19:00,16.0,161,42.8,0.0,0.56,5.65,127,1.1,0.56,1.1,189,0.54,19.0,,unavailable (no satellite pass / dataset error),
71.3,Good,Great,2026-10-08T12:41:38Z,44,Narooma,2026-10-10T09:00:00Z,2026-10-10T20:00,13.7,166,33.5,0.0,0.58,5.15,127,1.18,0.68,1.1,189,0.66,18.9,,unavailable (no satellite pass / dataset error),
72.9,Good,Great,2026-10-08T12:41:38Z,45,Narooma,2026-10-10T10:00:00Z,2026-10-10T21:00,11.7,175,27.0,0.0,0.78,4.95,131,1.2,0.52,1.1,189,0.65,18.8,,unavailable (no satellite pass / dataset error),
75.2,Good,Doable,2026-10-08T12:41:38Z,46,Narooma,2026-10-10T11:00:00Z,2026-10-10T22:00,8.9,187,22.7,0.0,0.98,4.85,136,1.22,0.36,1.1,189,0.49,18.8,,unavailable (no satellite pass / dataset error),
75.5,Good,Doable,2026-10-08T12:41:38Z,47,Narooma,2026-10-10T12:00:00Z,2026-10-10T23:00,7.8,212,16.6,0.0,1.18,4.8,140,1.24,0.2,1.3,188,0.23,18.7,,unavailable (no satellite pass / dataset error),
77.8,Good,Doable,2026-10-08T12:41:38Z,48,Narooma,2026-10-10T13:00:00Z,2026-10-11T00:00,5.8,256,12.6,0.0,1.12,4.75,139,1.18,0.14,1.3,188,-0.06,18.7,,unavailable (no satellite pass / dataset error),
79.1,Good,Doable,2026-10-08T12:41:38Z,49,Narooma,2026-10-10T14:00:00Z,2026-10-11T01:00,5.1,274,10.1,0.0,1.08,4.8,139,1.12,0.06,1.3,188,-0.32,18.7,,unavailable (no satellite pass / dataset error),
81.1,Excellent,Doable,2026-10-08T12:41:38Z,50,Narooma,2026-10-10T15:00:00Z,2026-10-11T02:00,3.5,279,9.7,0.0,1.02,4.8,138,1.06,0.0,1.3,188,-0.46,18.7,,unavailable (no satellite pass / dataset error),
81.7,Excellent,Doable,2026-10-08T12:41:38Z,51,Narooma,2026-10-10T16:00:00Z,2026-10-11T03:00,3.3,283,7.2,0.0,0.96,4.8,140,1.02,0.0,1.3,188,-0.46,18.7,,unavailable (no satellite pass / dataset error),
80.4,Excellent,Doable,2026-10-08T12:41:38Z,52,Narooma,2026-10-10T17:00:00Z,2026-10-11T04:00,5.2,282,9.0,0.0,0.88,4.85,143,0.98,0.0,1.3,180,-0.32,18.7,,unavailable (no satellite pass / dataset error),
82.1,Excellent,Doable,2026-10-08T12:41:38Z,53,Narooma,2026-10-10T18:00:00Z,2026-10-11T05:00,4.6,279,9.0,0.0,0.82,4.85,145,0.94,0.0,1.3,180,-0.08,18.7,,unavailable (no satellite pass / dataset error),
83.2,Excellent,Great,2026-10-08T12:41:38Z,54,Narooma,2026-10-10T19:00:00Z,2026-10-11T06:00,4.4,277,8.3,0.0,0.76,4.85,147,0.92,0.0,1.3,180,0.22,18.7,,unavailable (no satellite pass / dataset error),
83.6,Excellent,Great,2026-10-08T12:41:38Z,55,Narooma,2026-10-10T20:00:00Z,2026-10-11T07:00,4.5,277,7.9,0.0,0.68,4.85,148,0.9,0.0,1.3,180,0.49,18.7,,unavailable (no satellite pass / dataset error),
84.3,Excellent,Great,2026-10-08T12:41:38Z,56,Narooma,2026-10-10T21:00:00Z,2026-10-11T08:00,4.3,332,10.8,0.0,0.62,4.9,150,0.88,0.0,1.3,180,0.68,18.8,,unavailable (no satellite pass / dataset error),
79.0,Good,Great,2026-10-08T12:41:38Z,57,Narooma,2026-10-10T22:00:00Z,2026-10-11T09:00,10.0,9,24.8,0.0,0.58,5.05,151,0.86,0.02,1.5,173,0.73,18.8,,unavailable (no satellite pass / dataset error),
76.8,Good,Great,2026-10-08T12:41:38Z,58,Narooma,2026-10-10T23:00:00Z,2026-10-11T10:00,12.6,24,31.7,0.0,0.56,5.25,153,0.84,0.02,1.5,173,0.62,18.9,,unavailable (no satellite pass / dataset error),
73.9,Good,Great,2026-10-08T12:41:38Z,59,Narooma,2026-10-11T00:00:00Z,2026-10-11T11:00,15.8,38,39.2,0.0,0.52,5.45,154,0.82,0.04,1.6,174,0.39,18.9,,unavailable (no satellite pass / dataset error),
72.4,Good,Great,2026-10-08T12:41:38Z,60,Narooma,2026-10-11T01:00:00Z,2026-10-11T12:00,17.3,59,43.2,0.0,0.5,5.75,141,0.84,0.16,1.6,180,0.09,19.0,,unavailable (no satellite pass / dataset error),
70.8,Good,Great,2026-10-08T12:41:38Z,61,Narooma,2026-10-11T02:00:00Z,2026-10-11T13:00,18.4,53,45.4,0.0,0.5,6.05,128,0.86,0.3,1.8,180,-0.19,19.0,,unavailable (no satellite pass / dataset error),
69.2,Good,Great,2026-10-08T12:41:38Z,62,Narooma,2026-10-11T03:00:00Z,2026-10-11T14:00,19.9,49,47.9,0.0,0.48,6.15,115,0.88,0.42,1.8,186,-0.4,19.0,,unavailable (no satellite pass / dataset error),
70.0,Good,Great,2026-10-08T12:41:38Z,63,Narooma,2026-10-11T04:00:00Z,2026-10-11T15:00,18.6,45,48.2,0.0,0.48,5.95,117,0.92,0.46,1.8,186,-0.48,19.1,,unavailable (no satellite pass / dataset error),
69.9,Good,Great,2026-10-08T12:41:38Z,64,Narooma,2026-10-11T05:00:00Z,2026-10-11T16:00,18.0,39,44.6,0.0,0.5,5.6,118,0.98,0.52,1.8,186,-0.42,19.1,,unavailable (no satellite pass / dataset error),
71.6,Good,Great,2026-10-08T12:41:38Z,65,Narooma,2026-10-11T06:00:00Z,2026-10-11T17:00,15.7,33,42.5,0.0,0.5,5.25,120,1.02,0.56,1.8,186,-0.24,19.1,,unavailable (no satellite pass / dataset error),
71.0,Good,Great,2026-10-08T12:41:38Z,66,Narooma,2026-10-11T07:00:00Z,2026-10-11T18:00,15.9,25,36.7,0.0,0.56,4.85,106,1.06,0.6,1.8,186,0.01,19.0,,unavailable (no satellite pass / dataset error),
69.0,Good,Great,2026-10-08T12:41:38Z,67,Narooma,2026-10-11T08:00:00Z,2026-10-11T19:00,17.4,20,35.3,0.0,0.6,4.45,91,1.12,0.62,1.8,180,0.27,19.0,,unavailable (no satellite pass / dataset error),
71.0,Good,Great,2026-10-08T12:41:38Z,68,Narooma,2026-10-11T09:00:00Z,2026-10-11T20:00,14.8,360,34.9,0.0,0.66,4.2,77,1.16,0.66,1.8,180,0.47,18.9,,unavailable (no satellite pass / dataset error),
76.7,Good,Great,2026-10-08T12:41:38Z,69,Narooma,2026-10-11T10:00:00Z,2026-10-11T21:00,8.4,337,28.1,0.0,0.76,4.15,72,1.16,0.5,1.8,180,0.57,18.9,,unavailable (no satellite pass / dataset error),
80.8,Excellent,Doable,2026-10-08T12:41:38Z,70,Narooma,2026-10-11T11:00:00Z,2026-10-11T22:00,3.8,319,14.0,0.0,0.84,4.3,68,1.16,0.34,1.8,174,0.52,18.8,,unavailable (no satellite pass / dataset error),
82.8,Excellent,Doable,2026-10-08T12:41:38Z,71,Narooma,2026-10-11T12:00:00Z,2026-10-11T23:00,2.1,290,6.5,0.0,0.94,4.45,63,1.16,0.18,1.6,174,0.35,18.8,,unavailable (no satellite pass / dataset error),
82.1,Excellent,Doable,2026-10-08T12:41:38Z,72,Narooma,2026-10-11T13:00:00Z,2026-10-12T00:00,3.6,261,7.2,0.0,0.9,4.7,71,1.12,0.12,1.5,173,0.11,18.7,,unavailable (no satellite pass / dataset error),
80.4,Excellent,Doable,2026-10-08T12:41:38Z,73,Narooma,2026-10-11T14:00:00Z,2026-10-12T01:00,6.1,240,11.9,0.0,0.86,5.0,79,1.06,0.08,1.5,173,-0.14,18.7,,unavailable (no satellite pass / dataset error),
81.6,Excellent,Doable,2026-10-08T12:41:38Z,74,Narooma,2026-10-11T15:00:00Z,2026-10-12T02:00,5.8,236,12.6,0.0,0.82,5.2,87,1.02,0.02,1.3,172,-0.33,18.7,,unavailable (no satellite pass / dataset error),
81.1,Excellent,Doable,2026-10-08T12:41:38Z,75,Narooma,2026-10-11T16:00:00Z,2026-10-12T03:00,6.8,238,14.4,0.0,0.82,5.2,83,0.98,0.02,1.3,172,-0.4,18.7,,unavailable (no satellite pass / dataset error),
82.1,Excellent,Great,2026-10-08T12:41:38Z,76,Narooma,2026-10-11T17:00:00Z,2026-10-12T04:00,6.1,240,14.4,0.0,0.8,5.1,78,0.94,0.04,1.3,172,-0.33,18.7,,unavailable (no satellite pass / dataset error),
82.4,Excellent,Great,2026-10-08T12:41:38Z,77,Narooma,2026-10-11T18:00:00Z,2026-10-12T05:00,6.8,241,14.0,0.0,0.8,5.05,74,0.9,0.04,1.1,171,-0.14,18.7,,unavailable (no satellite pass / dataset error),
82.8,Excellent,Great,2026-10-08T12:41:38Z,78,Narooma,2026-10-11T19:00:00Z,2026-10-12T06:00,6.7,251,13.7,0.0,0.76,5.05,79,0.86,0.02,1.1,171,0.13,18.7,,unavailable (no satellite pass / dataset error),
82.6,Excellent,Great,2026-10-08T12:41:38Z,79,Narooma,2026-10-11T20:00:00Z,2026-10-12T07:00,7.2,256,14.4,0.0,0.72,5.05,83,0.84,0.02,1.1,180,0.41,18.8,,unavailable (no satellite pass / dataset error),
83.5,Excellent,Great,2026-10-08T12:41:38Z,80,Narooma,2026-10-11T21:00:00Z,2026-10-12T08:00,6.1,246,15.5,0.0,0.68,5.05,88,0.8,0.0,1.3,180,0.65,18.8,,unavailable (no satellite pass / dataset error),
86.5,Excellent,Great,2026-10-08T12:41:38Z,81,Narooma,2026-10-11T22:00:00Z,2026-10-12T09:00,3.0,253,14.4,0.0,0.68,5.0,85,0.78,0.02,1.3,180,0.79,18.8,,unavailable (no satellite pass / dataset error),
87.2,Excellent,Great,2026-10-08T12:41:38Z,82,Narooma,2026-10-11T23:00:00Z,2026-10-12T10:00,2.6,56,11.2,0.0,0.66,4.95,83,0.74,0.06,1.3,180,0.79,18.9,,unavailable (no satellite pass / dataset error),
80.9,Excellent,Great,2026-10-08T12:41:38Z,83,Narooma,2026-10-12T00:00:00Z,2026-10-12T11:00,9.7,59,24.5,0.0,0.66,4.95,80,0.72,0.08,1.4,180,0.63,18.9,,unavailable (no satellite pass / dataset error),
78.8,Good,Great,2026-10-08T12:41:38Z,84,Narooma,2026-10-12T01:00:00Z,2026-10-12T12:00,11.2,53,28.8,0.0,0.62,5.1,81,0.74,0.18,1.6,180,0.38,19.0,,unavailable (no satellite pass / dataset error),
78.8,Good,Great,2026-10-08T12:41:38Z,85,Narooma,2026-10-12T02:00:00Z,2026-10-12T13:00,11.2,45,33.5,0.0,0.56,5.25,82,0.74,0.28,1.6,180,0.09,19.1,,unavailable (no satellite pass / dataset error),
80.1,Excellent,Great,2026-10-08T12:41:38Z,86,Narooma,2026-10-12T03:00:00Z,2026-10-12T14:00,9.6,37,35.6,0.0,0.52,5.25,83,0.76,0.38,1.6,180,-0.17,19.2,,unavailable (no satellite pass / dataset error),
83.1,Excellent,Great,2026-10-08T12:41:38Z,87,Narooma,2026-10-12T04:00:00Z,2026-10-12T15:00,5.8,14,33.1,0.3,0.5,4.85,73,0.76,0.28,1.6,174,-0.35,19.2,,unavailable (no satellite pass / dataset error),
84.1,Excellent,Great,2026-10-08T12:41:38Z,88,Narooma,2026-10-12T05:00:00Z,2026-10-12T16:00,4.3,298,27.7,0.3,0.48,4.25,62,0.76,0.18,1.6,174,-0.39,19.3,,unavailable (no satellite pass / dataset error),
82.1,Excellent,Great,2026-10-08T12:41:38Z,89,Narooma,2026-10-12T06:00:00Z,2026-10-12T17:00,6.3,257,23.8,0.3,0.46,3.85,52,0.76,0.08,1.5,166,-0.31,19.3,,unavailable (no satellite pass / dataset error),
83.8,Excellent,Great,2026-10-08T12:41:38Z,90,Narooma,2026-10-12T07:00:00Z,2026-10-12T18:00,4.7,208,21.6,0.0,0.48,3.8,52,0.74,0.08,1.5,166,-0.14,19.2,,unavailable (no satellite pass / dataset error),
81.3,Excellent,Great,2026-10-08T12:41:38Z,91,Narooma,2026-10-12T08:00:00Z,2026-10-12T19:00,8.2,144,20.5,0.0,0.5,3.9,52,0.74,0.1,1.2,153,0.08,19.1,,unavailable (no satellite pass / dataset error),
78.2,Good,Great,2026-10-08T12:41:38Z,92,Narooma,2026-10-12T09:00:00Z,2026-10-12T20:00,13.0,134,21.2,0.0,0.52,3.95,52,0.72,0.1,0.8,153,0.29,19.0,,unavailable (no satellite pass / dataset error),
77.6,Good,Great,2026-10-08T12:41:38Z,93,Narooma,2026-10-12T10:00:00Z,2026-10-12T21:00,14.2,145,25.9,0.0,0.52,3.75,51,0.72,0.12,0.6,162,0.45,18.9,,unavailable (no satellite pass / dataset error),
77.3,Good,Great,2026-10-08T12:41:38Z,94,Narooma,2026-10-12T11:00:00Z,2026-10-12T22:00,15.0,164,32.8,0.0,0.5,3.5,49,0.72,0.16,0.4,180,0.49,18.8,,unavailable (no satellite pass / dataset error),
76.4,Good,Great,2026-10-08T12:41:38Z,95,Narooma,2026-10-12T12:00:00Z,2026-10-12T23:00,16.1,176,37.4,0.0,0.5,3.65,48,0.72,0.18,0.4,180,0.4,18.7,,unavailable (no satellite pass / dataset error),
76.4,Good,Great,2026-10-08T12:41:38Z,96,Narooma,2026-10-12T13:00:00Z,2026-10-13T00:00,15.5,180,37.4,0.1,0.46,4.55,87,0.8,0.36,0.2,180,0.23,18.6,,unavailable (no satellite pass / dataset error),
76.5,Good,Great,2026-10-08T12:41:38Z,97,Narooma,2026-10-12T14:00:00Z,2026-10-13T01:00,13.9,181,34.9,0.1,0.4,5.8,125,0.9,0.54,0.3,225,0.01,18.6,,unavailable (no satellite pass / dataset error),
77.2,Good,Great,2026-10-08T12:41:38Z,98,Narooma,2026-10-12T15:00:00Z,2026-10-13T02:00,12.4,182,32.4,0.1,0.36,6.6,164,0.98,0.72,0.2,270,-0.19,18.5,,unavailable (no satellite pass / dataset error),
74.8,Good,Great,2026-10-08T12:41:38Z,99,Narooma,2026-10-12T16:00:00Z,2026-10-13T03:00,11.4,183,30.6,1.8,0.46,6.55,159,1.08,0.78,0.2,270,-0.31,18.5,,unavailable (no satellite pass / dataset error),
72.2,Good,Great,2026-10-08T12:41:38Z,100,Narooma,2026-10-12T17:00:00Z,2026-10-13T04:00,10.4,182,29.2,1.8,0.56,6.05,154,1.18,0.82,0.3,315,-0.31,18.4,,unavailable (no satellite pass / dataset error),
69.2,Good,Great,2026-10-08T12:41:38Z,101,Narooma,2026-10-12T18:00:00Z,2026-10-13T05:00,10.1,182,28.1,1.8,0.66,5.65,149,1.28,0.88,0.3,315,-0.19,18.4,,unavailable (no satellite pass / dataset error),
68.5,Good,Great,2026-10-08T12:41:38Z,102,Narooma,2026-10-12T19:00:00Z,2026-10-13T06:00,10.7,187,28.1,0.3,0.78,5.45,153,1.26,0.78,0.3,315,0.02,18.4,,unavailable (no satellite pass / dataset error),
67.1,Good,Doable,2026-10-08T12:41:38Z,103,Narooma,2026-10-12T20:00:00Z,2026-10-13T07:00,11.9,191,28.4,0.3,0.88,5.35,156,1.26,0.68,0.3,315,0.28,18.4,,unavailable (no satellite pass / dataset error),
65.9,Good,Doable,2026-10-08T12:41:38Z,104,Narooma,2026-10-12T21:00:00Z,2026-10-13T08:00,12.8,194,28.8,0.3,1.0,5.2,160,1.24,0.58,0.4,333,0.54,18.4,,unavailable (no satellite pass / dataset error),
66.1,Good,Doable,2026-10-08T12:41:38Z,105,Narooma,2026-10-12T22:00:00Z,2026-10-13T09:00,13.0,194,29.2,0.0,1.0,5.05,161,1.2,0.46,0.4,333,0.74,18.4,,unavailable (no satellite pass / dataset error),
66.7,Good,Doable,2026-10-08T12:41:38Z,106,Narooma,2026-10-12T23:00:00Z,2026-10-13T10:00,13.0,194,29.5,0.0,0.98,4.9,162,1.14,0.34,0.4,333,0.82,18.4,,unavailable (no satellite pass / dataset error),
67.7,Good,Doable,2026-10-08T12:41:38Z,107,Narooma,2026-10-13T00:00:00Z,2026-10-13T11:00,12.3,190,29.5,0.0,0.98,4.75,163,1.1,0.22,0.4,333,0.75,18.4,,unavailable (no satellite pass / dataset error),
69.4,Good,Doable,2026-10-08T12:41:38Z,108,Narooma,2026-10-13T01:00:00Z,2026-10-13T12:00,10.6,179,29.5,0.0,0.92,4.65,163,1.04,0.2,0.6,342,0.57,18.5,,unavailable (no satellite pass / dataset error),
70.9,Good,Doable,2026-10-08T12:41:38Z,109,Narooma,2026-10-13T02:00:00Z,2026-10-13T13:00,9.5,159,29.5,0.0,0.86,4.55,162,0.98,0.16,0.6,342,0.31,18.5,,unavailable (no satellite pass / dataset error),
71.6,Good,Great,2026-10-08T12:41:38Z,110,Narooma,2026-10-13T03:00:00Z,2026-10-13T14:00,9.4,142,29.2,0.0,0.8,4.55,162,0.92,0.14,0.6,342,0.04,18.5,,unavailable (no satellite pass / dataset error),
71.1,Good,Great,2026-10-08T12:41:38Z,111,Narooma,2026-10-13T04:00:00Z,2026-10-13T15:00,9.2,135,28.4,0.5,0.72,4.6,165,0.92,0.26,0.8,333,-0.18,18.6,,unavailable (no satellite pass / dataset error),
70.8,Good,Great,2026-10-08T12:41:38Z,112,Narooma,2026-10-13T05:00:00Z,2026-10-13T16:00,8.7,135,27.4,0.5,0.66,4.65,167,0.92,0.4,1.0,338,-0.3,18.6,,unavailable (no satellite pass / dataset error),
70.2,Good,Great,2026-10-08T12:41:38Z,113,Narooma,2026-10-13T06:00:00Z,2026-10-13T17:00,8.6,139,26.3,0.5,0.58,4.9,170,0.92,0.52,1.2,333,-0.3,18.6,,unavailable (no satellite pass / dataset error),
67.3,Good,Great,2026-10-08T12:41:38Z,114,Narooma,2026-10-13T07:00:00Z,2026-10-13T18:00,9.5,151,24.8,1.0,0.56,5.45,170,1.0,0.62,1.2,333,-0.2,18.6,,unavailable (no satellite pass / dataset error),
62.9,Good,Great,2026-10-08T12:41:38Z,115,Narooma,2026-10-13T08:00:00Z,2026-10-13T19:00,11.6,162,23.8,1.0,0.56,6.2,170,1.08,0.74,1.4,337,-0.03,18.6,,unavailable (no satellite pass / dataset error),
59.2,Fair,Great,2026-10-08T12:41:38Z,116,Narooma,2026-10-13T09:00:00Z,2026-10-13T20:00,13.5,172,24.5,1.0,0.54,6.55,170,1.16,0.84,1.4,337,0.17,18.5,,unavailable (no satellite pass / dataset error),
56.3,Fair,Great,2026-10-08T12:41:38Z,117,Narooma,2026-10-13T10:00:00Z,2026-10-13T21:00,14.9,181,29.5,1.0,0.6,6.25,161,1.22,0.9,1.3,344,0.36,18.5,,unavailable (no satellite pass / dataset error),
52.8,Fair,Great,2026-10-08T12:41:38Z,118,Narooma,2026-10-13T11:00:00Z,2026-10-13T22:00,16.5,191,36.4,1.0,0.64,5.55,153,1.3,0.96,1.3,344,0.47,18.5,,unavailable (no satellite pass / dataset error),
50.3,Fair,Great,2026-10-08T12:41:38Z,119,Narooma,2026-10-13T12:00:00Z,2026-10-13T23:00,17.3,196,40.7,1.0,0.7,5.05,144,1.36,1.02,1.3,344,0.46,18.4,,unavailable (no satellite pass / dataset error),
72.4,Good,Getting rough,2026-10-08T12:41:38Z,0,Batemans Bay (Inside),2026-10-08T13:00:00Z,2026-10-09T00:00,8.6,292,15.1,0.0,1.64,7.65,138,1.66,0.0,1.4,203,-0.47,19.0,,unavailable (no satellite pass / dataset error),
73.9,Good,Getting rough,2026-10-08T12:41:38Z,1,Batemans Bay (Inside),2026-10-08T14:00:00Z,2026-10-09T01:00,7.3,301,14.0,0.0,1.66,7.8,138,1.68,0.0,1.2,207,-0.59,19.0,,unavailable (no satellite pass / dataset error),
73.7,Good,Getting rough,2026-10-08T12:41:38Z,2,Batemans Bay (Inside),2026-10-08T15:00:00Z,2026-10-09T02:00,7.3,300,12.6,0.0,1.68,7.9,139,1.7,0.0,1.2,207,-0.57,19.0,,unavailable (no satellite pass / dataset error),
72.4,Good,Getting rough,2026-10-08T12:41:38Z,3,Batemans Bay (Inside),2026-10-08T16:00:00Z,2026-10-09T03:00,8.3,290,15.1,0.0,1.7,8.0,138,1.74,0.0,1.2,207,-0.39,19.0,,unavailable (no satellite pass / dataset error),
72.9,Good,Getting rough,2026-10-08T12:41:38Z,4,Batemans Bay (Inside),2026-10-08T17:00:00Z,2026-10-09T04:00,7.5,285,15.8,0.0,1.74,8.1,138,1.76,0.0,1.2,207,-0.12,19.0,,unavailable (no satellite pass / dataset error),
72.7,Good,Getting rough,2026-10-08T12:41:38Z,5,Batemans Bay (Inside),2026-10-08T18:00:00Z,2026-10-09T05:00,7.3,286,14.8,0.0,1.76,8.15,137,1.8,0.0,1.2,207,0.2,19.0,,unavailable (no satellite pass / dataset error),
72.6,Good,Getting rough,2026-10-08T12:41:38Z,6,Batemans Bay (Inside),2026-10-08T19:00:00Z,2026-10-09T06:00,6.9,293,14.8,0.0,1.78,8.2,137,1.8,0.0,1.4,203,0.46,19.0,,unavailable (no satellite pass / dataset error),
72.9,Good,Getting rough,2026-10-08T12:41:38Z,7,Batemans Bay (Inside),2026-10-08T20:00:00Z,2026-10-09T07:00,6.3,297,14.4,0.0,1.78,8.25,138,1.82,0.0,1.4,203,0.62,19.0,,unavailable (no satellite pass / dataset error),
73.4,Good,Getting rough,2026-10-08T12:41:38Z,8,Batemans Bay (Inside),2026-10-08T21:00:00Z,2026-10-09T08:00,5.7,302,14.4,0.0,1.8,8.25,138,1.82,0.0,1.4,203,0.63,19.0,,unavailable (no satellite pass / dataset error),
75.3,Good,Getting rough,2026-10-08T12:41:38Z,9,Batemans Bay (Inside),2026-10-08T22:00:00Z,2026-10-09T09:00,3.6,340,14.8,0.0,1.78,8.25,138,1.82,0.02,1.4,203,0.5,19.0,,unavailable (no satellite pass / dataset error),
71.9,Good,Getting rough,2026-10-08T12:41:38Z,10,Batemans Bay (Inside),2026-10-08T23:00:00Z,2026-10-09T10:00,7.4,39,22.3,0.0,1.78,8.25,138,1.82,0.04,1.4,203,0.27,19.1,,unavailable (no satellite pass / dataset error),
70.0,Good,Getting rough,2026-10-08T12:41:38Z,11,Batemans Bay (Inside),2026-10-09T00:00:00Z,2026-10-09T11:00,9.5,54,27.0,0.0,1.76,8.2,138,1.82,0.06,1.4,203,0.0,19.1,,unavailable (no satellite pass / dataset error),
67.7,Good,Getting rough,2026-10-08T12:41:38Z,12,Batemans Bay (Inside),2026-10-09T01:00:00Z,2026-10-09T12:00,11.6,64,30.6,0.0,1.74,8.15,138,1.82,0.22,1.6,207,-0.24,19.1,,unavailable (no satellite pass / dataset error),
63.8,Good,Getting rough,2026-10-08T12:41:38Z,13,Batemans Bay (Inside),2026-10-09T02:00:00Z,2026-10-09T13:00,16.2,67,40.0,0.0,1.72,8.15,138,1.8,0.36,1.6,207,-0.39,19.1,,unavailable (no satellite pass / dataset error),
62.4,Good,Getting rough,2026-10-08T12:41:38Z,14,Batemans Bay (Inside),2026-10-09T03:00:00Z,2026-10-09T14:00,17.8,64,42.8,0.0,1.7,8.1,138,1.8,0.52,1.6,207,-0.39,19.1,,unavailable (no satellite pass / dataset error),
61.3,Good,Getting rough,2026-10-08T12:41:38Z,15,Batemans Bay (Inside),2026-10-09T04:00:00Z,2026-10-09T15:00,18.5,61,43.9,0.0,1.64,8.1,138,1.8,0.6,1.8,204,-0.25,19.1,,unavailable (no satellite pass / dataset error),
61.3,Good,Getting rough,2026-10-08T12:41:38Z,16,Batemans Bay (Inside),2026-10-09T05:00:00Z,2026-10-09T16:00,18.7,55,43.9,0.0,1.58,8.05,138,1.78,0.68,1.8,204,0.0,19.1,,unavailable (no satellite pass / dataset error),
62.5,Good,Getting rough,2026-10-08T12:41:38Z,17,Batemans Bay (Inside),2026-10-09T06:00:00Z,2026-10-09T17:00,17.6,43,43.6,0.0,1.52,8.05,138,1.78,0.76,1.7,198,0.29,19.1,,unavailable (no satellite pass / dataset error),
65.0,Good,Bit dodgy,2026-10-08T12:41:38Z,18,Batemans Bay (Inside),2026-10-09T07:00:00Z,2026-10-09T18:00,15.3,34,39.2,0.0,1.48,8.0,138,1.74,0.7,1.7,198,0.57,19.1,,unavailable (no satellite pass / dataset error),
68.5,Good,Bit dodgy,2026-10-08T12:41:38Z,19,Batemans Bay (Inside),2026-10-09T08:00:00Z,2026-10-09T19:00,11.6,21,32.8,0.0,1.44,8.0,139,1.72,0.66,1.7,198,0.75,19.1,,unavailable (no satellite pass / dataset error),
71.4,Good,Bit dodgy,2026-10-08T12:41:38Z,20,Batemans Bay (Inside),2026-10-09T09:00:00Z,2026-10-09T20:00,8.8,355,21.2,0.0,1.4,7.95,139,1.68,0.6,1.7,198,0.78,19.1,,unavailable (no satellite pass / dataset error),
73.7,Good,Bit dodgy,2026-10-08T12:41:38Z,21,Batemans Bay (Inside),2026-10-09T10:00:00Z,2026-10-09T21:00,7.1,344,14.4,0.0,1.36,7.9,139,1.64,0.54,1.5,194,0.65,19.1,,unavailable (no satellite pass / dataset error),
73.8,Good,Bit dodgy,2026-10-08T12:41:38Z,22,Batemans Bay (Inside),2026-10-09T11:00:00Z,2026-10-09T22:00,7.3,327,13.3,0.0,1.3,7.8,138,1.62,0.5,1.5,194,0.41,19.0,,unavailable (no satellite pass / dataset error),
77.6,Good,Bit dodgy,2026-10-08T12:41:38Z,23,Batemans Bay (Inside),2026-10-09T12:00:00Z,2026-10-09T23:00,4.0,321,11.5,0.0,1.26,7.75,138,1.58,0.44,1.3,196,0.11,19.0,,unavailable (no satellite pass / dataset error),
77.2,Good,Doable,2026-10-08T12:41:38Z,24,Batemans Bay (Inside),2026-10-09T13:00:00Z,2026-10-10T00:00,4.6,339,7.9,0.0,1.2,7.7,138,1.56,0.42,1.3,196,-0.18,19.0,,unavailable (no satellite pass / dataset error),
77.8,Good,Doable,2026-10-08T12:41:38Z,25,Batemans Bay (Inside),2026-10-09T14:00:00Z,2026-10-10T01:00,4.4,300,10.1,0.0,1.12,7.65,138,1.52,0.42,1.3,196,-0.39,19.0,,unavailable (no satellite pass / dataset error),
76.2,Good,Doable,2026-10-08T12:41:38Z,26,Batemans Bay (Inside),2026-10-09T15:00:00Z,2026-10-10T02:00,7.0,305,10.4,0.0,1.06,7.65,138,1.5,0.4,1.1,198,-0.45,19.0,,unavailable (no satellite pass / dataset error),
79.4,Good,Doable,2026-10-08T12:41:38Z,27,Batemans Bay (Inside),2026-10-09T16:00:00Z,2026-10-10T03:00,3.8,281,13.7,0.0,1.02,7.65,138,1.46,0.28,1.1,198,-0.35,18.9,,unavailable (no satellite pass / dataset error),
78.4,Good,Doable,2026-10-08T12:41:38Z,28,Batemans Bay (Inside),2026-10-09T17:00:00Z,2026-10-10T04:00,5.2,292,8.3,0.0,1.0,7.7,137,1.44,0.16,1.1,198,-0.13,18.9,,unavailable (no satellite pass / dataset error),
73.6,Good,Doable,2026-10-08T12:41:38Z,29,Batemans Bay (Inside),2026-10-09T18:00:00Z,2026-10-10T05:00,10.0,293,19.8,0.7,0.96,7.65,137,1.4,0.04,1.1,198,0.17,18.9,,unavailable (no satellite pass / dataset error),
74.1,Good,Doable,2026-10-08T12:41:38Z,30,Batemans Bay (Inside),2026-10-09T19:00:00Z,2026-10-10T06:00,8.8,31,27.7,0.8,0.92,7.55,136,1.36,0.1,1.1,198,0.48,18.9,,unavailable (no satellite pass / dataset error),
73.8,Good,Doable,2026-10-08T12:41:38Z,31,Batemans Bay (Inside),2026-10-09T20:00:00Z,2026-10-10T07:00,8.8,31,18.7,0.3,0.9,7.45,134,1.3,0.16,1.3,196,0.73,18.9,,unavailable (no satellite pass / dataset error),
69.7,Good,Doable,2026-10-08T12:41:38Z,32,Batemans Bay (Inside),2026-10-09T21:00:00Z,2026-10-10T08:00,13.5,5,22.3,0.3,0.86,7.25,133,1.26,0.22,1.3,196,0.84,18.9,,unavailable (no satellite pass / dataset error),
69.6,Good,Doable,2026-10-08T12:41:38Z,33,Batemans Bay (Inside),2026-10-09T22:00:00Z,2026-10-10T09:00,14.0,336,28.8,0.0,0.82,6.95,114,1.22,0.18,1.3,196,0.79,19.0,,unavailable (no satellite pass / dataset error),
71.9,Good,Great,2026-10-08T12:41:38Z,34,Batemans Bay (Inside),2026-10-09T23:00:00Z,2026-10-10T10:00,11.7,323,25.9,0.0,0.76,6.6,94,1.2,0.16,1.3,196,0.61,19.0,,unavailable (no satellite pass / dataset error),
73.6,Good,Great,2026-10-08T12:41:38Z,35,Batemans Bay (Inside),2026-10-10T00:00:00Z,2026-10-10T11:00,10.2,332,26.6,0.0,0.72,6.3,75,1.16,0.12,1.3,196,0.33,19.0,,unavailable (no satellite pass / dataset error),
71.3,Good,Great,2026-10-08T12:41:38Z,36,Batemans Bay (Inside),2026-10-10T01:00:00Z,2026-10-10T12:00,13.8,320,34.2,0.0,0.68,6.15,75,1.12,0.16,1.1,198,0.03,19.1,,unavailable (no satellite pass / dataset error),
64.0,Good,Great,2026-10-08T12:41:38Z,37,Batemans Bay (Inside),2026-10-10T02:00:00Z,2026-10-10T13:00,22.2,291,50.8,0.0,0.66,6.15,74,1.1,0.22,1.1,189,-0.22,19.1,,unavailable (no satellite pass / dataset error),
63.4,Good,Great,2026-10-08T12:41:38Z,38,Batemans Bay (Inside),2026-10-10T03:00:00Z,2026-10-10T14:00,23.3,296,54.4,0.0,0.62,6.15,74,1.06,0.26,1.1,189,-0.34,19.2,,unavailable (no satellite pass / dataset error),
65.8,Good,Great,2026-10-08T12:41:38Z,39,Batemans Bay (Inside),2026-10-10T04:00:00Z,2026-10-10T15:00,20.8,300,53.6,0.0,0.6,6.2,95,1.04,0.3,1.1,189,-0.32,19.3,,unavailable (no satellite pass / dataset error),
68.5,Good,Great,2026-10-08T12:41:38Z,40,Batemans Bay (Inside),2026-10-10T05:00:00Z,2026-10-10T16:00,18.6,288,46.8,0.0,0.56,6.25,116,1.02,0.32,0.9,191,-0.16,19.4,,unavailable (no satellite pass / dataset error),
71.6,Good,Great,2026-10-08T12:41:38Z,41,Batemans Bay (Inside),2026-10-10T06:00:00Z,2026-10-10T17:00,15.6,201,42.5,0.0,0.54,6.45,137,1.0,0.36,0.8,207,0.08,19.4,,unavailable (no satellite pass / dataset error),
68.9,Good,Great,2026-10-08T12:41:38Z,42,Batemans Bay (Inside),2026-10-10T07:00:00Z,2026-10-10T18:00,18.8,185,50.8,0.0,0.54,6.95,136,0.98,0.38,0.8,225,0.34,19.4,,unavailable (no satellite pass / dataset error),
72.0,Good,Great,2026-10-08T12:41:38Z,43,Batemans Bay (Inside),2026-10-10T08:00:00Z,2026-10-10T19:00,15.3,183,39.2,0.0,0.52,7.5,135,0.98,0.4,0.8,225,0.57,19.3,,unavailable (no satellite pass / dataset error),
72.0,Good,Great,2026-10-08T12:41:38Z,44,Batemans Bay (Inside),2026-10-10T09:00:00Z,2026-10-10T20:00,15.3,179,32.8,0.0,0.52,7.65,134,0.96,0.42,0.9,217,0.69,19.2,,unavailable (no satellite pass / dataset error),
72.9,Good,Great,2026-10-08T12:41:38Z,45,Batemans Bay (Inside),2026-10-10T10:00:00Z,2026-10-10T21:00,13.0,182,29.5,0.0,0.74,6.9,136,1.08,0.4,0.9,217,0.66,19.1,,unavailable (no satellite pass / dataset error),
73.2,Good,Doable,2026-10-08T12:41:38Z,46,Batemans Bay (Inside),2026-10-10T11:00:00Z,2026-10-10T22:00,11.2,199,25.6,0.0,0.96,5.7,139,1.18,0.36,1.0,211,0.5,19.1,,unavailable (no satellite pass / dataset error),
74.2,Good,Doable,2026-10-08T12:41:38Z,47,Batemans Bay (Inside),2026-10-10T12:00:00Z,2026-10-10T23:00,8.8,206,20.5,0.0,1.18,4.85,141,1.3,0.34,1.0,211,0.23,19.0,,unavailable (no satellite pass / dataset error),
74.8,Good,Doable,2026-10-08T12:41:38Z,48,Batemans Bay (Inside),2026-10-10T13:00:00Z,2026-10-11T00:00,8.5,212,15.5,0.0,1.16,4.65,142,1.26,0.22,1.0,211,-0.06,19.0,,unavailable (no satellite pass / dataset error),
75.8,Good,Doable,2026-10-08T12:41:38Z,49,Batemans Bay (Inside),2026-10-10T14:00:00Z,2026-10-11T01:00,7.6,227,14.0,0.0,1.16,4.75,142,1.24,0.12,1.0,211,-0.32,19.0,,unavailable (no satellite pass / dataset error),
76.2,Good,Doable,2026-10-08T12:41:38Z,50,Batemans Bay (Inside),2026-10-10T15:00:00Z,2026-10-11T02:00,7.1,260,12.6,0.0,1.14,4.85,143,1.2,0.0,1.2,207,-0.46,18.9,,unavailable (no satellite pass / dataset error),
76.7,Good,Doable,2026-10-08T12:41:38Z,51,Batemans Bay (Inside),2026-10-10T16:00:00Z,2026-10-11T03:00,7.3,280,12.2,0.0,1.08,4.9,142,1.16,0.0,1.1,198,-0.46,18.9,,unavailable (no satellite pass / dataset error),
77.6,Good,Doable,2026-10-08T12:41:38Z,52,Batemans Bay (Inside),2026-10-10T17:00:00Z,2026-10-11T04:00,6.7,286,12.2,0.0,1.04,4.95,142,1.12,0.0,1.1,198,-0.32,18.9,,unavailable (no satellite pass / dataset error),
79.4,Good,Doable,2026-10-08T12:41:38Z,53,Batemans Bay (Inside),2026-10-10T18:00:00Z,2026-10-11T05:00,6.1,284,10.8,0.0,0.98,5.0,141,1.08,0.0,1.1,198,-0.07,18.9,,unavailable (no satellite pass / dataset error),
80.5,Excellent,Doable,2026-10-08T12:41:38Z,54,Batemans Bay (Inside),2026-10-10T19:00:00Z,2026-10-11T06:00,6.5,284,11.2,0.0,0.92,4.95,143,1.04,0.0,1.1,198,0.23,18.9,,unavailable (no satellite pass / dataset error),
81.4,Excellent,Doable,2026-10-08T12:41:38Z,55,Batemans Bay (Inside),2026-10-10T20:00:00Z,2026-10-11T07:00,6.1,302,12.2,0.0,0.88,4.9,145,1.02,0.0,1.1,198,0.51,19.0,,unavailable (no satellite pass / dataset error),
83.0,Excellent,Doable,2026-10-08T12:41:38Z,56,Batemans Bay (Inside),2026-10-10T21:00:00Z,2026-10-11T08:00,5.2,338,12.2,0.0,0.82,4.8,147,0.98,0.0,1.1,198,0.69,19.0,,unavailable (no satellite pass / dataset error),
81.8,Excellent,Great,2026-10-08T12:41:38Z,57,Batemans Bay (Inside),2026-10-10T22:00:00Z,2026-10-11T09:00,6.7,14,19.1,0.0,0.76,4.7,148,0.96,0.02,1.1,198,0.74,19.0,,unavailable (no satellite pass / dataset error),
78.5,Good,Great,2026-10-08T12:41:38Z,58,Batemans Bay (Inside),2026-10-10T23:00:00Z,2026-10-11T10:00,10.4,39,26.6,0.0,0.72,4.6,150,0.96,0.02,1.1,198,0.63,19.0,,unavailable (no satellite pass / dataset error),
76.3,Good,Great,2026-10-08T12:41:38Z,59,Batemans Bay (Inside),2026-10-11T00:00:00Z,2026-10-11T11:00,13.1,57,33.1,0.0,0.66,4.6,151,0.94,0.04,1.1,198,0.4,19.1,,unavailable (no satellite pass / dataset error),
72.0,Good,Great,2026-10-08T12:41:38Z,60,Batemans Bay (Inside),2026-10-11T01:00:00Z,2026-10-11T12:00,17.5,73,42.1,0.0,0.62,4.65,155,0.96,0.18,1.2,207,0.1,19.1,,unavailable (no satellite pass / dataset error),
71.2,Good,Great,2026-10-08T12:41:38Z,61,Batemans Bay (Inside),2026-10-11T02:00:00Z,2026-10-11T13:00,18.4,65,44.6,0.0,0.56,4.8,158,0.96,0.34,1.2,207,-0.19,19.1,,unavailable (no satellite pass / dataset error),
67.1,Good,Great,2026-10-08T12:41:38Z,62,Batemans Bay (Inside),2026-10-11T03:00:00Z,2026-10-11T14:00,22.7,59,51.8,0.0,0.52,5.05,162,0.98,0.48,1.2,207,-0.4,19.2,,unavailable (no satellite pass / dataset error),
66.3,Good,Great,2026-10-08T12:41:38Z,63,Batemans Bay (Inside),2026-10-11T04:00:00Z,2026-10-11T15:00,23.2,52,53.3,0.0,0.48,5.7,146,1.02,0.56,1.2,207,-0.48,19.2,,unavailable (no satellite pass / dataset error),
65.6,Good,Great,2026-10-08T12:41:38Z,64,Batemans Bay (Inside),2026-10-11T05:00:00Z,2026-10-11T16:00,22.7,47,52.6,0.0,0.46,6.45,130,1.06,0.66,1.5,210,-0.41,19.2,,unavailable (no satellite pass / dataset error),
65.9,Good,Great,2026-10-08T12:41:38Z,65,Batemans Bay (Inside),2026-10-11T06:00:00Z,2026-10-11T17:00,21.9,41,50.8,0.0,0.42,6.75,114,1.1,0.74,1.5,210,-0.23,19.2,,unavailable (no satellite pass / dataset error),
68.1,Good,Great,2026-10-08T12:41:38Z,66,Batemans Bay (Inside),2026-10-11T07:00:00Z,2026-10-11T18:00,19.3,32,48.2,0.0,0.46,6.1,104,1.12,0.74,1.5,201,0.02,19.2,,unavailable (no satellite pass / dataset error),
69.2,Good,Great,2026-10-08T12:41:38Z,67,Batemans Bay (Inside),2026-10-11T08:00:00Z,2026-10-11T19:00,18.0,25,40.7,0.0,0.48,4.95,94,1.12,0.76,1.5,201,0.28,19.1,,unavailable (no satellite pass / dataset error),
70.9,Good,Great,2026-10-08T12:41:38Z,68,Batemans Bay (Inside),2026-10-11T09:00:00Z,2026-10-11T20:00,15.4,17,35.3,0.0,0.52,4.1,84,1.14,0.76,1.7,198,0.48,19.1,,unavailable (no satellite pass / dataset error),
74.8,Good,Great,2026-10-08T12:41:38Z,69,Batemans Bay (Inside),2026-10-11T10:00:00Z,2026-10-11T21:00,11.7,11,29.2,0.0,0.62,4.0,79,1.12,0.62,1.5,194,0.57,19.0,,unavailable (no satellite pass / dataset error),
77.1,Good,Great,2026-10-08T12:41:38Z,70,Batemans Bay (Inside),2026-10-11T11:00:00Z,2026-10-11T22:00,9.6,354,21.2,0.0,0.74,4.2,75,1.08,0.46,1.5,194,0.52,19.0,,unavailable (no satellite pass / dataset error),
79.1,Good,Doable,2026-10-08T12:41:38Z,71,Batemans Bay (Inside),2026-10-11T12:00:00Z,2026-10-11T23:00,7.6,335,16.6,0.0,0.84,4.4,70,1.06,0.32,1.5,187,0.35,18.9,,unavailable (no satellite pass / dataset error),
80.4,Excellent,Great,2026-10-08T12:41:38Z,72,Batemans Bay (Inside),2026-10-11T13:00:00Z,2026-10-12T00:00,7.1,317,12.6,0.0,0.8,4.5,68,1.02,0.22,1.3,188,0.1,18.9,,unavailable (no satellite pass / dataset error),
80.5,Excellent,Great,2026-10-08T12:41:38Z,73,Batemans Bay (Inside),2026-10-11T14:00:00Z,2026-10-12T01:00,8.0,298,13.0,0.0,0.76,4.55,67,0.98,0.14,1.1,189,-0.15,18.9,,unavailable (no satellite pass / dataset error),
80.6,Excellent,Great,2026-10-08T12:41:38Z,74,Batemans Bay (Inside),2026-10-11T15:00:00Z,2026-10-12T02:00,8.8,293,14.4,0.0,0.72,4.65,65,0.94,0.04,0.9,180,-0.34,18.8,,unavailable (no satellite pass / dataset error),
80.4,Excellent,Great,2026-10-08T12:41:38Z,75,Batemans Bay (Inside),2026-10-11T16:00:00Z,2026-10-12T03:00,10.0,306,16.9,0.0,0.68,4.75,81,0.9,0.04,0.7,180,-0.41,18.8,,unavailable (no satellite pass / dataset error),
80.8,Excellent,Great,2026-10-08T12:41:38Z,76,Batemans Bay (Inside),2026-10-11T17:00:00Z,2026-10-12T04:00,9.8,302,17.6,0.0,0.64,4.9,98,0.88,0.06,0.7,194,-0.33,18.8,,unavailable (no satellite pass / dataset error),
81.7,Excellent,Great,2026-10-08T12:41:38Z,77,Batemans Bay (Inside),2026-10-11T18:00:00Z,2026-10-12T05:00,9.3,297,16.9,0.0,0.6,5.0,114,0.84,0.06,0.7,194,-0.14,18.8,,unavailable (no satellite pass / dataset error),
82.0,Excellent,Great,2026-10-08T12:41:38Z,78,Batemans Bay (Inside),2026-10-11T19:00:00Z,2026-10-12T06:00,9.1,291,16.6,0.0,0.62,5.1,107,0.82,0.06,0.7,194,0.13,18.8,,unavailable (no satellite pass / dataset error),
82.3,Excellent,Great,2026-10-08T12:41:38Z,79,Batemans Bay (Inside),2026-10-11T20:00:00Z,2026-10-12T07:00,9.3,292,16.6,0.0,0.64,5.2,99,0.78,0.06,0.7,194,0.42,18.8,,unavailable (no satellite pass / dataset error),
84.1,Excellent,Great,2026-10-08T12:41:38Z,80,Batemans Bay (Inside),2026-10-11T21:00:00Z,2026-10-12T08:00,7.5,300,17.3,0.0,0.66,5.3,92,0.76,0.06,0.7,194,0.67,18.9,,unavailable (no satellite pass / dataset error),
85.4,Excellent,Great,2026-10-08T12:41:38Z,81,Batemans Bay (Inside),2026-10-11T22:00:00Z,2026-10-12T09:00,5.7,323,16.6,0.0,0.62,5.35,91,0.74,0.08,0.9,191,0.81,18.9,,unavailable (no satellite pass / dataset error),
86.4,Excellent,Great,2026-10-08T12:41:38Z,82,Batemans Bay (Inside),2026-10-11T23:00:00Z,2026-10-12T10:00,4.6,13,15.5,0.0,0.6,5.4,91,0.74,0.08,0.9,191,0.8,18.9,,unavailable (no satellite pass / dataset error),
84.6,Excellent,Great,2026-10-08T12:41:38Z,83,Batemans Bay (Inside),2026-10-12T00:00:00Z,2026-10-12T11:00,6.8,25,19.8,0.0,0.56,5.4,90,0.72,0.1,0.9,191,0.64,19.0,,unavailable (no satellite pass / dataset error),
82.2,Excellent,Great,2026-10-08T12:41:38Z,84,Batemans Bay (Inside),2026-10-12T01:00:00Z,2026-10-12T12:00,8.8,351,28.1,0.0,0.54,5.35,91,0.74,0.18,1.1,189,0.38,19.0,,unavailable (no satellite pass / dataset error),
77.0,Good,Great,2026-10-08T12:41:38Z,85,Batemans Bay (Inside),2026-10-12T02:00:00Z,2026-10-12T13:00,14.6,325,39.2,0.0,0.54,5.3,91,0.74,0.26,1.1,189,0.08,19.1,,unavailable (no satellite pass / dataset error),
72.7,Good,Great,2026-10-08T12:41:38Z,86,Batemans Bay (Inside),2026-10-12T03:00:00Z,2026-10-12T14:00,19.2,316,47.5,0.0,0.52,5.45,92,0.76,0.34,1.1,189,-0.18,19.2,,unavailable (no satellite pass / dataset error),
72.5,Good,Great,2026-10-08T12:41:38Z,87,Batemans Bay (Inside),2026-10-12T04:00:00Z,2026-10-12T15:00,19.3,316,50.4,0.1,0.48,6.0,98,0.76,0.32,1.1,180,-0.35,19.2,,unavailable (no satellite pass / dataset error),
75.0,Good,Great,2026-10-08T12:41:38Z,88,Batemans Bay (Inside),2026-10-12T05:00:00Z,2026-10-12T16:00,17.1,318,50.0,0.1,0.44,6.8,105,0.74,0.32,0.9,180,-0.4,19.3,,unavailable (no satellite pass / dataset error),
77.0,Good,Great,2026-10-08T12:41:38Z,89,Batemans Bay (Inside),2026-10-12T06:00:00Z,2026-10-12T17:00,14.7,323,48.2,0.1,0.4,7.6,111,0.74,0.3,0.9,180,-0.31,19.3,,unavailable (no satellite pass / dataset error),
78.1,Good,Great,2026-10-08T12:41:38Z,90,Batemans Bay (Inside),2026-10-12T07:00:00Z,2026-10-12T18:00,13.5,333,44.6,0.0,0.38,8.6,127,0.74,0.32,0.9,180,-0.13,19.3,,unavailable (no satellite pass / dataset error),
78.9,Good,Great,2026-10-08T12:41:38Z,91,Batemans Bay (Inside),2026-10-12T08:00:00Z,2026-10-12T19:00,12.8,346,39.2,0.0,0.38,9.65,142,0.72,0.36,0.9,191,0.1,19.3,,unavailable (no satellite pass / dataset error),
81.6,Excellent,Great,2026-10-08T12:41:38Z,92,Batemans Bay (Inside),2026-10-12T09:00:00Z,2026-10-12T20:00,9.8,355,36.4,0.0,0.36,9.95,158,0.72,0.38,0.9,180,0.32,19.2,,unavailable (no satellite pass / dataset error),
90.2,Excellent,Great,2026-10-08T12:41:38Z,93,Batemans Bay (Inside),2026-10-12T10:00:00Z,2026-10-12T21:00,0.9,307,38.2,0.0,0.38,8.95,123,0.7,0.32,0.7,180,0.46,19.1,,unavailable (no satellite pass / dataset error),
81.5,Excellent,Great,2026-10-08T12:41:38Z,94,Batemans Bay (Inside),2026-10-12T11:00:00Z,2026-10-12T22:00,11.6,188,42.1,0.0,0.38,7.25,89,0.66,0.26,0.5,180,0.5,19.1,,unavailable (no satellite pass / dataset error),
74.7,Good,Great,2026-10-08T12:41:38Z,95,Batemans Bay (Inside),2026-10-12T12:00:00Z,2026-10-12T23:00,19.7,186,44.3,0.0,0.4,5.9,54,0.64,0.2,0.4,180,0.4,19.0,,unavailable (no satellite pass / dataset error),
74.8,Good,Great,2026-10-08T12:41:38Z,96,Batemans Bay (Inside),2026-10-12T13:00:00Z,2026-10-13T00:00,19.7,185,43.2,0.1,0.4,5.3,55,0.66,0.24,0.2,180,0.22,19.0,,unavailable (no satellite pass / dataset error),
78.3,Good,Great,2026-10-08T12:41:38Z,97,Batemans Bay (Inside),2026-10-12T14:00:00Z,2026-10-13T01:00,15.7,185,40.7,0.1,0.42,5.0,55,0.66,0.3,0.2,180,-0.01,18.9,,unavailable (no satellite pass / dataset error),
80.7,Excellent,Great,2026-10-08T12:41:38Z,98,Batemans Bay (Inside),2026-10-12T15:00:00Z,2026-10-13T02:00,12.6,184,38.2,0.1,0.42,5.05,56,0.68,0.34,0.2,180,-0.21,18.9,,unavailable (no satellite pass / dataset error),
77.8,Good,Great,2026-10-08T12:41:38Z,99,Batemans Bay (Inside),2026-10-12T16:00:00Z,2026-10-13T03:00,13.0,184,35.6,0.1,0.46,5.55,88,0.9,0.58,0.3,225,-0.33,18.9,,unavailable (no satellite pass / dataset error),
74.3,Good,Great,2026-10-08T12:41:38Z,100,Batemans Bay (Inside),2026-10-12T17:00:00Z,2026-10-13T04:00,14.3,184,32.8,0.1,0.5,6.4,121,1.12,0.8,0.3,225,-0.33,18.8,,unavailable (no satellite pass / dataset error),
71.2,Good,Great,2026-10-08T12:41:38Z,101,Batemans Bay (Inside),2026-10-12T18:00:00Z,2026-10-13T05:00,15.2,185,30.6,0.1,0.54,6.85,153,1.34,1.04,0.3,225,-0.2,18.8,,unavailable (no satellite pass / dataset error),
68.2,Good,Great,2026-10-08T12:41:38Z,102,Batemans Bay (Inside),2026-10-12T19:00:00Z,2026-10-13T06:00,15.0,190,29.9,1.9,0.8,6.55,155,1.4,0.9,0.4,207,0.01,18.8,,unavailable (no satellite pass / dataset error),
65.2,Good,Doable,2026-10-08T12:41:38Z,103,Batemans Bay (Inside),2026-10-12T20:00:00Z,2026-10-13T07:00,14.5,195,30.2,1.9,1.04,5.9,157,1.46,0.74,0.6,198,0.27,18.8,,unavailable (no satellite pass / dataset error),
62.3,Good,Bit dodgy,2026-10-08T12:41:38Z,104,Batemans Bay (Inside),2026-10-12T21:00:00Z,2026-10-13T08:00,14.1,199,30.2,1.9,1.3,5.4,159,1.52,0.6,0.7,194,0.53,18.8,,unavailable (no satellite pass / dataset error),
63.1,Good,Bit dodgy,2026-10-08T12:41:38Z,105,Batemans Bay (Inside),2026-10-12T22:00:00Z,2026-10-13T09:00,13.5,199,29.9,0.1,1.3,5.2,159,1.48,0.46,0.7,194,0.73,18.8,,unavailable (no satellite pass / dataset error),
63.8,Good,Bit dodgy,2026-10-08T12:41:38Z,106,Batemans Bay (Inside),2026-10-12T23:00:00Z,2026-10-13T10:00,12.8,196,29.5,0.1,1.3,5.1,160,1.42,0.34,0.9,180,0.8,18.8,,unavailable (no satellite pass / dataset error),
64.7,Good,Bit dodgy,2026-10-08T12:41:38Z,107,Batemans Bay (Inside),2026-10-13T00:00:00Z,2026-10-13T11:00,12.1,190,29.5,0.1,1.3,5.05,160,1.38,0.2,0.9,180,0.73,18.8,,unavailable (no satellite pass / dataset error),
66.5,Good,Bit dodgy,2026-10-08T12:41:38Z,108,Batemans Bay (Inside),2026-10-13T01:00:00Z,2026-10-13T12:00,11.5,176,29.9,0.0,1.22,5.0,160,1.3,0.22,0.7,180,0.55,18.9,,unavailable (no satellite pass / dataset error),
66.5,Good,Doable,2026-10-08T12:41:38Z,109,Batemans Bay (Inside),2026-10-13T02:00:00Z,2026-10-13T13:00,12.1,159,30.6,0.0,1.12,4.95,160,1.24,0.22,0.7,180,0.29,18.9,,unavailable (no satellite pass / dataset error),
66.5,Good,Doable,2026-10-08T12:41:38Z,110,Batemans Bay (Inside),2026-10-13T03:00:00Z,2026-10-13T14:00,13.3,148,31.3,0.0,1.04,4.95,160,1.16,0.24,0.6,162,0.02,19.0,,unavailable (no satellite pass / dataset error),
65.7,Good,Doable,2026-10-08T12:41:38Z,111,Batemans Bay (Inside),2026-10-13T04:00:00Z,2026-10-13T15:00,14.4,146,32.8,0.3,0.98,4.85,159,1.12,0.26,0.6,162,-0.2,19.0,,unavailable (no satellite pass / dataset error),
65.9,Good,Doable,2026-10-08T12:41:38Z,112,Batemans Bay (Inside),2026-10-13T05:00:00Z,2026-10-13T16:00,15.0,147,34.2,0.3,0.94,4.8,159,1.06,0.28,0.4,153,-0.31,19.1,,unavailable (no satellite pass / dataset error),
66.5,Good,Doable,2026-10-08T12:41:38Z,113,Batemans Bay (Inside),2026-10-13T06:00:00Z,2026-10-13T17:00,14.8,148,34.9,0.3,0.88,4.9,158,1.02,0.3,0.3,135,-0.31,19.1,,unavailable (no satellite pass / dataset error),
67.5,Good,Great,2026-10-08T12:41:38Z,114,Batemans Bay (Inside),2026-10-13T07:00:00Z,2026-10-13T18:00,12.8,148,33.1,0.5,0.8,5.35,162,1.06,0.46,0.2,90,-0.2,19.1,,unavailable (no satellite pass / dataset error),
68.3,Good,Great,2026-10-08T12:41:38Z,115,Batemans Bay (Inside),2026-10-13T08:00:00Z,2026-10-13T19:00,10.0,147,30.6,0.5,0.7,5.9,167,1.12,0.64,0.4,63,-0.03,19.0,,unavailable (no satellite pass / dataset error),
68.2,Good,Great,2026-10-08T12:41:38Z,116,Batemans Bay (Inside),2026-10-13T09:00:00Z,2026-10-13T20:00,8.7,156,30.2,0.5,0.62,6.4,171,1.16,0.8,0.5,45,0.18,19.0,,unavailable (no satellite pass / dataset error),
62.6,Good,Great,2026-10-08T12:41:38Z,117,Batemans Bay (Inside),2026-10-13T10:00:00Z,2026-10-13T21:00,11.2,174,34.2,1.4,0.58,6.65,163,1.3,0.98,0.6,34,0.36,18.9,,unavailable (no satellite pass / dataset error),
55.1,Fair,Great,2026-10-08T12:41:38Z,118,Batemans Bay (Inside),2026-10-13T11:00:00Z,2026-10-13T22:00,16.1,186,40.7,1.4,0.52,6.8,155,1.44,1.14,0.6,34,0.47,18.9,,unavailable (no satellite pass / dataset error),
48.7,Fair,Great,2026-10-08T12:41:38Z,119,Batemans Bay (Inside),2026-10-13T12:00:00Z,2026-10-13T23:00,19.7,190,44.6,1.4,0.48,6.8,147,1.58,1.32,0.6,34,0.46,18.8,,unavailable (no satellite pass / dataset error),
71.6,Good,Getting rough,2026-10-08T12:41:38Z,0,Batemans Bay (Outside),2026-10-08T13:00:00Z,2026-10-09T00:00,8.6,292,15.1,0.0,1.7,7.5,135,1.74,0.0,1.4,203,-0.47,19.0,,unavailable (no satellite pass / dataset error),
73.1,Good,Getting rough,2026-10-08T12:41:38Z,1,Batemans Bay (Outside),2026-10-08T14:00:00Z,2026-10-09T01:00,7.3,301,14.0,0.0,1.7,7.45,135,1.76,0.0,1.2,207,-0.59,19.0,,unavailable (no satellite pass / dataset error),
72.7,Good,Getting rough,2026-10-08T12:41:38Z,2,Batemans Bay (Outside),2026-10-08T15:00:00Z,2026-10-09T02:00,7.3,300,12.6,0.0,1.7,7.5,136,1.8,0.0,1.2,207,-0.57,19.0,,unavailable (no satellite pass / dataset error),
71.6,Good,Getting rough,2026-10-08T12:41:38Z,3,Batemans Bay (Outside),2026-10-08T16:00:00Z,2026-10-09T03:00,8.3,290,15.1,0.0,1.76,7.65,135,1.82,0.0,1.2,207,-0.39,19.0,,unavailable (no satellite pass / dataset error),
71.9,Good,Getting rough,2026-10-08T12:41:38Z,4,Batemans Bay (Outside),2026-10-08T17:00:00Z,2026-10-09T04:00,7.5,285,15.8,0.0,1.8,7.9,133,1.86,0.0,1.2,207,-0.12,19.0,,unavailable (no satellite pass / dataset error),
71.9,Good,Getting rough,2026-10-08T12:41:38Z,5,Batemans Bay (Outside),2026-10-08T18:00:00Z,2026-10-09T05:00,7.3,286,14.8,0.0,1.86,8.05,132,1.88,0.0,1.2,207,0.2,19.0,,unavailable (no satellite pass / dataset error),
71.8,Good,Getting rough,2026-10-08T12:41:38Z,6,Batemans Bay (Outside),2026-10-08T19:00:00Z,2026-10-09T06:00,6.9,293,14.8,0.0,1.86,8.15,133,1.88,0.0,1.4,203,0.46,19.0,,unavailable (no satellite pass / dataset error),
72.1,Good,Getting rough,2026-10-08T12:41:38Z,7,Batemans Bay (Outside),2026-10-08T20:00:00Z,2026-10-09T07:00,6.3,297,14.4,0.0,1.84,8.2,134,1.9,0.0,1.4,203,0.62,19.0,,unavailable (no satellite pass / dataset error),
72.6,Good,Getting rough,2026-10-08T12:41:38Z,8,Batemans Bay (Outside),2026-10-08T21:00:00Z,2026-10-09T08:00,5.7,302,14.4,0.0,1.84,8.2,135,1.9,0.0,1.4,203,0.63,19.0,,unavailable (no satellite pass / dataset error),
74.5,Good,Getting rough,2026-10-08T12:41:38Z,9,Batemans Bay (Outside),2026-10-08T22:00:00Z,2026-10-09T09:00,3.6,340,14.8,0.0,1.84,8.2,135,1.9,0.02,1.4,203,0.5,19.0,,unavailable (no satellite pass / dataset error),
71.3,Good,Getting rough,2026-10-08T12:41:38Z,10,Batemans Bay (Outside),2026-10-08T23:00:00Z,2026-10-09T10:00,7.4,39,22.3,0.0,1.82,8.2,136,1.88,0.04,1.4,203,0.27,19.1,,unavailable (no satellite pass / dataset error),
69.4,Good,Getting rough,2026-10-08T12:41:38Z,11,Batemans Bay (Outside),2026-10-09T00:00:00Z,2026-10-09T11:00,9.5,54,27.0,0.0,1.82,8.15,136,1.88,0.06,1.4,203,0.0,19.1,,unavailable (no satellite pass / dataset error),
67.3,Good,Getting rough,2026-10-08T12:41:38Z,12,Batemans Bay (Outside),2026-10-09T01:00:00Z,2026-10-09T12:00,11.6,64,30.6,0.0,1.78,8.1,136,1.86,0.22,1.6,207,-0.24,19.1,,unavailable (no satellite pass / dataset error),
63.2,Good,Getting rough,2026-10-08T12:41:38Z,13,Batemans Bay (Outside),2026-10-09T02:00:00Z,2026-10-09T13:00,16.2,67,40.0,0.0,1.74,8.05,136,1.86,0.36,1.6,207,-0.39,19.1,,unavailable (no satellite pass / dataset error),
62.0,Good,Getting rough,2026-10-08T12:41:38Z,14,Batemans Bay (Outside),2026-10-09T03:00:00Z,2026-10-09T14:00,17.8,64,42.8,0.0,1.7,8.0,136,1.84,0.52,1.6,207,-0.39,19.1,,unavailable (no satellite pass / dataset error),
60.9,Good,Getting rough,2026-10-08T12:41:38Z,15,Batemans Bay (Outside),2026-10-09T04:00:00Z,2026-10-09T15:00,18.5,61,43.9,0.0,1.66,7.95,136,1.84,0.58,1.8,204,-0.25,19.1,,unavailable (no satellite pass / dataset error),
60.7,Good,Getting rough,2026-10-08T12:41:38Z,16,Batemans Bay (Outside),2026-10-09T05:00:00Z,2026-10-09T16:00,18.7,55,43.9,0.0,1.62,7.95,136,1.84,0.66,1.8,204,0.0,19.1,,unavailable (no satellite pass / dataset error),
61.9,Good,Getting rough,2026-10-08T12:41:38Z,17,Batemans Bay (Outside),2026-10-09T06:00:00Z,2026-10-09T17:00,17.6,43,43.6,0.0,1.58,7.9,136,1.84,0.72,1.7,198,0.29,19.1,,unavailable (no satellite pass / dataset error),
64.2,Good,Getting rough,2026-10-08T12:41:38Z,18,Batemans Bay (Outside),2026-10-09T07:00:00Z,2026-10-09T18:00,15.3,34,39.2,0.0,1.54,7.85,136,1.82,0.66,1.7,198,0.57,19.1,,unavailable (no satellite pass / dataset error),
67.9,Good,Bit dodgy,2026-10-08T12:41:38Z,19,Batemans Bay (Outside),2026-10-09T08:00:00Z,2026-10-09T19:00,11.6,21,32.8,0.0,1.48,7.8,136,1.78,0.62,1.7,198,0.75,19.1,,unavailable (no satellite pass / dataset error),
70.6,Good,Bit dodgy,2026-10-08T12:41:38Z,20,Batemans Bay (Outside),2026-10-09T09:00:00Z,2026-10-09T20:00,8.8,355,21.2,0.0,1.44,7.75,136,1.76,0.56,1.7,198,0.78,19.1,,unavailable (no satellite pass / dataset error),
72.9,Good,Bit dodgy,2026-10-08T12:41:38Z,21,Batemans Bay (Outside),2026-10-09T10:00:00Z,2026-10-09T21:00,7.1,344,14.4,0.0,1.4,7.7,136,1.72,0.48,1.5,194,0.65,19.1,,unavailable (no satellite pass / dataset error),
73.0,Good,Bit dodgy,2026-10-08T12:41:38Z,22,Batemans Bay (Outside),2026-10-09T11:00:00Z,2026-10-09T22:00,7.3,327,13.3,0.0,1.34,7.7,136,1.7,0.42,1.5,194,0.41,19.0,,unavailable (no satellite pass / dataset error),
76.8,Good,Bit dodgy,2026-10-08T12:41:38Z,23,Batemans Bay (Outside),2026-10-09T12:00:00Z,2026-10-09T23:00,4.0,321,11.5,0.0,1.3,7.65,136,1.66,0.34,1.3,196,0.11,19.0,,unavailable (no satellite pass / dataset error),
76.4,Good,Bit dodgy,2026-10-08T12:41:38Z,24,Batemans Bay (Outside),2026-10-09T13:00:00Z,2026-10-10T00:00,4.6,339,7.9,0.0,1.26,7.6,136,1.64,0.36,1.3,196,-0.18,19.0,,unavailable (no satellite pass / dataset error),
77.0,Good,Doable,2026-10-08T12:41:38Z,25,Batemans Bay (Outside),2026-10-09T14:00:00Z,2026-10-10T01:00,4.4,300,10.1,0.0,1.2,7.6,136,1.6,0.4,1.3,196,-0.39,19.0,,unavailable (no satellite pass / dataset error),
75.4,Good,Doable,2026-10-08T12:41:38Z,26,Batemans Bay (Outside),2026-10-09T15:00:00Z,2026-10-10T02:00,7.0,305,10.4,0.0,1.16,7.55,136,1.58,0.42,1.1,198,-0.45,19.0,,unavailable (no satellite pass / dataset error),
78.4,Good,Doable,2026-10-08T12:41:38Z,27,Batemans Bay (Outside),2026-10-09T16:00:00Z,2026-10-10T03:00,3.8,281,13.7,0.0,1.12,7.45,136,1.56,0.36,1.1,198,-0.35,18.9,,unavailable (no satellite pass / dataset error),
77.6,Good,Doable,2026-10-08T12:41:38Z,28,Batemans Bay (Outside),2026-10-09T17:00:00Z,2026-10-10T04:00,5.2,292,8.3,0.0,1.08,7.35,135,1.52,0.28,1.1,198,-0.13,18.9,,unavailable (no satellite pass / dataset error),
72.6,Good,Doable,2026-10-08T12:41:38Z,29,Batemans Bay (Outside),2026-10-09T18:00:00Z,2026-10-10T05:00,10.0,293,19.8,0.7,1.04,7.25,135,1.5,0.22,1.1,198,0.17,18.9,,unavailable (no satellite pass / dataset error),
73.1,Good,Doable,2026-10-08T12:41:38Z,30,Batemans Bay (Outside),2026-10-09T19:00:00Z,2026-10-10T06:00,8.8,31,27.7,0.8,1.0,7.2,134,1.46,0.28,1.1,198,0.48,18.9,,unavailable (no satellite pass / dataset error),
72.8,Good,Doable,2026-10-08T12:41:38Z,31,Batemans Bay (Outside),2026-10-09T20:00:00Z,2026-10-10T07:00,8.8,31,18.7,0.3,0.94,7.15,134,1.4,0.32,1.3,196,0.73,18.9,,unavailable (no satellite pass / dataset error),
68.7,Good,Doable,2026-10-08T12:41:38Z,32,Batemans Bay (Outside),2026-10-09T21:00:00Z,2026-10-10T08:00,13.5,5,22.3,0.3,0.9,7.1,133,1.36,0.38,1.3,196,0.84,18.9,,unavailable (no satellite pass / dataset error),
68.6,Good,Doable,2026-10-08T12:41:38Z,33,Batemans Bay (Outside),2026-10-09T22:00:00Z,2026-10-10T09:00,14.0,336,28.8,0.0,0.88,6.95,132,1.32,0.32,1.3,196,0.79,19.0,,unavailable (no satellite pass / dataset error),
70.9,Good,Doable,2026-10-08T12:41:38Z,34,Batemans Bay (Outside),2026-10-09T23:00:00Z,2026-10-10T10:00,11.7,323,25.9,0.0,0.84,6.8,130,1.3,0.28,1.3,196,0.61,19.0,,unavailable (no satellite pass / dataset error),
72.6,Good,Doable,2026-10-08T12:41:38Z,35,Batemans Bay (Outside),2026-10-10T00:00:00Z,2026-10-10T11:00,10.2,332,26.6,0.0,0.82,6.65,129,1.26,0.22,1.3,196,0.33,19.0,,unavailable (no satellite pass / dataset error),
70.3,Good,Great,2026-10-08T12:41:38Z,36,Batemans Bay (Outside),2026-10-10T01:00:00Z,2026-10-10T12:00,13.8,320,34.2,0.0,0.78,6.6,129,1.22,0.16,1.1,198,0.03,19.1,,unavailable (no satellite pass / dataset error),
63.2,Good,Great,2026-10-08T12:41:38Z,37,Batemans Bay (Outside),2026-10-10T02:00:00Z,2026-10-10T13:00,22.2,291,50.8,0.0,0.76,6.55,129,1.18,0.1,1.1,189,-0.22,19.1,,unavailable (no satellite pass / dataset error),
62.6,Good,Great,2026-10-08T12:41:38Z,38,Batemans Bay (Outside),2026-10-10T03:00:00Z,2026-10-10T14:00,23.3,296,54.4,0.0,0.72,6.5,129,1.14,0.04,1.1,189,-0.34,19.2,,unavailable (no satellite pass / dataset error),
65.2,Good,Great,2026-10-08T12:41:38Z,39,Batemans Bay (Outside),2026-10-10T04:00:00Z,2026-10-10T15:00,20.8,300,53.6,0.0,0.7,6.4,129,1.1,0.04,1.1,189,-0.32,19.3,,unavailable (no satellite pass / dataset error),
67.9,Good,Great,2026-10-08T12:41:38Z,40,Batemans Bay (Outside),2026-10-10T05:00:00Z,2026-10-10T16:00,18.6,288,46.8,0.0,0.68,6.3,129,1.08,0.02,0.9,191,-0.16,19.4,,unavailable (no satellite pass / dataset error),
71.2,Good,Great,2026-10-08T12:41:38Z,41,Batemans Bay (Outside),2026-10-10T06:00:00Z,2026-10-10T17:00,15.6,201,42.5,0.0,0.66,6.3,129,1.04,0.02,0.8,207,0.08,19.4,,unavailable (no satellite pass / dataset error),
67.9,Good,Great,2026-10-08T12:41:38Z,42,Batemans Bay (Outside),2026-10-10T07:00:00Z,2026-10-10T18:00,18.8,185,50.8,0.0,0.64,6.7,128,1.08,0.26,0.8,225,0.34,19.4,,unavailable (no satellite pass / dataset error),
70.6,Good,Great,2026-10-08T12:41:38Z,43,Batemans Bay (Outside),2026-10-10T08:00:00Z,2026-10-10T19:00,15.3,183,39.2,0.0,0.6,7.2,126,1.12,0.5,0.8,225,0.57,19.3,,unavailable (no satellite pass / dataset error),
70.0,Good,Great,2026-10-08T12:41:38Z,44,Batemans Bay (Outside),2026-10-10T09:00:00Z,2026-10-10T20:00,15.3,179,32.8,0.0,0.58,7.35,125,1.16,0.74,0.9,217,0.69,19.2,,unavailable (no satellite pass / dataset error),
71.3,Good,Doable,2026-10-08T12:41:38Z,45,Batemans Bay (Outside),2026-10-10T10:00:00Z,2026-10-10T21:00,13.0,182,29.5,0.0,0.82,6.7,129,1.24,0.62,0.9,217,0.66,19.1,,unavailable (no satellite pass / dataset error),
71.8,Good,Doable,2026-10-08T12:41:38Z,46,Batemans Bay (Outside),2026-10-10T11:00:00Z,2026-10-10T22:00,11.2,199,25.6,0.0,1.06,5.65,134,1.32,0.5,1.0,211,0.5,19.1,,unavailable (no satellite pass / dataset error),
73.2,Good,Bit dodgy,2026-10-08T12:41:38Z,47,Batemans Bay (Outside),2026-10-10T12:00:00Z,2026-10-10T23:00,8.8,206,20.5,0.0,1.3,4.9,138,1.4,0.38,1.0,211,0.23,19.0,,unavailable (no satellite pass / dataset error),
73.8,Good,Bit dodgy,2026-10-08T12:41:38Z,48,Batemans Bay (Outside),2026-10-10T13:00:00Z,2026-10-11T00:00,8.5,212,15.5,0.0,1.26,4.7,139,1.36,0.26,1.0,211,-0.06,19.0,,unavailable (no satellite pass / dataset error),
75.2,Good,Bit dodgy,2026-10-08T12:41:38Z,49,Batemans Bay (Outside),2026-10-10T14:00:00Z,2026-10-11T01:00,7.6,227,14.0,0.0,1.22,4.75,140,1.3,0.12,1.0,211,-0.32,19.0,,unavailable (no satellite pass / dataset error),
75.6,Good,Doable,2026-10-08T12:41:38Z,50,Batemans Bay (Outside),2026-10-10T15:00:00Z,2026-10-11T02:00,7.1,260,12.6,0.0,1.18,4.85,141,1.26,0.0,1.2,207,-0.46,18.9,,unavailable (no satellite pass / dataset error),
76.1,Good,Doable,2026-10-08T12:41:38Z,51,Batemans Bay (Outside),2026-10-10T16:00:00Z,2026-10-11T03:00,7.3,280,12.2,0.0,1.12,4.9,140,1.22,0.0,1.1,198,-0.46,18.9,,unavailable (no satellite pass / dataset error),
77.2,Good,Doable,2026-10-08T12:41:38Z,52,Batemans Bay (Outside),2026-10-10T17:00:00Z,2026-10-11T04:00,6.7,286,12.2,0.0,1.08,5.0,140,1.16,0.0,1.1,198,-0.32,18.9,,unavailable (no satellite pass / dataset error),
79.0,Good,Doable,2026-10-08T12:41:38Z,53,Batemans Bay (Outside),2026-10-10T18:00:00Z,2026-10-11T05:00,6.1,284,10.8,0.0,1.02,5.0,139,1.12,0.0,1.1,198,-0.07,18.9,,unavailable (no satellite pass / dataset error),
80.1,Excellent,Doable,2026-10-08T12:41:38Z,54,Batemans Bay (Outside),2026-10-10T19:00:00Z,2026-10-11T06:00,6.5,284,11.2,0.0,0.94,4.9,141,1.08,0.0,1.1,198,0.23,18.9,,unavailable (no satellite pass / dataset error),
81.0,Excellent,Doable,2026-10-08T12:41:38Z,55,Batemans Bay (Outside),2026-10-10T20:00:00Z,2026-10-11T07:00,6.1,302,12.2,0.0,0.88,4.7,144,1.06,0.0,1.1,198,0.51,19.0,,unavailable (no satellite pass / dataset error),
82.6,Excellent,Great,2026-10-08T12:41:38Z,56,Batemans Bay (Outside),2026-10-10T21:00:00Z,2026-10-11T08:00,5.2,338,12.2,0.0,0.8,4.6,146,1.02,0.0,1.1,198,0.69,19.0,,unavailable (no satellite pass / dataset error),
81.4,Excellent,Great,2026-10-08T12:41:38Z,57,Batemans Bay (Outside),2026-10-10T22:00:00Z,2026-10-11T09:00,6.7,14,19.1,0.0,0.76,4.55,147,1.0,0.02,1.1,198,0.74,19.0,,unavailable (no satellite pass / dataset error),
78.1,Good,Great,2026-10-08T12:41:38Z,58,Batemans Bay (Outside),2026-10-10T23:00:00Z,2026-10-11T10:00,10.4,39,26.6,0.0,0.72,4.55,148,1.0,0.06,1.1,198,0.63,19.0,,unavailable (no satellite pass / dataset error),
75.9,Good,Great,2026-10-08T12:41:38Z,59,Batemans Bay (Outside),2026-10-11T00:00:00Z,2026-10-11T11:00,13.1,57,33.1,0.0,0.68,4.65,149,0.98,0.08,1.1,198,0.4,19.1,,unavailable (no satellite pass / dataset error),
71.6,Good,Great,2026-10-08T12:41:38Z,60,Batemans Bay (Outside),2026-10-11T01:00:00Z,2026-10-11T12:00,17.5,73,42.1,0.0,0.62,4.95,139,1.0,0.24,1.2,207,0.1,19.1,,unavailable (no satellite pass / dataset error),
70.6,Good,Great,2026-10-08T12:41:38Z,61,Batemans Bay (Outside),2026-10-11T02:00:00Z,2026-10-11T13:00,18.4,65,44.6,0.0,0.58,5.35,130,1.02,0.38,1.2,207,-0.19,19.1,,unavailable (no satellite pass / dataset error),
66.5,Good,Great,2026-10-08T12:41:38Z,62,Batemans Bay (Outside),2026-10-11T03:00:00Z,2026-10-11T14:00,22.7,59,51.8,0.0,0.52,5.8,120,1.04,0.54,1.2,207,-0.4,19.2,,unavailable (no satellite pass / dataset error),
65.7,Good,Great,2026-10-08T12:41:38Z,63,Batemans Bay (Outside),2026-10-11T04:00:00Z,2026-10-11T15:00,23.2,52,53.3,0.0,0.48,6.45,120,1.08,0.64,1.2,207,-0.48,19.2,,unavailable (no satellite pass / dataset error),
65.0,Good,Great,2026-10-08T12:41:38Z,64,Batemans Bay (Outside),2026-10-11T05:00:00Z,2026-10-11T16:00,22.7,47,52.6,0.0,0.46,7.1,119,1.12,0.72,1.5,210,-0.41,19.2,,unavailable (no satellite pass / dataset error),
65.3,Good,Great,2026-10-08T12:41:38Z,65,Batemans Bay (Outside),2026-10-11T06:00:00Z,2026-10-11T17:00,21.9,41,50.8,0.0,0.42,7.3,119,1.16,0.82,1.5,210,-0.23,19.2,,unavailable (no satellite pass / dataset error),
67.3,Good,Great,2026-10-08T12:41:38Z,66,Batemans Bay (Outside),2026-10-11T07:00:00Z,2026-10-11T18:00,19.3,32,48.2,0.0,0.5,6.6,107,1.2,0.84,1.5,201,0.02,19.2,,unavailable (no satellite pass / dataset error),
68.2,Good,Great,2026-10-08T12:41:38Z,67,Batemans Bay (Outside),2026-10-11T08:00:00Z,2026-10-11T19:00,18.0,25,40.7,0.0,0.56,5.5,94,1.22,0.88,1.5,201,0.28,19.1,,unavailable (no satellite pass / dataset error),
69.7,Good,Great,2026-10-08T12:41:38Z,68,Batemans Bay (Outside),2026-10-11T09:00:00Z,2026-10-11T20:00,15.4,17,35.3,0.0,0.64,4.65,82,1.26,0.9,1.7,198,0.48,19.1,,unavailable (no satellite pass / dataset error),
73.6,Good,Great,2026-10-08T12:41:38Z,69,Batemans Bay (Outside),2026-10-11T10:00:00Z,2026-10-11T21:00,11.7,11,29.2,0.0,0.76,4.5,77,1.24,0.7,1.5,194,0.57,19.0,,unavailable (no satellite pass / dataset error),
75.9,Good,Doable,2026-10-08T12:41:38Z,70,Batemans Bay (Outside),2026-10-11T11:00:00Z,2026-10-11T22:00,9.6,354,21.2,0.0,0.9,4.6,73,1.2,0.48,1.5,194,0.52,19.0,,unavailable (no satellite pass / dataset error),
77.9,Good,Doable,2026-10-08T12:41:38Z,71,Batemans Bay (Outside),2026-10-11T12:00:00Z,2026-10-11T23:00,7.6,335,16.6,0.0,1.02,4.7,68,1.18,0.28,1.5,187,0.35,18.9,,unavailable (no satellite pass / dataset error),
79.2,Good,Doable,2026-10-08T12:41:38Z,72,Batemans Bay (Outside),2026-10-11T13:00:00Z,2026-10-12T00:00,7.1,317,12.6,0.0,0.98,4.5,66,1.14,0.2,1.3,188,0.1,18.9,,unavailable (no satellite pass / dataset error),
79.3,Good,Doable,2026-10-08T12:41:38Z,73,Batemans Bay (Outside),2026-10-11T14:00:00Z,2026-10-12T01:00,8.0,298,13.0,0.0,0.92,4.3,63,1.1,0.1,1.1,189,-0.15,18.9,,unavailable (no satellite pass / dataset error),
79.4,Good,Doable,2026-10-08T12:41:38Z,74,Batemans Bay (Outside),2026-10-11T15:00:00Z,2026-10-12T02:00,8.8,293,14.4,0.0,0.88,4.2,61,1.06,0.02,0.9,180,-0.34,18.8,,unavailable (no satellite pass / dataset error),
79.2,Good,Great,2026-10-08T12:41:38Z,75,Batemans Bay (Outside),2026-10-11T16:00:00Z,2026-10-12T03:00,10.0,306,16.9,0.0,0.8,4.4,70,1.02,0.04,0.7,180,-0.41,18.8,,unavailable (no satellite pass / dataset error),
79.8,Good,Great,2026-10-08T12:41:38Z,76,Batemans Bay (Outside),2026-10-11T17:00:00Z,2026-10-12T04:00,9.8,302,17.6,0.0,0.72,4.8,80,0.98,0.04,0.7,194,-0.33,18.8,,unavailable (no satellite pass / dataset error),
80.7,Excellent,Great,2026-10-08T12:41:38Z,77,Batemans Bay (Outside),2026-10-11T18:00:00Z,2026-10-12T05:00,9.3,297,16.9,0.0,0.64,5.1,89,0.94,0.06,0.7,194,-0.14,18.8,,unavailable (no satellite pass / dataset error),
81.2,Excellent,Great,2026-10-08T12:41:38Z,78,Batemans Bay (Outside),2026-10-11T19:00:00Z,2026-10-12T06:00,9.1,291,16.6,0.0,0.66,5.05,89,0.9,0.06,0.7,194,0.13,18.8,,unavailable (no satellite pass / dataset error),
81.3,Excellent,Great,2026-10-08T12:41:38Z,79,Batemans Bay (Outside),2026-10-11T20:00:00Z,2026-10-12T07:00,9.3,292,16.6,0.0,0.68,4.95,90,0.88,0.08,0.7,194,0.42,18.8,,unavailable (no satellite pass / dataset error),
83.3,Excellent,Great,2026-10-08T12:41:38Z,80,Batemans Bay (Outside),2026-10-11T21:00:00Z,2026-10-12T08:00,7.5,300,17.3,0.0,0.7,5.3,90,0.84,0.08,0.7,194,0.67,18.9,,unavailable (no satellite pass / dataset error),
84.6,Excellent,Great,2026-10-08T12:41:38Z,81,Batemans Bay (Outside),2026-10-11T22:00:00Z,2026-10-12T09:00,5.7,323,16.6,0.0,0.6,6.8,116,0.82,0.1,0.9,191,0.81,18.9,,unavailable (no satellite pass / dataset error),
85.8,Excellent,Great,2026-10-08T12:41:38Z,82,Batemans Bay (Outside),2026-10-11T23:00:00Z,2026-10-12T10:00,4.6,13,15.5,0.0,0.48,8.8,143,0.8,0.12,0.9,191,0.8,18.9,,unavailable (no satellite pass / dataset error),
84.0,Excellent,Great,2026-10-08T12:41:38Z,83,Batemans Bay (Outside),2026-10-12T00:00:00Z,2026-10-12T11:00,6.8,25,19.8,0.0,0.38,9.8,169,0.78,0.14,0.9,191,0.64,19.0,,unavailable (no satellite pass / dataset error),
81.8,Excellent,Great,2026-10-08T12:41:38Z,84,Batemans Bay (Outside),2026-10-12T01:00:00Z,2026-10-12T12:00,8.8,351,28.1,0.0,0.44,8.75,143,0.78,0.22,1.1,189,0.38,19.0,,unavailable (no satellite pass / dataset error),
76.4,Good,Great,2026-10-08T12:41:38Z,85,Batemans Bay (Outside),2026-10-12T02:00:00Z,2026-10-12T13:00,14.6,325,39.2,0.0,0.52,6.7,116,0.8,0.3,1.1,189,0.08,19.1,,unavailable (no satellite pass / dataset error),
72.3,Good,Great,2026-10-08T12:41:38Z,86,Batemans Bay (Outside),2026-10-12T03:00:00Z,2026-10-12T14:00,19.2,316,47.5,0.0,0.58,5.3,90,0.8,0.38,1.1,189,-0.18,19.2,,unavailable (no satellite pass / dataset error),
72.1,Good,Great,2026-10-08T12:41:38Z,87,Batemans Bay (Outside),2026-10-12T04:00:00Z,2026-10-12T15:00,19.3,316,50.4,0.1,0.54,5.2,96,0.8,0.34,1.1,180,-0.35,19.2,,unavailable (no satellite pass / dataset error),
74.2,Good,Great,2026-10-08T12:41:38Z,88,Batemans Bay (Outside),2026-10-12T05:00:00Z,2026-10-12T16:00,17.1,318,50.0,0.1,0.48,5.75,101,0.82,0.3,0.9,180,-0.4,19.3,,unavailable (no satellite pass / dataset error),
76.2,Good,Great,2026-10-08T12:41:38Z,89,Batemans Bay (Outside),2026-10-12T06:00:00Z,2026-10-12T17:00,14.7,323,48.2,0.1,0.44,6.45,107,0.82,0.26,0.9,180,-0.31,19.3,,unavailable (no satellite pass / dataset error),
77.3,Good,Great,2026-10-08T12:41:38Z,90,Batemans Bay (Outside),2026-10-12T07:00:00Z,2026-10-12T18:00,13.5,333,44.6,0.0,0.42,7.55,125,0.82,0.34,0.9,180,-0.13,19.3,,unavailable (no satellite pass / dataset error),
77.9,Good,Great,2026-10-08T12:41:38Z,91,Batemans Bay (Outside),2026-10-12T08:00:00Z,2026-10-12T19:00,12.8,346,39.2,0.0,0.4,8.85,142,0.82,0.4,0.9,191,0.1,19.3,,unavailable (no satellite pass / dataset error),
80.6,Excellent,Great,2026-10-08T12:41:38Z,92,Batemans Bay (Outside),2026-10-12T09:00:00Z,2026-10-12T20:00,9.8,355,36.4,0.0,0.38,9.35,160,0.82,0.48,0.9,180,0.32,19.2,,unavailable (no satellite pass / dataset error),
89.4,Excellent,Great,2026-10-08T12:41:38Z,93,Batemans Bay (Outside),2026-10-12T10:00:00Z,2026-10-12T21:00,0.9,307,38.2,0.0,0.4,8.2,122,0.78,0.42,0.7,180,0.46,19.1,,unavailable (no satellite pass / dataset error),
80.5,Excellent,Great,2026-10-08T12:41:38Z,94,Batemans Bay (Outside),2026-10-12T11:00:00Z,2026-10-12T22:00,11.6,188,42.1,0.0,0.42,6.25,83,0.76,0.36,0.5,180,0.5,19.1,,unavailable (no satellite pass / dataset error),
73.9,Good,Great,2026-10-08T12:41:38Z,95,Batemans Bay (Outside),2026-10-12T12:00:00Z,2026-10-12T23:00,19.7,186,44.3,0.0,0.44,4.75,45,0.72,0.3,0.4,180,0.4,19.0,,unavailable (no satellite pass / dataset error),
73.8,Good,Great,2026-10-08T12:41:38Z,96,Batemans Bay (Outside),2026-10-12T13:00:00Z,2026-10-13T00:00,19.7,185,43.2,0.1,0.44,4.3,47,0.76,0.4,0.2,180,0.22,19.0,,unavailable (no satellite pass / dataset error),
76.9,Good,Great,2026-10-08T12:41:38Z,97,Batemans Bay (Outside),2026-10-12T14:00:00Z,2026-10-13T01:00,15.7,185,40.7,0.1,0.42,4.3,49,0.8,0.48,0.2,180,-0.01,18.9,,unavailable (no satellite pass / dataset error),
79.1,Good,Great,2026-10-08T12:41:38Z,98,Batemans Bay (Outside),2026-10-12T15:00:00Z,2026-10-13T02:00,12.6,184,38.2,0.1,0.42,4.55,51,0.84,0.58,0.2,180,-0.21,18.9,,unavailable (no satellite pass / dataset error),
76.4,Good,Great,2026-10-08T12:41:38Z,99,Batemans Bay (Outside),2026-10-12T16:00:00Z,2026-10-13T03:00,13.0,184,35.6,0.1,0.46,5.15,77,1.04,0.78,0.3,225,-0.33,18.9,,unavailable (no satellite pass / dataset error),
72.9,Good,Great,2026-10-08T12:41:38Z,100,Batemans Bay (Outside),2026-10-12T17:00:00Z,2026-10-13T04:00,14.3,184,32.8,0.1,0.5,6.0,102,1.26,1.0,0.3,225,-0.33,18.8,,unavailable (no satellite pass / dataset error),
70.0,Good,Great,2026-10-08T12:41:38Z,101,Batemans Bay (Outside),2026-10-12T18:00:00Z,2026-10-13T05:00,15.2,185,30.6,0.1,0.54,6.55,128,1.46,1.2,0.3,225,-0.2,18.8,,unavailable (no satellite pass / dataset error),
67.2,Good,Great,2026-10-08T12:41:38Z,102,Batemans Bay (Outside),2026-10-12T19:00:00Z,2026-10-13T06:00,15.0,190,29.9,1.9,0.76,6.4,135,1.5,1.02,0.4,207,0.01,18.8,,unavailable (no satellite pass / dataset error),
64.4,Good,Doable,2026-10-08T12:41:38Z,103,Batemans Bay (Outside),2026-10-12T20:00:00Z,2026-10-13T07:00,14.5,195,30.2,1.9,0.98,5.95,143,1.54,0.84,0.6,198,0.27,18.8,,unavailable (no satellite pass / dataset error),
61.7,Good,Doable,2026-10-08T12:41:38Z,104,Batemans Bay (Outside),2026-10-12T21:00:00Z,2026-10-13T08:00,14.1,199,30.2,1.9,1.2,5.55,150,1.58,0.66,0.7,194,0.53,18.8,,unavailable (no satellite pass / dataset error),
62.7,Good,Bit dodgy,2026-10-08T12:41:38Z,105,Batemans Bay (Outside),2026-10-12T22:00:00Z,2026-10-13T09:00,13.5,199,29.9,0.1,1.24,5.3,153,1.52,0.52,0.7,194,0.73,18.8,,unavailable (no satellite pass / dataset error),
63.4,Good,Bit dodgy,2026-10-08T12:41:38Z,106,Batemans Bay (Outside),2026-10-12T23:00:00Z,2026-10-13T10:00,12.8,196,29.5,0.1,1.26,5.15,156,1.46,0.4,0.9,180,0.8,18.8,,unavailable (no satellite pass / dataset error),
64.5,Good,Bit dodgy,2026-10-08T12:41:38Z,107,Batemans Bay (Outside),2026-10-13T00:00:00Z,2026-10-13T11:00,12.1,190,29.5,0.1,1.3,5.0,159,1.4,0.26,0.9,180,0.73,18.8,,unavailable (no satellite pass / dataset error),
66.3,Good,Bit dodgy,2026-10-08T12:41:38Z,108,Batemans Bay (Outside),2026-10-13T01:00:00Z,2026-10-13T12:00,11.5,176,29.9,0.0,1.22,4.95,159,1.32,0.26,0.7,180,0.55,18.9,,unavailable (no satellite pass / dataset error),
66.5,Good,Doable,2026-10-08T12:41:38Z,109,Batemans Bay (Outside),2026-10-13T02:00:00Z,2026-10-13T13:00,12.1,159,30.6,0.0,1.12,4.95,158,1.24,0.26,0.7,180,0.29,18.9,,unavailable (no satellite pass / dataset error),
66.5,Good,Doable,2026-10-08T12:41:38Z,110,Batemans Bay (Outside),2026-10-13T03:00:00Z,2026-10-13T14:00,13.3,148,31.3,0.0,1.04,4.95,158,1.16,0.26,0.6,162,0.02,19.0,,unavailable (no satellite pass / dataset error),
65.7,Good,Doable,2026-10-08T12:41:38Z,111,Batemans Bay (Outside),2026-10-13T04:00:00Z,2026-10-13T15:00,14.4,146,32.8,0.3,0.96,4.9,157,1.12,0.32,0.6,162,-0.2,19.0,,unavailable (no satellite pass / dataset error),
65.7,Good,Doable,2026-10-08T12:41:38Z,112,Batemans Bay (Outside),2026-10-13T05:00:00Z,2026-10-13T16:00,15.0,147,34.2,0.3,0.9,4.8,156,1.08,0.4,0.4,153,-0.31,19.1,,unavailable (no satellite pass / dataset error),
66.3,Good,Doable,2026-10-08T12:41:38Z,113,Batemans Bay (Outside),2026-10-13T06:00:00Z,2026-10-13T17:00,14.8,148,34.9,0.3,0.82,5.05,155,1.04,0.46,0.3,135,-0.31,19.1,,unavailable (no satellite pass / dataset error),
66.9,Good,Great,2026-10-08T12:41:38Z,114,Batemans Bay (Outside),2026-10-13T07:00:00Z,2026-10-13T18:00,12.8,148,33.1,0.5,0.66,5.9,160,1.12,0.66,0.2,90,-0.2,19.1,,unavailable (no satellite pass / dataset error),
67.5,Good,Great,2026-10-08T12:41:38Z,115,Batemans Bay (Outside),2026-10-13T08:00:00Z,2026-10-13T19:00,10.0,147,30.6,0.5,0.52,7.0,165,1.2,0.86,0.4,63,-0.03,19.0,,unavailable (no satellite pass / dataset error),
67.0,Good,Great,2026-10-08T12:41:38Z,116,Batemans Bay (Outside),2026-10-13T09:00:00Z,2026-10-13T20:00,8.7,156,30.2,0.5,0.36,7.7,170,1.28,1.06,0.5,45,0.18,19.0,,unavailable (no satellite pass / dataset error),
61.6,Good,Great,2026-10-08T12:41:38Z,117,Batemans Bay (Outside),2026-10-13T10:00:00Z,2026-10-13T21:00,11.2,174,34.2,1.4,0.42,7.65,162,1.4,1.16,0.6,34,0.36,18.9,,unavailable (no satellite pass / dataset error),
54.3,Fair,Great,2026-10-08T12:41:38Z,118,Batemans Bay (Outside),2026-10-13T11:00:00Z,2026-10-13T22:00,16.1,186,40.7,1.4,0.46,7.25,155,1.52,1.24,0.6,34,0.47,18.9,,unavailable (no satellite pass / dataset error),
48.1,Fair,Great,2026-10-08T12:41:38Z,119,Batemans Bay (Outside),2026-10-13T12:00:00Z,2026-10-13T23:00,19.7,190,44.6,1.4,0.52,6.8,147,1.64,1.34,0.6,34,0.46,18.8,,unavailable (no satellite pass / dataset error),
75.8,Good,Bit dodgy,2026-10-08T12:41:38Z,0,Ulladulla,2026-10-08T13:00:00Z,2026-10-09T00:00,8.7,291,16.9,0.0,1.3,7.45,143,1.4,0.0,1.0,211,-0.45,18.8,,unavailable (no satellite pass / dataset error),
78.0,Good,Bit dodgy,2026-10-08T12:41:38Z,1,Ulladulla,2026-10-08T14:00:00Z,2026-10-09T01:00,6.0,291,16.2,0.0,1.3,7.55,142,1.42,0.0,1.0,211,-0.58,18.8,,unavailable (no satellite pass / dataset error),
78.7,Good,Bit dodgy,2026-10-08T12:41:38Z,2,Ulladulla,2026-10-08T15:00:00Z,2026-10-09T02:00,5.2,286,12.6,0.0,1.32,7.7,142,1.44,0.0,0.9,217,-0.55,18.8,,unavailable (no satellite pass / dataset error),
77.3,Good,Bit dodgy,2026-10-08T12:41:38Z,3,Ulladulla,2026-10-08T16:00:00Z,2026-10-09T03:00,6.6,286,13.7,0.0,1.34,7.8,142,1.46,0.0,0.9,217,-0.38,18.7,,unavailable (no satellite pass / dataset error),
76.4,Good,Bit dodgy,2026-10-08T12:41:38Z,4,Ulladulla,2026-10-08T17:00:00Z,2026-10-09T04:00,7.1,286,15.5,0.0,1.36,7.9,141,1.5,0.0,0.9,217,-0.1,18.7,,unavailable (no satellite pass / dataset error),
76.6,Good,Bit dodgy,2026-10-08T12:41:38Z,5,Ulladulla,2026-10-08T18:00:00Z,2026-10-09T05:00,6.7,286,15.5,0.0,1.38,8.0,141,1.52,0.0,0.9,217,0.21,18.7,,unavailable (no satellite pass / dataset error),
76.4,Good,Bit dodgy,2026-10-08T12:41:38Z,6,Ulladulla,2026-10-08T19:00:00Z,2026-10-09T06:00,6.7,289,15.8,0.0,1.4,8.05,141,1.54,0.0,0.9,217,0.48,18.7,,unavailable (no satellite pass / dataset error),
77.3,Good,Bit dodgy,2026-10-08T12:41:38Z,7,Ulladulla,2026-10-08T20:00:00Z,2026-10-09T07:00,5.4,291,15.5,0.0,1.4,8.1,140,1.56,0.0,0.9,217,0.64,18.7,,unavailable (no satellite pass / dataset error),
79.3,Good,Bit dodgy,2026-10-08T12:41:38Z,8,Ulladulla,2026-10-08T21:00:00Z,2026-10-09T08:00,3.0,303,14.0,0.0,1.42,8.15,140,1.58,0.0,0.9,217,0.65,18.8,,unavailable (no satellite pass / dataset error),
78.6,Good,Bit dodgy,2026-10-08T12:41:38Z,9,Ulladulla,2026-10-08T22:00:00Z,2026-10-09T09:00,3.8,65,13.3,0.0,1.42,8.2,140,1.58,0.02,0.9,217,0.51,18.8,,unavailable (no satellite pass / dataset error),
74.8,Good,Bit dodgy,2026-10-08T12:41:38Z,10,Ulladulla,2026-10-08T23:00:00Z,2026-10-09T10:00,7.5,63,21.2,0.0,1.4,8.2,140,1.56,0.02,1.2,219,0.28,18.8,,unavailable (no satellite pass / dataset error),
72.2,Good,Bit dodgy,2026-10-08T12:41:38Z,11,Ulladulla,2026-10-09T00:00:00Z,2026-10-09T11:00,10.4,64,27.0,0.0,1.4,8.2,140,1.56,0.04,1.2,219,0.0,18.8,,unavailable (no satellite pass / dataset error),
68.1,Good,Bit dodgy,2026-10-08T12:41:38Z,12,Ulladulla,2026-10-09T01:00:00Z,2026-10-09T12:00,14.6,70,34.6,0.0,1.38,8.2,140,1.56,0.16,1.4,220,-0.24,18.9,,unavailable (no satellite pass / dataset error),
65.1,Good,Bit dodgy,2026-10-08T12:41:38Z,13,Ulladulla,2026-10-09T02:00:00Z,2026-10-09T13:00,17.7,70,40.7,0.0,1.34,8.15,141,1.56,0.3,1.5,216,-0.39,18.9,,unavailable (no satellite pass / dataset error),
65.0,Good,Bit dodgy,2026-10-08T12:41:38Z,14,Ulladulla,2026-10-09T03:00:00Z,2026-10-09T14:00,17.8,67,41.0,0.0,1.32,8.1,141,1.56,0.42,1.5,216,-0.39,18.9,,unavailable (no satellite pass / dataset error),
64.3,Good,Bit dodgy,2026-10-08T12:41:38Z,15,Ulladulla,2026-10-09T04:00:00Z,2026-10-09T15:00,18.8,61,42.1,0.0,1.28,8.1,141,1.54,0.44,1.5,216,-0.25,19.0,,unavailable (no satellite pass / dataset error),
63.3,Good,Bit dodgy,2026-10-08T12:41:38Z,16,Ulladulla,2026-10-09T05:00:00Z,2026-10-09T16:00,19.7,56,43.6,0.0,1.24,8.05,141,1.54,0.46,1.6,207,0.0,19.0,,unavailable (no satellite pass / dataset error),
64.7,Good,Doable,2026-10-08T12:41:38Z,17,Ulladulla,2026-10-09T06:00:00Z,2026-10-09T17:00,18.3,45,43.6,0.0,1.2,8.05,141,1.52,0.48,1.6,207,0.3,19.0,,unavailable (no satellite pass / dataset error),
68.9,Good,Doable,2026-10-08T12:41:38Z,18,Ulladulla,2026-10-09T07:00:00Z,2026-10-09T18:00,14.6,27,39.6,0.0,1.14,8.0,141,1.48,0.42,1.4,203,0.58,19.0,,unavailable (no satellite pass / dataset error),
70.6,Good,Doable,2026-10-08T12:41:38Z,19,Ulladulla,2026-10-09T08:00:00Z,2026-10-09T19:00,12.9,21,30.2,0.0,1.1,7.95,142,1.46,0.34,1.4,203,0.76,18.9,,unavailable (no satellite pass / dataset error),
71.0,Good,Doable,2026-10-08T12:41:38Z,20,Ulladulla,2026-10-09T09:00:00Z,2026-10-09T20:00,12.9,18,25.2,0.0,1.04,7.9,142,1.42,0.28,1.4,203,0.79,18.9,,unavailable (no satellite pass / dataset error),
71.8,Good,Doable,2026-10-08T12:41:38Z,21,Ulladulla,2026-10-09T10:00:00Z,2026-10-09T21:00,13.0,10,24.5,0.0,1.0,7.85,143,1.38,0.26,1.2,207,0.66,18.8,,unavailable (no satellite pass / dataset error),
73.0,Good,Doable,2026-10-08T12:41:38Z,22,Ulladulla,2026-10-09T11:00:00Z,2026-10-09T22:00,11.9,3,23.8,0.0,0.94,7.85,145,1.36,0.26,1.2,207,0.41,18.8,,unavailable (no satellite pass / dataset error),
73.9,Good,Doable,2026-10-08T12:41:38Z,23,Ulladulla,2026-10-09T12:00:00Z,2026-10-09T23:00,11.3,9,21.6,0.0,0.9,7.8,146,1.32,0.24,1.2,207,0.11,18.7,,unavailable (no satellite pass / dataset error),
75.6,Good,Doable,2026-10-08T12:41:38Z,24,Ulladulla,2026-10-09T13:00:00Z,2026-10-10T00:00,10.4,2,20.9,0.0,0.86,7.7,146,1.28,0.2,1.0,211,-0.18,18.7,,unavailable (no satellite pass / dataset error),
74.3,Good,Doable,2026-10-08T12:41:38Z,25,Ulladulla,2026-10-09T14:00:00Z,2026-10-10T01:00,12.1,4,20.9,0.0,0.82,7.55,145,1.26,0.16,1.0,202,-0.39,18.7,,unavailable (no satellite pass / dataset error),
78.9,Good,Great,2026-10-08T12:41:38Z,26,Ulladulla,2026-10-09T15:00:00Z,2026-10-10T02:00,7.3,350,24.5,0.0,0.78,7.45,145,1.22,0.12,1.0,202,-0.45,18.7,,unavailable (no satellite pass / dataset error),
78.9,Good,Great,2026-10-08T12:41:38Z,27,Ulladulla,2026-10-09T16:00:00Z,2026-10-10T03:00,8.1,356,15.8,0.0,0.76,7.4,145,1.2,0.08,0.8,207,-0.35,18.6,,unavailable (no satellite pass / dataset error),
83.4,Excellent,Great,2026-10-08T12:41:38Z,28,Ulladulla,2026-10-09T17:00:00Z,2026-10-10T04:00,3.5,332,15.1,0.0,0.72,7.4,146,1.16,0.04,0.8,207,-0.12,18.6,,unavailable (no satellite pass / dataset error),
82.2,Excellent,Great,2026-10-08T12:41:38Z,29,Ulladulla,2026-10-09T18:00:00Z,2026-10-10T05:00,3.8,275,20.2,0.9,0.7,7.4,146,1.14,0.0,0.8,207,0.18,18.6,,unavailable (no satellite pass / dataset error),
78.9,Good,Great,2026-10-08T12:41:38Z,30,Ulladulla,2026-10-09T19:00:00Z,2026-10-10T06:00,4.1,146,25.2,3.1,0.68,7.4,146,1.1,0.0,0.6,214,0.49,18.6,,unavailable (no satellite pass / dataset error),
79.8,Good,Great,2026-10-08T12:41:38Z,31,Ulladulla,2026-10-09T20:00:00Z,2026-10-10T07:00,3.4,72,8.3,0.0,0.66,7.4,145,1.08,0.02,0.6,214,0.73,18.6,,unavailable (no satellite pass / dataset error),
70.4,Good,Great,2026-10-08T12:41:38Z,32,Ulladulla,2026-10-09T21:00:00Z,2026-10-10T08:00,8.9,66,16.9,3.7,0.64,7.25,145,1.04,0.02,0.7,194,0.85,18.6,,unavailable (no satellite pass / dataset error),
71.8,Good,Great,2026-10-08T12:41:38Z,33,Ulladulla,2026-10-09T22:00:00Z,2026-10-10T09:00,7.5,340,15.5,0.0,0.66,6.85,125,1.02,0.02,0.7,194,0.8,18.7,,unavailable (no satellite pass / dataset error),
67.6,Good,Great,2026-10-08T12:41:38Z,34,Ulladulla,2026-10-09T23:00:00Z,2026-10-10T10:00,13.0,305,23.0,0.0,0.68,6.35,105,0.98,0.02,0.6,198,0.62,18.7,,unavailable (no satellite pass / dataset error),
73.2,Good,Great,2026-10-08T12:41:38Z,35,Ulladulla,2026-10-10T00:00:00Z,2026-10-10T11:00,6.9,337,28.1,0.0,0.7,6.0,85,0.96,0.02,0.6,198,0.33,18.7,,unavailable (no satellite pass / dataset error),
74.7,Good,Great,2026-10-08T12:41:38Z,36,Ulladulla,2026-10-10T01:00:00Z,2026-10-10T12:00,5.2,22,16.9,0.0,0.68,5.9,88,0.94,0.06,0.7,180,0.03,18.8,,unavailable (no satellite pass / dataset error),
65.5,Good,Great,2026-10-08T12:41:38Z,37,Ulladulla,2026-10-10T02:00:00Z,2026-10-10T13:00,16.5,283,41.0,0.0,0.68,6.0,90,0.9,0.12,0.5,180,-0.22,18.9,,unavailable (no satellite pass / dataset error),
61.7,Good,Great,2026-10-08T12:41:38Z,38,Ulladulla,2026-10-10T03:00:00Z,2026-10-10T14:00,20.7,270,48.2,0.0,0.66,6.0,93,0.88,0.16,0.6,162,-0.35,19.0,,unavailable (no satellite pass / dataset error),
63.4,Good,Great,2026-10-08T12:41:38Z,39,Ulladulla,2026-10-10T04:00:00Z,2026-10-10T15:00,19.0,276,44.6,0.0,0.66,5.9,97,0.86,0.2,0.6,146,-0.33,19.1,,unavailable (no satellite pass / dataset error),
64.3,Good,Great,2026-10-08T12:41:38Z,40,Ulladulla,2026-10-10T05:00:00Z,2026-10-10T16:00,18.2,279,41.0,0.0,0.64,5.75,100,0.84,0.26,0.6,146,-0.17,19.1,,unavailable (no satellite pass / dataset error),
64.3,Good,Great,2026-10-08T12:41:38Z,41,Ulladulla,2026-10-10T06:00:00Z,2026-10-10T17:00,18.7,288,40.0,0.0,0.64,5.7,104,0.82,0.3,0.5,135,0.09,19.2,,unavailable (no satellite pass / dataset error),
66.2,Good,Great,2026-10-08T12:41:38Z,42,Ulladulla,2026-10-10T07:00:00Z,2026-10-10T18:00,17.5,292,40.3,0.0,0.6,5.85,100,0.78,0.26,0.3,135,0.37,19.2,,unavailable (no satellite pass / dataset error),
66.9,Good,Great,2026-10-08T12:41:38Z,43,Ulladulla,2026-10-10T08:00:00Z,2026-10-10T19:00,17.8,207,37.1,0.0,0.56,6.05,96,0.76,0.2,0.0,90,0.59,19.1,,unavailable (no satellite pass / dataset error),
65.2,Good,Great,2026-10-08T12:41:38Z,44,Ulladulla,2026-10-10T09:00:00Z,2026-10-10T20:00,19.6,199,40.7,0.0,0.52,6.05,92,0.72,0.16,0.2,0,0.7,19.0,,unavailable (no satellite pass / dataset error),
69.3,Good,Great,2026-10-08T12:41:38Z,45,Ulladulla,2026-10-10T10:00:00Z,2026-10-10T21:00,13.9,218,39.6,0.0,0.6,5.5,113,0.8,0.16,0.3,315,0.68,19.0,,unavailable (no satellite pass / dataset error),
71.3,Good,Great,2026-10-08T12:41:38Z,46,Ulladulla,2026-10-10T11:00:00Z,2026-10-10T22:00,10.5,218,27.0,0.0,0.7,4.75,134,0.88,0.16,0.4,297,0.51,18.9,,unavailable (no satellite pass / dataset error),
71.0,Good,Great,2026-10-08T12:41:38Z,47,Ulladulla,2026-10-10T12:00:00Z,2026-10-10T23:00,9.9,232,20.2,0.0,0.78,4.2,155,0.96,0.16,0.4,270,0.24,18.8,,unavailable (no satellite pass / dataset error),
72.4,Good,Doable,2026-10-08T12:41:38Z,48,Ulladulla,2026-10-10T13:00:00Z,2026-10-11T00:00,7.8,236,18.7,0.0,0.84,4.15,153,0.98,0.1,0.5,270,-0.06,18.8,,unavailable (no satellite pass / dataset error),
72.1,Good,Doable,2026-10-08T12:41:38Z,49,Ulladulla,2026-10-10T14:00:00Z,2026-10-11T01:00,7.5,259,15.1,0.0,0.88,4.3,151,1.02,0.06,0.6,252,-0.32,18.8,,unavailable (no satellite pass / dataset error),
70.8,Good,Doable,2026-10-08T12:41:38Z,50,Ulladulla,2026-10-10T15:00:00Z,2026-10-11T02:00,8.7,283,16.6,0.0,0.94,4.45,149,1.04,0.0,0.6,236,-0.46,18.7,,unavailable (no satellite pass / dataset error),
71.3,Good,Doable,2026-10-08T12:41:38Z,51,Ulladulla,2026-10-10T16:00:00Z,2026-10-11T03:00,8.4,281,16.9,0.0,0.92,4.55,147,1.02,0.0,0.6,236,-0.46,18.7,,unavailable (no satellite pass / dataset error),
72.5,Good,Doable,2026-10-08T12:41:38Z,52,Ulladulla,2026-10-10T17:00:00Z,2026-10-11T04:00,7.5,285,15.8,0.0,0.9,4.65,146,0.98,0.0,0.6,214,-0.32,18.7,,unavailable (no satellite pass / dataset error),
74.8,Good,Doable,2026-10-08T12:41:38Z,53,Ulladulla,2026-10-10T18:00:00Z,2026-10-11T05:00,6.4,288,14.0,0.0,0.88,4.7,144,0.96,0.0,0.6,214,-0.06,18.7,,unavailable (no satellite pass / dataset error),
79.5,Good,Doable,2026-10-08T12:41:38Z,54,Ulladulla,2026-10-10T19:00:00Z,2026-10-11T06:00,5.2,290,12.2,0.0,0.84,4.65,144,0.94,0.0,0.8,207,0.24,18.7,,unavailable (no satellite pass / dataset error),
80.6,Excellent,Great,2026-10-08T12:41:38Z,55,Ulladulla,2026-10-10T20:00:00Z,2026-10-11T07:00,4.4,291,10.1,0.0,0.8,4.6,145,0.92,0.0,0.7,194,0.52,18.8,,unavailable (no satellite pass / dataset error),
86.9,Excellent,Great,2026-10-08T12:41:38Z,56,Ulladulla,2026-10-10T21:00:00Z,2026-10-11T08:00,2.7,337,10.1,0.0,0.76,4.65,145,0.9,0.0,0.7,194,0.7,18.8,,unavailable (no satellite pass / dataset error),
83.0,Excellent,Great,2026-10-08T12:41:38Z,57,Ulladulla,2026-10-10T22:00:00Z,2026-10-11T09:00,7.3,48,19.1,0.0,0.7,4.95,132,0.88,0.02,0.7,194,0.75,18.9,,unavailable (no satellite pass / dataset error),
79.9,Good,Great,2026-10-08T12:41:38Z,58,Ulladulla,2026-10-10T23:00:00Z,2026-10-11T10:00,11.3,46,28.1,0.0,0.62,5.4,118,0.84,0.06,0.7,194,0.64,18.9,,unavailable (no satellite pass / dataset error),
76.4,Good,Great,2026-10-08T12:41:38Z,59,Ulladulla,2026-10-11T00:00:00Z,2026-10-11T11:00,15.4,79,35.3,0.0,0.56,5.75,105,0.82,0.08,0.7,194,0.4,18.9,,unavailable (no satellite pass / dataset error),
71.4,Good,Great,2026-10-08T12:41:38Z,60,Ulladulla,2026-10-11T01:00:00Z,2026-10-11T12:00,20.8,78,45.7,0.0,0.54,5.9,105,0.82,0.18,0.8,207,0.1,19.0,,unavailable (no satellite pass / dataset error),
68.5,Good,Great,2026-10-08T12:41:38Z,61,Ulladulla,2026-10-11T02:00:00Z,2026-10-11T13:00,23.2,71,50.8,0.0,0.52,5.95,106,0.84,0.28,1.0,211,-0.19,19.0,,unavailable (no satellite pass / dataset error),
68.1,Good,Great,2026-10-08T12:41:38Z,62,Ulladulla,2026-10-11T03:00:00Z,2026-10-11T14:00,23.7,67,52.2,0.0,0.5,6.0,106,0.84,0.38,1.0,211,-0.4,19.0,,unavailable (no satellite pass / dataset error),
69.0,Good,Great,2026-10-08T12:41:38Z,63,Ulladulla,2026-10-11T04:00:00Z,2026-10-11T15:00,22.5,64,51.1,0.0,0.48,6.1,106,0.86,0.42,1.0,211,-0.48,19.0,,unavailable (no satellite pass / dataset error),
70.6,Good,Great,2026-10-08T12:41:38Z,64,Ulladulla,2026-10-11T05:00:00Z,2026-10-11T16:00,20.5,59,49.0,0.0,0.48,6.25,107,0.88,0.44,1.0,211,-0.41,19.0,,unavailable (no satellite pass / dataset error),
71.1,Good,Great,2026-10-08T12:41:38Z,65,Ulladulla,2026-10-11T06:00:00Z,2026-10-11T17:00,19.1,52,44.6,0.0,0.46,6.05,107,0.9,0.48,1.2,207,-0.23,19.0,,unavailable (no satellite pass / dataset error),
74.2,Good,Great,2026-10-08T12:41:38Z,66,Ulladulla,2026-10-11T07:00:00Z,2026-10-11T18:00,15.7,38,41.0,0.0,0.5,5.3,98,0.9,0.44,1.2,207,0.02,19.0,,unavailable (no satellite pass / dataset error),
75.1,Good,Great,2026-10-08T12:41:38Z,67,Ulladulla,2026-10-11T08:00:00Z,2026-10-11T19:00,14.7,26,33.1,0.0,0.56,4.3,90,0.9,0.38,1.2,207,0.29,19.0,,unavailable (no satellite pass / dataset error),
75.9,Good,Great,2026-10-08T12:41:38Z,68,Ulladulla,2026-10-11T09:00:00Z,2026-10-11T20:00,14.0,15,28.4,0.0,0.6,3.6,81,0.9,0.34,1.1,198,0.49,19.0,,unavailable (no satellite pass / dataset error),
78.5,Good,Great,2026-10-08T12:41:38Z,69,Ulladulla,2026-10-11T10:00:00Z,2026-10-11T21:00,11.3,358,27.0,0.0,0.64,3.45,79,0.88,0.26,1.1,198,0.58,18.9,,unavailable (no satellite pass / dataset error),
79.7,Good,Great,2026-10-08T12:41:38Z,70,Ulladulla,2026-10-11T11:00:00Z,2026-10-11T22:00,10.0,351,21.2,0.0,0.66,3.6,76,0.88,0.2,1.1,198,0.53,18.9,,unavailable (no satellite pass / dataset error),
81.4,Excellent,Great,2026-10-08T12:41:38Z,71,Ulladulla,2026-10-11T12:00:00Z,2026-10-11T23:00,8.3,338,18.7,0.0,0.7,3.9,74,0.86,0.12,1.1,189,0.35,18.9,,unavailable (no satellite pass / dataset error),
82.1,Excellent,Great,2026-10-08T12:41:38Z,72,Ulladulla,2026-10-11T13:00:00Z,2026-10-12T00:00,8.5,325,16.6,0.0,0.68,4.3,86,0.82,0.08,0.9,191,0.1,18.8,,unavailable (no satellite pass / dataset error),
82.2,Excellent,Great,2026-10-08T12:41:38Z,73,Ulladulla,2026-10-11T14:00:00Z,2026-10-12T01:00,8.6,309,17.6,0.0,0.64,4.8,97,0.8,0.06,0.9,191,-0.16,18.8,,unavailable (no satellite pass / dataset error),
82.3,Excellent,Great,2026-10-08T12:41:38Z,74,Ulladulla,2026-10-11T15:00:00Z,2026-10-12T02:00,9.5,297,19.1,0.0,0.62,5.2,109,0.76,0.02,0.7,194,-0.35,18.8,,unavailable (no satellite pass / dataset error),
82.9,Excellent,Great,2026-10-08T12:41:38Z,75,Ulladulla,2026-10-11T16:00:00Z,2026-10-12T03:00,9.3,294,19.4,0.0,0.6,5.35,109,0.72,0.02,0.7,194,-0.42,18.7,,unavailable (no satellite pass / dataset error),
83.6,Excellent,Great,2026-10-08T12:41:38Z,76,Ulladulla,2026-10-11T17:00:00Z,2026-10-12T04:00,9.0,292,19.4,0.0,0.56,5.4,109,0.7,0.0,0.6,198,-0.34,18.7,,unavailable (no satellite pass / dataset error),
84.4,Excellent,Great,2026-10-08T12:41:38Z,77,Ulladulla,2026-10-11T18:00:00Z,2026-10-12T05:00,8.5,294,18.7,0.0,0.54,5.35,109,0.66,0.0,0.6,198,-0.14,18.7,,unavailable (no satellite pass / dataset error),
84.5,Excellent,Great,2026-10-08T12:41:38Z,78,Ulladulla,2026-10-11T19:00:00Z,2026-10-12T06:00,8.6,300,18.0,0.0,0.54,5.25,106,0.64,0.0,0.6,198,0.14,18.7,,unavailable (no satellite pass / dataset error),
84.4,Excellent,Great,2026-10-08T12:41:38Z,79,Ulladulla,2026-10-11T20:00:00Z,2026-10-12T07:00,8.7,294,18.0,0.0,0.56,5.1,102,0.64,0.0,0.6,198,0.43,18.8,,unavailable (no satellite pass / dataset error),
84.5,Excellent,Great,2026-10-08T12:41:38Z,80,Ulladulla,2026-10-11T21:00:00Z,2026-10-12T08:00,8.8,301,18.7,0.0,0.56,5.0,99,0.62,0.0,0.6,198,0.68,18.8,,unavailable (no satellite pass / dataset error),
88.4,Excellent,Great,2026-10-08T12:41:38Z,81,Ulladulla,2026-10-11T22:00:00Z,2026-10-12T09:00,4.4,297,18.4,0.0,0.54,4.95,99,0.6,0.02,0.7,194,0.82,18.9,,unavailable (no satellite pass / dataset error),
89.4,Excellent,Great,2026-10-08T12:41:38Z,82,Ulladulla,2026-10-11T23:00:00Z,2026-10-12T10:00,3.3,61,11.9,0.0,0.54,4.95,98,0.6,0.02,0.7,194,0.81,18.9,,unavailable (no satellite pass / dataset error),
88.5,Excellent,Great,2026-10-08T12:41:38Z,83,Ulladulla,2026-10-12T00:00:00Z,2026-10-12T11:00,4.5,40,13.0,0.0,0.52,5.0,98,0.58,0.04,0.7,194,0.65,19.0,,unavailable (no satellite pass / dataset error),
88.0,Excellent,Great,2026-10-08T12:41:38Z,84,Ulladulla,2026-10-12T01:00:00Z,2026-10-12T12:00,4.8,34,14.0,0.0,0.5,5.1,96,0.58,0.04,0.8,207,0.39,19.1,,unavailable (no satellite pass / dataset error),
87.4,Excellent,Great,2026-10-08T12:41:38Z,85,Ulladulla,2026-10-12T02:00:00Z,2026-10-12T13:00,5.0,13,16.2,0.0,0.5,5.2,95,0.58,0.02,1.0,202,0.09,19.2,,unavailable (no satellite pass / dataset error),
86.7,Excellent,Great,2026-10-08T12:41:38Z,86,Ulladulla,2026-10-12T03:00:00Z,2026-10-12T14:00,6.0,350,19.4,0.0,0.48,5.35,93,0.58,0.02,0.9,191,-0.18,19.3,,unavailable (no satellite pass / dataset error),
85.1,Excellent,Great,2026-10-08T12:41:38Z,87,Ulladulla,2026-10-12T04:00:00Z,2026-10-12T15:00,8.1,331,24.8,0.0,0.46,5.5,97,0.56,0.04,0.9,191,-0.35,19.4,,unavailable (no satellite pass / dataset error),
83.3,Excellent,Great,2026-10-08T12:41:38Z,88,Ulladulla,2026-10-12T05:00:00Z,2026-10-12T16:00,10.8,318,31.3,0.0,0.42,5.65,102,0.54,0.04,0.7,194,-0.39,19.5,,unavailable (no satellite pass / dataset error),
81.6,Excellent,Great,2026-10-08T12:41:38Z,89,Ulladulla,2026-10-12T06:00:00Z,2026-10-12T17:00,12.9,313,34.9,0.0,0.4,5.85,106,0.52,0.06,0.7,194,-0.3,19.6,,unavailable (no satellite pass / dataset error),
81.8,Excellent,Great,2026-10-08T12:41:38Z,90,Ulladulla,2026-10-12T07:00:00Z,2026-10-12T18:00,12.7,315,33.5,0.0,0.38,5.95,109,0.52,0.08,0.7,180,-0.13,19.6,,unavailable (no satellite pass / dataset error),
82.9,Excellent,Great,2026-10-08T12:41:38Z,91,Ulladulla,2026-10-12T08:00:00Z,2026-10-12T19:00,11.5,320,29.5,0.0,0.34,6.1,112,0.52,0.12,0.7,180,0.1,19.5,,unavailable (no satellite pass / dataset error),
84.1,Excellent,Great,2026-10-08T12:41:38Z,92,Ulladulla,2026-10-12T09:00:00Z,2026-10-12T20:00,10.1,321,26.3,0.0,0.32,6.4,115,0.52,0.14,0.7,180,0.32,19.4,,unavailable (no satellite pass / dataset error),
83.6,Excellent,Amazing,2026-10-08T12:41:38Z,93,Ulladulla,2026-10-12T10:00:00Z,2026-10-12T21:00,9.7,313,24.5,0.9,0.3,7.2,131,0.52,0.14,0.6,198,0.46,19.3,,unavailable (no satellite pass / dataset error),
83.1,Excellent,Amazing,2026-10-08T12:41:38Z,94,Ulladulla,2026-10-12T11:00:00Z,2026-10-12T22:00,9.5,299,23.4,0.9,0.26,8.25,147,0.52,0.12,0.4,207,0.49,19.2,,unavailable (no satellite pass / dataset error),
82.5,Excellent,Amazing,2026-10-08T12:41:38Z,95,Ulladulla,2026-10-12T12:00:00Z,2026-10-12T23:00,9.0,283,23.4,0.9,0.24,8.55,163,0.52,0.12,0.4,207,0.4,19.1,,unavailable (no satellite pass / dataset error),
82.1,Excellent,Amazing,2026-10-08T12:41:38Z,96,Ulladulla,2026-10-12T13:00:00Z,2026-10-13T00:00,8.1,249,25.6,0.7,0.28,7.55,129,0.52,0.1,0.5,225,0.21,19.1,,unavailable (no satellite pass / dataset error),
79.3,Good,Great,2026-10-08T12:41:38Z,97,Ulladulla,2026-10-12T14:00:00Z,2026-10-13T01:00,10.3,213,29.2,0.7,0.32,5.85,96,0.52,0.08,0.5,225,-0.02,19.0,,unavailable (no satellite pass / dataset error),
76.1,Good,Great,2026-10-08T12:41:38Z,98,Ulladulla,2026-10-12T15:00:00Z,2026-10-13T02:00,12.9,198,31.0,0.7,0.36,4.6,62,0.52,0.06,0.5,225,-0.22,19.0,,unavailable (no satellite pass / dataset error),
75.3,Good,Great,2026-10-08T12:41:38Z,99,Ulladulla,2026-10-12T16:00:00Z,2026-10-13T03:00,12.2,194,29.9,0.5,0.44,4.2,95,0.62,0.14,0.4,243,-0.34,18.9,,unavailable (no satellite pass / dataset error),
75.7,Good,Great,2026-10-08T12:41:38Z,100,Ulladulla,2026-10-12T17:00:00Z,2026-10-13T04:00,9.7,192,27.0,0.5,0.5,4.25,129,0.7,0.22,0.6,252,-0.33,18.9,,unavailable (no satellite pass / dataset error),
75.5,Good,Great,2026-10-08T12:41:38Z,101,Ulladulla,2026-10-12T18:00:00Z,2026-10-13T05:00,8.1,193,24.8,0.5,0.58,4.35,162,0.8,0.3,0.6,252,-0.2,18.9,,unavailable (no satellite pass / dataset error),
71.3,Good,Great,2026-10-08T12:41:38Z,102,Ulladulla,2026-10-12T19:00:00Z,2026-10-13T06:00,8.9,199,24.5,2.2,0.74,4.45,161,0.92,0.32,0.4,243,0.01,18.9,,unavailable (no satellite pass / dataset error),
65.4,Good,Doable,2026-10-08T12:41:38Z,103,Ulladulla,2026-10-12T20:00:00Z,2026-10-13T07:00,10.6,206,24.5,2.2,0.88,4.65,161,1.06,0.36,0.5,225,0.28,18.9,,unavailable (no satellite pass / dataset error),
60.3,Good,Doable,2026-10-08T12:41:38Z,104,Ulladulla,2026-10-12T21:00:00Z,2026-10-13T08:00,11.9,211,24.8,2.2,1.04,4.8,160,1.18,0.38,0.5,225,0.54,18.9,,unavailable (no satellite pass / dataset error),
58.2,Fair,Doable,2026-10-08T12:41:38Z,105,Ulladulla,2026-10-12T22:00:00Z,2026-10-13T09:00,12.0,217,25.2,1.6,1.04,4.9,160,1.18,0.28,0.5,225,0.73,18.9,,unavailable (no satellite pass / dataset error),
56.8,Fair,Doable,2026-10-08T12:41:38Z,106,Ulladulla,2026-10-12T23:00:00Z,2026-10-13T10:00,11.5,222,25.6,1.6,1.06,4.95,161,1.16,0.2,0.5,225,0.81,18.9,,unavailable (no satellite pass / dataset error),
55.0,Fair,Doable,2026-10-08T12:41:38Z,107,Ulladulla,2026-10-13T00:00:00Z,2026-10-13T11:00,11.1,223,26.3,1.6,1.06,4.95,161,1.16,0.1,0.6,214,0.73,18.9,,unavailable (no satellite pass / dataset error),
54.7,Fair,Doable,2026-10-08T12:41:38Z,108,Ulladulla,2026-10-13T01:00:00Z,2026-10-13T12:00,11.4,211,28.1,0.3,1.02,4.9,160,1.12,0.12,0.6,214,0.54,19.0,,unavailable (no satellite pass / dataset error),
53.7,Fair,Doable,2026-10-08T12:41:38Z,109,Ulladulla,2026-10-13T02:00:00Z,2026-10-13T13:00,12.8,195,30.2,0.3,1.0,4.85,159,1.06,0.14,0.6,214,0.27,19.0,,unavailable (no satellite pass / dataset error),
52.6,Fair,Doable,2026-10-08T12:41:38Z,110,Ulladulla,2026-10-13T03:00:00Z,2026-10-13T14:00,14.1,183,32.0,0.3,0.96,4.8,158,1.02,0.16,0.6,198,0.0,19.1,,unavailable (no satellite pass / dataset error),
52.5,Fair,Doable,2026-10-08T12:41:38Z,111,Ulladulla,2026-10-13T04:00:00Z,2026-10-13T15:00,14.0,173,32.8,0.4,0.92,4.75,156,0.98,0.14,0.6,198,-0.21,19.2,,unavailable (no satellite pass / dataset error),
52.8,Fair,Doable,2026-10-08T12:41:38Z,112,Ulladulla,2026-10-13T05:00:00Z,2026-10-13T16:00,13.4,163,32.8,0.4,0.9,4.65,155,0.96,0.1,0.6,198,-0.33,19.2,,unavailable (no satellite pass / dataset error),
53.5,Fair,Doable,2026-10-08T12:41:38Z,113,Ulladulla,2026-10-13T06:00:00Z,2026-10-13T17:00,13.0,156,32.4,0.4,0.86,4.6,153,0.92,0.08,0.4,180,-0.31,19.2,,unavailable (no satellite pass / dataset error),
54.6,Fair,Great,2026-10-08T12:41:38Z,114,Ulladulla,2026-10-13T07:00:00Z,2026-10-13T18:00,12.2,156,31.3,0.8,0.8,4.55,157,0.9,0.06,0.2,180,-0.21,19.2,,unavailable (no satellite pass / dataset error),
55.6,Fair,Great,2026-10-08T12:41:38Z,115,Ulladulla,2026-10-13T08:00:00Z,2026-10-13T19:00,11.4,161,29.9,0.8,0.74,4.55,162,0.88,0.04,0.2,90,-0.03,19.2,,unavailable (no satellite pass / dataset error),
55.5,Fair,Great,2026-10-08T12:41:38Z,116,Ulladulla,2026-10-13T09:00:00Z,2026-10-13T20:00,11.2,168,29.2,0.8,0.68,4.65,166,0.86,0.02,0.4,27,0.18,19.1,,unavailable (no satellite pass / dataset error),
52.6,Fair,Great,2026-10-08T12:41:38Z,117,Ulladulla,2026-10-13T10:00:00Z,2026-10-13T21:00,12.5,175,28.8,1.6,0.7,4.95,160,0.98,0.3,0.6,34,0.36,19.0,,unavailable (no satellite pass / dataset error),
49.1,Fair,Great,2026-10-08T12:41:38Z,118,Ulladulla,2026-10-13T11:00:00Z,2026-10-13T22:00,14.6,181,29.2,1.6,0.7,5.35,155,1.12,0.6,0.7,14,0.47,19.0,,unavailable (no satellite pass / dataset error),
45.6,Fair,Great,2026-10-08T12:41:38Z,119,Ulladulla,2026-10-13T12:00:00Z,2026-10-13T23:00,16.7,186,30.2,1.6,0.72,5.6,149,1.24,0.88,0.9,11,0.46,18.9,,unavailable (no satellite pass / dataset error),
75.5,Good,Doable,2026-10-08T12:41:38Z,0,Jervis Bay (Inside),2026-10-08T13:00:00Z,2026-10-09T00:00,8.7,288,14.4,0.0,1.16,7.45,143,1.32,0.0,0.4,207,-0.44,18.3,,unavailable (no satellite pass / dataset error),
76.0,Good,Doable,2026-10-08T12:41:38Z,1,Jervis Bay (Inside),2026-10-08T14:00:00Z,2026-10-09T01:00,8.7,294,14.8,0.0,1.18,7.6,142,1.34,0.0,0.4,207,-0.57,18.2,,unavailable (no satellite pass / dataset error),
76.9,Good,Doable,2026-10-08T12:41:38Z,2,Jervis Bay (Inside),2026-10-08T15:00:00Z,2026-10-09T02:00,8.2,296,13.7,0.0,1.18,7.75,142,1.36,0.0,0.4,207,-0.54,18.2,,unavailable (no satellite pass / dataset error),
77.0,Good,Doable,2026-10-08T12:41:38Z,3,Jervis Bay (Inside),2026-10-08T16:00:00Z,2026-10-09T03:00,8.6,306,14.0,0.0,1.2,7.85,141,1.38,0.0,0.4,207,-0.36,18.2,,unavailable (no satellite pass / dataset error),
77.0,Good,Bit dodgy,2026-10-08T12:41:38Z,4,Jervis Bay (Inside),2026-10-08T17:00:00Z,2026-10-09T04:00,8.8,305,15.8,0.0,1.22,7.95,141,1.4,0.0,0.4,207,-0.08,18.2,,unavailable (no satellite pass / dataset error),
77.8,Good,Bit dodgy,2026-10-08T12:41:38Z,5,Jervis Bay (Inside),2026-10-08T18:00:00Z,2026-10-09T05:00,7.8,314,15.5,0.0,1.24,8.05,140,1.42,0.0,0.4,207,0.24,18.2,,unavailable (no satellite pass / dataset error),
76.8,Good,Bit dodgy,2026-10-08T12:41:38Z,6,Jervis Bay (Inside),2026-10-08T19:00:00Z,2026-10-09T06:00,8.7,317,15.8,0.0,1.26,8.1,140,1.44,0.0,0.4,207,0.5,18.2,,unavailable (no satellite pass / dataset error),
76.1,Good,Bit dodgy,2026-10-08T12:41:38Z,7,Jervis Bay (Inside),2026-10-08T20:00:00Z,2026-10-09T07:00,9.2,315,19.8,0.0,1.26,8.15,139,1.46,0.02,0.4,207,0.66,18.2,,unavailable (no satellite pass / dataset error),
75.2,Good,Bit dodgy,2026-10-08T12:41:38Z,8,Jervis Bay (Inside),2026-10-08T21:00:00Z,2026-10-09T08:00,10.0,319,20.5,0.0,1.28,8.2,139,1.48,0.02,0.4,207,0.67,18.3,,unavailable (no satellite pass / dataset error),
76.8,Good,Bit dodgy,2026-10-08T12:41:38Z,9,Jervis Bay (Inside),2026-10-08T22:00:00Z,2026-10-09T09:00,7.9,344,21.6,0.0,1.26,8.25,143,1.48,0.02,0.5,225,0.53,18.3,,unavailable (no satellite pass / dataset error),
75.1,Good,Bit dodgy,2026-10-08T12:41:38Z,10,Jervis Bay (Inside),2026-10-08T23:00:00Z,2026-10-09T10:00,9.7,18,26.3,0.0,1.22,8.3,146,1.48,0.04,0.6,214,0.28,18.3,,unavailable (no satellite pass / dataset error),
72.2,Good,Doable,2026-10-08T12:41:38Z,11,Jervis Bay (Inside),2026-10-09T00:00:00Z,2026-10-09T11:00,12.2,36,32.0,0.0,1.2,8.35,150,1.48,0.04,0.9,217,0.0,18.3,,unavailable (no satellite pass / dataset error),
69.2,Good,Doable,2026-10-08T12:41:38Z,12,Jervis Bay (Inside),2026-10-09T01:00:00Z,2026-10-09T12:00,14.8,43,37.4,0.0,1.18,8.35,150,1.48,0.16,1.2,219,-0.25,18.3,,unavailable (no satellite pass / dataset error),
67.0,Good,Doable,2026-10-08T12:41:38Z,13,Jervis Bay (Inside),2026-10-09T02:00:00Z,2026-10-09T13:00,17.2,45,42.5,0.0,1.16,8.3,150,1.46,0.28,1.3,214,-0.4,18.4,,unavailable (no satellite pass / dataset error),
64.8,Good,Doable,2026-10-08T12:41:38Z,14,Jervis Bay (Inside),2026-10-09T03:00:00Z,2026-10-09T14:00,19.1,46,45.7,0.0,1.14,8.25,150,1.46,0.4,1.5,210,-0.4,18.4,,unavailable (no satellite pass / dataset error),
63.0,Good,Doable,2026-10-08T12:41:38Z,15,Jervis Bay (Inside),2026-10-09T04:00:00Z,2026-10-09T15:00,21.2,49,49.7,0.0,1.12,8.25,150,1.46,0.46,1.5,210,-0.26,18.4,,unavailable (no satellite pass / dataset error),
62.2,Good,Doable,2026-10-08T12:41:38Z,16,Jervis Bay (Inside),2026-10-09T05:00:00Z,2026-10-09T16:00,22.3,46,51.1,0.0,1.08,8.25,150,1.44,0.5,1.5,210,-0.01,18.5,,unavailable (no satellite pass / dataset error),
61.6,Good,Doable,2026-10-08T12:41:38Z,17,Jervis Bay (Inside),2026-10-09T06:00:00Z,2026-10-09T17:00,22.9,44,51.8,0.0,1.06,8.2,150,1.44,0.56,1.5,210,0.3,18.5,,unavailable (no satellite pass / dataset error),
63.2,Good,Doable,2026-10-08T12:41:38Z,18,Jervis Bay (Inside),2026-10-09T07:00:00Z,2026-10-09T18:00,21.6,39,50.8,0.0,1.0,8.05,150,1.42,0.54,1.4,203,0.58,18.5,,unavailable (no satellite pass / dataset error),
65.0,Good,Doable,2026-10-08T12:41:38Z,19,Jervis Bay (Inside),2026-10-09T08:00:00Z,2026-10-09T19:00,20.6,38,46.1,0.0,0.96,7.8,149,1.38,0.5,1.2,207,0.76,18.5,,unavailable (no satellite pass / dataset error),
66.2,Good,Doable,2026-10-08T12:41:38Z,20,Jervis Bay (Inside),2026-10-09T09:00:00Z,2026-10-09T20:00,19.5,36,40.0,0.0,0.9,7.6,149,1.36,0.48,1.2,207,0.79,18.4,,unavailable (no satellite pass / dataset error),
69.0,Good,Doable,2026-10-08T12:41:38Z,21,Jervis Bay (Inside),2026-10-09T10:00:00Z,2026-10-09T21:00,17.1,22,37.1,0.0,0.86,7.5,150,1.34,0.48,1.0,211,0.66,18.4,,unavailable (no satellite pass / dataset error),
70.6,Good,Great,2026-10-08T12:41:38Z,22,Jervis Bay (Inside),2026-10-09T11:00:00Z,2026-10-09T22:00,15.7,20,32.4,0.0,0.8,7.4,151,1.3,0.5,1.0,211,0.41,18.4,,unavailable (no satellite pass / dataset error),
71.7,Good,Great,2026-10-08T12:41:38Z,23,Jervis Bay (Inside),2026-10-09T12:00:00Z,2026-10-09T23:00,14.7,25,29.9,0.0,0.76,7.4,152,1.28,0.5,1.0,211,0.1,18.4,,unavailable (no satellite pass / dataset error),
70.3,Good,Great,2026-10-08T12:41:38Z,24,Jervis Bay (Inside),2026-10-09T13:00:00Z,2026-10-10T00:00,16.7,29,31.3,0.0,0.72,7.5,138,1.24,0.46,1.0,211,-0.19,18.4,,unavailable (no satellite pass / dataset error),
73.4,Good,Great,2026-10-08T12:41:38Z,25,Jervis Bay (Inside),2026-10-09T14:00:00Z,2026-10-10T01:00,14.3,7,32.8,0.0,0.7,7.7,124,1.2,0.42,0.8,207,-0.4,18.3,,unavailable (no satellite pass / dataset error),
77.2,Good,Great,2026-10-08T12:41:38Z,26,Jervis Bay (Inside),2026-10-09T15:00:00Z,2026-10-10T02:00,10.4,17,26.3,0.0,0.66,7.8,110,1.16,0.38,0.8,207,-0.46,18.3,,unavailable (no satellite pass / dataset error),
75.9,Good,Great,2026-10-08T12:41:38Z,27,Jervis Bay (Inside),2026-10-09T16:00:00Z,2026-10-10T03:00,12.1,7,22.3,0.0,0.64,7.8,110,1.14,0.3,0.8,207,-0.35,18.3,,unavailable (no satellite pass / dataset error),
77.4,Good,Great,2026-10-08T12:41:38Z,28,Jervis Bay (Inside),2026-10-09T17:00:00Z,2026-10-10T04:00,11.2,15,22.3,0.0,0.6,7.75,110,1.12,0.22,0.6,214,-0.12,18.3,,unavailable (no satellite pass / dataset error),
81.4,Excellent,Great,2026-10-08T12:41:38Z,29,Jervis Bay (Inside),2026-10-09T18:00:00Z,2026-10-10T05:00,6.9,351,20.5,0.0,0.58,7.65,110,1.1,0.14,0.6,214,0.18,18.3,,unavailable (no satellite pass / dataset error),
82.7,Excellent,Great,2026-10-08T12:41:38Z,30,Jervis Bay (Inside),2026-10-09T19:00:00Z,2026-10-10T06:00,1.9,331,24.5,2.9,0.58,7.45,109,1.06,0.1,0.6,198,0.5,18.3,,unavailable (no satellite pass / dataset error),
77.9,Good,Great,2026-10-08T12:41:38Z,31,Jervis Bay (Inside),2026-10-09T20:00:00Z,2026-10-10T07:00,7.0,348,10.8,0.7,0.56,7.2,109,1.04,0.08,0.4,207,0.74,18.3,,unavailable (no satellite pass / dataset error),
76.5,Good,Great,2026-10-08T12:41:38Z,32,Jervis Bay (Inside),2026-10-09T21:00:00Z,2026-10-10T08:00,7.3,30,11.9,1.2,0.56,7.05,108,1.0,0.04,0.4,207,0.86,18.4,,unavailable (no satellite pass / dataset error),
75.1,Good,Great,2026-10-08T12:41:38Z,33,Jervis Bay (Inside),2026-10-09T22:00:00Z,2026-10-10T09:00,9.4,358,17.3,0.0,0.54,7.0,108,0.96,0.06,0.4,207,0.81,18.4,,unavailable (no satellite pass / dataset error),
73.5,Good,Great,2026-10-08T12:41:38Z,34,Jervis Bay (Inside),2026-10-09T23:00:00Z,2026-10-10T10:00,11.4,353,20.9,0.0,0.54,7.05,107,0.94,0.06,0.4,207,0.61,18.4,,unavailable (no satellite pass / dataset error),
72.7,Good,Great,2026-10-08T12:41:38Z,35,Jervis Bay (Inside),2026-10-10T00:00:00Z,2026-10-10T11:00,12.7,347,24.1,0.0,0.52,7.05,107,0.9,0.08,0.4,207,0.33,18.5,,unavailable (no satellite pass / dataset error),
75.5,Good,Great,2026-10-08T12:41:38Z,36,Jervis Bay (Inside),2026-10-10T01:00:00Z,2026-10-10T12:00,9.5,14,25.2,0.0,0.5,7.05,107,0.86,0.1,0.6,198,0.02,18.5,,unavailable (no satellite pass / dataset error),
73.1,Good,Great,2026-10-08T12:41:38Z,37,Jervis Bay (Inside),2026-10-10T02:00:00Z,2026-10-10T13:00,12.7,322,34.6,0.0,0.48,7.0,108,0.84,0.12,0.5,180,-0.23,18.6,,unavailable (no satellite pass / dataset error),
68.9,Good,Great,2026-10-08T12:41:38Z,38,Jervis Bay (Inside),2026-10-10T03:00:00Z,2026-10-10T14:00,17.8,298,43.6,0.0,0.46,6.95,108,0.8,0.14,0.5,180,-0.35,18.7,,unavailable (no satellite pass / dataset error),
65.7,Good,Great,2026-10-08T12:41:38Z,39,Jervis Bay (Inside),2026-10-10T04:00:00Z,2026-10-10T15:00,21.9,277,51.5,0.0,0.46,6.85,107,0.78,0.18,0.4,153,-0.33,18.8,,unavailable (no satellite pass / dataset error),
67.1,Good,Great,2026-10-08T12:41:38Z,40,Jervis Bay (Inside),2026-10-10T05:00:00Z,2026-10-10T16:00,20.6,282,51.5,0.0,0.46,6.75,106,0.78,0.22,0.3,135,-0.16,18.9,,unavailable (no satellite pass / dataset error),
71.5,Good,Great,2026-10-08T12:41:38Z,41,Jervis Bay (Inside),2026-10-10T06:00:00Z,2026-10-10T17:00,15.9,292,45.7,0.0,0.46,6.65,105,0.76,0.26,0.3,135,0.09,18.9,,unavailable (no satellite pass / dataset error),
73.2,Good,Great,2026-10-08T12:41:38Z,42,Jervis Bay (Inside),2026-10-10T07:00:00Z,2026-10-10T18:00,14.5,291,37.1,0.0,0.44,6.65,105,0.74,0.26,0.2,90,0.38,18.9,,unavailable (no satellite pass / dataset error),
73.7,Good,Great,2026-10-08T12:41:38Z,43,Jervis Bay (Inside),2026-10-10T08:00:00Z,2026-10-10T19:00,13.9,289,29.9,0.0,0.44,6.65,104,0.74,0.28,0.2,90,0.61,18.9,,unavailable (no satellite pass / dataset error),
68.1,Good,Great,2026-10-08T12:41:38Z,44,Jervis Bay (Inside),2026-10-10T09:00:00Z,2026-10-10T20:00,20.2,204,34.9,0.0,0.42,6.7,104,0.72,0.28,0.3,45,0.73,18.8,,unavailable (no satellite pass / dataset error),
65.3,Good,Great,2026-10-08T12:41:38Z,45,Jervis Bay (Inside),2026-10-10T10:00:00Z,2026-10-10T21:00,22.8,202,49.0,0.0,0.4,6.85,104,0.74,0.32,0.4,0,0.7,18.7,,unavailable (no satellite pass / dataset error),
67.2,Good,Great,2026-10-08T12:41:38Z,46,Jervis Bay (Inside),2026-10-10T11:00:00Z,2026-10-10T22:00,20.5,197,43.9,0.0,0.36,7.0,103,0.76,0.38,0.4,0,0.53,18.6,,unavailable (no satellite pass / dataset error),
69.9,Good,Great,2026-10-08T12:41:38Z,47,Jervis Bay (Inside),2026-10-10T12:00:00Z,2026-10-10T23:00,17.2,196,40.0,0.0,0.34,6.85,103,0.78,0.42,0.4,333,0.26,18.6,,unavailable (no satellite pass / dataset error),
71.5,Good,Great,2026-10-08T12:41:38Z,48,Jervis Bay (Inside),2026-10-10T13:00:00Z,2026-10-11T00:00,14.7,198,33.5,0.0,0.5,6.1,121,0.84,0.32,0.4,333,-0.05,18.5,,unavailable (no satellite pass / dataset error),
73.8,Good,Great,2026-10-08T12:41:38Z,49,Jervis Bay (Inside),2026-10-10T14:00:00Z,2026-10-11T01:00,11.5,200,28.4,0.0,0.68,5.05,139,0.9,0.24,0.4,297,-0.31,18.5,,unavailable (no satellite pass / dataset error),
76.9,Good,Doable,2026-10-08T12:41:38Z,50,Jervis Bay (Inside),2026-10-10T15:00:00Z,2026-10-11T02:00,7.4,212,20.9,0.0,0.84,4.3,157,0.96,0.14,0.4,270,-0.46,18.5,,unavailable (no satellite pass / dataset error),
77.7,Good,Doable,2026-10-08T12:41:38Z,51,Jervis Bay (Inside),2026-10-10T16:00:00Z,2026-10-11T03:00,5.9,218,12.6,0.0,0.84,4.2,154,0.96,0.1,0.6,252,-0.46,18.5,,unavailable (no satellite pass / dataset error),
78.8,Good,Doable,2026-10-08T12:41:38Z,52,Jervis Bay (Inside),2026-10-10T17:00:00Z,2026-10-11T04:00,4.9,237,9.4,0.0,0.84,4.45,151,0.94,0.04,0.6,236,-0.31,18.5,,unavailable (no satellite pass / dataset error),
77.6,Good,Doable,2026-10-08T12:41:38Z,53,Jervis Bay (Inside),2026-10-10T18:00:00Z,2026-10-11T05:00,5.7,259,8.6,0.0,0.84,4.7,148,0.94,0.0,0.8,225,-0.05,18.5,,unavailable (no satellite pass / dataset error),
80.3,Excellent,Doable,2026-10-08T12:41:38Z,54,Jervis Bay (Inside),2026-10-10T19:00:00Z,2026-10-11T06:00,7.0,266,11.2,0.0,0.82,4.8,147,0.92,0.0,0.8,225,0.25,18.5,,unavailable (no satellite pass / dataset error),
81.2,Excellent,Great,2026-10-08T12:41:38Z,55,Jervis Bay (Inside),2026-10-10T20:00:00Z,2026-10-11T07:00,7.2,273,12.2,0.0,0.8,4.85,145,0.9,0.0,0.8,207,0.53,18.5,,unavailable (no satellite pass / dataset error),
85.2,Excellent,Great,2026-10-08T12:41:38Z,56,Jervis Bay (Inside),2026-10-10T21:00:00Z,2026-10-11T08:00,4.6,279,13.7,0.0,0.78,4.9,144,0.88,0.0,0.8,207,0.72,18.6,,unavailable (no satellite pass / dataset error),
88.3,Excellent,Great,2026-10-08T12:41:38Z,57,Jervis Bay (Inside),2026-10-10T22:00:00Z,2026-10-11T09:00,1.4,337,13.0,0.0,0.76,4.9,145,0.86,0.0,0.8,207,0.76,18.6,,unavailable (no satellite pass / dataset error),
82.9,Excellent,Great,2026-10-08T12:41:38Z,58,Jervis Bay (Inside),2026-10-10T23:00:00Z,2026-10-11T10:00,7.4,49,22.0,0.0,0.72,4.9,146,0.84,0.0,0.9,191,0.64,18.7,,unavailable (no satellite pass / dataset error),
78.7,Good,Great,2026-10-08T12:41:38Z,59,Jervis Bay (Inside),2026-10-11T00:00:00Z,2026-10-11T11:00,12.3,39,31.7,0.0,0.7,4.85,147,0.82,0.0,0.9,191,0.4,18.7,,unavailable (no satellite pass / dataset error),
78.2,Good,Great,2026-10-08T12:41:38Z,60,Jervis Bay (Inside),2026-10-11T01:00:00Z,2026-10-11T12:00,13.1,52,33.8,0.0,0.64,4.8,153,0.8,0.06,0.9,191,0.09,18.8,,unavailable (no satellite pass / dataset error),
76.1,Good,Great,2026-10-08T12:41:38Z,61,Jervis Bay (Inside),2026-10-11T02:00:00Z,2026-10-11T13:00,16.0,66,41.0,0.0,0.56,4.75,159,0.8,0.12,0.7,194,-0.2,18.8,,unavailable (no satellite pass / dataset error),
75.0,Good,Great,2026-10-08T12:41:38Z,62,Jervis Bay (Inside),2026-10-11T03:00:00Z,2026-10-11T14:00,17.4,67,43.2,0.0,0.5,4.75,165,0.78,0.18,0.7,194,-0.41,18.9,,unavailable (no satellite pass / dataset error),
72.7,Good,Great,2026-10-08T12:41:38Z,63,Jervis Bay (Inside),2026-10-11T04:00:00Z,2026-10-11T15:00,19.5,58,47.2,0.0,0.48,4.95,167,0.8,0.26,0.8,207,-0.48,18.9,,unavailable (no satellite pass / dataset error),
72.8,Good,Great,2026-10-08T12:41:38Z,64,Jervis Bay (Inside),2026-10-11T05:00:00Z,2026-10-11T16:00,18.9,50,46.8,0.0,0.46,5.15,168,0.8,0.32,1.0,202,-0.41,18.9,,unavailable (no satellite pass / dataset error),
72.9,Good,Great,2026-10-08T12:41:38Z,65,Jervis Bay (Inside),2026-10-11T06:00:00Z,2026-10-11T17:00,18.5,45,44.6,0.0,0.44,5.2,170,0.82,0.4,1.0,202,-0.22,18.9,,unavailable (no satellite pass / dataset error),
72.3,Good,Great,2026-10-08T12:41:38Z,66,Jervis Bay (Inside),2026-10-11T07:00:00Z,2026-10-11T18:00,18.8,43,43.2,0.0,0.46,4.8,141,0.86,0.44,1.0,202,0.04,18.9,,unavailable (no satellite pass / dataset error),
71.7,Good,Great,2026-10-08T12:41:38Z,67,Jervis Bay (Inside),2026-10-11T08:00:00Z,2026-10-11T19:00,18.9,38,41.0,0.0,0.48,4.15,113,0.88,0.48,1.1,198,0.3,18.9,,unavailable (no satellite pass / dataset error),
70.9,Good,Great,2026-10-08T12:41:38Z,68,Jervis Bay (Inside),2026-10-11T09:00:00Z,2026-10-11T20:00,19.4,33,37.1,0.0,0.5,3.7,84,0.92,0.52,1.1,198,0.5,18.8,,unavailable (no satellite pass / dataset error),
72.6,Good,Great,2026-10-08T12:41:38Z,69,Jervis Bay (Inside),2026-10-11T10:00:00Z,2026-10-11T21:00,17.9,21,37.4,0.0,0.52,3.5,81,0.88,0.42,1.1,198,0.59,18.8,,unavailable (no satellite pass / dataset error),
77.4,Good,Great,2026-10-08T12:41:38Z,70,Jervis Bay (Inside),2026-10-11T11:00:00Z,2026-10-11T22:00,12.8,17,33.8,0.0,0.52,3.5,79,0.86,0.34,1.1,198,0.53,18.7,,unavailable (no satellite pass / dataset error),
80.8,Excellent,Great,2026-10-08T12:41:38Z,71,Jervis Bay (Inside),2026-10-11T12:00:00Z,2026-10-11T23:00,9.4,357,23.4,0.0,0.54,3.6,76,0.82,0.24,1.1,198,0.34,18.7,,unavailable (no satellite pass / dataset error),
82.3,Excellent,Great,2026-10-08T12:41:38Z,72,Jervis Bay (Inside),2026-10-11T13:00:00Z,2026-10-12T00:00,8.2,327,16.2,0.0,0.52,3.85,88,0.78,0.18,1.1,198,0.09,18.6,,unavailable (no satellite pass / dataset error),
82.7,Excellent,Great,2026-10-08T12:41:38Z,73,Jervis Bay (Inside),2026-10-11T14:00:00Z,2026-10-12T01:00,8.7,322,14.4,0.0,0.48,4.25,100,0.74,0.1,0.9,191,-0.18,18.6,,unavailable (no satellite pass / dataset error),
81.2,Excellent,Great,2026-10-08T12:41:38Z,74,Jervis Bay (Inside),2026-10-11T15:00:00Z,2026-10-12T02:00,10.9,316,18.4,0.0,0.46,4.6,112,0.7,0.04,0.9,191,-0.37,18.6,,unavailable (no satellite pass / dataset error),
80.8,Excellent,Great,2026-10-08T12:41:38Z,75,Jervis Bay (Inside),2026-10-11T16:00:00Z,2026-10-12T03:00,12.0,315,20.9,0.0,0.44,4.95,116,0.68,0.04,0.7,194,-0.43,18.6,,unavailable (no satellite pass / dataset error),
81.1,Excellent,Great,2026-10-08T12:41:38Z,76,Jervis Bay (Inside),2026-10-11T17:00:00Z,2026-10-12T04:00,12.2,308,21.6,0.0,0.44,5.35,121,0.64,0.04,0.7,194,-0.35,18.6,,unavailable (no satellite pass / dataset error),
81.5,Excellent,Great,2026-10-08T12:41:38Z,77,Jervis Bay (Inside),2026-10-11T18:00:00Z,2026-10-12T05:00,12.2,319,22.0,0.0,0.42,5.6,125,0.62,0.04,0.6,198,-0.14,18.6,,unavailable (no satellite pass / dataset error),
81.6,Excellent,Great,2026-10-08T12:41:38Z,78,Jervis Bay (Inside),2026-10-11T19:00:00Z,2026-10-12T06:00,12.6,318,23.0,0.0,0.4,5.65,122,0.6,0.04,0.5,180,0.14,18.6,,unavailable (no satellite pass / dataset error),
80.4,Excellent,Great,2026-10-08T12:41:38Z,79,Jervis Bay (Inside),2026-10-11T20:00:00Z,2026-10-12T07:00,13.9,314,25.2,0.0,0.4,5.6,120,0.6,0.02,0.5,180,0.44,18.6,,unavailable (no satellite pass / dataset error),
81.3,Excellent,Great,2026-10-08T12:41:38Z,80,Jervis Bay (Inside),2026-10-11T21:00:00Z,2026-10-12T08:00,13.4,319,28.1,0.0,0.38,5.55,117,0.58,0.02,0.4,180,0.69,18.6,,unavailable (no satellite pass / dataset error),
81.7,Excellent,Great,2026-10-08T12:41:38Z,81,Jervis Bay (Inside),2026-10-11T22:00:00Z,2026-10-12T09:00,12.9,320,27.4,0.0,0.38,5.45,113,0.58,0.04,0.4,180,0.83,18.6,,unavailable (no satellite pass / dataset error),
83.6,Excellent,Great,2026-10-08T12:41:38Z,82,Jervis Bay (Inside),2026-10-11T23:00:00Z,2026-10-12T10:00,10.8,330,26.6,0.0,0.4,5.4,110,0.58,0.06,0.4,180,0.81,18.7,,unavailable (no satellite pass / dataset error),
85.3,Excellent,Great,2026-10-08T12:41:38Z,83,Jervis Bay (Inside),2026-10-12T00:00:00Z,2026-10-12T11:00,8.9,9,25.2,0.0,0.4,5.35,106,0.58,0.08,0.4,180,0.65,18.7,,unavailable (no satellite pass / dataset error),
84.2,Excellent,Great,2026-10-08T12:41:38Z,84,Jervis Bay (Inside),2026-10-12T01:00:00Z,2026-10-12T12:00,9.6,16,26.3,0.0,0.38,5.35,112,0.58,0.1,0.6,198,0.39,18.8,,unavailable (no satellite pass / dataset error),
83.8,Excellent,Great,2026-10-08T12:41:38Z,85,Jervis Bay (Inside),2026-10-12T02:00:00Z,2026-10-12T13:00,10.1,17,27.7,0.0,0.36,5.4,118,0.58,0.12,0.6,198,0.08,18.9,,unavailable (no satellite pass / dataset error),
83.4,Excellent,Great,2026-10-08T12:41:38Z,86,Jervis Bay (Inside),2026-10-12T03:00:00Z,2026-10-12T14:00,10.3,11,28.8,0.0,0.34,5.75,124,0.58,0.14,0.7,194,-0.18,19.0,,unavailable (no satellite pass / dataset error),
84.0,Excellent,Great,2026-10-08T12:41:38Z,87,Jervis Bay (Inside),2026-10-12T04:00:00Z,2026-10-12T15:00,9.6,357,28.4,0.0,0.32,6.8,127,0.58,0.16,0.7,194,-0.35,19.0,,unavailable (no satellite pass / dataset error),
83.7,Excellent,Great,2026-10-08T12:41:38Z,88,Jervis Bay (Inside),2026-10-12T05:00:00Z,2026-10-12T16:00,9.7,333,27.0,0.0,0.32,8.1,130,0.6,0.16,0.7,194,-0.39,19.1,,unavailable (no satellite pass / dataset error),
82.5,Excellent,Amazing,2026-10-08T12:41:38Z,89,Jervis Bay (Inside),2026-10-12T06:00:00Z,2026-10-12T17:00,11.0,320,26.3,0.0,0.3,8.5,133,0.6,0.18,0.7,180,-0.29,19.1,,unavailable (no satellite pass / dataset error),
81.8,Excellent,Great,2026-10-08T12:41:38Z,90,Jervis Bay (Inside),2026-10-12T07:00:00Z,2026-10-12T18:00,12.3,321,25.9,0.0,0.34,7.15,109,0.6,0.12,0.5,180,-0.11,19.1,,unavailable (no satellite pass / dataset error),
80.9,Excellent,Great,2026-10-08T12:41:38Z,91,Jervis Bay (Inside),2026-10-12T08:00:00Z,2026-10-12T19:00,13.6,325,26.3,0.0,0.38,4.9,86,0.58,0.08,0.5,180,0.12,19.1,,unavailable (no satellite pass / dataset error),
80.3,Excellent,Great,2026-10-08T12:41:38Z,92,Jervis Bay (Inside),2026-10-12T09:00:00Z,2026-10-12T20:00,14.5,326,26.6,0.0,0.42,3.3,62,0.58,0.02,0.4,180,0.34,19.0,,unavailable (no satellite pass / dataset error),
78.8,Good,Great,2026-10-08T12:41:38Z,93,Jervis Bay (Inside),2026-10-12T10:00:00Z,2026-10-12T21:00,16.1,321,27.4,0.1,0.44,3.05,62,0.58,0.02,0.4,207,0.48,19.0,,unavailable (no satellite pass / dataset error),
77.5,Good,Great,2026-10-08T12:41:38Z,94,Jervis Bay (Inside),2026-10-12T11:00:00Z,2026-10-12T22:00,17.6,315,28.4,0.1,0.44,3.45,63,0.58,0.04,0.3,225,0.51,18.9,,unavailable (no satellite pass / dataset error),
78.3,Good,Great,2026-10-08T12:41:38Z,95,Jervis Bay (Inside),2026-10-12T12:00:00Z,2026-10-12T23:00,16.3,306,30.6,0.1,0.46,3.8,63,0.58,0.04,0.4,270,0.4,18.9,,unavailable (no satellite pass / dataset error),
81.9,Excellent,Great,2026-10-08T12:41:38Z,96,Jervis Bay (Inside),2026-10-12T13:00:00Z,2026-10-13T00:00,10.4,281,36.0,1.4,0.44,3.8,62,0.58,0.08,0.4,270,0.21,18.8,,unavailable (no satellite pass / dataset error),
80.7,Excellent,Great,2026-10-08T12:41:38Z,97,Jervis Bay (Inside),2026-10-12T14:00:00Z,2026-10-13T01:00,10.0,214,42.8,1.4,0.44,3.8,61,0.56,0.1,0.4,243,-0.03,18.8,,unavailable (no satellite pass / dataset error),
74.0,Good,Great,2026-10-08T12:41:38Z,98,Jervis Bay (Inside),2026-10-12T15:00:00Z,2026-10-13T02:00,15.5,188,46.4,1.4,0.42,3.95,60,0.56,0.14,0.4,243,-0.23,18.7,,unavailable (no satellite pass / dataset error),
71.5,Good,Great,2026-10-08T12:41:38Z,99,Jervis Bay (Inside),2026-10-12T16:00:00Z,2026-10-13T03:00,15.5,185,43.2,2.0,0.42,4.45,87,0.56,0.16,0.4,243,-0.35,18.7,,unavailable (no satellite pass / dataset error),
71.5,Good,Great,2026-10-08T12:41:38Z,100,Jervis Bay (Inside),2026-10-12T17:00:00Z,2026-10-13T04:00,12.7,187,36.4,2.0,0.4,5.1,115,0.56,0.18,0.4,243,-0.35,18.6,,unavailable (no satellite pass / dataset error),
70.7,Good,Great,2026-10-08T12:41:38Z,101,Jervis Bay (Inside),2026-10-12T18:00:00Z,2026-10-13T05:00,10.8,190,31.3,2.0,0.4,5.85,142,0.56,0.2,0.4,243,-0.21,18.6,,unavailable (no satellite pass / dataset error),
65.0,Good,Great,2026-10-08T12:41:38Z,102,Jervis Bay (Inside),2026-10-12T19:00:00Z,2026-10-13T06:00,12.2,188,30.6,2.1,0.4,6.85,150,0.74,0.42,0.4,243,0.01,18.6,,unavailable (no satellite pass / dataset error),
58.6,Fair,Great,2026-10-08T12:41:38Z,103,Jervis Bay (Inside),2026-10-12T20:00:00Z,2026-10-13T07:00,14.7,187,31.3,2.1,0.4,7.85,158,0.9,0.66,0.4,243,0.28,18.6,,unavailable (no satellite pass / dataset error),
52.7,Fair,Great,2026-10-08T12:41:38Z,104,Jervis Bay (Inside),2026-10-12T21:00:00Z,2026-10-13T08:00,16.3,188,32.4,2.1,0.4,8.3,166,1.08,0.88,0.4,243,0.54,18.6,,unavailable (no satellite pass / dataset error),
51.1,Fair,Great,2026-10-08T12:41:38Z,105,Jervis Bay (Inside),2026-10-12T22:00:00Z,2026-10-13T09:00,16.0,192,32.4,1.5,0.58,7.6,167,1.1,0.76,0.3,225,0.74,18.6,,unavailable (no satellite pass / dataset error),
49.8,Fair,Great,2026-10-08T12:41:38Z,106,Jervis Bay (Inside),2026-10-12T23:00:00Z,2026-10-13T10:00,15.0,199,32.4,1.5,0.78,6.3,169,1.14,0.64,0.3,225,0.81,18.6,,unavailable (no satellite pass / dataset error),
49.7,Fair,Doable,2026-10-08T12:41:38Z,107,Jervis Bay (Inside),2026-10-13T00:00:00Z,2026-10-13T11:00,14.6,202,32.8,1.5,0.96,5.25,170,1.16,0.52,0.3,225,0.73,18.7,,unavailable (no satellite pass / dataset error),
49.7,Fair,Doable,2026-10-08T12:41:38Z,108,Jervis Bay (Inside),2026-10-13T01:00:00Z,2026-10-13T12:00,15.0,199,34.6,0.2,0.96,4.9,168,1.12,0.42,0.3,225,0.53,18.7,,unavailable (no satellite pass / dataset error),
48.8,Fair,Doable,2026-10-08T12:41:38Z,109,Jervis Bay (Inside),2026-10-13T02:00:00Z,2026-10-13T13:00,16.0,192,37.1,0.2,0.98,4.85,166,1.1,0.3,0.4,243,0.26,18.8,,unavailable (no satellite pass / dataset error),
48.8,Fair,Doable,2026-10-08T12:41:38Z,110,Jervis Bay (Inside),2026-10-13T03:00:00Z,2026-10-13T14:00,16.4,184,38.9,0.2,0.98,4.8,164,1.06,0.2,0.4,243,-0.01,18.9,,unavailable (no satellite pass / dataset error),
50.3,Fair,Doable,2026-10-08T12:41:38Z,111,Jervis Bay (Inside),2026-10-13T04:00:00Z,2026-10-13T15:00,15.5,175,38.9,0.4,0.94,4.75,162,1.02,0.16,0.3,225,-0.23,19.0,,unavailable (no satellite pass / dataset error),
51.5,Fair,Doable,2026-10-08T12:41:38Z,112,Jervis Bay (Inside),2026-10-13T05:00:00Z,2026-10-13T16:00,14.3,162,37.8,0.4,0.92,4.7,160,1.0,0.14,0.3,225,-0.35,19.1,,unavailable (no satellite pass / dataset error),
51.5,Fair,Doable,2026-10-08T12:41:38Z,113,Jervis Bay (Inside),2026-10-13T06:00:00Z,2026-10-13T17:00,14.5,155,37.1,0.4,0.88,4.7,158,0.96,0.1,0.4,207,-0.34,19.1,,unavailable (no satellite pass / dataset error),
51.0,Fair,Great,2026-10-08T12:41:38Z,114,Jervis Bay (Inside),2026-10-13T07:00:00Z,2026-10-13T18:00,16.0,157,37.4,0.5,0.8,4.75,163,0.92,0.08,0.2,180,-0.22,19.1,,unavailable (no satellite pass / dataset error),
49.1,Fair,Great,2026-10-08T12:41:38Z,115,Jervis Bay (Inside),2026-10-13T08:00:00Z,2026-10-13T19:00,18.1,164,38.2,0.5,0.74,4.85,169,0.9,0.04,0.3,135,-0.04,19.0,,unavailable (no satellite pass / dataset error),
48.0,Fair,Great,2026-10-08T12:41:38Z,116,Jervis Bay (Inside),2026-10-13T09:00:00Z,2026-10-13T20:00,19.6,169,38.5,0.5,0.66,5.0,174,0.86,0.02,0.4,90,0.17,18.9,,unavailable (no satellite pass / dataset error),
47.9,Fair,Great,2026-10-08T12:41:38Z,117,Jervis Bay (Inside),2026-10-13T10:00:00Z,2026-10-13T21:00,18.7,172,37.8,1.3,0.6,5.35,171,0.92,0.26,0.5,45,0.35,18.8,,unavailable (no satellite pass / dataset error),
48.3,Fair,Great,2026-10-08T12:41:38Z,118,Jervis Bay (Inside),2026-10-13T11:00:00Z,2026-10-13T22:00,16.8,176,36.7,1.3,0.52,5.8,167,0.98,0.52,0.8,27,0.46,18.7,,unavailable (no satellite pass / dataset error),
47.6,Fair,Great,2026-10-08T12:41:38Z,119,Jervis Bay (Inside),2026-10-13T12:00:00Z,2026-10-13T23:00,16.4,181,37.4,1.3,0.46,6.05,164,1.04,0.76,1.0,22,0.44,18.7,,unavailable (no satellite pass / dataset error),
71.6,Good,Getting rough,2026-10-08T12:41:38Z,0,Jervis Bay (Outside - Point Perpendicular),2026-10-08T13:00:00Z,2026-10-09T00:00,6.5,231,13.0,0.0,1.62,7.75,145,1.7,0.02,0.3,225,-0.44,18.4,,unavailable (no satellite pass / dataset error),
71.8,Good,Getting rough,2026-10-08T12:41:38Z,1,Jervis Bay (Outside - Point Perpendicular),2026-10-08T14:00:00Z,2026-10-09T01:00,6.5,268,11.5,0.0,1.66,7.85,142,1.72,0.0,0.3,225,-0.57,18.3,,unavailable (no satellite pass / dataset error),
71.8,Good,Getting rough,2026-10-08T12:41:38Z,2,Jervis Bay (Outside - Point Perpendicular),2026-10-08T15:00:00Z,2026-10-09T02:00,7.1,286,12.6,0.0,1.7,7.95,140,1.74,0.0,0.2,270,-0.54,18.3,,unavailable (no satellite pass / dataset error),
72.8,Good,Getting rough,2026-10-08T12:41:38Z,3,Jervis Bay (Outside - Point Perpendicular),2026-10-08T16:00:00Z,2026-10-09T03:00,7.1,291,13.0,0.0,1.74,8.05,140,1.78,0.0,0.2,270,-0.36,18.3,,unavailable (no satellite pass / dataset error),
71.6,Good,Getting rough,2026-10-08T12:41:38Z,4,Jervis Bay (Outside - Point Perpendicular),2026-10-08T17:00:00Z,2026-10-09T04:00,8.9,298,15.5,0.0,1.76,8.15,139,1.8,0.0,0.3,225,-0.08,18.3,,unavailable (no satellite pass / dataset error),
72.4,Good,Getting rough,2026-10-08T12:41:38Z,5,Jervis Bay (Outside - Point Perpendicular),2026-10-08T18:00:00Z,2026-10-09T05:00,7.8,314,15.8,0.0,1.8,8.25,139,1.84,0.0,0.4,243,0.24,18.3,,unavailable (no satellite pass / dataset error),
71.6,Good,Getting rough,2026-10-08T12:41:38Z,6,Jervis Bay (Outside - Point Perpendicular),2026-10-08T19:00:00Z,2026-10-09T06:00,8.3,340,14.4,0.0,1.82,8.3,138,1.86,0.0,0.5,225,0.5,18.3,,unavailable (no satellite pass / dataset error),
68.6,Good,Getting rough,2026-10-08T12:41:38Z,7,Jervis Bay (Outside - Point Perpendicular),2026-10-08T20:00:00Z,2026-10-09T07:00,11.1,343,17.6,0.0,1.84,8.35,138,1.9,0.02,0.6,214,0.66,18.3,,unavailable (no satellite pass / dataset error),
66.4,Good,Getting rough,2026-10-08T12:41:38Z,8,Jervis Bay (Outside - Point Perpendicular),2026-10-08T21:00:00Z,2026-10-09T08:00,13.3,337,20.9,0.0,1.86,8.4,137,1.92,0.02,0.6,214,0.67,18.4,,unavailable (no satellite pass / dataset error),
68.0,Good,Getting rough,2026-10-08T12:41:38Z,9,Jervis Bay (Outside - Point Perpendicular),2026-10-08T22:00:00Z,2026-10-09T09:00,11.3,352,20.9,0.0,1.84,8.45,137,1.92,0.02,0.8,207,0.53,18.4,,unavailable (no satellite pass / dataset error),
65.2,Good,Getting rough,2026-10-08T12:41:38Z,10,Jervis Bay (Outside - Point Perpendicular),2026-10-08T23:00:00Z,2026-10-09T10:00,15.1,25,20.9,0.0,1.84,8.45,137,1.92,0.04,0.8,207,0.29,18.4,,unavailable (no satellite pass / dataset error),
59.3,Fair,Getting rough,2026-10-08T12:41:38Z,11,Jervis Bay (Outside - Point Perpendicular),2026-10-09T00:00:00Z,2026-10-09T11:00,21.5,38,28.1,0.0,1.82,8.45,137,1.92,0.04,1.0,202,0.0,18.4,,unavailable (no satellite pass / dataset error),
54.3,Fair,Getting rough,2026-10-08T12:41:38Z,12,Jervis Bay (Outside - Point Perpendicular),2026-10-09T01:00:00Z,2026-10-09T12:00,26.7,44,34.9,0.0,1.78,8.45,137,1.9,0.18,1.2,207,-0.25,18.4,,unavailable (no satellite pass / dataset error),
50.5,Fair,Getting rough,2026-10-08T12:41:38Z,13,Jervis Bay (Outside - Point Perpendicular),2026-10-09T02:00:00Z,2026-10-09T13:00,30.8,45,40.3,0.0,1.72,8.4,137,1.9,0.32,1.3,214,-0.39,18.5,,unavailable (no satellite pass / dataset error),
48.5,Fair,Getting rough,2026-10-08T12:41:38Z,14,Jervis Bay (Outside - Point Perpendicular),2026-10-09T03:00:00Z,2026-10-09T14:00,32.7,45,43.6,0.0,1.68,8.4,137,1.88,0.46,1.5,210,-0.39,18.5,,unavailable (no satellite pass / dataset error),
47.1,Fair,Getting rough,2026-10-08T12:41:38Z,15,Jervis Bay (Outside - Point Perpendicular),2026-10-09T04:00:00Z,2026-10-09T15:00,34.5,47,46.1,0.0,1.6,8.4,140,1.86,0.52,1.5,210,-0.25,18.5,,unavailable (no satellite pass / dataset error),
47.0,Fair,Bit dodgy,2026-10-08T12:41:38Z,16,Jervis Bay (Outside - Point Perpendicular),2026-10-09T05:00:00Z,2026-10-09T16:00,35.1,43,46.8,0.0,1.5,8.4,143,1.82,0.58,1.5,210,0.0,18.5,,unavailable (no satellite pass / dataset error),
47.2,Fair,Bit dodgy,2026-10-08T12:41:38Z,17,Jervis Bay (Outside - Point Perpendicular),2026-10-09T06:00:00Z,2026-10-09T17:00,35.4,37,47.5,0.0,1.42,8.35,146,1.8,0.64,1.5,210,0.31,18.5,,unavailable (no satellite pass / dataset error),
48.7,Fair,Bit dodgy,2026-10-08T12:41:38Z,18,Jervis Bay (Outside - Point Perpendicular),2026-10-09T07:00:00Z,2026-10-09T18:00,33.5,31,47.2,0.0,1.34,8.2,148,1.76,0.62,1.6,207,0.59,18.5,,unavailable (no satellite pass / dataset error),
51.8,Fair,Bit dodgy,2026-10-08T12:41:38Z,19,Jervis Bay (Outside - Point Perpendicular),2026-10-09T08:00:00Z,2026-10-09T19:00,30.5,29,44.6,0.0,1.26,8.05,149,1.72,0.6,1.6,207,0.77,18.5,,unavailable (no satellite pass / dataset error),
52.6,Fair,Doable,2026-10-08T12:41:38Z,20,Jervis Bay (Outside - Point Perpendicular),2026-10-09T09:00:00Z,2026-10-09T20:00,30.3,29,40.0,0.0,1.18,7.85,151,1.68,0.58,1.5,201,0.8,18.5,,unavailable (no satellite pass / dataset error),
53.7,Fair,Doable,2026-10-08T12:41:38Z,21,Jervis Bay (Outside - Point Perpendicular),2026-10-09T10:00:00Z,2026-10-09T21:00,29.6,22,39.6,0.0,1.12,7.7,151,1.64,0.6,1.5,201,0.67,18.5,,unavailable (no satellite pass / dataset error),
53.9,Fair,Doable,2026-10-08T12:41:38Z,22,Jervis Bay (Outside - Point Perpendicular),2026-10-09T11:00:00Z,2026-10-09T22:00,29.5,19,38.9,0.0,1.08,7.55,150,1.62,0.6,1.5,194,0.42,18.4,,unavailable (no satellite pass / dataset error),
53.0,Fair,Doable,2026-10-08T12:41:38Z,23,Jervis Bay (Outside - Point Perpendicular),2026-10-09T12:00:00Z,2026-10-09T23:00,31.5,22,39.6,0.0,1.02,7.45,150,1.58,0.62,1.3,196,0.11,18.4,,unavailable (no satellite pass / dataset error),
51.4,Fair,Doable,2026-10-08T12:41:38Z,24,Jervis Bay (Outside - Point Perpendicular),2026-10-09T13:00:00Z,2026-10-10T00:00,33.8,29,43.9,0.0,0.98,7.4,150,1.54,0.58,1.3,196,-0.18,18.4,,unavailable (no satellite pass / dataset error),
52.4,Fair,Doable,2026-10-08T12:41:38Z,25,Jervis Bay (Outside - Point Perpendicular),2026-10-09T14:00:00Z,2026-10-10T01:00,33.6,23,44.3,0.0,0.92,7.45,151,1.5,0.56,1.1,198,-0.39,18.4,,unavailable (no satellite pass / dataset error),
59.1,Fair,Doable,2026-10-08T12:41:38Z,26,Jervis Bay (Outside - Point Perpendicular),2026-10-09T15:00:00Z,2026-10-10T02:00,26.8,20,43.6,0.0,0.88,7.45,151,1.46,0.52,1.0,202,-0.45,18.4,,unavailable (no satellite pass / dataset error),
61.4,Good,Doable,2026-10-08T12:41:38Z,27,Jervis Bay (Outside - Point Perpendicular),2026-10-09T16:00:00Z,2026-10-10T03:00,24.7,17,35.3,0.0,0.84,7.45,151,1.42,0.42,1.0,202,-0.34,18.4,,unavailable (no satellite pass / dataset error),
61.5,Good,Doable,2026-10-08T12:41:38Z,28,Jervis Bay (Outside - Point Perpendicular),2026-10-09T17:00:00Z,2026-10-10T04:00,25.6,20,33.1,0.0,0.82,7.4,150,1.38,0.32,0.8,207,-0.11,18.4,,unavailable (no satellite pass / dataset error),
65.4,Good,Great,2026-10-08T12:41:38Z,29,Jervis Bay (Outside - Point Perpendicular),2026-10-09T18:00:00Z,2026-10-10T05:00,21.4,13,33.1,0.0,0.78,7.35,150,1.34,0.22,0.9,217,0.19,18.4,,unavailable (no satellite pass / dataset error),
71.6,Good,Great,2026-10-08T12:41:38Z,30,Jervis Bay (Outside - Point Perpendicular),2026-10-09T19:00:00Z,2026-10-10T06:00,13.2,15,36.7,1.2,0.76,7.3,149,1.3,0.18,0.9,217,0.5,18.4,,unavailable (no satellite pass / dataset error),
70.0,Good,Great,2026-10-08T12:41:38Z,31,Jervis Bay (Outside - Point Perpendicular),2026-10-09T20:00:00Z,2026-10-10T07:00,14.5,28,19.8,0.5,0.74,7.2,149,1.28,0.16,0.9,217,0.75,18.5,,unavailable (no satellite pass / dataset error),
68.0,Good,Great,2026-10-08T12:41:38Z,32,Jervis Bay (Outside - Point Perpendicular),2026-10-09T21:00:00Z,2026-10-10T08:00,15.0,18,19.1,1.4,0.72,7.15,148,1.24,0.12,1.0,211,0.86,18.5,,unavailable (no satellite pass / dataset error),
66.4,Good,Great,2026-10-08T12:41:38Z,33,Jervis Bay (Outside - Point Perpendicular),2026-10-09T22:00:00Z,2026-10-10T09:00,17.2,350,21.6,0.0,0.7,7.05,148,1.2,0.12,1.0,211,0.81,18.5,,unavailable (no satellite pass / dataset error),
66.5,Good,Great,2026-10-08T12:41:38Z,34,Jervis Bay (Outside - Point Perpendicular),2026-10-09T23:00:00Z,2026-10-10T10:00,17.6,1,23.8,0.0,0.66,7.0,147,1.16,0.1,1.0,211,0.62,18.5,,unavailable (no satellite pass / dataset error),
66.2,Good,Great,2026-10-08T12:41:38Z,35,Jervis Bay (Outside - Point Perpendicular),2026-10-10T00:00:00Z,2026-10-10T11:00,18.4,3,23.0,0.0,0.64,6.9,147,1.12,0.1,1.0,202,0.34,18.6,,unavailable (no satellite pass / dataset error),
66.7,Good,Great,2026-10-08T12:41:38Z,36,Jervis Bay (Outside - Point Perpendicular),2026-10-10T01:00:00Z,2026-10-10T12:00,18.8,13,22.3,0.0,0.62,6.8,147,1.08,0.12,0.8,207,0.03,18.6,,unavailable (no satellite pass / dataset error),
68.9,Good,Great,2026-10-08T12:41:38Z,37,Jervis Bay (Outside - Point Perpendicular),2026-10-10T02:00:00Z,2026-10-10T13:00,17.2,10,23.4,0.0,0.58,6.7,148,1.02,0.14,0.7,194,-0.22,18.7,,unavailable (no satellite pass / dataset error),
69.5,Good,Great,2026-10-08T12:41:38Z,38,Jervis Bay (Outside - Point Perpendicular),2026-10-10T03:00:00Z,2026-10-10T14:00,17.5,323,20.5,0.0,0.56,6.6,148,0.98,0.16,0.5,180,-0.35,18.9,,unavailable (no satellite pass / dataset error),
64.9,Good,Great,2026-10-08T12:41:38Z,39,Jervis Bay (Outside - Point Perpendicular),2026-10-10T04:00:00Z,2026-10-10T15:00,22.9,278,25.6,0.0,0.56,6.6,139,0.96,0.2,0.5,180,-0.32,19.0,,unavailable (no satellite pass / dataset error),
66.5,Good,Great,2026-10-08T12:41:38Z,40,Jervis Bay (Outside - Point Perpendicular),2026-10-10T05:00:00Z,2026-10-10T16:00,21.4,271,28.8,0.0,0.56,6.6,131,0.96,0.22,0.4,180,-0.16,19.0,,unavailable (no satellite pass / dataset error),
66.1,Good,Great,2026-10-08T12:41:38Z,41,Jervis Bay (Outside - Point Perpendicular),2026-10-10T06:00:00Z,2026-10-10T17:00,22.0,278,24.8,0.0,0.56,6.6,122,0.94,0.26,0.4,180,0.1,19.1,,unavailable (no satellite pass / dataset error),
63.8,Good,Great,2026-10-08T12:41:38Z,42,Jervis Bay (Outside - Point Perpendicular),2026-10-10T07:00:00Z,2026-10-10T18:00,24.9,284,28.4,0.0,0.54,6.5,115,0.92,0.3,0.4,207,0.38,19.1,,unavailable (no satellite pass / dataset error),
63.8,Good,Great,2026-10-08T12:41:38Z,43,Jervis Bay (Outside - Point Perpendicular),2026-10-10T08:00:00Z,2026-10-10T19:00,24.8,289,31.3,0.0,0.52,6.45,108,0.92,0.34,0.4,207,0.61,19.0,,unavailable (no satellite pass / dataset error),
54.9,Fair,Great,2026-10-08T12:41:38Z,44,Jervis Bay (Outside - Point Perpendicular),2026-10-10T09:00:00Z,2026-10-10T20:00,37.6,202,52.2,0.0,0.5,6.65,101,0.9,0.38,0.4,207,0.73,18.9,,unavailable (no satellite pass / dataset error),
57.2,Fair,Great,2026-10-08T12:41:38Z,45,Jervis Bay (Outside - Point Perpendicular),2026-10-10T10:00:00Z,2026-10-10T21:00,32.0,193,46.4,0.0,0.48,7.55,119,0.94,0.46,0.4,243,0.7,18.8,,unavailable (no satellite pass / dataset error),
61.5,Good,Great,2026-10-08T12:41:38Z,46,Jervis Bay (Outside - Point Perpendicular),2026-10-10T11:00:00Z,2026-10-10T22:00,26.8,195,40.3,0.0,0.48,8.7,138,0.98,0.52,0.4,243,0.53,18.7,,unavailable (no satellite pass / dataset error),
59.8,Fair,Great,2026-10-08T12:41:38Z,47,Jervis Bay (Outside - Point Perpendicular),2026-10-10T12:00:00Z,2026-10-10T23:00,27.7,189,37.1,0.0,0.46,9.1,156,1.02,0.6,0.6,252,0.26,18.7,,unavailable (no satellite pass / dataset error),
60.8,Good,Great,2026-10-08T12:41:38Z,48,Jervis Bay (Outside - Point Perpendicular),2026-10-10T13:00:00Z,2026-10-11T00:00,26.2,185,36.0,0.0,0.64,7.9,156,1.08,0.48,0.5,270,-0.05,18.6,,unavailable (no satellite pass / dataset error),
63.4,Good,Doable,2026-10-08T12:41:38Z,49,Jervis Bay (Outside - Point Perpendicular),2026-10-10T14:00:00Z,2026-10-11T01:00,22.8,185,34.2,0.0,0.84,5.95,157,1.12,0.34,0.5,270,-0.31,18.6,,unavailable (no satellite pass / dataset error),
67.8,Good,Doable,2026-10-08T12:41:38Z,50,Jervis Bay (Outside - Point Perpendicular),2026-10-10T15:00:00Z,2026-10-11T02:00,16.7,181,29.5,0.0,1.02,4.55,157,1.18,0.22,0.7,270,-0.46,18.6,,unavailable (no satellite pass / dataset error),
71.8,Good,Doable,2026-10-08T12:41:38Z,51,Jervis Bay (Outside - Point Perpendicular),2026-10-10T16:00:00Z,2026-10-11T03:00,12.4,179,22.0,0.0,1.02,4.3,155,1.16,0.14,0.7,256,-0.45,18.6,,unavailable (no satellite pass / dataset error),
74.3,Good,Doable,2026-10-08T12:41:38Z,52,Jervis Bay (Outside - Point Perpendicular),2026-10-10T17:00:00Z,2026-10-11T04:00,9.6,186,16.9,0.0,1.02,4.6,152,1.14,0.08,0.8,243,-0.3,18.6,,unavailable (no satellite pass / dataset error),
75.4,Good,Doable,2026-10-08T12:41:38Z,53,Jervis Bay (Outside - Point Perpendicular),2026-10-10T18:00:00Z,2026-10-11T05:00,8.0,207,13.3,0.0,1.02,4.9,150,1.12,0.0,1.0,248,-0.05,18.6,,unavailable (no satellite pass / dataset error),
78.3,Good,Doable,2026-10-08T12:41:38Z,54,Jervis Bay (Outside - Point Perpendicular),2026-10-10T19:00:00Z,2026-10-11T06:00,6.7,226,11.9,0.0,0.98,4.95,149,1.1,0.0,1.0,239,0.26,18.7,,unavailable (no satellite pass / dataset error),
79.1,Good,Doable,2026-10-08T12:41:38Z,55,Jervis Bay (Outside - Point Perpendicular),2026-10-10T20:00:00Z,2026-10-11T07:00,6.4,234,10.8,0.0,0.96,5.0,147,1.06,0.0,1.2,231,0.54,18.7,,unavailable (no satellite pass / dataset error),
82.1,Excellent,Doable,2026-10-08T12:41:38Z,56,Jervis Bay (Outside - Point Perpendicular),2026-10-10T21:00:00Z,2026-10-11T08:00,5.3,262,10.4,0.0,0.92,5.0,146,1.04,0.0,1.2,219,0.72,18.8,,unavailable (no satellite pass / dataset error),
83.6,Excellent,Doable,2026-10-08T12:41:38Z,57,Jervis Bay (Outside - Point Perpendicular),2026-10-10T22:00:00Z,2026-10-11T09:00,3.8,278,9.0,0.0,0.86,4.95,150,1.02,0.0,1.2,219,0.76,18.8,,unavailable (no satellite pass / dataset error),
87.0,Excellent,Doable,2026-10-08T12:41:38Z,58,Jervis Bay (Outside - Point Perpendicular),2026-10-10T23:00:00Z,2026-10-11T10:00,0.7,14,7.2,0.0,0.82,4.9,153,1.0,0.0,1.0,211,0.65,18.9,,unavailable (no satellite pass / dataset error),
81.2,Excellent,Great,2026-10-08T12:41:38Z,59,Jervis Bay (Outside - Point Perpendicular),2026-10-11T00:00:00Z,2026-10-11T11:00,7.5,101,10.1,0.0,0.76,4.85,157,0.98,0.0,1.0,202,0.41,18.9,,unavailable (no satellite pass / dataset error),
73.2,Good,Great,2026-10-08T12:41:38Z,60,Jervis Bay (Outside - Point Perpendicular),2026-10-11T01:00:00Z,2026-10-11T12:00,16.6,80,19.8,0.0,0.7,4.85,161,0.96,0.08,1.0,202,0.1,19.0,,unavailable (no satellite pass / dataset error),
64.2,Good,Great,2026-10-08T12:41:38Z,61,Jervis Bay (Outside - Point Perpendicular),2026-10-11T02:00:00Z,2026-10-11T13:00,26.7,72,32.8,0.0,0.62,4.85,164,0.96,0.16,1.0,202,-0.2,19.0,,unavailable (no satellite pass / dataset error),
62.5,Good,Great,2026-10-08T12:41:38Z,62,Jervis Bay (Outside - Point Perpendicular),2026-10-11T03:00:00Z,2026-10-11T14:00,29.4,67,36.4,0.0,0.56,4.9,168,0.94,0.24,0.8,207,-0.41,19.0,,unavailable (no satellite pass / dataset error),
60.6,Good,Great,2026-10-08T12:41:38Z,63,Jervis Bay (Outside - Point Perpendicular),2026-10-11T04:00:00Z,2026-10-11T15:00,31.5,57,40.0,0.0,0.54,5.05,164,0.94,0.32,0.8,207,-0.48,19.0,,unavailable (no satellite pass / dataset error),
61.3,Good,Great,2026-10-08T12:41:38Z,64,Jervis Bay (Outside - Point Perpendicular),2026-10-11T05:00:00Z,2026-10-11T16:00,30.2,46,39.6,0.0,0.54,5.2,161,0.96,0.4,0.9,217,-0.4,19.0,,unavailable (no satellite pass / dataset error),
60.7,Good,Great,2026-10-08T12:41:38Z,65,Jervis Bay (Outside - Point Perpendicular),2026-10-11T06:00:00Z,2026-10-11T17:00,30.1,38,38.5,0.0,0.52,5.25,157,0.96,0.48,1.2,219,-0.21,19.0,,unavailable (no satellite pass / dataset error),
61.3,Good,Great,2026-10-08T12:41:38Z,66,Jervis Bay (Outside - Point Perpendicular),2026-10-11T07:00:00Z,2026-10-11T18:00,29.0,36,37.8,0.0,0.5,5.15,162,0.98,0.52,1.3,214,0.04,18.9,,unavailable (no satellite pass / dataset error),
60.9,Good,Great,2026-10-08T12:41:38Z,67,Jervis Bay (Outside - Point Perpendicular),2026-10-11T08:00:00Z,2026-10-11T19:00,28.4,29,36.7,0.0,0.5,4.95,166,1.02,0.54,1.5,210,0.3,18.9,,unavailable (no satellite pass / dataset error),
59.3,Fair,Great,2026-10-08T12:41:38Z,68,Jervis Bay (Outside - Point Perpendicular),2026-10-11T09:00:00Z,2026-10-11T20:00,30.0,25,37.4,0.0,0.48,4.7,171,1.04,0.58,1.5,210,0.5,18.9,,unavailable (no satellite pass / dataset error),
59.1,Fair,Great,2026-10-08T12:41:38Z,69,Jervis Bay (Outside - Point Perpendicular),2026-10-11T10:00:00Z,2026-10-11T21:00,30.2,20,40.0,0.0,0.52,4.4,142,1.02,0.5,1.6,207,0.59,18.8,,unavailable (no satellite pass / dataset error),
62.3,Good,Great,2026-10-08T12:41:38Z,70,Jervis Bay (Outside - Point Perpendicular),2026-10-11T11:00:00Z,2026-10-11T22:00,27.3,16,38.2,0.0,0.54,4.05,113,0.98,0.42,1.5,201,0.54,18.8,,unavailable (no satellite pass / dataset error),
65.5,Good,Great,2026-10-08T12:41:38Z,71,Jervis Bay (Outside - Point Perpendicular),2026-10-11T12:00:00Z,2026-10-11T23:00,24.0,15,34.9,0.0,0.58,3.95,84,0.96,0.34,1.5,201,0.35,18.7,,unavailable (no satellite pass / dataset error),
72.2,Good,Great,2026-10-08T12:41:38Z,72,Jervis Bay (Outside - Point Perpendicular),2026-10-11T13:00:00Z,2026-10-12T00:00,17.4,8,30.2,0.0,0.54,4.25,94,0.92,0.26,1.3,196,0.09,18.7,,unavailable (no satellite pass / dataset error),
76.9,Good,Great,2026-10-08T12:41:38Z,73,Jervis Bay (Outside - Point Perpendicular),2026-10-11T14:00:00Z,2026-10-12T01:00,13.4,4,22.3,0.0,0.52,4.75,104,0.86,0.18,1.1,189,-0.17,18.7,,unavailable (no satellite pass / dataset error),
78.1,Good,Great,2026-10-08T12:41:38Z,74,Jervis Bay (Outside - Point Perpendicular),2026-10-11T15:00:00Z,2026-10-12T02:00,13.0,355,17.6,0.0,0.48,5.15,114,0.82,0.1,0.9,180,-0.36,18.6,,unavailable (no satellite pass / dataset error),
76.5,Good,Great,2026-10-08T12:41:38Z,75,Jervis Bay (Outside - Point Perpendicular),2026-10-11T16:00:00Z,2026-10-12T03:00,15.5,348,19.8,0.0,0.5,5.35,115,0.8,0.1,0.7,180,-0.42,18.6,,unavailable (no satellite pass / dataset error),
76.7,Good,Great,2026-10-08T12:41:38Z,76,Jervis Bay (Outside - Point Perpendicular),2026-10-11T17:00:00Z,2026-10-12T04:00,16.0,341,20.2,0.0,0.54,5.45,116,0.78,0.08,0.5,180,-0.34,18.6,,unavailable (no satellite pass / dataset error),
75.4,Good,Great,2026-10-08T12:41:38Z,77,Jervis Bay (Outside - Point Perpendicular),2026-10-11T18:00:00Z,2026-10-12T05:00,17.7,343,21.6,0.0,0.56,5.5,117,0.76,0.08,0.5,180,-0.14,18.6,,unavailable (no satellite pass / dataset error),
73.7,Good,Great,2026-10-08T12:41:38Z,78,Jervis Bay (Outside - Point Perpendicular),2026-10-11T19:00:00Z,2026-10-12T06:00,19.9,344,24.8,0.0,0.54,5.55,116,0.74,0.1,0.5,180,0.14,18.6,,unavailable (no satellite pass / dataset error),
73.9,Good,Great,2026-10-08T12:41:38Z,79,Jervis Bay (Outside - Point Perpendicular),2026-10-11T20:00:00Z,2026-10-12T07:00,19.4,341,25.6,0.0,0.54,5.5,116,0.74,0.12,0.6,198,0.44,18.6,,unavailable (no satellite pass / dataset error),
72.9,Good,Great,2026-10-08T12:41:38Z,80,Jervis Bay (Outside - Point Perpendicular),2026-10-11T21:00:00Z,2026-10-12T08:00,20.5,342,25.6,0.0,0.52,5.5,115,0.72,0.14,0.7,194,0.69,18.6,,unavailable (no satellite pass / dataset error),
72.2,Good,Great,2026-10-08T12:41:38Z,81,Jervis Bay (Outside - Point Perpendicular),2026-10-11T22:00:00Z,2026-10-12T09:00,21.2,339,25.6,0.0,0.5,5.4,114,0.72,0.14,0.7,194,0.83,18.6,,unavailable (no satellite pass / dataset error),
74.2,Good,Great,2026-10-08T12:41:38Z,82,Jervis Bay (Outside - Point Perpendicular),2026-10-11T23:00:00Z,2026-10-12T10:00,19.2,343,25.9,0.0,0.5,5.25,114,0.7,0.16,0.7,194,0.82,18.6,,unavailable (no satellite pass / dataset error),
75.9,Good,Great,2026-10-08T12:41:38Z,83,Jervis Bay (Outside - Point Perpendicular),2026-10-12T00:00:00Z,2026-10-12T11:00,17.3,10,22.7,0.0,0.48,5.5,113,0.7,0.16,0.7,194,0.65,18.7,,unavailable (no satellite pass / dataset error),
73.0,Good,Great,2026-10-08T12:41:38Z,84,Jervis Bay (Outside - Point Perpendicular),2026-10-12T01:00:00Z,2026-10-12T12:00,19.8,23,25.6,0.0,0.46,6.35,125,0.7,0.16,1.0,202,0.39,18.7,,unavailable (no satellite pass / dataset error),
69.7,Good,Great,2026-10-08T12:41:38Z,85,Jervis Bay (Outside - Point Perpendicular),2026-10-12T02:00:00Z,2026-10-12T13:00,23.7,33,29.9,0.0,0.46,7.55,137,0.7,0.18,0.9,191,0.09,18.8,,unavailable (no satellite pass / dataset error),
68.9,Good,Great,2026-10-08T12:41:38Z,86,Jervis Bay (Outside - Point Perpendicular),2026-10-12T03:00:00Z,2026-10-12T14:00,25.2,35,32.8,0.0,0.44,8.65,149,0.7,0.18,0.7,194,-0.18,18.9,,unavailable (no satellite pass / dataset error),
72.1,Good,Great,2026-10-08T12:41:38Z,87,Jervis Bay (Outside - Point Perpendicular),2026-10-12T04:00:00Z,2026-10-12T15:00,21.6,26,33.1,0.0,0.44,9.6,157,0.7,0.18,0.7,194,-0.35,19.0,,unavailable (no satellite pass / dataset error),
75.7,Good,Great,2026-10-08T12:41:38Z,88,Jervis Bay (Outside - Point Perpendicular),2026-10-12T05:00:00Z,2026-10-12T16:00,17.3,2,32.0,0.0,0.42,10.4,164,0.72,0.18,0.7,194,-0.39,19.1,,unavailable (no satellite pass / dataset error),
76.2,Good,Great,2026-10-08T12:41:38Z,89,Jervis Bay (Outside - Point Perpendicular),2026-10-12T06:00:00Z,2026-10-12T17:00,17.0,339,30.6,0.0,0.42,10.65,172,0.72,0.18,0.6,198,-0.29,19.2,,unavailable (no satellite pass / dataset error),
75.3,Good,Great,2026-10-08T12:41:38Z,90,Jervis Bay (Outside - Point Perpendicular),2026-10-12T07:00:00Z,2026-10-12T18:00,18.0,333,28.1,0.0,0.44,9.9,171,0.72,0.14,0.6,198,-0.11,19.2,,unavailable (no satellite pass / dataset error),
74.7,Good,Great,2026-10-08T12:41:38Z,91,Jervis Bay (Outside - Point Perpendicular),2026-10-12T08:00:00Z,2026-10-12T19:00,18.9,333,24.8,0.0,0.44,8.65,171,0.7,0.12,0.6,198,0.12,19.1,,unavailable (no satellite pass / dataset error),
74.4,Good,Great,2026-10-08T12:41:38Z,92,Jervis Bay (Outside - Point Perpendicular),2026-10-12T09:00:00Z,2026-10-12T20:00,19.3,332,22.7,0.0,0.46,7.7,170,0.7,0.08,0.6,198,0.34,19.1,,unavailable (no satellite pass / dataset error),
73.2,Good,Great,2026-10-08T12:41:38Z,93,Jervis Bay (Outside - Point Perpendicular),2026-10-12T10:00:00Z,2026-10-12T21:00,20.6,325,22.0,0.0,0.46,7.55,169,0.7,0.12,0.6,214,0.48,19.0,,unavailable (no satellite pass / dataset error),
72.1,Good,Great,2026-10-08T12:41:38Z,94,Jervis Bay (Outside - Point Perpendicular),2026-10-12T11:00:00Z,2026-10-12T22:00,21.8,317,22.0,0.0,0.48,7.7,168,0.7,0.14,0.6,214,0.51,19.0,,unavailable (no satellite pass / dataset error),
74.5,Good,Great,2026-10-08T12:41:38Z,95,Jervis Bay (Outside - Point Perpendicular),2026-10-12T12:00:00Z,2026-10-12T23:00,19.2,305,24.1,0.0,0.48,7.8,167,0.7,0.18,0.6,236,0.4,18.9,,unavailable (no satellite pass / dataset error),
79.8,Good,Great,2026-10-08T12:41:38Z,96,Jervis Bay (Outside - Point Perpendicular),2026-10-12T13:00:00Z,2026-10-13T00:00,12.7,263,30.2,0.7,0.48,7.65,166,0.68,0.16,0.5,225,0.21,18.9,,unavailable (no satellite pass / dataset error),
73.2,Good,Great,2026-10-08T12:41:38Z,97,Jervis Bay (Outside - Point Perpendicular),2026-10-12T14:00:00Z,2026-10-13T01:00,19.4,203,38.5,0.7,0.48,7.5,165,0.68,0.16,0.4,243,-0.02,18.8,,unavailable (no satellite pass / dataset error),
63.8,Good,Great,2026-10-08T12:41:38Z,98,Jervis Bay (Outside - Point Perpendicular),2026-10-12T15:00:00Z,2026-10-13T02:00,29.2,186,43.9,0.7,0.48,7.4,164,0.66,0.14,0.4,243,-0.23,18.8,,unavailable (no satellite pass / dataset error),
62.5,Good,Great,2026-10-08T12:41:38Z,99,Jervis Bay (Outside - Point Perpendicular),2026-10-12T16:00:00Z,2026-10-13T03:00,29.5,182,43.9,0.6,0.48,7.45,164,0.68,0.22,0.4,270,-0.35,18.7,,unavailable (no satellite pass / dataset error),
65.6,Good,Great,2026-10-08T12:41:38Z,100,Jervis Bay (Outside - Point Perpendicular),2026-10-12T17:00:00Z,2026-10-13T04:00,24.8,179,41.0,0.6,0.48,7.6,163,0.7,0.3,0.5,270,-0.34,18.7,,unavailable (no satellite pass / dataset error),
67.3,Good,Great,2026-10-08T12:41:38Z,101,Jervis Bay (Outside - Point Perpendicular),2026-10-12T18:00:00Z,2026-10-13T05:00,21.8,176,38.9,0.6,0.48,7.95,163,0.72,0.38,0.5,270,-0.21,18.7,,unavailable (no satellite pass / dataset error),
61.3,Good,Great,2026-10-08T12:41:38Z,102,Jervis Bay (Outside - Point Perpendicular),2026-10-12T19:00:00Z,2026-10-13T06:00,23.5,176,38.5,1.8,0.48,8.75,165,0.94,0.62,0.5,270,0.01,18.7,,unavailable (no satellite pass / dataset error),
54.2,Fair,Great,2026-10-08T12:41:38Z,103,Jervis Bay (Outside - Point Perpendicular),2026-10-12T20:00:00Z,2026-10-13T07:00,26.7,177,38.9,1.8,0.48,9.7,166,1.14,0.88,0.5,270,0.28,18.7,,unavailable (no satellite pass / dataset error),
48.1,Fair,Great,2026-10-08T12:41:38Z,104,Jervis Bay (Outside - Point Perpendicular),2026-10-12T21:00:00Z,2026-10-13T08:00,28.6,179,39.2,1.8,0.48,9.95,168,1.36,1.12,0.5,270,0.54,18.7,,unavailable (no satellite pass / dataset error),
45.6,Fair,Great,2026-10-08T12:41:38Z,105,Jervis Bay (Outside - Point Perpendicular),2026-10-12T22:00:00Z,2026-10-13T09:00,27.9,181,38.9,2.0,0.72,8.8,170,1.4,0.96,0.6,252,0.74,18.7,,unavailable (no satellite pass / dataset error),
44.6,Fair,Doable,2026-10-08T12:41:38Z,106,Jervis Bay (Outside - Point Perpendicular),2026-10-12T23:00:00Z,2026-10-13T10:00,26.2,185,38.2,2.0,0.98,6.9,171,1.42,0.78,0.5,225,0.81,18.7,,unavailable (no satellite pass / dataset error),
42.8,Fair,Bit dodgy,2026-10-08T12:41:38Z,107,Jervis Bay (Outside - Point Perpendicular),2026-10-13T00:00:00Z,2026-10-13T11:00,25.0,187,37.8,2.0,1.22,5.45,173,1.46,0.62,0.5,225,0.73,18.7,,unavailable (no satellite pass / dataset error),
42.8,Fair,Bit dodgy,2026-10-08T12:41:38Z,108,Jervis Bay (Outside - Point Perpendicular),2026-10-13T01:00:00Z,2026-10-13T12:00,25.2,187,37.4,0.2,1.22,5.0,171,1.42,0.5,0.5,225,0.53,18.8,,unavailable (no satellite pass / dataset error),
42.8,Fair,Doable,2026-10-08T12:41:38Z,109,Jervis Bay (Outside - Point Perpendicular),2026-10-13T02:00:00Z,2026-10-13T13:00,25.8,184,37.1,0.2,1.2,4.95,170,1.36,0.38,0.4,207,0.26,18.9,,unavailable (no satellite pass / dataset error),
42.9,Fair,Doable,2026-10-08T12:41:38Z,110,Jervis Bay (Outside - Point Perpendicular),2026-10-13T03:00:00Z,2026-10-13T14:00,26.1,180,37.1,0.2,1.2,5.0,168,1.32,0.26,0.3,225,-0.01,19.0,,unavailable (no satellite pass / dataset error),
43.7,Fair,Doable,2026-10-08T12:41:38Z,111,Jervis Bay (Outside - Point Perpendicular),2026-10-13T04:00:00Z,2026-10-13T15:00,25.5,169,36.7,0.3,1.16,4.95,166,1.26,0.22,0.3,225,-0.23,19.0,,unavailable (no satellite pass / dataset error),
42.8,Fair,Doable,2026-10-08T12:41:38Z,112,Jervis Bay (Outside - Point Perpendicular),2026-10-13T05:00:00Z,2026-10-13T16:00,26.2,154,36.4,0.3,1.1,4.9,165,1.22,0.16,0.4,180,-0.35,19.1,,unavailable (no satellite pass / dataset error),
41.9,Fair,Doable,2026-10-08T12:41:38Z,113,Jervis Bay (Outside - Point Perpendicular),2026-10-13T06:00:00Z,2026-10-13T17:00,28.0,147,37.4,0.3,1.06,4.9,163,1.16,0.12,0.2,180,-0.33,19.1,,unavailable (no satellite pass / dataset error),
38.5,Poor,Doable,2026-10-08T12:41:38Z,114,Jervis Bay (Outside - Point Perpendicular),2026-10-13T07:00:00Z,2026-10-13T18:00,29.9,150,41.0,1.5,1.0,4.8,164,1.12,0.1,0.3,135,-0.22,19.1,,unavailable (no satellite pass / dataset error),
34.8,Poor,Doable,2026-10-08T12:41:38Z,115,Jervis Bay (Outside - Point Perpendicular),2026-10-13T08:00:00Z,2026-10-13T19:00,32.5,158,45.7,1.5,0.94,4.75,166,1.1,0.1,0.2,90,-0.04,19.0,,unavailable (no satellite pass / dataset error),
32.3,Poor,Doable,2026-10-08T12:41:38Z,116,Jervis Bay (Outside - Point Perpendicular),2026-10-13T09:00:00Z,2026-10-13T20:00,34.9,164,49.3,1.5,0.88,5.1,167,1.06,0.08,0.4,63,0.17,19.0,,unavailable (no satellite pass / dataset error),
30.9,Poor,Great,2026-10-08T12:41:38Z,117,Jervis Bay (Outside - Point Perpendicular),2026-10-13T10:00:00Z,2026-10-13T21:00,36.3,166,50.0,0.3,0.72,6.4,171,1.14,0.42,0.6,34,0.35,18.9,,unavailable (no satellite pass / dataset error),
29.5,Poor,Great,2026-10-08T12:41:38Z,118,Jervis Bay (Outside - Point Perpendicular),2026-10-13T11:00:00Z,2026-10-13T22:00,37.4,168,49.3,0.3,0.58,8.1,174,1.24,0.76,0.8,27,0.45,18.8,,unavailable (no satellite pass / dataset error),
28.2,Poor,Great,2026-10-08T12:41:38Z,119,Jervis Bay (Outside - Point Perpendicular),2026-10-13T12:00:00Z,2026-10-13T23:00,38.7,172,50.4,0.3,0.42,8.95,178,1.32,1.1,1.0,22,0.44,18.7,,unavailable (no satellite pass / dataset error),
78.7,Good,Bit dodgy,2026-10-08T12:41:38Z,0,Shellharbour,2026-10-08T13:00:00Z,2026-10-09T00:00,6.8,281,15.1,0.0,1.3,7.3,129,1.38,0.0,0.6,198,-0.42,18.9,,unavailable (no satellite pass / dataset error),
79.1,Good,Bit dodgy,2026-10-08T12:41:38Z,1,Shellharbour,2026-10-08T14:00:00Z,2026-10-09T01:00,6.2,278,14.0,0.0,1.32,7.5,129,1.4,0.0,0.6,198,-0.55,18.8,,unavailable (no satellite pass / dataset error),
78.2,Good,Bit dodgy,2026-10-08T12:41:38Z,2,Shellharbour,2026-10-08T15:00:00Z,2026-10-09T02:00,6.9,275,14.4,0.0,1.36,7.7,129,1.42,0.0,0.6,198,-0.52,18.8,,unavailable (no satellite pass / dataset error),
77.6,Good,Bit dodgy,2026-10-08T12:41:38Z,3,Shellharbour,2026-10-08T16:00:00Z,2026-10-09T03:00,7.4,270,15.5,0.0,1.4,7.8,129,1.44,0.0,0.6,198,-0.34,18.8,,unavailable (no satellite pass / dataset error),
77.2,Good,Bit dodgy,2026-10-08T12:41:38Z,4,Shellharbour,2026-10-08T17:00:00Z,2026-10-09T04:00,7.4,271,16.2,0.0,1.46,7.9,128,1.48,0.0,0.6,198,-0.05,18.8,,unavailable (no satellite pass / dataset error),
76.8,Good,Bit dodgy,2026-10-08T12:41:38Z,5,Shellharbour,2026-10-08T18:00:00Z,2026-10-09T05:00,7.6,275,16.9,0.0,1.5,7.95,128,1.5,0.0,0.6,198,0.27,18.8,,unavailable (no satellite pass / dataset error),
76.6,Good,Getting rough,2026-10-08T12:41:38Z,6,Shellharbour,2026-10-08T19:00:00Z,2026-10-09T06:00,7.6,278,16.6,0.0,1.52,8.0,128,1.52,0.0,0.6,198,0.54,18.8,,unavailable (no satellite pass / dataset error),
75.9,Good,Getting rough,2026-10-08T12:41:38Z,7,Shellharbour,2026-10-08T20:00:00Z,2026-10-09T07:00,8.0,278,17.6,0.0,1.56,8.05,127,1.56,0.0,0.6,214,0.7,18.9,,unavailable (no satellite pass / dataset error),
76.7,Good,Getting rough,2026-10-08T12:41:38Z,8,Shellharbour,2026-10-08T21:00:00Z,2026-10-09T08:00,6.8,292,17.6,0.0,1.58,8.1,127,1.58,0.0,0.6,214,0.7,18.9,,unavailable (no satellite pass / dataset error),
78.7,Good,Getting rough,2026-10-08T12:41:38Z,9,Shellharbour,2026-10-08T22:00:00Z,2026-10-09T09:00,4.4,351,15.8,0.0,1.6,8.1,127,1.6,0.02,0.6,214,0.56,18.9,,unavailable (no satellite pass / dataset error),
76.9,Good,Getting rough,2026-10-08T12:41:38Z,10,Shellharbour,2026-10-08T23:00:00Z,2026-10-09T10:00,6.4,36,20.2,0.0,1.6,8.1,126,1.6,0.02,0.6,214,0.31,19.0,,unavailable (no satellite pass / dataset error),
73.3,Good,Getting rough,2026-10-08T12:41:38Z,11,Shellharbour,2026-10-09T00:00:00Z,2026-10-09T11:00,9.4,54,26.3,0.0,1.62,8.1,126,1.62,0.04,0.9,217,0.02,19.0,,unavailable (no satellite pass / dataset error),
69.9,Good,Getting rough,2026-10-08T12:41:38Z,12,Shellharbour,2026-10-09T01:00:00Z,2026-10-09T12:00,12.6,65,32.4,0.0,1.6,8.05,126,1.6,0.12,1.2,219,-0.23,19.1,,unavailable (no satellite pass / dataset error),
68.2,Good,Getting rough,2026-10-08T12:41:38Z,13,Shellharbour,2026-10-09T02:00:00Z,2026-10-09T13:00,14.5,68,36.0,0.0,1.58,8.0,125,1.6,0.18,1.2,219,-0.38,19.1,,unavailable (no satellite pass / dataset error),
68.1,Good,Getting rough,2026-10-08T12:41:38Z,14,Shellharbour,2026-10-09T03:00:00Z,2026-10-09T14:00,14.6,64,36.4,0.0,1.56,7.95,125,1.58,0.26,1.3,214,-0.38,19.2,,unavailable (no satellite pass / dataset error),
68.7,Good,Getting rough,2026-10-08T12:41:38Z,15,Shellharbour,2026-10-09T04:00:00Z,2026-10-09T15:00,14.0,64,36.0,0.0,1.54,7.85,124,1.58,0.28,1.3,214,-0.23,19.2,,unavailable (no satellite pass / dataset error),
70.7,Good,Getting rough,2026-10-08T12:41:38Z,16,Shellharbour,2026-10-09T05:00:00Z,2026-10-09T16:00,11.5,61,34.2,0.0,1.52,7.75,122,1.58,0.3,1.4,203,0.02,19.2,,unavailable (no satellite pass / dataset error),
72.3,Good,Bit dodgy,2026-10-08T12:41:38Z,17,Shellharbour,2026-10-09T06:00:00Z,2026-10-09T17:00,9.7,51,29.2,0.0,1.5,7.65,121,1.58,0.32,1.4,203,0.33,19.2,,unavailable (no satellite pass / dataset error),
73.9,Good,Bit dodgy,2026-10-08T12:41:38Z,18,Shellharbour,2026-10-09T07:00:00Z,2026-10-09T18:00,8.4,35,25.6,0.0,1.48,7.5,120,1.56,0.28,1.3,196,0.62,19.2,,unavailable (no satellite pass / dataset error),
78.1,Good,Bit dodgy,2026-10-08T12:41:38Z,19,Shellharbour,2026-10-09T08:00:00Z,2026-10-09T19:00,4.1,15,20.2,0.0,1.48,7.35,118,1.52,0.24,1.3,196,0.8,19.2,,unavailable (no satellite pass / dataset error),
79.0,Good,Bit dodgy,2026-10-08T12:41:38Z,20,Shellharbour,2026-10-09T09:00:00Z,2026-10-09T20:00,3.8,357,8.3,0.0,1.46,7.25,117,1.5,0.2,1.1,189,0.82,19.1,,unavailable (no satellite pass / dataset error),
80.0,Excellent,Bit dodgy,2026-10-08T12:41:38Z,21,Shellharbour,2026-10-09T10:00:00Z,2026-10-09T21:00,3.2,326,7.9,0.0,1.44,7.15,117,1.46,0.18,1.1,189,0.68,19.1,,unavailable (no satellite pass / dataset error),
79.8,Good,Bit dodgy,2026-10-08T12:41:38Z,22,Shellharbour,2026-10-09T11:00:00Z,2026-10-09T22:00,4.4,305,9.4,0.0,1.4,7.1,117,1.42,0.14,0.9,191,0.42,19.1,,unavailable (no satellite pass / dataset error),
80.9,Excellent,Bit dodgy,2026-10-08T12:41:38Z,23,Shellharbour,2026-10-09T12:00:00Z,2026-10-09T23:00,3.6,303,10.4,0.0,1.38,7.05,117,1.38,0.12,0.9,191,0.11,19.0,,unavailable (no satellite pass / dataset error),
79.2,Good,Bit dodgy,2026-10-08T12:41:38Z,24,Shellharbour,2026-10-09T13:00:00Z,2026-10-10T00:00,6.4,299,13.3,0.0,1.34,7.0,117,1.34,0.12,0.7,194,-0.19,19.0,,unavailable (no satellite pass / dataset error),
81.3,Excellent,Bit dodgy,2026-10-08T12:41:38Z,25,Shellharbour,2026-10-09T14:00:00Z,2026-10-10T01:00,4.3,292,13.3,0.0,1.3,6.95,116,1.32,0.12,0.7,194,-0.4,19.0,,unavailable (no satellite pass / dataset error),
80.0,Excellent,Bit dodgy,2026-10-08T12:41:38Z,26,Shellharbour,2026-10-09T15:00:00Z,2026-10-10T02:00,6.2,296,13.0,0.0,1.26,6.9,116,1.28,0.12,0.7,194,-0.45,19.0,,unavailable (no satellite pass / dataset error),
80.5,Excellent,Doable,2026-10-08T12:41:38Z,27,Shellharbour,2026-10-09T16:00:00Z,2026-10-10T03:00,5.8,324,15.5,0.0,1.2,6.9,117,1.24,0.1,0.8,207,-0.34,18.9,,unavailable (no satellite pass / dataset error),
79.9,Good,Doable,2026-10-08T12:41:38Z,28,Shellharbour,2026-10-09T17:00:00Z,2026-10-10T04:00,5.9,333,15.1,0.6,1.12,6.95,119,1.22,0.1,0.8,207,-0.1,18.9,,unavailable (no satellite pass / dataset error),
82.1,Excellent,Doable,2026-10-08T12:41:38Z,29,Shellharbour,2026-10-09T18:00:00Z,2026-10-10T05:00,3.9,336,13.3,0.0,1.06,6.9,120,1.18,0.08,0.8,207,0.21,18.9,,unavailable (no satellite pass / dataset error),
81.5,Excellent,Doable,2026-10-08T12:41:38Z,30,Shellharbour,2026-10-09T19:00:00Z,2026-10-10T06:00,4.8,318,13.0,0.0,1.06,6.75,116,1.16,0.06,0.8,207,0.53,18.9,,unavailable (no satellite pass / dataset error),
83.0,Excellent,Doable,2026-10-08T12:41:38Z,31,Shellharbour,2026-10-09T20:00:00Z,2026-10-10T07:00,2.4,171,13.0,0.8,1.04,6.6,113,1.12,0.04,0.8,207,0.78,19.0,,unavailable (no satellite pass / dataset error),
80.6,Excellent,Doable,2026-10-08T12:41:38Z,32,Shellharbour,2026-10-09T21:00:00Z,2026-10-10T08:00,2.7,122,12.2,1.9,1.04,6.45,109,1.1,0.02,0.8,207,0.89,19.0,,unavailable (no satellite pass / dataset error),
76.8,Good,Doable,2026-10-08T12:41:38Z,33,Shellharbour,2026-10-09T22:00:00Z,2026-10-10T09:00,6.9,43,12.2,0.0,1.0,6.35,109,1.06,0.02,1.0,202,0.83,19.0,,unavailable (no satellite pass / dataset error),
77.4,Good,Doable,2026-10-08T12:41:38Z,34,Shellharbour,2026-10-09T23:00:00Z,2026-10-10T10:00,6.6,22,18.0,0.0,0.98,6.3,110,1.02,0.02,1.0,202,0.63,19.1,,unavailable (no satellite pass / dataset error),
80.7,Excellent,Doable,2026-10-08T12:41:38Z,35,Shellharbour,2026-10-10T00:00:00Z,2026-10-10T11:00,3.4,32,15.8,0.0,0.94,6.3,110,0.98,0.02,1.0,202,0.34,19.1,,unavailable (no satellite pass / dataset error),
82.2,Excellent,Doable,2026-10-08T12:41:38Z,36,Shellharbour,2026-10-10T01:00:00Z,2026-10-10T12:00,3.0,52,12.6,0.0,0.88,6.4,112,0.94,0.02,0.7,194,0.03,19.2,,unavailable (no satellite pass / dataset error),
75.5,Good,Doable,2026-10-08T12:41:38Z,37,Shellharbour,2026-10-10T02:00:00Z,2026-10-10T13:00,10.7,299,26.6,0.0,0.84,6.55,114,0.92,0.04,0.7,194,-0.22,19.3,,unavailable (no satellite pass / dataset error),
72.7,Good,Great,2026-10-08T12:41:38Z,38,Shellharbour,2026-10-10T03:00:00Z,2026-10-10T14:00,14.3,285,37.1,0.0,0.78,6.65,116,0.88,0.04,0.7,194,-0.35,19.5,,unavailable (no satellite pass / dataset error),
73.1,Good,Great,2026-10-08T12:41:38Z,39,Shellharbour,2026-10-10T04:00:00Z,2026-10-10T15:00,14.3,280,36.0,0.0,0.74,6.65,117,0.86,0.06,0.6,198,-0.32,19.6,,unavailable (no satellite pass / dataset error),
72.5,Good,Great,2026-10-08T12:41:38Z,40,Shellharbour,2026-10-10T05:00:00Z,2026-10-10T16:00,15.7,272,36.7,0.0,0.72,6.65,117,0.82,0.06,0.5,180,-0.15,19.7,,unavailable (no satellite pass / dataset error),
73.7,Good,Great,2026-10-08T12:41:38Z,41,Shellharbour,2026-10-10T06:00:00Z,2026-10-10T17:00,14.6,267,35.3,0.0,0.68,6.65,118,0.8,0.08,0.5,180,0.11,19.7,,unavailable (no satellite pass / dataset error),
75.7,Good,Great,2026-10-08T12:41:38Z,42,Shellharbour,2026-10-10T07:00:00Z,2026-10-10T18:00,12.6,271,32.0,0.0,0.66,6.7,119,0.78,0.06,0.5,180,0.4,19.7,,unavailable (no satellite pass / dataset error),
78.5,Good,Great,2026-10-08T12:41:38Z,43,Shellharbour,2026-10-10T08:00:00Z,2026-10-10T19:00,9.6,282,26.3,0.0,0.64,6.7,119,0.74,0.04,0.6,198,0.64,19.7,,unavailable (no satellite pass / dataset error),
81.8,Excellent,Great,2026-10-08T12:41:38Z,44,Shellharbour,2026-10-10T09:00:00Z,2026-10-10T20:00,6.1,300,19.1,0.0,0.62,6.75,120,0.72,0.02,0.6,198,0.76,19.6,,unavailable (no satellite pass / dataset error),
83.5,Excellent,Great,2026-10-08T12:41:38Z,45,Shellharbour,2026-10-10T10:00:00Z,2026-10-10T21:00,4.8,283,12.2,0.0,0.6,6.8,120,0.72,0.08,0.4,207,0.73,19.5,,unavailable (no satellite pass / dataset error),
74.0,Good,Great,2026-10-08T12:41:38Z,46,Shellharbour,2026-10-10T11:00:00Z,2026-10-10T22:00,15.6,194,29.2,0.0,0.58,6.85,121,0.72,0.14,0.3,225,0.55,19.4,,unavailable (no satellite pass / dataset error),
74.5,Good,Great,2026-10-08T12:41:38Z,47,Shellharbour,2026-10-10T12:00:00Z,2026-10-10T23:00,15.4,201,31.7,0.0,0.56,6.7,121,0.72,0.2,0.2,270,0.27,19.3,,unavailable (no satellite pass / dataset error),
77.3,Good,Great,2026-10-08T12:41:38Z,48,Shellharbour,2026-10-10T13:00:00Z,2026-10-11T00:00,11.8,207,31.3,0.0,0.54,6.1,137,0.76,0.2,0.2,270,-0.04,19.3,,unavailable (no satellite pass / dataset error),
77.3,Good,Great,2026-10-08T12:41:38Z,49,Shellharbour,2026-10-10T14:00:00Z,2026-10-11T01:00,10.8,206,23.8,0.0,0.54,5.3,153,0.8,0.18,0.4,270,-0.3,19.2,,unavailable (no satellite pass / dataset error),
79.3,Good,Great,2026-10-08T12:41:38Z,50,Shellharbour,2026-10-10T15:00:00Z,2026-10-11T02:00,8.1,225,21.6,0.0,0.52,4.7,169,0.84,0.18,0.4,270,-0.45,19.2,,unavailable (no satellite pass / dataset error),
79.8,Good,Great,2026-10-08T12:41:38Z,51,Shellharbour,2026-10-10T16:00:00Z,2026-10-11T03:00,7.1,240,15.8,0.0,0.6,4.6,162,0.86,0.14,0.5,270,-0.44,19.2,,unavailable (no satellite pass / dataset error),
78.5,Good,Great,2026-10-08T12:41:38Z,52,Shellharbour,2026-10-10T17:00:00Z,2026-10-11T04:00,8.6,240,16.2,0.0,0.68,4.7,156,0.9,0.08,0.6,252,-0.28,19.2,,unavailable (no satellite pass / dataset error),
79.7,Good,Great,2026-10-08T12:41:38Z,53,Shellharbour,2026-10-10T18:00:00Z,2026-10-11T05:00,7.1,249,16.2,0.0,0.76,4.85,149,0.92,0.04,0.6,252,-0.01,19.2,,unavailable (no satellite pass / dataset error),
80.2,Excellent,Great,2026-10-08T12:41:38Z,54,Shellharbour,2026-10-10T19:00:00Z,2026-10-11T06:00,6.0,267,13.7,0.0,0.78,5.0,145,0.92,0.02,0.8,243,0.3,19.2,,unavailable (no satellite pass / dataset error),
80.5,Excellent,Great,2026-10-08T12:41:38Z,55,Shellharbour,2026-10-10T20:00:00Z,2026-10-11T07:00,6.5,283,11.9,0.0,0.78,5.25,142,0.94,0.02,0.8,243,0.58,19.2,,unavailable (no satellite pass / dataset error),
83.8,Excellent,Great,2026-10-08T12:41:38Z,56,Shellharbour,2026-10-10T21:00:00Z,2026-10-11T08:00,5.2,284,14.0,0.0,0.8,5.4,138,0.94,0.0,0.9,233,0.77,19.3,,unavailable (no satellite pass / dataset error),
86.5,Excellent,Great,2026-10-08T12:41:38Z,57,Shellharbour,2026-10-10T22:00:00Z,2026-10-11T09:00,2.2,66,13.3,0.0,0.78,5.5,132,0.94,0.0,0.9,217,0.8,19.4,,unavailable (no satellite pass / dataset error),
83.3,Excellent,Great,2026-10-08T12:41:38Z,58,Shellharbour,2026-10-10T23:00:00Z,2026-10-11T10:00,6.0,61,19.1,0.0,0.76,5.55,127,0.92,0.0,0.9,217,0.68,19.4,,unavailable (no satellite pass / dataset error),
82.3,Excellent,Great,2026-10-08T12:41:38Z,59,Shellharbour,2026-10-11T00:00:00Z,2026-10-11T11:00,7.4,67,22.3,0.0,0.74,5.6,121,0.92,0.0,0.8,207,0.43,19.5,,unavailable (no satellite pass / dataset error),
78.1,Good,Great,2026-10-08T12:41:38Z,60,Shellharbour,2026-10-11T01:00:00Z,2026-10-11T12:00,12.3,96,30.6,0.0,0.74,5.6,123,0.9,0.04,0.8,207,0.11,19.5,,unavailable (no satellite pass / dataset error),
77.2,Good,Great,2026-10-08T12:41:38Z,61,Shellharbour,2026-10-11T02:00:00Z,2026-10-11T13:00,12.8,85,32.0,0.0,0.74,5.55,125,0.9,0.08,1.0,202,-0.19,19.6,,unavailable (no satellite pass / dataset error),
78.1,Good,Great,2026-10-08T12:41:38Z,62,Shellharbour,2026-10-11T03:00:00Z,2026-10-11T14:00,12.1,73,33.5,0.0,0.74,5.5,127,0.88,0.12,1.0,202,-0.4,19.7,,unavailable (no satellite pass / dataset error),
78.0,Good,Great,2026-10-08T12:41:38Z,63,Shellharbour,2026-10-11T04:00:00Z,2026-10-11T15:00,12.4,64,31.7,0.0,0.74,5.45,125,0.86,0.14,1.0,202,-0.47,19.8,,unavailable (no satellite pass / dataset error),
79.1,Good,Great,2026-10-08T12:41:38Z,64,Shellharbour,2026-10-11T05:00:00Z,2026-10-11T16:00,11.4,51,31.7,0.0,0.72,5.45,124,0.86,0.18,0.9,191,-0.39,19.8,,unavailable (no satellite pass / dataset error),
78.3,Good,Great,2026-10-08T12:41:38Z,65,Shellharbour,2026-10-11T06:00:00Z,2026-10-11T17:00,12.5,41,30.2,0.0,0.72,5.35,122,0.84,0.2,0.9,191,-0.19,19.8,,unavailable (no satellite pass / dataset error),
80.5,Excellent,Great,2026-10-08T12:41:38Z,66,Shellharbour,2026-10-11T07:00:00Z,2026-10-11T18:00,10.1,29,30.2,0.0,0.74,5.2,118,0.84,0.18,0.9,191,0.07,19.8,,unavailable (no satellite pass / dataset error),
84.6,Excellent,Great,2026-10-08T12:41:38Z,67,Shellharbour,2026-10-11T08:00:00Z,2026-10-11T19:00,5.8,2,23.4,0.0,0.76,5.0,113,0.86,0.16,0.7,180,0.34,19.8,,unavailable (no satellite pass / dataset error),
86.0,Excellent,Great,2026-10-08T12:41:38Z,68,Shellharbour,2026-10-11T09:00:00Z,2026-10-11T20:00,4.2,342,11.5,0.0,0.78,4.85,109,0.86,0.14,0.7,180,0.54,19.7,,unavailable (no satellite pass / dataset error),
87.3,Excellent,Great,2026-10-08T12:41:38Z,69,Shellharbour,2026-10-11T10:00:00Z,2026-10-11T21:00,3.0,335,9.0,0.0,0.76,4.8,109,0.84,0.12,0.7,180,0.63,19.6,,unavailable (no satellite pass / dataset error),
87.2,Excellent,Great,2026-10-08T12:41:38Z,70,Shellharbour,2026-10-11T11:00:00Z,2026-10-11T22:00,3.5,282,8.3,0.0,0.74,4.8,108,0.8,0.08,0.7,180,0.57,19.5,,unavailable (no satellite pass / dataset error),
86.2,Excellent,Great,2026-10-08T12:41:38Z,71,Shellharbour,2026-10-11T12:00:00Z,2026-10-11T23:00,5.1,288,11.2,0.0,0.72,4.85,108,0.78,0.06,0.6,198,0.37,19.5,,unavailable (no satellite pass / dataset error),
85.7,Excellent,Great,2026-10-08T12:41:38Z,72,Shellharbour,2026-10-11T13:00:00Z,2026-10-12T00:00,5.9,297,12.2,0.0,0.7,4.95,107,0.76,0.04,0.6,198,0.11,19.4,,unavailable (no satellite pass / dataset error),
84.8,Excellent,Great,2026-10-08T12:41:38Z,73,Shellharbour,2026-10-11T14:00:00Z,2026-10-12T01:00,7.2,298,14.4,0.0,0.66,5.05,107,0.74,0.04,0.6,214,-0.16,19.4,,unavailable (no satellite pass / dataset error),
84.1,Excellent,Great,2026-10-08T12:41:38Z,74,Shellharbour,2026-10-11T15:00:00Z,2026-10-12T02:00,8.2,302,16.6,0.0,0.64,5.2,106,0.72,0.02,0.6,214,-0.35,19.4,,unavailable (no satellite pass / dataset error),
84.0,Excellent,Great,2026-10-08T12:41:38Z,75,Shellharbour,2026-10-11T16:00:00Z,2026-10-12T03:00,8.0,301,17.3,0.0,0.62,5.3,105,0.7,0.02,0.8,225,-0.42,19.3,,unavailable (no satellite pass / dataset error),
84.5,Excellent,Great,2026-10-08T12:41:38Z,76,Shellharbour,2026-10-11T17:00:00Z,2026-10-12T04:00,7.6,295,16.2,0.0,0.58,5.4,104,0.68,0.0,0.8,225,-0.33,19.3,,unavailable (no satellite pass / dataset error),
85.1,Excellent,Great,2026-10-08T12:41:38Z,77,Shellharbour,2026-10-11T18:00:00Z,2026-10-12T05:00,6.9,287,15.5,0.0,0.56,5.5,103,0.66,0.0,0.9,217,-0.12,19.3,,unavailable (no satellite pass / dataset error),
86.0,Excellent,Great,2026-10-08T12:41:38Z,78,Shellharbour,2026-10-11T19:00:00Z,2026-10-12T06:00,5.9,258,14.8,0.0,0.54,5.5,103,0.66,0.0,0.9,217,0.17,19.3,,unavailable (no satellite pass / dataset error),
85.7,Excellent,Great,2026-10-08T12:41:38Z,79,Shellharbour,2026-10-11T20:00:00Z,2026-10-12T07:00,6.5,257,14.4,0.0,0.54,5.5,103,0.64,0.0,0.9,217,0.47,19.4,,unavailable (no satellite pass / dataset error),
85.4,Excellent,Great,2026-10-08T12:41:38Z,80,Shellharbour,2026-10-11T21:00:00Z,2026-10-12T08:00,6.6,292,16.2,0.0,0.52,5.5,103,0.64,0.0,1.0,211,0.72,19.4,,unavailable (no satellite pass / dataset error),
88.0,Excellent,Great,2026-10-08T12:41:38Z,81,Shellharbour,2026-10-11T22:00:00Z,2026-10-12T09:00,3.9,336,15.8,0.0,0.48,5.65,109,0.62,0.0,1.0,211,0.86,19.5,,unavailable (no satellite pass / dataset error),
88.8,Excellent,Great,2026-10-08T12:41:38Z,82,Shellharbour,2026-10-11T23:00:00Z,2026-10-12T10:00,3.0,33,13.3,0.0,0.46,5.8,114,0.62,0.02,1.0,211,0.85,19.6,,unavailable (no satellite pass / dataset error),
84.9,Excellent,Great,2026-10-08T12:41:38Z,83,Shellharbour,2026-10-12T00:00:00Z,2026-10-12T11:00,7.3,57,19.8,0.0,0.42,5.95,120,0.6,0.02,1.1,198,0.68,19.6,,unavailable (no satellite pass / dataset error),
84.5,Excellent,Great,2026-10-08T12:41:38Z,84,Shellharbour,2026-10-12T01:00:00Z,2026-10-12T12:00,7.8,56,22.3,0.0,0.42,6.0,120,0.6,0.04,1.1,198,0.41,19.7,,unavailable (no satellite pass / dataset error),
85.6,Excellent,Great,2026-10-08T12:41:38Z,85,Shellharbour,2026-10-12T02:00:00Z,2026-10-12T13:00,6.8,48,25.2,0.0,0.42,6.0,121,0.58,0.04,1.1,198,0.1,19.8,,unavailable (no satellite pass / dataset error),
86.6,Excellent,Great,2026-10-08T12:41:38Z,86,Shellharbour,2026-10-12T03:00:00Z,2026-10-12T14:00,5.6,42,26.6,0.0,0.42,5.9,121,0.58,0.06,1.1,198,-0.16,19.9,,unavailable (no satellite pass / dataset error),
87.6,Excellent,Great,2026-10-08T12:41:38Z,87,Shellharbour,2026-10-12T04:00:00Z,2026-10-12T15:00,4.2,47,24.8,0.4,0.42,5.6,102,0.58,0.04,1.0,202,-0.33,20.0,,unavailable (no satellite pass / dataset error),
88.2,Excellent,Great,2026-10-08T12:41:38Z,88,Shellharbour,2026-10-12T05:00:00Z,2026-10-12T16:00,2.7,62,21.6,0.4,0.4,5.2,83,0.6,0.04,1.0,202,-0.36,20.0,,unavailable (no satellite pass / dataset error),
89.2,Excellent,Great,2026-10-08T12:41:38Z,89,Shellharbour,2026-10-12T06:00:00Z,2026-10-12T17:00,1.1,72,19.1,0.4,0.4,4.8,64,0.6,0.02,1.0,202,-0.26,20.1,,unavailable (no satellite pass / dataset error),
89.3,Excellent,Great,2026-10-08T12:41:38Z,90,Shellharbour,2026-10-12T07:00:00Z,2026-10-12T18:00,1.8,315,18.4,0.0,0.42,4.4,64,0.6,0.02,0.7,194,-0.07,20.1,,unavailable (no satellite pass / dataset error),
86.4,Excellent,Great,2026-10-08T12:41:38Z,91,Shellharbour,2026-10-12T08:00:00Z,2026-10-12T19:00,5.2,304,18.4,0.0,0.44,3.95,65,0.58,0.04,0.7,194,0.17,20.0,,unavailable (no satellite pass / dataset error),
84.5,Excellent,Great,2026-10-08T12:41:38Z,92,Shellharbour,2026-10-12T09:00:00Z,2026-10-12T20:00,7.4,299,18.4,0.0,0.46,3.7,65,0.58,0.04,0.7,194,0.39,20.0,,unavailable (no satellite pass / dataset error),
83.7,Excellent,Great,2026-10-08T12:41:38Z,93,Shellharbour,2026-10-12T10:00:00Z,2026-10-12T21:00,8.2,292,17.3,0.0,0.46,3.65,65,0.58,0.04,0.7,194,0.54,19.9,,unavailable (no satellite pass / dataset error),
83.8,Excellent,Great,2026-10-08T12:41:38Z,94,Shellharbour,2026-10-12T11:00:00Z,2026-10-12T22:00,7.9,282,15.5,0.0,0.48,3.7,64,0.58,0.02,0.8,207,0.57,19.9,,unavailable (no satellite pass / dataset error),
84.6,Excellent,Great,2026-10-08T12:41:38Z,95,Shellharbour,2026-10-12T12:00:00Z,2026-10-12T23:00,7.0,266,15.5,0.0,0.48,3.85,64,0.58,0.02,0.8,207,0.46,19.8,,unavailable (no satellite pass / dataset error),
85.5,Excellent,Great,2026-10-08T12:41:38Z,96,Shellharbour,2026-10-12T13:00:00Z,2026-10-13T00:00,6.6,225,18.0,0.1,0.48,4.05,64,0.56,0.02,0.6,214,0.25,19.8,,unavailable (no satellite pass / dataset error),
82.8,Excellent,Great,2026-10-08T12:41:38Z,97,Shellharbour,2026-10-12T14:00:00Z,2026-10-13T01:00,9.7,190,22.0,0.1,0.46,4.3,65,0.56,0.02,0.5,225,0.0,19.7,,unavailable (no satellite pass / dataset error),
80.1,Excellent,Great,2026-10-08T12:41:38Z,98,Shellharbour,2026-10-12T15:00:00Z,2026-10-13T02:00,12.6,178,24.8,0.1,0.46,4.55,65,0.54,0.02,0.6,236,-0.22,19.7,,unavailable (no satellite pass / dataset error),
79.9,Good,Great,2026-10-08T12:41:38Z,99,Shellharbour,2026-10-12T16:00:00Z,2026-10-13T03:00,12.1,178,25.2,0.5,0.46,4.75,71,0.54,0.02,0.6,236,-0.34,19.7,,unavailable (no satellite pass / dataset error),
81.0,Excellent,Great,2026-10-08T12:41:38Z,100,Shellharbour,2026-10-12T17:00:00Z,2026-10-13T04:00,9.6,185,24.8,0.5,0.46,4.95,77,0.54,0.02,0.8,243,-0.33,19.6,,unavailable (no satellite pass / dataset error),
82.0,Excellent,Great,2026-10-08T12:41:38Z,101,Shellharbour,2026-10-12T18:00:00Z,2026-10-13T05:00,7.8,195,23.8,0.5,0.46,5.05,83,0.54,0.02,0.8,243,-0.18,19.6,,unavailable (no satellite pass / dataset error),
81.1,Excellent,Great,2026-10-08T12:41:38Z,102,Shellharbour,2026-10-12T19:00:00Z,2026-10-13T06:00,7.0,198,22.0,0.6,0.46,5.05,78,0.58,0.12,1.0,248,0.05,19.6,,unavailable (no satellite pass / dataset error),
80.5,Excellent,Great,2026-10-08T12:41:38Z,103,Shellharbour,2026-10-12T20:00:00Z,2026-10-13T07:00,6.6,197,19.8,0.6,0.44,5.0,72,0.6,0.22,1.0,248,0.32,19.6,,unavailable (no satellite pass / dataset error),
79.1,Good,Great,2026-10-08T12:41:38Z,104,Shellharbour,2026-10-12T21:00:00Z,2026-10-13T08:00,7.2,193,20.5,0.6,0.44,4.95,67,0.64,0.32,0.9,233,0.59,19.6,,unavailable (no satellite pass / dataset error),
74.2,Good,Great,2026-10-08T12:41:38Z,105,Shellharbour,2026-10-12T22:00:00Z,2026-10-13T09:00,9.6,188,26.6,1.4,0.54,4.9,101,0.74,0.36,0.9,233,0.78,19.6,,unavailable (no satellite pass / dataset error),
68.4,Good,Great,2026-10-08T12:41:38Z,106,Shellharbour,2026-10-12T23:00:00Z,2026-10-13T10:00,13.0,184,35.6,1.4,0.62,4.85,135,0.84,0.38,0.9,233,0.85,19.6,,unavailable (no satellite pass / dataset error),
63.2,Good,Great,2026-10-08T12:41:38Z,107,Shellharbour,2026-10-13T00:00:00Z,2026-10-13T11:00,15.5,182,41.4,1.4,0.72,4.8,169,0.94,0.42,1.0,225,0.76,19.7,,unavailable (no satellite pass / dataset error),
62.2,Good,Great,2026-10-08T12:41:38Z,108,Shellharbour,2026-10-13T01:00:00Z,2026-10-13T12:00,15.9,183,40.3,0.5,0.76,4.85,166,0.96,0.4,0.9,233,0.56,19.8,,unavailable (no satellite pass / dataset error),
62.1,Good,Great,2026-10-08T12:41:38Z,109,Shellharbour,2026-10-13T02:00:00Z,2026-10-13T13:00,15.1,183,36.4,0.5,0.8,4.9,164,0.98,0.4,0.9,233,0.28,19.9,,unavailable (no satellite pass / dataset error),
61.8,Good,Doable,2026-10-08T12:41:38Z,110,Shellharbour,2026-10-13T03:00:00Z,2026-10-13T14:00,14.8,182,33.8,0.5,0.84,4.9,161,1.0,0.38,0.8,225,0.0,20.0,,unavailable (no satellite pass / dataset error),
61.5,Good,Doable,2026-10-08T12:41:38Z,111,Shellharbour,2026-10-13T04:00:00Z,2026-10-13T15:00,15.4,175,35.3,0.2,0.86,4.8,158,0.98,0.28,0.9,217,-0.23,20.1,,unavailable (no satellite pass / dataset error),
60.9,Good,Doable,2026-10-08T12:41:38Z,112,Shellharbour,2026-10-13T05:00:00Z,2026-10-13T16:00,16.6,167,38.2,0.2,0.86,4.7,155,0.98,0.18,0.8,207,-0.34,20.2,,unavailable (no satellite pass / dataset error),
61.4,Good,Doable,2026-10-08T12:41:38Z,113,Shellharbour,2026-10-13T06:00:00Z,2026-10-13T17:00,16.8,164,40.3,0.2,0.88,4.6,152,0.96,0.08,0.7,194,-0.32,20.2,,unavailable (no satellite pass / dataset error),
64.0,Good,Doable,2026-10-08T12:41:38Z,114,Shellharbour,2026-10-13T07:00:00Z,2026-10-13T18:00,14.5,169,40.7,0.1,0.82,4.65,154,0.94,0.06,0.5,180,-0.21,20.2,,unavailable (no satellite pass / dataset error),
67.0,Good,Great,2026-10-08T12:41:38Z,115,Shellharbour,2026-10-13T08:00:00Z,2026-10-13T19:00,11.2,182,40.0,0.1,0.78,4.75,157,0.9,0.04,0.6,162,-0.03,20.1,,unavailable (no satellite pass / dataset error),
69.1,Good,Great,2026-10-08T12:41:38Z,116,Shellharbour,2026-10-13T09:00:00Z,2026-10-13T20:00,9.7,196,38.2,0.1,0.72,4.75,159,0.88,0.02,0.3,135,0.18,19.9,,unavailable (no satellite pass / dataset error),
69.0,Good,Great,2026-10-08T12:41:38Z,117,Shellharbour,2026-10-13T10:00:00Z,2026-10-13T21:00,10.0,201,34.2,0.2,0.66,4.6,146,0.86,0.06,0.2,90,0.37,19.8,,unavailable (no satellite pass / dataset error),
68.5,Good,Great,2026-10-08T12:41:38Z,118,Shellharbour,2026-10-13T11:00:00Z,2026-10-13T22:00,11.0,199,29.5,0.2,0.58,4.35,132,0.84,0.12,0.0,90,0.47,19.7,,unavailable (no satellite pass / dataset error),
66.3,Good,Great,2026-10-08T12:41:38Z,119,Shellharbour,2026-10-13T12:00:00Z,2026-10-13T23:00,12.7,198,27.4,0.2,0.52,4.2,119,0.82,0.16,0.3,315,0.45,19.6,,unavailable (no satellite pass / dataset error),
74.7,Good,Getting rough,2026-10-08T12:41:38Z,0,Terrigal,2026-10-08T13:00:00Z,2026-10-09T00:00,7.9,271,13.3,0.0,1.56,7.65,144,1.56,0.0,0.6,214,-0.37,19.4,,unavailable (no satellite pass / dataset error),
73.2,Good,Getting rough,2026-10-08T12:41:38Z,1,Terrigal,2026-10-08T14:00:00Z,2026-10-09T01:00,9.2,268,15.5,0.0,1.58,7.8,143,1.58,0.0,0.8,207,-0.5,19.4,,unavailable (no satellite pass / dataset error),
74.4,Good,Getting rough,2026-10-08T12:41:38Z,2,Terrigal,2026-10-08T15:00:00Z,2026-10-09T02:00,8.5,266,16.2,0.0,1.58,7.9,143,1.58,0.0,0.8,207,-0.47,19.4,,unavailable (no satellite pass / dataset error),
74.1,Good,Getting rough,2026-10-08T12:41:38Z,3,Terrigal,2026-10-08T16:00:00Z,2026-10-09T03:00,8.6,282,15.1,0.0,1.62,8.0,143,1.62,0.0,0.8,207,-0.29,19.3,,unavailable (no satellite pass / dataset error),
72.8,Good,Getting rough,2026-10-08T12:41:38Z,4,Terrigal,2026-10-08T17:00:00Z,2026-10-09T04:00,10.0,284,18.0,0.0,1.64,8.15,142,1.64,0.02,0.8,207,0.01,19.3,,unavailable (no satellite pass / dataset error),
74.5,Good,Getting rough,2026-10-08T12:41:38Z,5,Terrigal,2026-10-08T18:00:00Z,2026-10-09T05:00,7.6,277,18.0,0.0,1.68,8.25,142,1.68,0.02,0.8,207,0.33,19.3,,unavailable (no satellite pass / dataset error),
74.8,Good,Getting rough,2026-10-08T12:41:38Z,6,Terrigal,2026-10-08T19:00:00Z,2026-10-09T06:00,6.9,276,13.0,0.0,1.72,8.3,142,1.72,0.02,0.8,207,0.6,19.3,,unavailable (no satellite pass / dataset error),
73.0,Good,Getting rough,2026-10-08T12:41:38Z,7,Terrigal,2026-10-08T20:00:00Z,2026-10-09T07:00,8.6,281,15.1,0.0,1.74,8.35,141,1.74,0.0,0.8,207,0.75,19.4,,unavailable (no satellite pass / dataset error),
75.9,Good,Getting rough,2026-10-08T12:41:38Z,8,Terrigal,2026-10-08T21:00:00Z,2026-10-09T08:00,4.7,272,16.2,0.0,1.78,8.4,141,1.78,0.0,0.9,217,0.75,19.4,,unavailable (no satellite pass / dataset error),
76.4,Good,Getting rough,2026-10-08T12:41:38Z,9,Terrigal,2026-10-08T22:00:00Z,2026-10-09T09:00,3.9,332,14.0,0.0,1.78,8.4,141,1.8,0.0,0.9,217,0.59,19.5,,unavailable (no satellite pass / dataset error),
73.7,Good,Getting rough,2026-10-08T12:41:38Z,10,Terrigal,2026-10-08T23:00:00Z,2026-10-09T10:00,6.7,36,20.2,0.0,1.8,8.4,141,1.8,0.0,1.0,211,0.33,19.5,,unavailable (no satellite pass / dataset error),
71.1,Good,Getting rough,2026-10-08T12:41:38Z,11,Terrigal,2026-10-09T00:00:00Z,2026-10-09T11:00,9.4,58,25.9,0.0,1.8,8.4,141,1.82,0.0,1.0,211,0.03,19.5,,unavailable (no satellite pass / dataset error),
67.3,Good,Getting rough,2026-10-08T12:41:38Z,12,Terrigal,2026-10-09T01:00:00Z,2026-10-09T12:00,12.8,59,32.8,0.0,1.8,8.45,142,1.82,0.1,1.3,214,-0.23,19.6,,unavailable (no satellite pass / dataset error),
63.4,Good,Getting rough,2026-10-08T12:41:38Z,13,Terrigal,2026-10-09T02:00:00Z,2026-10-09T13:00,16.7,62,40.0,0.0,1.78,8.5,142,1.82,0.22,1.5,210,-0.38,19.6,,unavailable (no satellite pass / dataset error),
62.2,Good,Getting rough,2026-10-08T12:41:38Z,14,Terrigal,2026-10-09T03:00:00Z,2026-10-09T14:00,18.0,65,42.5,0.0,1.78,8.55,143,1.82,0.32,1.5,210,-0.38,19.6,,unavailable (no satellite pass / dataset error),
61.9,Good,Getting rough,2026-10-08T12:41:38Z,15,Terrigal,2026-10-09T04:00:00Z,2026-10-09T15:00,18.3,60,42.5,0.0,1.76,8.5,143,1.8,0.38,1.6,207,-0.22,19.7,,unavailable (no satellite pass / dataset error),
61.7,Good,Getting rough,2026-10-08T12:41:38Z,16,Terrigal,2026-10-09T05:00:00Z,2026-10-09T16:00,18.5,56,42.8,0.0,1.72,8.45,144,1.8,0.42,1.6,207,0.05,19.7,,unavailable (no satellite pass / dataset error),
60.9,Good,Getting rough,2026-10-08T12:41:38Z,17,Terrigal,2026-10-09T06:00:00Z,2026-10-09T17:00,19.7,57,43.6,0.0,1.7,8.4,144,1.78,0.48,1.6,207,0.37,19.7,,unavailable (no satellite pass / dataset error),
60.9,Good,Getting rough,2026-10-08T12:41:38Z,18,Terrigal,2026-10-09T07:00:00Z,2026-10-09T18:00,20.1,46,44.3,0.0,1.66,8.35,144,1.76,0.5,1.5,201,0.66,19.7,,unavailable (no satellite pass / dataset error),
62.2,Good,Getting rough,2026-10-08T12:41:38Z,19,Terrigal,2026-10-09T08:00:00Z,2026-10-09T19:00,19.1,33,42.8,0.0,1.62,8.35,144,1.72,0.5,1.5,201,0.84,19.6,,unavailable (no satellite pass / dataset error),
61.5,Good,Getting rough,2026-10-08T12:41:38Z,20,Terrigal,2026-10-09T09:00:00Z,2026-10-09T20:00,20.1,38,39.6,0.0,1.58,8.3,144,1.7,0.52,1.5,201,0.86,19.6,,unavailable (no satellite pass / dataset error),
63.6,Good,Getting rough,2026-10-08T12:41:38Z,21,Terrigal,2026-10-09T10:00:00Z,2026-10-09T21:00,18.8,29,39.2,0.0,1.52,8.2,143,1.66,0.48,1.3,196,0.71,19.5,,unavailable (no satellite pass / dataset error),
65.5,Good,Bit dodgy,2026-10-08T12:41:38Z,22,Terrigal,2026-10-09T11:00:00Z,2026-10-09T22:00,17.3,30,36.4,0.0,1.48,8.15,142,1.6,0.42,1.3,196,0.44,19.5,,unavailable (no satellite pass / dataset error),
66.9,Good,Bit dodgy,2026-10-08T12:41:38Z,23,Terrigal,2026-10-09T12:00:00Z,2026-10-09T23:00,16.7,29,33.1,0.0,1.42,8.05,141,1.56,0.38,1.1,198,0.12,19.5,,unavailable (no satellite pass / dataset error),
69.3,Good,Bit dodgy,2026-10-08T12:41:38Z,24,Terrigal,2026-10-09T13:00:00Z,2026-10-10T00:00,14.5,20,31.7,0.0,1.38,8.0,141,1.52,0.26,1.1,198,-0.19,19.5,,unavailable (no satellite pass / dataset error),
75.3,Good,Bit dodgy,2026-10-08T12:41:38Z,25,Terrigal,2026-10-09T14:00:00Z,2026-10-10T01:00,8.7,347,27.0,0.0,1.34,7.95,142,1.46,0.14,1.0,202,-0.41,19.4,,unavailable (no satellite pass / dataset error),
75.8,Good,Bit dodgy,2026-10-08T12:41:38Z,26,Terrigal,2026-10-09T15:00:00Z,2026-10-10T02:00,6.9,319,20.5,1.2,1.3,7.95,142,1.42,0.02,1.0,202,-0.46,19.4,,unavailable (no satellite pass / dataset error),
75.9,Good,Bit dodgy,2026-10-08T12:41:38Z,27,Terrigal,2026-10-09T16:00:00Z,2026-10-10T03:00,4.2,25,21.2,2.2,1.22,8.1,145,1.38,0.02,1.0,202,-0.35,19.4,,unavailable (no satellite pass / dataset error),
73.1,Good,Doable,2026-10-08T12:41:38Z,28,Terrigal,2026-10-09T17:00:00Z,2026-10-10T04:00,8.5,1,16.6,0.0,1.16,8.3,147,1.32,0.02,0.8,207,-0.09,19.4,,unavailable (no satellite pass / dataset error),
72.2,Good,Doable,2026-10-08T12:41:38Z,29,Terrigal,2026-10-09T18:00:00Z,2026-10-10T05:00,9.9,348,18.0,0.0,1.08,8.45,150,1.28,0.02,0.8,207,0.23,19.4,,unavailable (no satellite pass / dataset error),
73.3,Good,Doable,2026-10-08T12:41:38Z,30,Terrigal,2026-10-09T19:00:00Z,2026-10-10T06:00,9.1,350,17.6,0.0,1.04,8.5,150,1.24,0.02,0.8,207,0.56,19.4,,unavailable (no satellite pass / dataset error),
72.7,Good,Doable,2026-10-08T12:41:38Z,31,Terrigal,2026-10-09T20:00:00Z,2026-10-10T07:00,10.8,5,17.6,0.0,1.02,8.45,150,1.2,0.04,0.6,214,0.8,19.4,,unavailable (no satellite pass / dataset error),
69.7,Good,Doable,2026-10-08T12:41:38Z,32,Terrigal,2026-10-09T21:00:00Z,2026-10-10T08:00,14.2,328,23.0,0.3,0.98,8.35,150,1.16,0.04,0.6,214,0.91,19.4,,unavailable (no satellite pass / dataset error),
63.4,Good,Doable,2026-10-08T12:41:38Z,33,Terrigal,2026-10-09T22:00:00Z,2026-10-10T09:00,20.7,322,37.1,0.3,0.98,8.2,148,1.12,0.1,0.8,207,0.85,19.4,,unavailable (no satellite pass / dataset error),
62.1,Good,Doable,2026-10-08T12:41:38Z,34,Terrigal,2026-10-09T23:00:00Z,2026-10-10T10:00,22.7,333,44.6,0.0,0.98,7.95,145,1.1,0.16,0.7,194,0.64,19.5,,unavailable (no satellite pass / dataset error),
65.6,Good,Doable,2026-10-08T12:41:38Z,35,Terrigal,2026-10-10T00:00:00Z,2026-10-10T11:00,19.2,338,45.0,0.0,0.98,7.8,143,1.06,0.22,0.7,194,0.34,19.5,,unavailable (no satellite pass / dataset error),
63.7,Good,Doable,2026-10-08T12:41:38Z,36,Terrigal,2026-10-10T01:00:00Z,2026-10-10T12:00,21.6,290,57.2,0.0,0.94,7.7,142,1.04,0.22,0.7,194,0.02,19.6,,unavailable (no satellite pass / dataset error),
67.5,Good,Doable,2026-10-08T12:41:38Z,37,Terrigal,2026-10-10T02:00:00Z,2026-10-10T13:00,17.8,269,51.5,0.0,0.88,7.65,142,1.0,0.24,0.7,180,-0.22,19.7,,unavailable (no satellite pass / dataset error),
74.0,Good,Doable,2026-10-08T12:41:38Z,38,Terrigal,2026-10-10T03:00:00Z,2026-10-10T14:00,11.2,275,41.8,0.0,0.84,7.65,141,0.98,0.24,0.5,180,-0.34,19.9,,unavailable (no satellite pass / dataset error),
73.6,Good,Doable,2026-10-08T12:41:38Z,39,Terrigal,2026-10-10T04:00:00Z,2026-10-10T15:00,11.9,284,28.4,0.0,0.82,7.75,142,0.96,0.18,0.5,180,-0.3,20.0,,unavailable (no satellite pass / dataset error),
73.1,Good,Great,2026-10-08T12:41:38Z,40,Terrigal,2026-10-10T05:00:00Z,2026-10-10T16:00,13.0,284,33.1,0.0,0.8,7.95,144,0.94,0.12,0.4,180,-0.12,20.1,,unavailable (no satellite pass / dataset error),
76.6,Good,Great,2026-10-08T12:41:38Z,41,Terrigal,2026-10-10T06:00:00Z,2026-10-10T17:00,9.3,280,30.6,0.0,0.78,8.1,145,0.92,0.06,0.4,180,0.16,20.2,,unavailable (no satellite pass / dataset error),
83.0,Excellent,Great,2026-10-08T12:41:38Z,42,Terrigal,2026-10-10T07:00:00Z,2026-10-10T18:00,2.8,259,19.4,0.0,0.74,8.25,147,0.9,0.08,0.2,180,0.45,20.2,,unavailable (no satellite pass / dataset error),
85.0,Excellent,Great,2026-10-08T12:41:38Z,43,Terrigal,2026-10-10T08:00:00Z,2026-10-10T19:00,0.6,146,5.0,0.0,0.7,8.35,148,0.88,0.12,0.3,225,0.69,20.1,,unavailable (no satellite pass / dataset error),
80.6,Excellent,Great,2026-10-08T12:41:38Z,44,Terrigal,2026-10-10T09:00:00Z,2026-10-10T20:00,5.7,314,8.3,0.0,0.66,8.2,150,0.86,0.14,0.3,225,0.82,20.0,,unavailable (no satellite pass / dataset error),
76.1,Good,Great,2026-10-08T12:41:38Z,45,Terrigal,2026-10-10T10:00:00Z,2026-10-10T21:00,11.0,291,19.1,0.0,0.62,7.6,147,0.84,0.12,0.3,225,0.78,19.9,,unavailable (no satellite pass / dataset error),
75.9,Good,Great,2026-10-08T12:41:38Z,46,Terrigal,2026-10-10T11:00:00Z,2026-10-10T22:00,11.2,286,19.1,0.0,0.56,6.8,145,0.84,0.12,0.3,225,0.59,19.8,,unavailable (no satellite pass / dataset error),
76.5,Good,Great,2026-10-08T12:41:38Z,47,Terrigal,2026-10-10T12:00:00Z,2026-10-10T23:00,10.7,283,20.2,0.0,0.52,6.3,142,0.82,0.1,0.3,225,0.3,19.8,,unavailable (no satellite pass / dataset error),
78.7,Good,Great,2026-10-08T12:41:38Z,48,Terrigal,2026-10-10T13:00:00Z,2026-10-11T00:00,8.3,256,18.4,0.0,0.5,6.5,142,0.82,0.18,0.3,225,-0.02,19.7,,unavailable (no satellite pass / dataset error),
69.4,Good,Great,2026-10-08T12:41:38Z,49,Terrigal,2026-10-10T14:00:00Z,2026-10-11T01:00,18.5,188,33.1,0.0,0.5,7.0,142,0.84,0.28,0.3,225,-0.29,19.7,,unavailable (no satellite pass / dataset error),
72.3,Good,Great,2026-10-08T12:41:38Z,50,Terrigal,2026-10-10T15:00:00Z,2026-10-11T02:00,16.9,197,34.9,0.0,0.48,7.15,142,0.84,0.36,0.3,225,-0.44,19.7,,unavailable (no satellite pass / dataset error),
74.7,Good,Great,2026-10-08T12:41:38Z,51,Terrigal,2026-10-10T16:00:00Z,2026-10-11T03:00,16.6,201,32.8,0.0,0.52,6.45,148,0.9,0.34,0.3,225,-0.42,19.6,,unavailable (no satellite pass / dataset error),
76.1,Good,Great,2026-10-08T12:41:38Z,52,Terrigal,2026-10-10T17:00:00Z,2026-10-11T04:00,14.4,200,31.3,0.0,0.58,5.35,155,0.96,0.34,0.3,225,-0.25,19.6,,unavailable (no satellite pass / dataset error),
77.3,Good,Great,2026-10-08T12:41:38Z,53,Terrigal,2026-10-10T18:00:00Z,2026-10-11T05:00,12.1,201,27.0,0.0,0.62,4.6,161,1.02,0.32,0.4,243,0.03,19.6,,unavailable (no satellite pass / dataset error),
78.2,Good,Great,2026-10-08T12:41:38Z,54,Terrigal,2026-10-10T19:00:00Z,2026-10-11T06:00,11.3,200,22.7,0.0,0.62,4.5,163,1.0,0.24,0.4,243,0.35,19.6,,unavailable (no satellite pass / dataset error),
79.9,Good,Great,2026-10-08T12:41:38Z,55,Terrigal,2026-10-10T20:00:00Z,2026-10-11T07:00,9.7,208,21.2,0.0,0.62,4.7,164,0.98,0.16,0.4,243,0.64,19.7,,unavailable (no satellite pass / dataset error),
80.2,Excellent,Great,2026-10-08T12:41:38Z,56,Terrigal,2026-10-10T21:00:00Z,2026-10-11T08:00,9.7,195,22.7,0.0,0.62,4.85,166,0.96,0.08,0.5,225,0.83,19.7,,unavailable (no satellite pass / dataset error),
81.8,Excellent,Great,2026-10-08T12:41:38Z,57,Terrigal,2026-10-10T22:00:00Z,2026-10-11T09:00,8.4,173,23.4,0.1,0.64,4.75,165,0.94,0.06,0.5,225,0.86,19.8,,unavailable (no satellite pass / dataset error),
83.1,Excellent,Great,2026-10-08T12:41:38Z,58,Terrigal,2026-10-10T23:00:00Z,2026-10-11T10:00,6.9,160,21.6,0.0,0.68,4.65,164,0.94,0.02,0.5,225,0.73,19.9,,unavailable (no satellite pass / dataset error),
81.1,Excellent,Great,2026-10-08T12:41:38Z,59,Terrigal,2026-10-11T00:00:00Z,2026-10-11T11:00,9.1,144,24.8,0.0,0.7,4.6,163,0.92,0.0,0.6,236,0.46,19.9,,unavailable (no satellite pass / dataset error),
78.8,Good,Great,2026-10-08T12:41:38Z,60,Terrigal,2026-10-11T01:00:00Z,2026-10-11T12:00,12.0,136,31.0,0.0,0.7,4.75,160,0.9,0.04,0.6,236,0.14,20.0,,unavailable (no satellite pass / dataset error),
78.4,Good,Great,2026-10-08T12:41:38Z,61,Terrigal,2026-10-11T02:00:00Z,2026-10-11T13:00,11.6,120,31.0,0.0,0.7,5.0,158,0.9,0.1,0.9,233,-0.17,20.1,,unavailable (no satellite pass / dataset error),
76.5,Good,Great,2026-10-08T12:41:38Z,62,Terrigal,2026-10-11T03:00:00Z,2026-10-11T14:00,13.8,107,33.5,0.1,0.7,5.15,155,0.88,0.14,0.9,233,-0.38,20.2,,unavailable (no satellite pass / dataset error),
76.8,Good,Great,2026-10-08T12:41:38Z,63,Terrigal,2026-10-11T04:00:00Z,2026-10-11T15:00,13.2,100,34.2,0.0,0.68,5.15,153,0.88,0.18,1.0,225,-0.45,20.2,,unavailable (no satellite pass / dataset error),
77.8,Good,Great,2026-10-08T12:41:38Z,64,Terrigal,2026-10-11T05:00:00Z,2026-10-11T16:00,12.6,79,32.8,0.0,0.68,5.1,151,0.86,0.22,0.9,217,-0.36,20.3,,unavailable (no satellite pass / dataset error),
75.0,Good,Great,2026-10-08T12:41:38Z,65,Terrigal,2026-10-11T06:00:00Z,2026-10-11T17:00,15.5,70,34.9,0.0,0.66,5.1,149,0.86,0.26,1.0,211,-0.15,20.3,,unavailable (no satellite pass / dataset error),
75.9,Good,Great,2026-10-08T12:41:38Z,66,Terrigal,2026-10-11T07:00:00Z,2026-10-11T18:00,14.4,44,34.6,0.0,0.64,5.15,149,0.86,0.24,1.0,202,0.12,20.3,,unavailable (no satellite pass / dataset error),
75.4,Good,Great,2026-10-08T12:41:38Z,67,Terrigal,2026-10-11T08:00:00Z,2026-10-11T19:00,15.0,35,31.0,0.0,0.64,5.2,148,0.86,0.24,1.0,202,0.39,20.3,,unavailable (no satellite pass / dataset error),
75.3,Good,Great,2026-10-08T12:41:38Z,68,Terrigal,2026-10-11T09:00:00Z,2026-10-11T20:00,15.1,25,29.2,0.0,0.62,5.25,148,0.86,0.22,1.0,202,0.6,20.2,,unavailable (no satellite pass / dataset error),
76.1,Good,Great,2026-10-08T12:41:38Z,69,Terrigal,2026-10-11T10:00:00Z,2026-10-11T21:00,14.5,20,28.8,0.0,0.6,5.3,148,0.86,0.2,0.9,191,0.68,20.1,,unavailable (no satellite pass / dataset error),
79.6,Good,Great,2026-10-08T12:41:38Z,70,Terrigal,2026-10-11T11:00:00Z,2026-10-11T22:00,10.8,5,27.0,0.0,0.58,5.35,147,0.84,0.2,0.9,191,0.6,20.0,,unavailable (no satellite pass / dataset error),
81.7,Excellent,Great,2026-10-08T12:41:38Z,71,Terrigal,2026-10-11T12:00:00Z,2026-10-11T23:00,9.0,359,19.8,0.0,0.56,5.35,147,0.84,0.18,0.7,180,0.39,20.0,,unavailable (no satellite pass / dataset error),
80.0,Excellent,Great,2026-10-08T12:41:38Z,72,Terrigal,2026-10-11T13:00:00Z,2026-10-12T00:00,11.1,12,18.4,0.0,0.54,5.35,147,0.82,0.12,0.7,180,0.11,19.9,,unavailable (no satellite pass / dataset error),
79.5,Good,Great,2026-10-08T12:41:38Z,73,Terrigal,2026-10-11T14:00:00Z,2026-10-12T01:00,12.4,13,23.4,0.0,0.54,5.35,146,0.8,0.08,0.5,180,-0.16,19.9,,unavailable (no satellite pass / dataset error),
84.1,Excellent,Great,2026-10-08T12:41:38Z,74,Terrigal,2026-10-11T15:00:00Z,2026-10-12T02:00,7.5,333,22.3,0.0,0.52,5.35,146,0.78,0.02,0.5,180,-0.36,19.8,,unavailable (no satellite pass / dataset error),
86.3,Excellent,Great,2026-10-08T12:41:38Z,75,Terrigal,2026-10-11T16:00:00Z,2026-10-12T03:00,5.2,290,13.0,0.0,0.5,5.25,147,0.76,0.02,0.5,180,-0.42,19.8,,unavailable (no satellite pass / dataset error),
86.3,Excellent,Great,2026-10-08T12:41:38Z,76,Terrigal,2026-10-11T17:00:00Z,2026-10-12T04:00,5.7,279,10.4,0.0,0.48,5.15,147,0.74,0.0,0.4,180,-0.32,19.8,,unavailable (no satellite pass / dataset error),
85.9,Excellent,Great,2026-10-08T12:41:38Z,77,Terrigal,2026-10-11T18:00:00Z,2026-10-12T05:00,6.4,299,9.7,0.0,0.46,5.2,148,0.72,0.0,0.4,180,-0.09,19.8,,unavailable (no satellite pass / dataset error),
82.9,Excellent,Great,2026-10-08T12:41:38Z,78,Terrigal,2026-10-11T19:00:00Z,2026-10-12T06:00,10.0,322,16.2,0.0,0.44,5.55,147,0.7,0.0,0.4,207,0.21,19.8,,unavailable (no satellite pass / dataset error),
81.5,Excellent,Great,2026-10-08T12:41:38Z,79,Terrigal,2026-10-11T20:00:00Z,2026-10-12T07:00,11.6,325,20.2,0.0,0.42,6.05,147,0.7,0.0,0.4,207,0.52,19.8,,unavailable (no satellite pass / dataset error),
80.0,Excellent,Great,2026-10-08T12:41:38Z,80,Terrigal,2026-10-11T21:00:00Z,2026-10-12T08:00,13.4,333,25.6,0.0,0.4,6.55,146,0.68,0.0,0.4,207,0.78,19.9,,unavailable (no satellite pass / dataset error),
80.5,Excellent,Great,2026-10-08T12:41:38Z,81,Terrigal,2026-10-11T22:00:00Z,2026-10-12T09:00,13.0,335,27.0,0.0,0.4,7.05,147,0.68,0.02,0.4,207,0.92,20.0,,unavailable (no satellite pass / dataset error),
79.3,Good,Great,2026-10-08T12:41:38Z,82,Terrigal,2026-10-11T23:00:00Z,2026-10-12T10:00,14.6,327,32.8,0.0,0.38,7.6,149,0.66,0.02,0.4,207,0.89,20.0,,unavailable (no satellite pass / dataset error),
79.1,Good,Great,2026-10-08T12:41:38Z,83,Terrigal,2026-10-12T00:00:00Z,2026-10-12T11:00,14.3,329,33.8,0.0,0.38,8.05,150,0.66,0.04,0.6,198,0.71,20.1,,unavailable (no satellite pass / dataset error),
79.2,Good,Great,2026-10-08T12:41:38Z,84,Terrigal,2026-10-12T01:00:00Z,2026-10-12T12:00,14.2,324,35.6,0.0,0.4,8.35,145,0.66,0.06,0.6,198,0.43,20.2,,unavailable (no satellite pass / dataset error),
79.2,Good,Great,2026-10-08T12:41:38Z,85,Terrigal,2026-10-12T02:00:00Z,2026-10-12T13:00,14.2,319,37.4,0.0,0.4,8.6,140,0.66,0.08,0.6,198,0.11,20.3,,unavailable (no satellite pass / dataset error),
78.9,Good,Great,2026-10-08T12:41:38Z,86,Terrigal,2026-10-12T03:00:00Z,2026-10-12T14:00,14.4,314,39.2,0.0,0.42,8.8,135,0.66,0.1,0.7,194,-0.16,20.5,,unavailable (no satellite pass / dataset error),
77.0,Good,Great,2026-10-08T12:41:38Z,87,Terrigal,2026-10-12T04:00:00Z,2026-10-12T15:00,15.7,313,42.8,0.6,0.44,9.0,141,0.66,0.1,0.7,194,-0.33,20.6,,unavailable (no satellite pass / dataset error),
74.5,Good,Great,2026-10-08T12:41:38Z,88,Terrigal,2026-10-12T05:00:00Z,2026-10-12T16:00,17.1,312,46.4,0.6,0.46,9.1,148,0.66,0.12,0.9,191,-0.35,20.6,,unavailable (no satellite pass / dataset error),
72.9,Good,Great,2026-10-08T12:41:38Z,89,Terrigal,2026-10-12T06:00:00Z,2026-10-12T17:00,17.6,315,47.9,0.6,0.48,9.15,154,0.66,0.12,1.1,189,-0.24,20.7,,unavailable (no satellite pass / dataset error),
74.4,Good,Great,2026-10-08T12:41:38Z,90,Terrigal,2026-10-12T07:00:00Z,2026-10-12T18:00,15.9,325,44.6,0.0,0.48,9.2,148,0.66,0.12,1.1,180,-0.03,20.6,,unavailable (no satellite pass / dataset error),
75.8,Good,Great,2026-10-08T12:41:38Z,91,Terrigal,2026-10-12T08:00:00Z,2026-10-12T19:00,14.3,341,38.5,0.0,0.46,9.1,143,0.66,0.14,1.1,180,0.21,20.6,,unavailable (no satellite pass / dataset error),
76.5,Good,Great,2026-10-08T12:41:38Z,92,Terrigal,2026-10-12T09:00:00Z,2026-10-12T20:00,14.0,353,33.8,0.0,0.46,8.65,137,0.66,0.14,0.9,180,0.43,20.4,,unavailable (no satellite pass / dataset error),
76.0,Good,Great,2026-10-08T12:41:38Z,93,Terrigal,2026-10-12T10:00:00Z,2026-10-12T21:00,14.6,351,31.0,0.0,0.46,7.2,115,0.66,0.14,0.9,169,0.58,20.3,,unavailable (no satellite pass / dataset error),
75.8,Good,Great,2026-10-08T12:41:38Z,94,Terrigal,2026-10-12T11:00:00Z,2026-10-12T22:00,15.3,343,29.2,0.0,0.48,5.35,94,0.66,0.14,0.7,166,0.6,20.2,,unavailable (no satellite pass / dataset error),
75.8,Good,Great,2026-10-08T12:41:38Z,95,Terrigal,2026-10-12T12:00:00Z,2026-10-12T23:00,15.6,331,29.5,0.0,0.48,4.45,72,0.66,0.14,0.6,162,0.48,20.1,,unavailable (no satellite pass / dataset error),
75.9,Good,Great,2026-10-08T12:41:38Z,96,Terrigal,2026-10-12T13:00:00Z,2026-10-13T00:00,16.0,311,34.2,0.0,0.44,5.45,97,0.66,0.14,0.4,153,0.26,20.1,,unavailable (no satellite pass / dataset error),
74.1,Good,Great,2026-10-08T12:41:38Z,97,Terrigal,2026-10-12T14:00:00Z,2026-10-13T01:00,18.1,289,41.4,0.0,0.42,7.4,123,0.66,0.14,0.4,153,0.01,20.0,,unavailable (no satellite pass / dataset error),
72.9,Good,Great,2026-10-08T12:41:38Z,98,Terrigal,2026-10-12T15:00:00Z,2026-10-13T02:00,19.6,278,46.1,0.0,0.38,8.9,148,0.66,0.14,0.3,135,-0.21,20.0,,unavailable (no satellite pass / dataset error),
75.5,Good,Great,2026-10-08T12:41:38Z,99,Terrigal,2026-10-12T16:00:00Z,2026-10-13T03:00,16.4,279,46.1,0.8,0.4,9.25,144,0.66,0.12,0.0,90,-0.33,20.0,,unavailable (no satellite pass / dataset error),
79.5,Good,Great,2026-10-08T12:41:38Z,100,Terrigal,2026-10-12T17:00:00Z,2026-10-13T04:00,10.5,289,43.6,0.8,0.4,9.15,139,0.64,0.12,0.2,0,-0.31,19.9,,unavailable (no satellite pass / dataset error),
82.2,Excellent,Great,2026-10-08T12:41:38Z,101,Terrigal,2026-10-12T18:00:00Z,2026-10-13T05:00,6.1,300,39.6,0.8,0.42,8.95,135,0.64,0.1,0.3,315,-0.15,19.9,,unavailable (no satellite pass / dataset error),
83.8,Excellent,Great,2026-10-08T12:41:38Z,102,Terrigal,2026-10-12T19:00:00Z,2026-10-13T06:00,4.0,265,33.5,0.2,0.42,8.95,135,0.62,0.08,0.4,297,0.09,19.9,,unavailable (no satellite pass / dataset error),
80.8,Excellent,Great,2026-10-08T12:41:38Z,103,Terrigal,2026-10-12T20:00:00Z,2026-10-13T07:00,6.6,217,25.9,0.2,0.42,8.85,136,0.62,0.04,0.6,288,0.38,19.9,,unavailable (no satellite pass / dataset error),
78.2,Good,Great,2026-10-08T12:41:38Z,104,Terrigal,2026-10-12T21:00:00Z,2026-10-13T08:00,9.7,204,22.0,0.2,0.42,8.55,136,0.6,0.02,0.5,270,0.65,19.9,,unavailable (no satellite pass / dataset error),
74.8,Good,Great,2026-10-08T12:41:38Z,105,Terrigal,2026-10-12T22:00:00Z,2026-10-13T09:00,10.4,197,23.8,1.8,0.42,7.7,116,0.6,0.1,0.7,256,0.85,19.9,,unavailable (no satellite pass / dataset error),
72.7,Good,Great,2026-10-08T12:41:38Z,106,Terrigal,2026-10-12T23:00:00Z,2026-10-13T10:00,10.0,193,29.2,1.8,0.42,6.65,96,0.62,0.18,0.7,256,0.91,19.9,,unavailable (no satellite pass / dataset error),
69.1,Good,Great,2026-10-08T12:41:38Z,107,Terrigal,2026-10-13T00:00:00Z,2026-10-13T11:00,10.8,185,35.3,1.8,0.42,6.1,76,0.62,0.26,1.0,248,0.81,19.9,,unavailable (no satellite pass / dataset error),
62.6,Good,Great,2026-10-08T12:41:38Z,108,Terrigal,2026-10-13T01:00:00Z,2026-10-13T12:00,14.6,177,43.2,1.5,0.4,6.75,107,0.74,0.42,1.0,239,0.59,20.0,,unavailable (no satellite pass / dataset error),
54.6,Fair,Great,2026-10-08T12:41:38Z,109,Terrigal,2026-10-13T02:00:00Z,2026-10-13T13:00,19.8,172,52.2,1.5,0.4,7.95,139,0.84,0.6,1.2,231,0.3,20.1,,unavailable (no satellite pass / dataset error),
48.3,Fair,Great,2026-10-08T12:41:38Z,110,Terrigal,2026-10-13T03:00:00Z,2026-10-13T14:00,23.2,171,58.0,1.5,0.38,8.45,170,0.96,0.76,1.3,225,0.01,20.2,,unavailable (no satellite pass / dataset error),
47.6,Fair,Great,2026-10-08T12:41:38Z,111,Terrigal,2026-10-13T04:00:00Z,2026-10-13T15:00,23.7,171,58.0,0.4,0.54,7.45,171,0.98,0.6,1.4,220,-0.22,20.3,,unavailable (no satellite pass / dataset error),
48.1,Fair,Great,2026-10-08T12:41:38Z,112,Terrigal,2026-10-13T05:00:00Z,2026-10-13T16:00,22.5,174,54.7,0.4,0.7,5.7,173,1.0,0.46,1.7,212,-0.33,20.4,,unavailable (no satellite pass / dataset error),
50.2,Fair,Doable,2026-10-08T12:41:38Z,113,Terrigal,2026-10-13T06:00:00Z,2026-10-13T17:00,20.4,175,51.5,0.4,0.86,4.45,174,1.02,0.3,1.6,207,-0.31,20.5,,unavailable (no satellite pass / dataset error),
53.3,Fair,Doable,2026-10-08T12:41:38Z,114,Terrigal,2026-10-13T07:00:00Z,2026-10-13T18:00,17.2,174,49.7,0.0,0.88,4.2,171,1.02,0.22,1.5,194,-0.19,20.5,,unavailable (no satellite pass / dataset error),
57.1,Fair,Doable,2026-10-08T12:41:38Z,115,Terrigal,2026-10-13T08:00:00Z,2026-10-13T19:00,13.3,171,47.9,0.0,0.88,4.45,168,1.04,0.14,1.3,188,0.0,20.4,,unavailable (no satellite pass / dataset error),
59.8,Fair,Doable,2026-10-08T12:41:38Z,116,Terrigal,2026-10-13T09:00:00Z,2026-10-13T20:00,10.8,170,44.6,0.0,0.9,4.65,165,1.04,0.06,1.1,180,0.21,20.3,,unavailable (no satellite pass / dataset error),
60.2,Good,Doable,2026-10-08T12:41:38Z,117,Terrigal,2026-10-13T10:00:00Z,2026-10-13T21:00,10.6,176,37.8,0.3,0.88,4.7,164,1.02,0.12,0.9,169,0.39,20.2,,unavailable (no satellite pass / dataset error),
59.2,Fair,Doable,2026-10-08T12:41:38Z,118,Terrigal,2026-10-13T11:00:00Z,2026-10-13T22:00,12.1,185,29.9,0.3,0.86,4.75,162,1.02,0.16,0.6,162,0.48,20.2,,unavailable (no satellite pass / dataset error),
58.1,Fair,Doable,2026-10-08T12:41:38Z,119,Terrigal,2026-10-13T12:00:00Z,2026-10-13T23:00,13.7,193,25.2,0.3,0.84,4.8,161,1.0,0.22,0.4,117,0.45,20.1,,unavailable (no satellite pass / dataset error),
67.7,Good,Getting rough,2026-10-08T12:41:38Z,0,Fingal Bay,2026-10-08T13:00:00Z,2026-10-09T00:00,8.9,312,14.0,0.0,2.18,7.95,165,2.2,0.02,0.3,315,-0.34,19.8,,unavailable (no satellite pass / dataset error),
68.1,Good,Getting rough,2026-10-08T12:41:38Z,1,Fingal Bay,2026-10-08T14:00:00Z,2026-10-09T01:00,8.5,308,15.1,0.0,2.16,8.05,164,2.2,0.0,0.3,315,-0.47,19.8,,unavailable (no satellite pass / dataset error),
70.2,Good,Getting rough,2026-10-08T12:41:38Z,2,Fingal Bay,2026-10-08T15:00:00Z,2026-10-09T02:00,6.4,302,14.4,0.0,2.12,8.15,163,2.18,0.0,0.3,315,-0.44,19.8,,unavailable (no satellite pass / dataset error),
71.9,Good,Getting rough,2026-10-08T12:41:38Z,3,Fingal Bay,2026-10-08T16:00:00Z,2026-10-09T03:00,4.8,299,11.2,0.0,2.14,8.2,162,2.18,0.0,0.2,270,-0.24,19.8,,unavailable (no satellite pass / dataset error),
71.8,Good,Getting rough,2026-10-08T12:41:38Z,4,Fingal Bay,2026-10-08T17:00:00Z,2026-10-09T04:00,5.2,311,10.8,0.0,2.14,8.2,162,2.16,0.0,0.2,270,0.06,19.8,,unavailable (no satellite pass / dataset error),
72.4,Good,Getting rough,2026-10-08T12:41:38Z,5,Fingal Bay,2026-10-08T18:00:00Z,2026-10-09T05:00,4.5,307,10.8,0.0,2.16,8.2,161,2.16,0.0,0.2,270,0.39,19.8,,unavailable (no satellite pass / dataset error),
72.7,Good,Getting rough,2026-10-08T12:41:38Z,6,Fingal Bay,2026-10-08T19:00:00Z,2026-10-09T06:00,4.0,330,9.7,0.0,2.18,8.25,161,2.18,0.0,0.2,270,0.67,19.8,,unavailable (no satellite pass / dataset error),
73.7,Good,Getting rough,2026-10-08T12:41:38Z,7,Fingal Bay,2026-10-08T20:00:00Z,2026-10-09T07:00,3.1,320,9.4,0.0,2.18,8.25,160,2.18,0.0,0.2,270,0.83,19.9,,unavailable (no satellite pass / dataset error),
74.5,Good,Getting rough,2026-10-08T12:41:38Z,8,Fingal Bay,2026-10-08T21:00:00Z,2026-10-09T08:00,2.1,345,9.7,0.0,2.2,8.3,160,2.2,0.0,0.2,270,0.82,19.9,,unavailable (no satellite pass / dataset error),
74.1,Good,Getting rough,2026-10-08T12:41:38Z,9,Fingal Bay,2026-10-08T22:00:00Z,2026-10-09T09:00,2.7,62,11.5,0.0,2.2,8.35,160,2.2,0.0,0.2,270,0.66,20.0,,unavailable (no satellite pass / dataset error),
70.8,Good,Getting rough,2026-10-08T12:41:38Z,10,Fingal Bay,2026-10-08T23:00:00Z,2026-10-09T10:00,6.7,70,20.9,0.0,2.2,8.35,160,2.2,0.0,0.2,270,0.39,20.0,,unavailable (no satellite pass / dataset error),
70.0,Good,Getting rough,2026-10-08T12:41:38Z,11,Fingal Bay,2026-10-09T00:00:00Z,2026-10-09T11:00,8.2,75,24.1,0.0,2.2,8.4,160,2.2,0.0,0.2,270,0.08,20.0,,unavailable (no satellite pass / dataset error),
69.0,Good,Getting rough,2026-10-08T12:41:38Z,12,Fingal Bay,2026-10-09T01:00:00Z,2026-10-09T12:00,9.2,84,26.6,0.0,2.18,8.4,160,2.18,0.08,0.4,243,-0.19,20.1,,unavailable (no satellite pass / dataset error),
66.8,Good,Getting rough,2026-10-08T12:41:38Z,13,Fingal Bay,2026-10-09T02:00:00Z,2026-10-09T13:00,11.4,85,30.6,0.0,2.16,8.45,161,2.16,0.18,0.6,252,-0.35,20.1,,unavailable (no satellite pass / dataset error),
64.4,Good,Getting rough,2026-10-08T12:41:38Z,14,Fingal Bay,2026-10-09T03:00:00Z,2026-10-09T14:00,14.1,84,35.6,0.0,2.14,8.45,161,2.14,0.26,0.7,256,-0.34,20.2,,unavailable (no satellite pass / dataset error),
61.8,Good,Getting rough,2026-10-08T12:41:38Z,15,Fingal Bay,2026-10-09T04:00:00Z,2026-10-09T15:00,16.4,75,39.2,0.0,2.12,8.45,161,2.12,0.32,1.0,248,-0.18,20.2,,unavailable (no satellite pass / dataset error),
61.4,Good,Getting rough,2026-10-08T12:41:38Z,16,Fingal Bay,2026-10-09T05:00:00Z,2026-10-09T16:00,16.3,65,39.6,0.0,2.08,8.45,161,2.12,0.36,1.2,243,0.09,20.2,,unavailable (no satellite pass / dataset error),
59.6,Fair,Getting rough,2026-10-08T12:41:38Z,17,Fingal Bay,2026-10-09T06:00:00Z,2026-10-09T17:00,17.8,62,39.6,0.0,2.06,8.5,161,2.1,0.42,1.5,240,0.41,20.2,,unavailable (no satellite pass / dataset error),
59.4,Fair,Getting rough,2026-10-08T12:41:38Z,18,Fingal Bay,2026-10-09T07:00:00Z,2026-10-09T18:00,18.2,59,40.3,0.0,1.96,8.65,163,2.08,0.46,1.5,234,0.71,20.2,,unavailable (no satellite pass / dataset error),
60.4,Good,Getting rough,2026-10-08T12:41:38Z,19,Fingal Bay,2026-10-09T08:00:00Z,2026-10-09T19:00,17.0,53,39.2,0.0,1.84,8.8,166,2.04,0.52,1.7,229,0.89,20.2,,unavailable (no satellite pass / dataset error),
60.5,Good,Getting rough,2026-10-08T12:41:38Z,20,Fingal Bay,2026-10-09T09:00:00Z,2026-10-09T20:00,16.9,43,34.2,0.0,1.74,8.9,168,2.02,0.56,1.8,225,0.91,20.1,,unavailable (no satellite pass / dataset error),
61.2,Good,Getting rough,2026-10-08T12:41:38Z,21,Fingal Bay,2026-10-09T10:00:00Z,2026-10-09T21:00,16.6,40,33.1,0.0,1.72,8.75,166,1.98,0.58,1.8,225,0.76,20.1,,unavailable (no satellite pass / dataset error),
60.8,Good,Getting rough,2026-10-08T12:41:38Z,22,Fingal Bay,2026-10-09T11:00:00Z,2026-10-09T22:00,17.5,36,33.8,0.0,1.72,8.55,164,1.96,0.58,1.7,221,0.48,20.0,,unavailable (no satellite pass / dataset error),
61.8,Good,Getting rough,2026-10-08T12:41:38Z,23,Fingal Bay,2026-10-09T12:00:00Z,2026-10-09T23:00,17.3,33,33.8,0.0,1.7,8.4,162,1.92,0.6,1.5,216,0.15,20.0,,unavailable (no satellite pass / dataset error),
64.7,Good,Getting rough,2026-10-08T12:41:38Z,24,Fingal Bay,2026-10-09T13:00:00Z,2026-10-10T00:00,15.0,32,32.8,0.0,1.68,8.4,162,1.86,0.48,1.4,220,-0.17,19.9,,unavailable (no satellite pass / dataset error),
68.1,Good,Getting rough,2026-10-08T12:41:38Z,25,Fingal Bay,2026-10-09T14:00:00Z,2026-10-10T01:00,11.9,30,27.7,0.0,1.68,8.5,162,1.82,0.38,1.3,214,-0.39,19.9,,unavailable (no satellite pass / dataset error),
71.6,Good,Getting rough,2026-10-08T12:41:38Z,26,Fingal Bay,2026-10-09T15:00:00Z,2026-10-10T02:00,8.9,34,20.9,0.0,1.66,8.6,162,1.76,0.26,1.2,219,-0.45,19.9,,unavailable (no satellite pass / dataset error),
73.7,Good,Getting rough,2026-10-08T12:41:38Z,27,Fingal Bay,2026-10-09T16:00:00Z,2026-10-10T03:00,8.1,32,14.8,0.0,1.62,8.65,162,1.7,0.22,0.9,217,-0.33,19.9,,unavailable (no satellite pass / dataset error),
77.0,Good,Getting rough,2026-10-08T12:41:38Z,28,Fingal Bay,2026-10-09T17:00:00Z,2026-10-10T04:00,5.0,15,13.0,0.0,1.56,8.65,163,1.64,0.18,0.9,217,-0.07,19.9,,unavailable (no satellite pass / dataset error),
77.0,Good,Getting rough,2026-10-08T12:41:38Z,29,Fingal Bay,2026-10-09T18:00:00Z,2026-10-10T05:00,6.0,10,7.6,0.0,1.52,8.7,163,1.58,0.14,0.8,225,0.27,19.9,,unavailable (no satellite pass / dataset error),
76.7,Good,Bit dodgy,2026-10-08T12:41:38Z,30,Fingal Bay,2026-10-09T19:00:00Z,2026-10-10T06:00,6.7,346,10.4,0.0,1.48,8.75,163,1.54,0.1,0.8,225,0.6,19.9,,unavailable (no satellite pass / dataset error),
74.4,Good,Bit dodgy,2026-10-08T12:41:38Z,31,Fingal Bay,2026-10-09T20:00:00Z,2026-10-10T07:00,10.6,281,19.1,0.0,1.42,8.8,164,1.5,0.08,0.5,225,0.83,19.8,,unavailable (no satellite pass / dataset error),
75.1,Good,Bit dodgy,2026-10-08T12:41:38Z,32,Fingal Bay,2026-10-09T21:00:00Z,2026-10-10T08:00,10.2,298,17.6,0.0,1.38,8.8,164,1.46,0.04,0.5,225,0.94,19.8,,unavailable (no satellite pass / dataset error),
68.7,Good,Bit dodgy,2026-10-08T12:41:38Z,33,Fingal Bay,2026-10-09T22:00:00Z,2026-10-10T09:00,15.8,326,31.0,1.5,1.34,8.75,164,1.44,0.06,0.4,207,0.88,19.8,,unavailable (no satellite pass / dataset error),
70.3,Good,Bit dodgy,2026-10-08T12:41:38Z,34,Fingal Bay,2026-10-09T23:00:00Z,2026-10-10T10:00,14.1,337,28.4,0.1,1.3,8.7,165,1.42,0.1,0.4,207,0.66,19.8,,unavailable (no satellite pass / dataset error),
72.2,Good,Bit dodgy,2026-10-08T12:41:38Z,35,Fingal Bay,2026-10-10T00:00:00Z,2026-10-10T11:00,10.4,328,25.6,1.1,1.26,8.55,165,1.4,0.12,0.5,225,0.35,19.9,,unavailable (no satellite pass / dataset error),
73.1,Good,Doable,2026-10-08T12:41:38Z,36,Fingal Bay,2026-10-10T01:00:00Z,2026-10-10T12:00,9.8,353,22.3,0.0,1.16,8.25,164,1.38,0.14,0.4,243,0.02,19.9,,unavailable (no satellite pass / dataset error),
59.8,Fair,Doable,2026-10-08T12:41:38Z,37,Fingal Bay,2026-10-10T02:00:00Z,2026-10-10T13:00,24.8,293,53.6,0.3,1.08,7.85,164,1.34,0.14,0.4,243,-0.23,20.0,,unavailable (no satellite pass / dataset error),
58.3,Fair,Doable,2026-10-08T12:41:38Z,38,Fingal Bay,2026-10-10T03:00:00Z,2026-10-10T14:00,26.7,286,63.4,0.0,0.98,7.5,163,1.32,0.16,0.4,243,-0.35,20.1,,unavailable (no satellite pass / dataset error),
61.9,Good,Doable,2026-10-08T12:41:38Z,39,Fingal Bay,2026-10-10T04:00:00Z,2026-10-10T15:00,23.1,292,61.2,0.0,0.92,7.2,163,1.3,0.22,0.3,225,-0.3,20.2,,unavailable (no satellite pass / dataset error),
62.9,Good,Doable,2026-10-08T12:41:38Z,40,Fingal Bay,2026-10-10T05:00:00Z,2026-10-10T16:00,22.2,295,52.9,0.0,0.88,7.0,163,1.28,0.26,0.3,225,-0.11,20.3,,unavailable (no satellite pass / dataset error),
65.1,Good,Doable,2026-10-08T12:41:38Z,41,Fingal Bay,2026-10-10T06:00:00Z,2026-10-10T17:00,19.7,299,49.7,0.0,0.82,7.05,163,1.26,0.32,0.4,243,0.18,20.4,,unavailable (no satellite pass / dataset error),
71.2,Good,Doable,2026-10-08T12:41:38Z,42,Fingal Bay,2026-10-10T07:00:00Z,2026-10-10T18:00,12.9,325,42.1,0.0,0.86,7.7,164,1.24,0.32,0.5,225,0.48,20.4,,unavailable (no satellite pass / dataset error),
72.4,Good,Doable,2026-10-08T12:41:38Z,43,Fingal Bay,2026-10-10T08:00:00Z,2026-10-10T19:00,11.5,329,27.7,0.0,0.92,8.6,165,1.22,0.34,0.6,236,0.73,20.4,,unavailable (no satellite pass / dataset error),
70.5,Good,Doable,2026-10-08T12:41:38Z,44,Fingal Bay,2026-10-10T09:00:00Z,2026-10-10T20:00,13.3,342,25.2,0.0,0.96,9.3,166,1.2,0.34,0.8,225,0.86,20.3,,unavailable (no satellite pass / dataset error),
73.1,Good,Doable,2026-10-08T12:41:38Z,45,Fingal Bay,2026-10-10T10:00:00Z,2026-10-10T21:00,10.6,321,24.5,0.0,0.94,9.5,166,1.18,0.3,0.8,225,0.82,20.3,,unavailable (no satellite pass / dataset error),
71.7,Good,Doable,2026-10-08T12:41:38Z,46,Fingal Bay,2026-10-10T11:00:00Z,2026-10-10T22:00,13.0,309,23.0,0.0,0.92,9.4,167,1.18,0.24,0.5,225,0.63,20.3,,unavailable (no satellite pass / dataset error),
72.5,Good,Doable,2026-10-08T12:41:38Z,47,Fingal Bay,2026-10-10T12:00:00Z,2026-10-10T23:00,12.3,309,24.8,0.0,0.9,9.35,167,1.16,0.2,0.5,225,0.33,20.2,,unavailable (no satellite pass / dataset error),
73.7,Good,Doable,2026-10-08T12:41:38Z,48,Fingal Bay,2026-10-10T13:00:00Z,2026-10-11T00:00,11.2,314,22.3,0.0,0.88,9.35,167,1.14,0.16,0.5,225,0.0,20.2,,unavailable (no satellite pass / dataset error),
75.3,Good,Doable,2026-10-08T12:41:38Z,49,Fingal Bay,2026-10-10T14:00:00Z,2026-10-11T01:00,10.1,303,20.9,0.0,0.88,9.3,168,1.1,0.1,0.4,207,-0.28,20.2,,unavailable (no satellite pass / dataset error),
80.6,Excellent,Doable,2026-10-08T12:41:38Z,50,Fingal Bay,2026-10-10T15:00:00Z,2026-10-11T02:00,4.7,230,16.9,0.0,0.86,9.3,168,1.08,0.06,0.3,225,-0.43,20.1,,unavailable (no satellite pass / dataset error),
73.9,Good,Doable,2026-10-08T12:41:38Z,51,Fingal Bay,2026-10-10T16:00:00Z,2026-10-11T03:00,12.6,209,19.4,0.0,0.84,9.25,168,1.06,0.1,0.2,270,-0.41,20.1,,unavailable (no satellite pass / dataset error),
74.0,Good,Doable,2026-10-08T12:41:38Z,52,Fingal Bay,2026-10-10T17:00:00Z,2026-10-11T04:00,12.8,219,23.8,0.0,0.84,9.25,167,1.04,0.16,0.2,270,-0.24,20.1,,unavailable (no satellite pass / dataset error),
73.4,Good,Doable,2026-10-08T12:41:38Z,53,Fingal Bay,2026-10-10T18:00:00Z,2026-10-11T05:00,13.4,211,24.8,0.0,0.82,9.2,167,1.02,0.2,0.3,315,0.05,20.1,,unavailable (no satellite pass / dataset error),
74.4,Good,Great,2026-10-08T12:41:38Z,54,Fingal Bay,2026-10-10T19:00:00Z,2026-10-11T06:00,12.0,221,24.5,0.0,0.8,9.15,167,1.02,0.16,0.4,297,0.38,20.1,,unavailable (no satellite pass / dataset error),
75.2,Good,Great,2026-10-08T12:41:38Z,55,Fingal Bay,2026-10-10T20:00:00Z,2026-10-11T07:00,11.1,228,20.9,0.0,0.8,9.15,166,1.02,0.14,0.4,297,0.68,20.2,,unavailable (no satellite pass / dataset error),
75.5,Good,Great,2026-10-08T12:41:38Z,56,Fingal Bay,2026-10-10T21:00:00Z,2026-10-11T08:00,10.8,217,24.5,0.0,0.78,9.15,166,1.02,0.1,0.4,297,0.88,20.2,,unavailable (no satellite pass / dataset error),
79.6,Good,Great,2026-10-08T12:41:38Z,57,Fingal Bay,2026-10-10T22:00:00Z,2026-10-11T09:00,8.5,218,25.2,0.0,0.76,9.2,165,1.0,0.1,0.4,297,0.91,20.3,,unavailable (no satellite pass / dataset error),
79.7,Good,Great,2026-10-08T12:41:38Z,58,Fingal Bay,2026-10-10T23:00:00Z,2026-10-11T10:00,8.0,216,22.7,0.0,0.74,9.3,164,1.0,0.1,0.6,288,0.77,20.3,,unavailable (no satellite pass / dataset error),
80.5,Excellent,Great,2026-10-08T12:41:38Z,59,Fingal Bay,2026-10-11T00:00:00Z,2026-10-11T11:00,8.9,187,24.5,0.0,0.72,9.25,163,0.98,0.1,0.6,304,0.5,20.4,,unavailable (no satellite pass / dataset error),
77.1,Good,Great,2026-10-08T12:41:38Z,60,Fingal Bay,2026-10-11T01:00:00Z,2026-10-11T12:00,12.1,170,32.0,0.0,0.7,9.0,161,0.98,0.08,0.8,297,0.17,20.5,,unavailable (no satellite pass / dataset error),
77.0,Good,Great,2026-10-08T12:41:38Z,61,Fingal Bay,2026-10-11T02:00:00Z,2026-10-11T13:00,12.3,153,32.8,0.1,0.68,8.65,159,0.98,0.06,0.9,281,-0.15,20.7,,unavailable (no satellite pass / dataset error),
76.1,Good,Great,2026-10-08T12:41:38Z,62,Fingal Bay,2026-10-11T03:00:00Z,2026-10-11T14:00,12.6,133,32.0,0.1,0.66,8.05,157,0.98,0.04,1.1,279,-0.37,20.8,,unavailable (no satellite pass / dataset error),
77.0,Good,Great,2026-10-08T12:41:38Z,63,Fingal Bay,2026-10-11T04:00:00Z,2026-10-11T15:00,11.0,118,31.7,0.1,0.68,7.0,161,0.98,0.06,1.3,262,-0.43,21.0,,unavailable (no satellite pass / dataset error),
77.5,Good,Great,2026-10-08T12:41:38Z,64,Fingal Bay,2026-10-11T05:00:00Z,2026-10-11T16:00,10.5,107,28.1,0.1,0.72,5.8,164,0.96,0.06,1.3,254,-0.34,21.1,,unavailable (no satellite pass / dataset error),
74.6,Good,Great,2026-10-08T12:41:38Z,65,Fingal Bay,2026-10-11T06:00:00Z,2026-10-11T17:00,13.2,80,30.6,0.0,0.74,5.0,168,0.96,0.08,1.5,240,-0.13,21.1,,unavailable (no satellite pass / dataset error),
75.2,Good,Great,2026-10-08T12:41:38Z,66,Fingal Bay,2026-10-11T07:00:00Z,2026-10-11T18:00,12.8,61,30.6,0.0,0.72,5.05,167,0.96,0.16,1.4,230,0.15,21.1,,unavailable (no satellite pass / dataset error),
73.9,Good,Great,2026-10-08T12:41:38Z,67,Fingal Bay,2026-10-11T08:00:00Z,2026-10-11T19:00,14.0,49,27.7,0.0,0.72,5.55,165,0.96,0.24,1.5,225,0.43,21.0,,unavailable (no satellite pass / dataset error),
71.1,Good,Great,2026-10-08T12:41:38Z,68,Fingal Bay,2026-10-11T09:00:00Z,2026-10-11T20:00,17.1,37,32.0,0.0,0.7,5.95,164,0.96,0.32,1.5,216,0.63,20.9,,unavailable (no satellite pass / dataset error),
69.9,Good,Great,2026-10-08T12:41:38Z,69,Fingal Bay,2026-10-11T10:00:00Z,2026-10-11T21:00,18.5,28,35.6,0.0,0.66,6.0,168,0.96,0.36,1.5,210,0.71,20.7,,unavailable (no satellite pass / dataset error),
71.7,Good,Great,2026-10-08T12:41:38Z,70,Fingal Bay,2026-10-11T11:00:00Z,2026-10-11T22:00,16.5,23,35.6,0.0,0.6,5.9,173,0.98,0.38,1.4,203,0.63,20.6,,unavailable (no satellite pass / dataset error),
74.2,Good,Great,2026-10-08T12:41:38Z,71,Fingal Bay,2026-10-11T12:00:00Z,2026-10-11T23:00,14.0,24,31.0,0.0,0.56,6.1,177,0.98,0.42,1.3,196,0.41,20.5,,unavailable (no satellite pass / dataset error),
76.7,Good,Great,2026-10-08T12:41:38Z,72,Fingal Bay,2026-10-11T13:00:00Z,2026-10-12T00:00,11.9,29,25.9,0.0,0.54,6.75,174,0.96,0.36,1.1,198,0.12,20.4,,unavailable (no satellite pass / dataset error),
79.5,Good,Great,2026-10-08T12:41:38Z,73,Fingal Bay,2026-10-11T14:00:00Z,2026-10-12T01:00,9.3,24,21.6,0.0,0.5,7.6,170,0.96,0.32,0.9,191,-0.16,20.4,,unavailable (no satellite pass / dataset error),
82.5,Excellent,Great,2026-10-08T12:41:38Z,74,Fingal Bay,2026-10-11T15:00:00Z,2026-10-12T02:00,6.7,8,15.5,0.0,0.48,8.35,167,0.94,0.26,0.7,194,-0.36,20.3,,unavailable (no satellite pass / dataset error),
81.9,Excellent,Great,2026-10-08T12:41:38Z,75,Fingal Bay,2026-10-11T16:00:00Z,2026-10-12T03:00,7.8,356,11.9,0.0,0.48,8.95,167,0.92,0.18,0.6,198,-0.42,20.3,,unavailable (no satellite pass / dataset error),
84.5,Excellent,Great,2026-10-08T12:41:38Z,76,Fingal Bay,2026-10-11T17:00:00Z,2026-10-12T04:00,5.9,340,11.9,0.0,0.48,9.5,167,0.88,0.1,0.4,207,-0.32,20.3,,unavailable (no satellite pass / dataset error),
85.2,Excellent,Great,2026-10-08T12:41:38Z,77,Fingal Bay,2026-10-11T18:00:00Z,2026-10-12T05:00,5.6,335,11.2,0.0,0.48,9.7,167,0.86,0.02,0.3,225,-0.08,20.3,,unavailable (no satellite pass / dataset error),
85.7,Excellent,Great,2026-10-08T12:41:38Z,78,Fingal Bay,2026-10-11T19:00:00Z,2026-10-12T06:00,5.0,319,11.5,0.0,0.52,9.3,166,0.84,0.02,0.4,270,0.23,20.3,,unavailable (no satellite pass / dataset error),
84.4,Excellent,Great,2026-10-08T12:41:38Z,79,Fingal Bay,2026-10-11T20:00:00Z,2026-10-12T07:00,6.5,309,9.0,0.0,0.54,8.6,164,0.84,0.0,0.4,270,0.55,20.3,,unavailable (no satellite pass / dataset error),
86.6,Excellent,Great,2026-10-08T12:41:38Z,80,Fingal Bay,2026-10-11T21:00:00Z,2026-10-12T08:00,4.0,328,12.2,0.0,0.58,8.15,163,0.82,0.0,0.5,270,0.81,20.4,,unavailable (no satellite pass / dataset error),
88.3,Excellent,Great,2026-10-08T12:41:38Z,81,Fingal Bay,2026-10-11T22:00:00Z,2026-10-12T09:00,2.0,355,10.8,0.0,0.6,8.2,164,0.82,0.0,0.5,270,0.95,20.5,,unavailable (no satellite pass / dataset error),
88.7,Excellent,Great,2026-10-08T12:41:38Z,82,Fingal Bay,2026-10-11T23:00:00Z,2026-10-12T10:00,1.8,53,10.4,0.0,0.64,8.55,164,0.8,0.0,0.5,270,0.92,20.6,,unavailable (no satellite pass / dataset error),
86.3,Excellent,Great,2026-10-08T12:41:38Z,83,Fingal Bay,2026-10-12T00:00:00Z,2026-10-12T11:00,4.0,80,15.1,0.0,0.66,8.85,165,0.8,0.0,0.7,256,0.74,20.6,,unavailable (no satellite pass / dataset error),
86.2,Excellent,Great,2026-10-08T12:41:38Z,84,Fingal Bay,2026-10-12T01:00:00Z,2026-10-12T12:00,3.1,3,19.4,0.0,0.66,9.1,166,0.82,0.04,1.0,248,0.45,20.7,,unavailable (no satellite pass / dataset error),
80.7,Excellent,Great,2026-10-08T12:41:38Z,85,Fingal Bay,2026-10-12T02:00:00Z,2026-10-12T13:00,8.9,318,25.6,0.0,0.68,9.4,168,0.82,0.1,1.2,243,0.12,20.8,,unavailable (no satellite pass / dataset error),
76.7,Good,Great,2026-10-08T12:41:38Z,86,Fingal Bay,2026-10-12T03:00:00Z,2026-10-12T14:00,13.0,312,31.3,0.0,0.68,9.55,169,0.84,0.14,1.3,236,-0.15,20.9,,unavailable (no satellite pass / dataset error),
78.1,Good,Great,2026-10-08T12:41:38Z,87,Fingal Bay,2026-10-12T04:00:00Z,2026-10-12T15:00,11.2,310,37.4,0.3,0.68,9.55,159,0.86,0.12,1.2,231,-0.32,20.9,,unavailable (no satellite pass / dataset error),
81.4,Excellent,Great,2026-10-08T12:41:38Z,88,Fingal Bay,2026-10-12T05:00:00Z,2026-10-12T16:00,6.9,309,43.6,0.3,0.68,9.4,149,0.86,0.1,1.3,225,-0.34,21.0,,unavailable (no satellite pass / dataset error),
83.4,Excellent,Great,2026-10-08T12:41:38Z,89,Fingal Bay,2026-10-12T06:00:00Z,2026-10-12T17:00,4.1,315,46.4,0.3,0.68,9.35,139,0.88,0.08,1.3,214,-0.22,21.0,,unavailable (no satellite pass / dataset error),
81.8,Excellent,Great,2026-10-08T12:41:38Z,90,Fingal Bay,2026-10-12T07:00:00Z,2026-10-12T18:00,5.6,335,44.3,0.0,0.68,9.45,139,0.9,0.14,1.3,214,-0.01,21.0,,unavailable (no satellite pass / dataset error),
78.4,Good,Great,2026-10-08T12:41:38Z,91,Fingal Bay,2026-10-12T08:00:00Z,2026-10-12T19:00,9.2,344,38.9,0.0,0.66,9.65,140,0.9,0.2,1.4,203,0.24,20.9,,unavailable (no satellite pass / dataset error),
76.1,Good,Great,2026-10-08T12:41:38Z,92,Fingal Bay,2026-10-12T09:00:00Z,2026-10-12T20:00,11.8,347,34.2,0.0,0.66,9.75,140,0.92,0.26,1.3,196,0.46,20.9,,unavailable (no satellite pass / dataset error),
76.3,Good,Great,2026-10-08T12:41:38Z,93,Fingal Bay,2026-10-12T10:00:00Z,2026-10-12T21:00,12.3,348,31.7,0.0,0.66,9.65,140,0.9,0.24,1.1,198,0.61,20.8,,unavailable (no satellite pass / dataset error),
77.4,Good,Great,2026-10-08T12:41:38Z,94,Fingal Bay,2026-10-12T11:00:00Z,2026-10-12T22:00,11.6,348,29.5,0.0,0.66,9.4,140,0.9,0.2,0.9,191,0.62,20.7,,unavailable (no satellite pass / dataset error),
78.9,Good,Great,2026-10-08T12:41:38Z,95,Fingal Bay,2026-10-12T12:00:00Z,2026-10-12T23:00,10.1,343,27.4,0.0,0.66,9.3,140,0.88,0.18,0.9,180,0.49,20.6,,unavailable (no satellite pass / dataset error),
82.0,Excellent,Great,2026-10-08T12:41:38Z,96,Fingal Bay,2026-10-12T13:00:00Z,2026-10-13T00:00,7.9,325,24.1,0.0,0.66,9.45,140,0.86,0.12,0.5,180,0.27,20.6,,unavailable (no satellite pass / dataset error),
83.2,Excellent,Great,2026-10-08T12:41:38Z,97,Fingal Bay,2026-10-12T14:00:00Z,2026-10-13T01:00,6.9,287,20.2,0.0,0.64,9.7,140,0.86,0.08,0.4,180,0.01,20.5,,unavailable (no satellite pass / dataset error),
82.3,Excellent,Great,2026-10-08T12:41:38Z,98,Fingal Bay,2026-10-12T15:00:00Z,2026-10-13T02:00,8.6,260,18.0,0.0,0.64,9.85,140,0.84,0.02,0.2,180,-0.21,20.5,,unavailable (no satellite pass / dataset error),
80.9,Excellent,Great,2026-10-08T12:41:38Z,99,Fingal Bay,2026-10-12T16:00:00Z,2026-10-13T03:00,10.5,250,18.0,0.3,0.62,9.7,140,0.82,0.04,0.0,90,-0.33,20.5,,unavailable (no satellite pass / dataset error),
78.6,Good,Great,2026-10-08T12:41:38Z,100,Fingal Bay,2026-10-12T17:00:00Z,2026-10-13T04:00,12.2,246,19.8,0.3,0.62,9.45,141,0.82,0.08,0.2,0,-0.31,20.5,,unavailable (no satellite pass / dataset error),
77.8,Good,Great,2026-10-08T12:41:38Z,101,Fingal Bay,2026-10-12T18:00:00Z,2026-10-13T05:00,12.3,248,21.2,0.3,0.6,9.25,141,0.8,0.1,0.4,333,-0.14,20.5,,unavailable (no satellite pass / dataset error),
78.0,Good,Great,2026-10-08T12:41:38Z,102,Fingal Bay,2026-10-12T19:00:00Z,2026-10-13T06:00,9.5,261,22.0,1.9,0.6,9.25,141,0.8,0.12,0.4,333,0.11,20.5,,unavailable (no satellite pass / dataset error),
77.3,Good,Great,2026-10-08T12:41:38Z,103,Fingal Bay,2026-10-12T20:00:00Z,2026-10-13T07:00,7.3,300,23.0,1.9,0.58,9.3,142,0.8,0.16,0.5,315,0.41,20.5,,unavailable (no satellite pass / dataset error),
73.8,Good,Great,2026-10-08T12:41:38Z,104,Fingal Bay,2026-10-12T21:00:00Z,2026-10-13T08:00,8.3,326,23.8,1.9,0.58,9.35,142,0.8,0.18,0.6,304,0.69,20.5,,unavailable (no satellite pass / dataset error),
71.5,Good,Great,2026-10-08T12:41:38Z,105,Fingal Bay,2026-10-12T22:00:00Z,2026-10-13T09:00,9.4,317,24.5,1.1,0.58,9.35,142,0.8,0.14,0.6,304,0.9,20.5,,unavailable (no satellite pass / dataset error),
68.2,Good,Great,2026-10-08T12:41:38Z,106,Fingal Bay,2026-10-12T23:00:00Z,2026-10-13T10:00,11.0,298,25.2,1.1,0.56,9.35,142,0.8,0.08,0.8,297,0.96,20.5,,unavailable (no satellite pass / dataset error),
66.0,Good,Great,2026-10-08T12:41:38Z,107,Fingal Bay,2026-10-13T00:00:00Z,2026-10-13T11:00,11.6,285,26.3,1.1,0.56,9.25,142,0.8,0.04,0.9,281,0.87,20.6,,unavailable (no satellite pass / dataset error),
63.9,Good,Great,2026-10-08T12:41:38Z,108,Fingal Bay,2026-10-13T01:00:00Z,2026-10-13T12:00,8.8,271,28.1,3.3,0.56,8.9,143,0.8,0.04,1.1,279,0.64,20.6,,unavailable (no satellite pass / dataset error),
62.3,Good,Great,2026-10-08T12:41:38Z,109,Fingal Bay,2026-10-13T02:00:00Z,2026-10-13T13:00,5.8,236,30.6,3.3,0.58,8.5,145,0.82,0.02,1.1,270,0.33,20.7,,unavailable (no satellite pass / dataset error),
57.9,Fair,Great,2026-10-08T12:41:38Z,110,Fingal Bay,2026-10-13T03:00:00Z,2026-10-13T14:00,6.6,197,33.5,3.3,0.58,8.35,146,0.82,0.02,1.3,262,0.03,20.8,,unavailable (no satellite pass / dataset error),
55.3,Fair,Great,2026-10-08T12:41:38Z,111,Fingal Bay,2026-10-13T04:00:00Z,2026-10-13T15:00,9.2,192,37.4,4.5,0.58,8.95,157,0.84,0.06,1.3,254,-0.2,20.8,,unavailable (no satellite pass / dataset error),
52.5,Fair,Great,2026-10-08T12:41:38Z,112,Fingal Bay,2026-10-13T05:00:00Z,2026-10-13T16:00,11.9,195,41.8,4.5,0.56,9.85,167,0.86,0.08,1.4,247,-0.31,20.9,,unavailable (no satellite pass / dataset error),
50.5,Fair,Great,2026-10-08T12:41:38Z,113,Fingal Bay,2026-10-13T06:00:00Z,2026-10-13T17:00,13.6,195,44.3,4.5,0.56,10.1,178,0.88,0.12,1.5,240,-0.28,20.9,,unavailable (no satellite pass / dataset error),
49.9,Fair,Great,2026-10-08T12:41:38Z,114,Fingal Bay,2026-10-13T07:00:00Z,2026-10-13T18:00,13.9,191,43.9,0.1,0.6,8.95,180,0.94,0.08,1.4,230,-0.15,20.9,,unavailable (no satellite pass / dataset error),
49.6,Fair,Great,2026-10-08T12:41:38Z,115,Fingal Bay,2026-10-13T08:00:00Z,2026-10-13T19:00,13.4,185,41.4,0.1,0.66,7.15,182,1.02,0.06,1.4,230,0.06,20.9,,unavailable (no satellite pass / dataset error),
50.1,Fair,Great,2026-10-08T12:41:38Z,116,Fingal Bay,2026-10-13T09:00:00Z,2026-10-13T20:00,12.4,180,38.2,0.1,0.7,5.75,184,1.08,0.02,1.3,225,0.27,20.9,,unavailable (no satellite pass / dataset error),
51.3,Fair,Doable,2026-10-08T12:41:38Z,117,Fingal Bay,2026-10-13T10:00:00Z,2026-10-13T21:00,10.6,178,33.1,0.2,0.82,5.15,186,1.14,0.08,1.2,219,0.45,20.8,,unavailable (no satellite pass / dataset error),
53.9,Fair,Doable,2026-10-08T12:41:38Z,118,Fingal Bay,2026-10-13T11:00:00Z,2026-10-13T22:00,8.1,179,27.0,0.2,0.92,5.0,187,1.2,0.12,0.8,207,0.53,20.8,,unavailable (no satellite pass / dataset error),
55.9,Fair,Doable,2026-10-08T12:41:38Z,119,Fingal Bay,2026-10-13T12:00:00Z,2026-10-13T23:00,6.2,188,22.7,0.2,1.04,5.3,189,1.26,0.18,0.4,207,0.49,20.7,,unavailable (no satellite pass / dataset error),
72.4,Good,Getting rough,2026-10-08T12:41:38Z,0,Broughton Island,2026-10-08T13:00:00Z,2026-10-09T00:00,8.9,302,13.3,0.0,1.64,7.2,162,1.7,0.0,0.4,333,-0.34,19.8,,unavailable (no satellite pass / dataset error),
72.6,Good,Getting rough,2026-10-08T12:41:38Z,1,Broughton Island,2026-10-08T14:00:00Z,2026-10-09T01:00,8.9,298,16.9,0.0,1.62,7.2,162,1.68,0.0,0.4,333,-0.47,19.8,,unavailable (no satellite pass / dataset error),
74.2,Good,Getting rough,2026-10-08T12:41:38Z,2,Broughton Island,2026-10-08T15:00:00Z,2026-10-09T02:00,7.2,289,15.5,0.0,1.62,7.25,161,1.68,0.0,0.4,333,-0.43,19.8,,unavailable (no satellite pass / dataset error),
75.8,Good,Getting rough,2026-10-08T12:41:38Z,3,Broughton Island,2026-10-08T16:00:00Z,2026-10-09T03:00,5.4,285,13.0,0.0,1.6,7.3,160,1.68,0.0,0.4,333,-0.24,19.8,,unavailable (no satellite pass / dataset error),
75.9,Good,Getting rough,2026-10-08T12:41:38Z,4,Broughton Island,2026-10-08T17:00:00Z,2026-10-09T04:00,6.1,304,11.9,0.0,1.6,7.4,160,1.66,0.0,0.2,0,0.07,19.8,,unavailable (no satellite pass / dataset error),
76.8,Good,Getting rough,2026-10-08T12:41:38Z,5,Broughton Island,2026-10-08T18:00:00Z,2026-10-09T05:00,5.1,309,12.2,0.0,1.58,7.45,159,1.66,0.0,0.2,0,0.4,19.8,,unavailable (no satellite pass / dataset error),
78.4,Good,Getting rough,2026-10-08T12:41:38Z,6,Broughton Island,2026-10-08T19:00:00Z,2026-10-09T06:00,3.3,319,10.8,0.0,1.58,7.45,159,1.66,0.0,0.2,0,0.68,19.9,,unavailable (no satellite pass / dataset error),
78.9,Good,Getting rough,2026-10-08T12:41:38Z,7,Broughton Island,2026-10-08T20:00:00Z,2026-10-09T07:00,3.5,332,9.4,0.0,1.58,7.4,158,1.66,0.0,0.0,90,0.84,19.9,,unavailable (no satellite pass / dataset error),
79.4,Good,Getting rough,2026-10-08T12:41:38Z,8,Broughton Island,2026-10-08T21:00:00Z,2026-10-09T08:00,3.2,357,10.8,0.0,1.58,7.55,158,1.66,0.0,0.0,90,0.83,19.9,,unavailable (no satellite pass / dataset error),
79.5,Good,Getting rough,2026-10-08T12:41:38Z,9,Broughton Island,2026-10-08T22:00:00Z,2026-10-09T09:00,3.1,350,13.3,0.0,1.54,8.0,162,1.66,0.0,0.0,90,0.67,20.0,,unavailable (no satellite pass / dataset error),
78.1,Good,Getting rough,2026-10-08T12:41:38Z,10,Broughton Island,2026-10-08T23:00:00Z,2026-10-09T10:00,4.8,68,17.3,0.0,1.52,8.55,165,1.66,0.0,0.0,90,0.4,20.0,,unavailable (no satellite pass / dataset error),
75.5,Good,Bit dodgy,2026-10-08T12:41:38Z,11,Broughton Island,2026-10-09T00:00:00Z,2026-10-09T11:00,8.2,81,24.1,0.0,1.48,8.95,169,1.66,0.0,0.0,90,0.09,20.1,,unavailable (no satellite pass / dataset error),
73.5,Good,Bit dodgy,2026-10-08T12:41:38Z,12,Broughton Island,2026-10-09T01:00:00Z,2026-10-09T12:00,10.8,89,29.2,0.0,1.5,9.0,166,1.64,0.06,0.2,270,-0.18,20.1,,unavailable (no satellite pass / dataset error),
70.8,Good,Getting rough,2026-10-08T12:41:38Z,13,Broughton Island,2026-10-09T02:00:00Z,2026-10-09T13:00,13.3,89,33.5,0.0,1.52,8.85,162,1.64,0.14,0.4,270,-0.34,20.2,,unavailable (no satellite pass / dataset error),
67.7,Good,Getting rough,2026-10-08T12:41:38Z,14,Broughton Island,2026-10-09T03:00:00Z,2026-10-09T14:00,16.5,82,38.9,0.0,1.54,8.75,159,1.62,0.2,0.6,252,-0.33,20.2,,unavailable (no satellite pass / dataset error),
65.8,Good,Getting rough,2026-10-08T12:41:38Z,15,Broughton Island,2026-10-09T04:00:00Z,2026-10-09T15:00,18.3,73,42.5,0.0,1.52,8.75,159,1.6,0.24,0.8,243,-0.17,20.2,,unavailable (no satellite pass / dataset error),
64.1,Good,Bit dodgy,2026-10-08T12:41:38Z,16,Broughton Island,2026-10-09T05:00:00Z,2026-10-09T16:00,19.7,65,44.6,0.0,1.5,8.8,160,1.6,0.3,1.0,239,0.1,20.3,,unavailable (no satellite pass / dataset error),
61.7,Good,Bit dodgy,2026-10-08T12:41:38Z,17,Broughton Island,2026-10-09T06:00:00Z,2026-10-09T17:00,22.0,55,47.9,0.0,1.48,8.8,160,1.58,0.34,1.2,231,0.42,20.3,,unavailable (no satellite pass / dataset error),
61.4,Good,Bit dodgy,2026-10-08T12:41:38Z,18,Broughton Island,2026-10-09T07:00:00Z,2026-10-09T18:00,22.4,47,47.9,0.0,1.46,8.8,160,1.56,0.36,1.3,225,0.72,20.3,,unavailable (no satellite pass / dataset error),
61.9,Good,Bit dodgy,2026-10-08T12:41:38Z,19,Broughton Island,2026-10-09T08:00:00Z,2026-10-09T19:00,21.8,45,47.2,0.0,1.42,8.75,159,1.56,0.38,1.3,214,0.9,20.2,,unavailable (no satellite pass / dataset error),
63.0,Good,Bit dodgy,2026-10-08T12:41:38Z,20,Broughton Island,2026-10-09T09:00:00Z,2026-10-09T20:00,20.2,39,40.7,0.0,1.4,8.75,159,1.54,0.4,1.5,210,0.92,20.1,,unavailable (no satellite pass / dataset error),
64.4,Good,Bit dodgy,2026-10-08T12:41:38Z,21,Broughton Island,2026-10-09T10:00:00Z,2026-10-09T21:00,19.1,35,38.5,0.0,1.36,8.9,159,1.5,0.4,1.5,210,0.76,20.1,,unavailable (no satellite pass / dataset error),
63.8,Good,Bit dodgy,2026-10-08T12:41:38Z,22,Broughton Island,2026-10-09T11:00:00Z,2026-10-09T22:00,20.3,31,37.1,0.0,1.32,9.1,160,1.48,0.42,1.4,203,0.48,20.0,,unavailable (no satellite pass / dataset error),
65.0,Good,Bit dodgy,2026-10-08T12:41:38Z,23,Broughton Island,2026-10-09T12:00:00Z,2026-10-09T23:00,19.7,29,37.8,0.0,1.28,9.1,160,1.44,0.42,1.3,196,0.14,20.0,,unavailable (no satellite pass / dataset error),
68.1,Good,Bit dodgy,2026-10-08T12:41:38Z,24,Broughton Island,2026-10-09T13:00:00Z,2026-10-10T00:00,17.2,26,36.0,0.0,1.24,8.8,160,1.4,0.32,1.1,198,-0.18,19.9,,unavailable (no satellite pass / dataset error),
71.7,Good,Bit dodgy,2026-10-08T12:41:38Z,25,Broughton Island,2026-10-09T14:00:00Z,2026-10-10T01:00,13.6,24,31.0,0.0,1.22,8.3,161,1.36,0.22,1.1,189,-0.4,19.9,,unavailable (no satellite pass / dataset error),
74.2,Good,Doable,2026-10-08T12:41:38Z,26,Broughton Island,2026-10-09T15:00:00Z,2026-10-10T02:00,11.8,27,24.1,0.0,1.18,7.95,161,1.32,0.12,0.9,191,-0.46,19.9,,unavailable (no satellite pass / dataset error),
73.7,Good,Doable,2026-10-08T12:41:38Z,27,Broughton Island,2026-10-09T16:00:00Z,2026-10-10T03:00,13.3,23,22.7,0.0,1.16,7.9,161,1.28,0.14,0.7,194,-0.34,19.9,,unavailable (no satellite pass / dataset error),
71.4,Good,Doable,2026-10-08T12:41:38Z,28,Broughton Island,2026-10-09T17:00:00Z,2026-10-10T04:00,16.3,16,27.7,0.0,1.12,7.95,162,1.24,0.14,0.7,194,-0.08,19.9,,unavailable (no satellite pass / dataset error),
70.1,Good,Doable,2026-10-08T12:41:38Z,29,Broughton Island,2026-10-09T18:00:00Z,2026-10-10T05:00,18.2,8,32.4,0.0,1.1,8.0,162,1.2,0.16,0.7,194,0.26,19.9,,unavailable (no satellite pass / dataset error),
71.3,Good,Doable,2026-10-08T12:41:38Z,30,Broughton Island,2026-10-09T19:00:00Z,2026-10-10T06:00,17.3,4,32.0,0.0,1.06,8.0,162,1.18,0.1,0.6,198,0.6,19.9,,unavailable (no satellite pass / dataset error),
77.1,Good,Doable,2026-10-08T12:41:38Z,31,Broughton Island,2026-10-09T20:00:00Z,2026-10-10T07:00,11.1,324,30.2,0.0,1.04,8.05,163,1.16,0.06,0.6,198,0.84,19.9,,unavailable (no satellite pass / dataset error),
80.5,Excellent,Doable,2026-10-08T12:41:38Z,32,Broughton Island,2026-10-09T21:00:00Z,2026-10-10T08:00,8.0,316,19.4,0.0,1.0,8.0,163,1.14,0.0,0.4,207,0.94,19.8,,unavailable (no satellite pass / dataset error),
80.2,Excellent,Doable,2026-10-08T12:41:38Z,33,Broughton Island,2026-10-09T22:00:00Z,2026-10-10T09:00,7.7,348,14.8,0.6,0.94,7.9,164,1.12,0.0,0.4,207,0.87,19.8,,unavailable (no satellite pass / dataset error),
74.5,Good,Doable,2026-10-08T12:41:38Z,34,Broughton Island,2026-10-09T23:00:00Z,2026-10-10T10:00,12.7,12,22.7,0.8,0.9,7.75,165,1.1,0.02,0.6,198,0.65,19.8,,unavailable (no satellite pass / dataset error),
70.5,Good,Doable,2026-10-08T12:41:38Z,35,Broughton Island,2026-10-10T00:00:00Z,2026-10-10T11:00,16.1,331,30.6,1.3,0.84,7.55,166,1.08,0.02,0.4,180,0.34,19.9,,unavailable (no satellite pass / dataset error),
73.2,Good,Great,2026-10-08T12:41:38Z,36,Broughton Island,2026-10-10T01:00:00Z,2026-10-10T12:00,13.3,2,28.4,0.0,0.78,7.3,166,1.06,0.02,0.4,180,0.01,19.9,,unavailable (no satellite pass / dataset error),
70.6,Good,Great,2026-10-08T12:41:38Z,37,Broughton Island,2026-10-10T02:00:00Z,2026-10-10T13:00,16.0,326,47.2,0.3,0.74,7.0,167,1.04,0.04,0.4,180,-0.25,20.0,,unavailable (no satellite pass / dataset error),
66.1,Good,Great,2026-10-08T12:41:38Z,38,Broughton Island,2026-10-10T03:00:00Z,2026-10-10T14:00,21.1,300,52.6,0.1,0.68,6.95,167,1.02,0.04,0.4,180,-0.36,20.1,,unavailable (no satellite pass / dataset error),
65.3,Good,Great,2026-10-08T12:41:38Z,39,Broughton Island,2026-10-10T04:00:00Z,2026-10-10T15:00,22.3,286,53.3,0.0,0.68,7.25,168,1.0,0.08,0.4,180,-0.31,20.2,,unavailable (no satellite pass / dataset error),
69.2,Good,Great,2026-10-08T12:41:38Z,40,Broughton Island,2026-10-10T05:00:00Z,2026-10-10T16:00,18.1,292,52.9,0.0,0.66,7.8,169,0.98,0.1,0.4,207,-0.12,20.3,,unavailable (no satellite pass / dataset error),
70.8,Good,Great,2026-10-08T12:41:38Z,41,Broughton Island,2026-10-10T06:00:00Z,2026-10-10T17:00,16.4,305,44.6,0.1,0.66,8.3,170,0.96,0.14,0.4,207,0.17,20.3,,unavailable (no satellite pass / dataset error),
73.8,Good,Great,2026-10-08T12:41:38Z,42,Broughton Island,2026-10-10T07:00:00Z,2026-10-10T18:00,12.5,354,37.4,0.0,0.66,8.65,170,0.96,0.16,0.6,198,0.48,20.3,,unavailable (no satellite pass / dataset error),
74.3,Good,Great,2026-10-08T12:41:38Z,43,Broughton Island,2026-10-10T08:00:00Z,2026-10-10T19:00,12.2,14,24.1,0.0,0.66,8.95,170,0.94,0.16,0.6,198,0.73,20.3,,unavailable (no satellite pass / dataset error),
73.3,Good,Great,2026-10-08T12:41:38Z,44,Broughton Island,2026-10-10T09:00:00Z,2026-10-10T20:00,13.3,2,22.0,0.0,0.66,9.15,170,0.94,0.18,0.6,198,0.85,20.2,,unavailable (no satellite pass / dataset error),
72.0,Good,Great,2026-10-08T12:41:38Z,45,Broughton Island,2026-10-10T10:00:00Z,2026-10-10T21:00,15.0,346,25.6,0.0,0.64,9.2,170,0.92,0.16,0.6,198,0.82,20.2,,unavailable (no satellite pass / dataset error),
73.3,Good,Great,2026-10-08T12:41:38Z,46,Broughton Island,2026-10-10T11:00:00Z,2026-10-10T22:00,13.5,303,25.6,0.0,0.64,9.15,170,0.92,0.12,0.6,198,0.62,20.1,,unavailable (no satellite pass / dataset error),
71.6,Good,Great,2026-10-08T12:41:38Z,47,Broughton Island,2026-10-10T12:00:00Z,2026-10-10T23:00,15.9,297,27.7,0.0,0.62,9.1,170,0.9,0.1,0.5,180,0.32,20.1,,unavailable (no satellite pass / dataset error),
73.1,Good,Great,2026-10-08T12:41:38Z,48,Broughton Island,2026-10-10T13:00:00Z,2026-10-11T00:00,14.7,297,27.7,0.0,0.6,9.2,169,0.88,0.08,0.4,180,-0.01,20.0,,unavailable (no satellite pass / dataset error),
75.9,Good,Great,2026-10-08T12:41:38Z,49,Broughton Island,2026-10-10T14:00:00Z,2026-10-11T01:00,12.1,287,25.9,0.0,0.6,9.3,169,0.86,0.06,0.3,135,-0.29,20.0,,unavailable (no satellite pass / dataset error),
80.2,Excellent,Great,2026-10-08T12:41:38Z,50,Broughton Island,2026-10-10T15:00:00Z,2026-10-11T02:00,7.5,230,21.2,0.0,0.58,9.35,168,0.84,0.04,0.3,135,-0.44,20.0,,unavailable (no satellite pass / dataset error),
76.0,Good,Great,2026-10-08T12:41:38Z,51,Broughton Island,2026-10-10T16:00:00Z,2026-10-11T03:00,12.7,207,22.0,0.0,0.58,9.3,168,0.82,0.06,0.2,90,-0.42,19.9,,unavailable (no satellite pass / dataset error),
73.6,Good,Great,2026-10-08T12:41:38Z,52,Broughton Island,2026-10-10T17:00:00Z,2026-10-11T04:00,15.1,230,27.4,0.0,0.56,9.2,169,0.82,0.08,0.3,45,-0.24,19.9,,unavailable (no satellite pass / dataset error),
74.4,Good,Great,2026-10-08T12:41:38Z,53,Broughton Island,2026-10-10T18:00:00Z,2026-10-11T05:00,14.7,222,26.6,0.0,0.56,9.1,169,0.8,0.1,0.2,0,0.05,19.9,,unavailable (no satellite pass / dataset error),
74.7,Good,Great,2026-10-08T12:41:38Z,54,Broughton Island,2026-10-10T19:00:00Z,2026-10-11T06:00,14.4,226,26.6,0.0,0.54,9.05,168,0.8,0.08,0.2,0,0.39,19.9,,unavailable (no satellite pass / dataset error),
76.1,Good,Great,2026-10-08T12:41:38Z,55,Broughton Island,2026-10-10T20:00:00Z,2026-10-11T07:00,12.8,232,25.9,0.0,0.54,9.05,168,0.78,0.04,0.3,315,0.69,20.0,,unavailable (no satellite pass / dataset error),
77.1,Good,Great,2026-10-08T12:41:38Z,56,Broughton Island,2026-10-10T21:00:00Z,2026-10-11T08:00,11.6,234,27.0,0.0,0.52,9.05,167,0.78,0.02,0.3,315,0.88,20.0,,unavailable (no satellite pass / dataset error),
78.2,Good,Great,2026-10-08T12:41:38Z,57,Broughton Island,2026-10-10T22:00:00Z,2026-10-11T09:00,11.5,224,28.1,0.0,0.52,9.05,166,0.76,0.02,0.3,315,0.91,20.1,,unavailable (no satellite pass / dataset error),
79.8,Good,Great,2026-10-08T12:41:38Z,58,Broughton Island,2026-10-10T23:00:00Z,2026-10-11T10:00,10.8,218,28.1,0.0,0.5,9.05,166,0.76,0.04,0.3,315,0.77,20.2,,unavailable (no satellite pass / dataset error),
81.1,Excellent,Great,2026-10-08T12:41:38Z,59,Broughton Island,2026-10-11T00:00:00Z,2026-10-11T11:00,10.9,187,28.1,0.0,0.5,9.05,165,0.74,0.04,0.5,315,0.5,20.3,,unavailable (no satellite pass / dataset error),
77.4,Good,Great,2026-10-08T12:41:38Z,60,Broughton Island,2026-10-11T01:00:00Z,2026-10-11T12:00,15.0,167,36.0,0.0,0.5,9.15,165,0.74,0.04,0.5,315,0.17,20.4,,unavailable (no satellite pass / dataset error),
78.1,Good,Great,2026-10-08T12:41:38Z,61,Broughton Island,2026-10-11T02:00:00Z,2026-10-11T13:00,14.6,162,37.1,0.0,0.52,9.2,165,0.72,0.04,0.6,304,-0.15,20.5,,unavailable (no satellite pass / dataset error),
79.9,Good,Great,2026-10-08T12:41:38Z,62,Broughton Island,2026-10-11T03:00:00Z,2026-10-11T14:00,12.5,144,34.9,0.0,0.52,8.85,165,0.72,0.04,0.7,284,-0.37,20.7,,unavailable (no satellite pass / dataset error),
80.7,Excellent,Great,2026-10-08T12:41:38Z,63,Broughton Island,2026-10-11T04:00:00Z,2026-10-11T15:00,11.1,126,31.0,0.0,0.52,7.65,165,0.72,0.04,0.9,270,-0.43,20.8,,unavailable (no satellite pass / dataset error),
80.3,Excellent,Great,2026-10-08T12:41:38Z,64,Broughton Island,2026-10-11T05:00:00Z,2026-10-11T16:00,11.0,109,28.8,0.0,0.54,6.05,165,0.72,0.04,1.1,261,-0.34,21.0,,unavailable (no satellite pass / dataset error),
79.6,Good,Great,2026-10-08T12:41:38Z,65,Broughton Island,2026-10-11T06:00:00Z,2026-10-11T17:00,11.9,86,28.1,0.0,0.54,4.9,165,0.72,0.04,1.1,252,-0.12,21.0,,unavailable (no satellite pass / dataset error),
78.9,Good,Great,2026-10-08T12:41:38Z,66,Broughton Island,2026-10-11T07:00:00Z,2026-10-11T18:00,12.4,66,28.1,0.0,0.54,4.6,164,0.72,0.08,1.2,231,0.16,21.0,,unavailable (no satellite pass / dataset error),
75.5,Good,Great,2026-10-08T12:41:38Z,67,Broughton Island,2026-10-11T08:00:00Z,2026-10-11T19:00,16.2,50,29.2,0.0,0.56,4.75,162,0.72,0.1,1.2,219,0.43,21.0,,unavailable (no satellite pass / dataset error),
72.9,Good,Great,2026-10-08T12:41:38Z,68,Broughton Island,2026-10-11T09:00:00Z,2026-10-11T20:00,19.1,31,34.6,0.0,0.56,4.95,161,0.72,0.14,1.2,207,0.64,20.9,,unavailable (no satellite pass / dataset error),
70.6,Good,Great,2026-10-08T12:41:38Z,69,Broughton Island,2026-10-11T10:00:00Z,2026-10-11T21:00,21.2,25,38.2,0.0,0.54,5.15,162,0.74,0.2,1.3,196,0.71,20.8,,unavailable (no satellite pass / dataset error),
70.8,Good,Great,2026-10-08T12:41:38Z,70,Broughton Island,2026-10-11T11:00:00Z,2026-10-11T22:00,21.0,25,39.6,0.0,0.5,5.4,162,0.74,0.26,1.3,196,0.63,20.7,,unavailable (no satellite pass / dataset error),
73.5,Good,Great,2026-10-08T12:41:38Z,71,Broughton Island,2026-10-11T12:00:00Z,2026-10-11T23:00,17.8,23,38.2,0.0,0.48,5.7,163,0.76,0.32,1.3,188,0.41,20.6,,unavailable (no satellite pass / dataset error),
75.6,Good,Great,2026-10-08T12:41:38Z,72,Broughton Island,2026-10-11T13:00:00Z,2026-10-12T00:00,16.2,23,32.4,0.0,0.46,6.0,158,0.74,0.28,1.1,180,0.12,20.5,,unavailable (no satellite pass / dataset error),
77.9,Good,Great,2026-10-08T12:41:38Z,73,Broughton Island,2026-10-11T14:00:00Z,2026-10-12T01:00,14.1,23,29.2,0.0,0.44,6.4,152,0.74,0.24,0.9,180,-0.17,20.4,,unavailable (no satellite pass / dataset error),
81.4,Excellent,Great,2026-10-08T12:41:38Z,74,Broughton Island,2026-10-11T15:00:00Z,2026-10-12T02:00,10.9,19,24.8,0.0,0.42,6.95,147,0.72,0.2,0.7,180,-0.37,20.4,,unavailable (no satellite pass / dataset error),
83.4,Excellent,Great,2026-10-08T12:41:38Z,75,Broughton Island,2026-10-11T16:00:00Z,2026-10-12T03:00,9.4,11,18.7,0.0,0.4,8.0,157,0.7,0.14,0.5,180,-0.43,20.3,,unavailable (no satellite pass / dataset error),
85.5,Excellent,Great,2026-10-08T12:41:38Z,76,Broughton Island,2026-10-11T17:00:00Z,2026-10-12T04:00,7.3,7,14.8,0.0,0.4,9.2,167,0.68,0.06,0.5,180,-0.32,20.3,,unavailable (no satellite pass / dataset error),
87.9,Excellent,Great,2026-10-08T12:41:38Z,77,Broughton Island,2026-10-11T18:00:00Z,2026-10-12T05:00,5.1,8,11.5,0.0,0.38,9.75,177,0.66,0.0,0.4,180,-0.08,20.3,,unavailable (no satellite pass / dataset error),
88.7,Excellent,Great,2026-10-08T12:41:38Z,78,Broughton Island,2026-10-11T19:00:00Z,2026-10-12T06:00,4.2,353,7.6,0.0,0.42,8.75,172,0.66,0.0,0.4,180,0.23,20.3,,unavailable (no satellite pass / dataset error),
88.4,Excellent,Great,2026-10-08T12:41:38Z,79,Broughton Island,2026-10-11T20:00:00Z,2026-10-12T07:00,4.8,326,5.8,0.0,0.44,7.05,167,0.66,0.0,0.3,225,0.55,20.3,,unavailable (no satellite pass / dataset error),
90.6,Excellent,Great,2026-10-08T12:41:38Z,80,Broughton Island,2026-10-11T21:00:00Z,2026-10-12T08:00,2.3,302,9.7,0.0,0.48,6.3,162,0.66,0.0,0.3,225,0.81,20.4,,unavailable (no satellite pass / dataset error),
92.2,Excellent,Great,2026-10-08T12:41:38Z,81,Broughton Island,2026-10-11T22:00:00Z,2026-10-12T09:00,0.6,18,9.4,0.0,0.46,7.6,164,0.66,0.0,0.3,225,0.95,20.5,,unavailable (no satellite pass / dataset error),
90.7,Excellent,Great,2026-10-08T12:41:38Z,82,Broughton Island,2026-10-11T23:00:00Z,2026-10-12T10:00,2.2,99,11.2,0.0,0.44,9.8,165,0.64,0.0,0.4,243,0.92,20.6,,unavailable (no satellite pass / dataset error),
87.8,Excellent,Great,2026-10-08T12:41:38Z,83,Broughton Island,2026-10-12T00:00:00Z,2026-10-12T11:00,5.2,84,16.6,0.0,0.42,11.3,167,0.64,0.0,0.5,225,0.73,20.6,,unavailable (no satellite pass / dataset error),
84.9,Excellent,Great,2026-10-08T12:41:38Z,84,Broughton Island,2026-10-12T01:00:00Z,2026-10-12T12:00,8.2,76,20.9,0.0,0.44,11.35,167,0.64,0.04,0.6,236,0.44,20.7,,unavailable (no satellite pass / dataset error),
81.5,Excellent,Great,2026-10-08T12:41:38Z,85,Broughton Island,2026-10-12T02:00:00Z,2026-10-12T13:00,11.2,69,26.3,0.0,0.44,10.6,168,0.66,0.08,0.8,225,0.12,20.7,,unavailable (no satellite pass / dataset error),
80.2,Excellent,Great,2026-10-08T12:41:38Z,86,Broughton Island,2026-10-12T03:00:00Z,2026-10-12T14:00,12.2,61,31.3,0.0,0.46,9.7,168,0.66,0.12,1.0,225,-0.16,20.8,,unavailable (no satellite pass / dataset error),
81.7,Excellent,Great,2026-10-08T12:41:38Z,87,Broughton Island,2026-10-12T04:00:00Z,2026-10-12T15:00,10.2,41,37.1,0.2,0.48,8.6,134,0.68,0.08,0.9,217,-0.33,20.8,,unavailable (no satellite pass / dataset error),
81.5,Excellent,Great,2026-10-08T12:41:38Z,88,Broughton Island,2026-10-12T05:00:00Z,2026-10-12T16:00,9.7,3,43.2,0.2,0.48,7.3,99,0.7,0.06,1.0,211,-0.35,20.9,,unavailable (no satellite pass / dataset error),
79.2,Good,Great,2026-10-08T12:41:38Z,89,Broughton Island,2026-10-12T06:00:00Z,2026-10-12T17:00,11.8,340,46.1,0.2,0.5,6.15,65,0.72,0.02,1.0,211,-0.22,20.9,,unavailable (no satellite pass / dataset error),
77.8,Good,Great,2026-10-08T12:41:38Z,90,Broughton Island,2026-10-12T07:00:00Z,2026-10-12T18:00,13.1,337,43.6,0.0,0.5,5.1,66,0.72,0.06,1.1,198,-0.01,20.9,,unavailable (no satellite pass / dataset error),
77.4,Good,Great,2026-10-08T12:41:38Z,91,Broughton Island,2026-10-12T08:00:00Z,2026-10-12T19:00,13.5,339,38.2,0.0,0.5,4.25,66,0.72,0.08,1.1,189,0.24,20.8,,unavailable (no satellite pass / dataset error),
77.7,Good,Great,2026-10-08T12:41:38Z,92,Broughton Island,2026-10-12T09:00:00Z,2026-10-12T20:00,13.7,342,33.8,0.0,0.5,4.2,67,0.72,0.12,0.9,180,0.46,20.8,,unavailable (no satellite pass / dataset error),
77.6,Good,Great,2026-10-08T12:41:38Z,93,Broughton Island,2026-10-12T10:00:00Z,2026-10-12T21:00,13.8,346,33.1,0.0,0.5,5.7,101,0.72,0.14,0.9,180,0.61,20.7,,unavailable (no satellite pass / dataset error),
77.8,Good,Great,2026-10-08T12:41:38Z,94,Broughton Island,2026-10-12T11:00:00Z,2026-10-12T22:00,13.8,351,33.5,0.0,0.48,8.0,134,0.7,0.16,0.9,169,0.63,20.7,,unavailable (no satellite pass / dataset error),
79.0,Good,Great,2026-10-08T12:41:38Z,95,Broughton Island,2026-10-12T12:00:00Z,2026-10-12T23:00,12.5,352,32.8,0.0,0.48,9.5,168,0.7,0.18,0.9,169,0.5,20.6,,unavailable (no satellite pass / dataset error),
82.3,Excellent,Great,2026-10-08T12:41:38Z,96,Broughton Island,2026-10-12T13:00:00Z,2026-10-13T00:00,9.5,339,29.5,0.0,0.48,9.3,168,0.68,0.14,0.7,166,0.27,20.6,,unavailable (no satellite pass / dataset error),
84.5,Excellent,Great,2026-10-08T12:41:38Z,97,Broughton Island,2026-10-12T14:00:00Z,2026-10-13T01:00,7.3,303,25.6,0.0,0.48,8.35,168,0.68,0.08,0.6,162,0.01,20.5,,unavailable (no satellite pass / dataset error),
84.3,Excellent,Great,2026-10-08T12:41:38Z,98,Broughton Island,2026-10-12T15:00:00Z,2026-10-13T02:00,8.3,268,22.3,0.0,0.48,7.75,168,0.66,0.04,0.4,153,-0.22,20.5,,unavailable (no satellite pass / dataset error),
82.8,Excellent,Great,2026-10-08T12:41:38Z,99,Broughton Island,2026-10-12T16:00:00Z,2026-10-13T03:00,10.2,249,21.6,0.2,0.48,8.2,168,0.64,0.04,0.3,135,-0.34,20.5,,unavailable (no satellite pass / dataset error),
81.1,Excellent,Great,2026-10-08T12:41:38Z,100,Broughton Island,2026-10-12T17:00:00Z,2026-10-13T04:00,12.1,240,21.6,0.2,0.46,9.05,169,0.64,0.02,0.2,90,-0.31,20.4,,unavailable (no satellite pass / dataset error),
80.9,Excellent,Great,2026-10-08T12:41:38Z,101,Broughton Island,2026-10-12T18:00:00Z,2026-10-13T05:00,12.2,237,22.0,0.2,0.46,9.45,169,0.62,0.02,0.2,90,-0.15,20.4,,unavailable (no satellite pass / dataset error),
82.1,Excellent,Great,2026-10-08T12:41:38Z,102,Broughton Island,2026-10-12T19:00:00Z,2026-10-13T06:00,9.0,248,21.6,1.7,0.46,9.05,169,0.62,0.02,0.0,90,0.11,20.4,,unavailable (no satellite pass / dataset error),
82.7,Excellent,Great,2026-10-08T12:41:38Z,103,Broughton Island,2026-10-12T20:00:00Z,2026-10-13T07:00,5.5,287,21.2,1.7,0.46,8.2,169,0.62,0.02,0.2,270,0.42,20.4,,unavailable (no satellite pass / dataset error),
79.3,Good,Great,2026-10-08T12:41:38Z,104,Broughton Island,2026-10-12T21:00:00Z,2026-10-13T08:00,6.4,328,21.2,1.7,0.46,7.3,169,0.62,0.02,0.4,270,0.7,20.4,,unavailable (no satellite pass / dataset error),
77.2,Good,Great,2026-10-08T12:41:38Z,105,Broughton Island,2026-10-12T22:00:00Z,2026-10-13T09:00,7.3,329,21.6,1.0,0.46,6.4,135,0.62,0.02,0.4,270,0.9,20.5,,unavailable (no satellite pass / dataset error),
75.5,Good,Great,2026-10-08T12:41:38Z,106,Broughton Island,2026-10-12T23:00:00Z,2026-10-13T10:00,7.6,317,22.7,1.0,0.48,5.4,101,0.64,0.04,0.4,270,0.97,20.5,,unavailable (no satellite pass / dataset error),
74.4,Good,Great,2026-10-08T12:41:38Z,107,Broughton Island,2026-10-13T00:00:00Z,2026-10-13T11:00,7.4,302,23.8,1.0,0.48,4.75,67,0.64,0.04,0.4,270,0.87,20.5,,unavailable (no satellite pass / dataset error),
68.7,Good,Great,2026-10-08T12:41:38Z,108,Broughton Island,2026-10-13T01:00:00Z,2026-10-13T12:00,6.5,283,24.8,5.0,0.48,4.35,67,0.64,0.04,0.5,270,0.64,20.6,,unavailable (no satellite pass / dataset error),
62.3,Good,Great,2026-10-08T12:41:38Z,109,Broughton Island,2026-10-13T02:00:00Z,2026-10-13T13:00,6.2,253,25.9,5.0,0.5,4.25,66,0.64,0.02,0.7,270,0.34,20.6,,unavailable (no satellite pass / dataset error),
59.7,Fair,Great,2026-10-08T12:41:38Z,110,Broughton Island,2026-10-13T03:00:00Z,2026-10-13T14:00,8.1,225,28.8,5.0,0.5,4.85,66,0.64,0.02,0.7,270,0.04,20.7,,unavailable (no satellite pass / dataset error),
55.2,Fair,Great,2026-10-08T12:41:38Z,111,Broughton Island,2026-10-13T04:00:00Z,2026-10-13T15:00,12.6,211,35.3,4.3,0.46,6.7,103,0.64,0.02,0.9,270,-0.19,20.8,,unavailable (no satellite pass / dataset error),
50.7,Fair,Great,2026-10-08T12:41:38Z,112,Broughton Island,2026-10-13T05:00:00Z,2026-10-13T16:00,17.7,204,43.6,4.3,0.44,9.2,140,0.64,0.0,0.9,259,-0.3,20.8,,unavailable (no satellite pass / dataset error),
47.3,Fair,Great,2026-10-08T12:41:38Z,113,Broughton Island,2026-10-13T06:00:00Z,2026-10-13T17:00,21.2,199,48.6,4.3,0.4,11.0,177,0.64,0.0,1.0,248,-0.28,20.9,,unavailable (no satellite pass / dataset error),
46.7,Fair,Great,2026-10-08T12:41:38Z,114,Broughton Island,2026-10-13T07:00:00Z,2026-10-13T18:00,21.5,192,47.5,0.1,0.4,11.6,178,0.68,0.0,1.0,239,-0.14,20.9,,unavailable (no satellite pass / dataset error),
47.4,Fair,Great,2026-10-08T12:41:38Z,115,Broughton Island,2026-10-13T08:00:00Z,2026-10-13T19:00,20.4,183,43.6,0.1,0.42,11.5,179,0.7,0.02,1.0,239,0.06,20.9,,unavailable (no satellite pass / dataset error),
48.3,Fair,Great,2026-10-08T12:41:38Z,116,Broughton Island,2026-10-13T09:00:00Z,2026-10-13T20:00,19.0,176,39.6,0.1,0.42,10.8,180,0.74,0.02,1.0,225,0.28,20.8,,unavailable (no satellite pass / dataset error),
50.2,Fair,Great,2026-10-08T12:41:38Z,117,Broughton Island,2026-10-13T10:00:00Z,2026-10-13T21:00,16.5,174,37.4,0.2,0.52,9.0,183,0.8,0.04,0.9,217,0.45,20.8,,unavailable (no satellite pass / dataset error),
52.7,Fair,Great,2026-10-08T12:41:38Z,118,Broughton Island,2026-10-13T11:00:00Z,2026-10-13T22:00,13.2,175,35.6,0.2,0.62,6.6,185,0.86,0.06,0.8,207,0.54,20.8,,unavailable (no satellite pass / dataset error),
54.8,Fair,Great,2026-10-08T12:41:38Z,119,Broughton Island,2026-10-13T12:00:00Z,2026-10-13T23:00,11.0,181,33.8,0.2,0.72,5.1,188,0.92,0.08,0.5,180,0.49,20.7,,unavailable (no satellite pass / dataset error),
68.0,Good,Getting rough,2026-10-08T12:41:38Z,0,Seal Rocks,2026-10-08T13:00:00Z,2026-10-09T00:00,10.1,305,15.1,0.0,2.14,7.85,166,2.14,0.0,0.5,135,-0.35,19.8,,unavailable (no satellite pass / dataset error),
69.5,Good,Getting rough,2026-10-08T12:41:38Z,1,Seal Rocks,2026-10-08T14:00:00Z,2026-10-09T01:00,8.9,298,17.3,0.0,2.1,7.9,165,2.1,0.0,0.5,135,-0.47,19.8,,unavailable (no satellite pass / dataset error),
71.8,Good,Getting rough,2026-10-08T12:41:38Z,2,Seal Rocks,2026-10-08T15:00:00Z,2026-10-09T02:00,6.5,293,15.1,0.0,2.08,7.95,164,2.08,0.0,0.5,135,-0.43,19.8,,unavailable (no satellite pass / dataset error),
73.5,Good,Getting rough,2026-10-08T12:41:38Z,3,Seal Rocks,2026-10-08T16:00:00Z,2026-10-09T03:00,5.2,292,10.1,0.0,2.08,8.0,163,2.08,0.0,0.3,135,-0.23,19.8,,unavailable (no satellite pass / dataset error),
73.7,Good,Getting rough,2026-10-08T12:41:38Z,4,Seal Rocks,2026-10-08T17:00:00Z,2026-10-09T04:00,4.7,288,8.6,0.0,2.08,8.0,163,2.08,0.0,0.4,153,0.08,19.8,,unavailable (no satellite pass / dataset error),
75.5,Good,Getting rough,2026-10-08T12:41:38Z,5,Seal Rocks,2026-10-08T18:00:00Z,2026-10-09T05:00,2.7,270,7.6,0.0,2.08,8.05,162,2.08,0.0,0.4,153,0.41,19.8,,unavailable (no satellite pass / dataset error),
77.3,Good,Getting rough,2026-10-08T12:41:38Z,6,Seal Rocks,2026-10-08T19:00:00Z,2026-10-09T06:00,0.7,270,4.3,0.0,2.08,8.1,162,2.08,0.0,0.4,153,0.69,19.8,,unavailable (no satellite pass / dataset error),
76.3,Good,Getting rough,2026-10-08T12:41:38Z,7,Seal Rocks,2026-10-08T20:00:00Z,2026-10-09T07:00,2.1,329,3.2,0.0,2.06,8.1,161,2.06,0.0,0.4,153,0.85,19.8,,unavailable (no satellite pass / dataset error),
76.6,Good,Getting rough,2026-10-08T12:41:38Z,8,Seal Rocks,2026-10-08T21:00:00Z,2026-10-09T08:00,1.8,360,8.6,0.0,2.06,8.15,161,2.06,0.0,0.4,153,0.84,19.9,,unavailable (no satellite pass / dataset error),
76.4,Good,Getting rough,2026-10-08T12:41:38Z,9,Seal Rocks,2026-10-08T22:00:00Z,2026-10-09T09:00,2.3,45,11.5,0.0,2.04,8.15,161,2.04,0.0,0.4,153,0.67,19.9,,unavailable (no satellite pass / dataset error),
71.3,Good,Getting rough,2026-10-08T12:41:38Z,10,Seal Rocks,2026-10-08T23:00:00Z,2026-10-09T10:00,7.7,49,22.7,0.0,2.04,8.2,160,2.04,0.02,0.5,180,0.4,20.0,,unavailable (no satellite pass / dataset error),
70.5,Good,Getting rough,2026-10-08T12:41:38Z,11,Seal Rocks,2026-10-09T00:00:00Z,2026-10-09T11:00,8.8,67,25.6,0.0,2.02,8.2,160,2.02,0.02,0.5,180,0.09,20.0,,unavailable (no satellite pass / dataset error),
68.7,Good,Getting rough,2026-10-08T12:41:38Z,12,Seal Rocks,2026-10-09T01:00:00Z,2026-10-09T12:00,10.7,77,29.9,0.0,2.0,8.2,160,2.0,0.06,0.7,194,-0.18,20.1,,unavailable (no satellite pass / dataset error),
66.3,Good,Getting rough,2026-10-08T12:41:38Z,13,Seal Rocks,2026-10-09T02:00:00Z,2026-10-09T13:00,13.7,72,34.6,0.0,1.98,8.25,161,1.98,0.1,0.7,194,-0.33,20.1,,unavailable (no satellite pass / dataset error),
64.1,Good,Getting rough,2026-10-08T12:41:38Z,14,Seal Rocks,2026-10-09T03:00:00Z,2026-10-09T14:00,16.2,71,39.6,0.0,1.96,8.25,161,1.96,0.14,0.8,207,-0.33,20.2,,unavailable (no satellite pass / dataset error),
62.5,Good,Getting rough,2026-10-08T12:41:38Z,15,Seal Rocks,2026-10-09T04:00:00Z,2026-10-09T15:00,17.6,66,41.8,0.0,1.92,8.25,161,1.94,0.22,1.0,211,-0.16,20.2,,unavailable (no satellite pass / dataset error),
60.5,Good,Getting rough,2026-10-08T12:41:38Z,16,Seal Rocks,2026-10-09T05:00:00Z,2026-10-09T16:00,19.6,57,45.0,0.0,1.88,8.3,161,1.92,0.28,1.2,207,0.11,20.3,,unavailable (no satellite pass / dataset error),
58.6,Fair,Getting rough,2026-10-08T12:41:38Z,17,Seal Rocks,2026-10-09T06:00:00Z,2026-10-09T17:00,21.1,46,47.9,0.0,1.84,8.3,161,1.9,0.36,1.5,210,0.44,20.3,,unavailable (no satellite pass / dataset error),
58.2,Fair,Getting rough,2026-10-08T12:41:38Z,18,Seal Rocks,2026-10-09T07:00:00Z,2026-10-09T18:00,21.6,39,47.5,0.0,1.8,8.3,161,1.88,0.42,1.6,207,0.73,20.3,,unavailable (no satellite pass / dataset error),
59.0,Fair,Getting rough,2026-10-08T12:41:38Z,19,Seal Rocks,2026-10-09T08:00:00Z,2026-10-09T19:00,20.4,39,46.8,0.0,1.78,8.3,160,1.86,0.5,1.8,204,0.91,20.2,,unavailable (no satellite pass / dataset error),
58.5,Fair,Getting rough,2026-10-08T12:41:38Z,20,Seal Rocks,2026-10-09T09:00:00Z,2026-10-09T20:00,21.2,33,40.3,0.0,1.74,8.3,160,1.84,0.56,1.8,204,0.92,20.2,,unavailable (no satellite pass / dataset error),
60.2,Good,Getting rough,2026-10-08T12:41:38Z,21,Seal Rocks,2026-10-09T10:00:00Z,2026-10-09T21:00,20.0,31,40.0,0.0,1.7,8.35,160,1.8,0.56,1.7,198,0.76,20.1,,unavailable (no satellite pass / dataset error),
60.1,Good,Getting rough,2026-10-08T12:41:38Z,22,Seal Rocks,2026-10-09T11:00:00Z,2026-10-09T22:00,20.3,32,38.5,0.0,1.66,8.4,161,1.78,0.58,1.7,198,0.48,20.1,,unavailable (no satellite pass / dataset error),
60.7,Good,Getting rough,2026-10-08T12:41:38Z,23,Seal Rocks,2026-10-09T12:00:00Z,2026-10-09T23:00,20.1,25,38.9,0.0,1.62,8.45,161,1.74,0.58,1.7,198,0.13,20.1,,unavailable (no satellite pass / dataset error),
61.6,Good,Getting rough,2026-10-08T12:41:38Z,24,Seal Rocks,2026-10-09T13:00:00Z,2026-10-10T00:00,19.5,11,38.9,0.0,1.58,8.45,161,1.7,0.5,1.7,198,-0.18,20.1,,unavailable (no satellite pass / dataset error),
66.9,Good,Getting rough,2026-10-08T12:41:38Z,25,Seal Rocks,2026-10-09T14:00:00Z,2026-10-10T01:00,14.8,359,35.3,0.0,1.52,8.45,161,1.64,0.42,1.5,194,-0.41,20.1,,unavailable (no satellite pass / dataset error),
67.4,Good,Bit dodgy,2026-10-08T12:41:38Z,26,Seal Rocks,2026-10-09T15:00:00Z,2026-10-10T02:00,14.6,356,27.7,0.0,1.48,8.45,161,1.6,0.34,1.5,194,-0.46,20.1,,unavailable (no satellite pass / dataset error),
66.5,Good,Bit dodgy,2026-10-08T12:41:38Z,27,Seal Rocks,2026-10-09T16:00:00Z,2026-10-10T03:00,16.4,352,30.6,0.0,1.44,8.5,161,1.58,0.4,1.3,196,-0.34,20.1,,unavailable (no satellite pass / dataset error),
66.6,Good,Bit dodgy,2026-10-08T12:41:38Z,28,Seal Rocks,2026-10-09T17:00:00Z,2026-10-10T04:00,16.7,352,30.6,0.0,1.4,8.5,162,1.54,0.44,1.3,196,-0.08,20.2,,unavailable (no satellite pass / dataset error),
66.0,Good,Bit dodgy,2026-10-08T12:41:38Z,29,Seal Rocks,2026-10-09T18:00:00Z,2026-10-10T05:00,17.6,359,32.8,0.0,1.36,8.55,162,1.52,0.5,1.3,196,0.26,20.2,,unavailable (no satellite pass / dataset error),
66.8,Good,Bit dodgy,2026-10-08T12:41:38Z,30,Seal Rocks,2026-10-09T19:00:00Z,2026-10-10T06:00,17.0,355,32.8,0.0,1.32,8.65,162,1.5,0.44,1.3,196,0.6,20.2,,unavailable (no satellite pass / dataset error),
66.8,Good,Bit dodgy,2026-10-08T12:41:38Z,31,Seal Rocks,2026-10-09T20:00:00Z,2026-10-10T07:00,17.5,351,39.6,0.0,1.3,8.7,163,1.5,0.36,1.1,198,0.84,20.2,,unavailable (no satellite pass / dataset error),
64.5,Good,Bit dodgy,2026-10-08T12:41:38Z,32,Seal Rocks,2026-10-09T21:00:00Z,2026-10-10T08:00,20.3,347,37.4,0.0,1.26,8.65,163,1.48,0.3,1.1,189,0.94,20.2,,unavailable (no satellite pass / dataset error),
64.2,Good,Doable,2026-10-08T12:41:38Z,33,Seal Rocks,2026-10-09T22:00:00Z,2026-10-10T09:00,20.6,333,40.3,0.0,1.18,8.35,163,1.48,0.3,1.1,189,0.87,20.2,,unavailable (no satellite pass / dataset error),
63.7,Good,Doable,2026-10-08T12:41:38Z,34,Seal Rocks,2026-10-09T23:00:00Z,2026-10-10T10:00,20.6,329,41.8,0.6,1.12,7.9,163,1.46,0.3,1.1,180,0.65,20.2,,unavailable (no satellite pass / dataset error),
58.9,Fair,Doable,2026-10-08T12:41:38Z,35,Seal Rocks,2026-10-10T00:00:00Z,2026-10-10T11:00,26.3,315,49.0,0.1,1.04,7.55,163,1.46,0.3,0.9,180,0.33,20.3,,unavailable (no satellite pass / dataset error),
63.2,Good,Doable,2026-10-08T12:41:38Z,36,Seal Rocks,2026-10-10T01:00:00Z,2026-10-10T12:00,20.2,319,49.0,1.1,0.98,7.35,163,1.44,0.3,0.9,169,0.0,20.3,,unavailable (no satellite pass / dataset error),
67.0,Good,Doable,2026-10-08T12:41:38Z,37,Seal Rocks,2026-10-10T02:00:00Z,2026-10-10T13:00,16.2,346,36.7,0.0,0.92,7.25,162,1.42,0.3,0.9,169,-0.26,20.4,,unavailable (no satellite pass / dataset error),
67.3,Good,Doable,2026-10-08T12:41:38Z,38,Seal Rocks,2026-10-10T03:00:00Z,2026-10-10T14:00,16.4,19,39.6,0.1,0.86,7.15,162,1.4,0.3,0.7,180,-0.37,20.4,,unavailable (no satellite pass / dataset error),
66.9,Good,Doable,2026-10-08T12:41:38Z,39,Seal Rocks,2026-10-10T04:00:00Z,2026-10-10T15:00,16.1,34,37.4,0.2,0.84,6.85,125,1.4,0.42,0.9,180,-0.32,20.5,,unavailable (no satellite pass / dataset error),
64.2,Good,Great,2026-10-08T12:41:38Z,40,Seal Rocks,2026-10-10T05:00:00Z,2026-10-10T16:00,18.6,43,38.2,0.4,0.8,6.55,89,1.4,0.56,0.9,180,-0.12,20.5,,unavailable (no satellite pass / dataset error),
62.7,Good,Great,2026-10-08T12:41:38Z,41,Seal Rocks,2026-10-10T06:00:00Z,2026-10-10T17:00,20.2,41,40.0,0.0,0.78,6.6,52,1.4,0.68,0.9,180,0.17,20.5,,unavailable (no satellite pass / dataset error),
64.2,Good,Doable,2026-10-08T12:41:38Z,42,Seal Rocks,2026-10-10T07:00:00Z,2026-10-10T18:00,18.5,40,38.2,0.0,0.82,7.5,89,1.4,0.66,0.9,191,0.47,20.5,,unavailable (no satellite pass / dataset error),
68.2,Good,Doable,2026-10-08T12:41:38Z,43,Seal Rocks,2026-10-10T08:00:00Z,2026-10-10T19:00,13.8,33,32.0,0.0,0.84,8.75,127,1.38,0.66,1.1,189,0.72,20.5,,unavailable (no satellite pass / dataset error),
65.4,Good,Doable,2026-10-08T12:41:38Z,44,Seal Rocks,2026-10-10T09:00:00Z,2026-10-10T20:00,16.9,3,29.2,0.0,0.88,9.3,164,1.38,0.64,1.1,180,0.85,20.5,,unavailable (no satellite pass / dataset error),
66.7,Good,Doable,2026-10-08T12:41:38Z,45,Seal Rocks,2026-10-10T10:00:00Z,2026-10-10T21:00,16.2,345,31.0,0.0,0.9,8.45,124,1.36,0.56,0.9,180,0.81,20.4,,unavailable (no satellite pass / dataset error),
66.2,Good,Doable,2026-10-08T12:41:38Z,46,Seal Rocks,2026-10-10T11:00:00Z,2026-10-10T22:00,17.2,326,31.0,0.0,0.92,6.95,85,1.32,0.46,0.9,169,0.61,20.4,,unavailable (no satellite pass / dataset error),
67.6,Good,Doable,2026-10-08T12:41:38Z,47,Seal Rocks,2026-10-10T12:00:00Z,2026-10-10T23:00,16.4,313,32.0,0.0,0.94,5.8,45,1.3,0.38,0.7,166,0.31,20.4,,unavailable (no satellite pass / dataset error),
70.5,Good,Doable,2026-10-08T12:41:38Z,48,Seal Rocks,2026-10-10T13:00:00Z,2026-10-11T00:00,13.9,309,29.2,0.0,0.92,5.5,44,1.26,0.28,0.6,146,-0.02,20.4,,unavailable (no satellite pass / dataset error),
71.3,Good,Doable,2026-10-08T12:41:38Z,49,Seal Rocks,2026-10-10T14:00:00Z,2026-10-11T01:00,13.9,308,24.5,0.0,0.9,5.55,44,1.2,0.2,0.5,135,-0.3,20.3,,unavailable (no satellite pass / dataset error),
72.5,Good,Doable,2026-10-08T12:41:38Z,50,Seal Rocks,2026-10-10T15:00:00Z,2026-10-11T02:00,13.3,311,24.1,0.0,0.88,5.65,43,1.16,0.1,0.4,90,-0.44,20.3,,unavailable (no satellite pass / dataset error),
80.8,Excellent,Doable,2026-10-08T12:41:38Z,51,Seal Rocks,2026-10-10T16:00:00Z,2026-10-11T03:00,4.2,223,23.0,0.0,0.84,5.6,45,1.14,0.14,0.4,63,-0.42,20.3,,unavailable (no satellite pass / dataset error),
72.6,Good,Doable,2026-10-08T12:41:38Z,52,Seal Rocks,2026-10-10T17:00:00Z,2026-10-11T04:00,13.6,211,23.8,0.0,0.82,5.55,47,1.12,0.18,0.4,63,-0.24,20.3,,unavailable (no satellite pass / dataset error),
70.6,Good,Great,2026-10-08T12:41:38Z,53,Seal Rocks,2026-10-10T18:00:00Z,2026-10-11T05:00,15.8,217,28.8,0.0,0.78,5.85,49,1.1,0.22,0.5,45,0.06,20.3,,unavailable (no satellite pass / dataset error),
72.3,Good,Great,2026-10-08T12:41:38Z,54,Seal Rocks,2026-10-10T19:00:00Z,2026-10-11T06:00,14.3,235,28.8,0.0,0.76,6.85,87,1.06,0.18,0.5,45,0.39,20.3,,unavailable (no satellite pass / dataset error),
72.0,Good,Great,2026-10-08T12:41:38Z,55,Seal Rocks,2026-10-10T20:00:00Z,2026-10-11T07:00,15.2,233,28.8,0.0,0.74,8.15,126,1.04,0.12,0.4,27,0.69,20.3,,unavailable (no satellite pass / dataset error),
72.5,Good,Great,2026-10-08T12:41:38Z,56,Seal Rocks,2026-10-10T21:00:00Z,2026-10-11T08:00,15.3,222,35.3,0.0,0.72,9.0,164,1.0,0.08,0.3,45,0.89,20.4,,unavailable (no satellite pass / dataset error),
74.8,Good,Great,2026-10-08T12:41:38Z,57,Seal Rocks,2026-10-10T22:00:00Z,2026-10-11T09:00,13.0,222,32.8,0.0,0.72,9.0,164,0.98,0.08,0.3,45,0.92,20.4,,unavailable (no satellite pass / dataset error),
77.6,Good,Great,2026-10-08T12:41:38Z,58,Seal Rocks,2026-10-10T23:00:00Z,2026-10-11T10:00,11.1,217,31.3,0.0,0.74,8.55,163,0.94,0.08,0.3,45,0.77,20.5,,unavailable (no satellite pass / dataset error),
78.0,Good,Great,2026-10-08T12:41:38Z,59,Seal Rocks,2026-10-11T00:00:00Z,2026-10-11T11:00,11.0,191,29.2,0.0,0.74,8.2,163,0.92,0.08,0.3,45,0.5,20.6,,unavailable (no satellite pass / dataset error),
76.8,Good,Great,2026-10-08T12:41:38Z,60,Seal Rocks,2026-10-11T01:00:00Z,2026-10-11T12:00,13.7,170,34.6,0.0,0.72,8.2,161,0.92,0.06,0.4,27,0.16,20.7,,unavailable (no satellite pass / dataset error),
77.2,Good,Great,2026-10-08T12:41:38Z,61,Seal Rocks,2026-10-11T02:00:00Z,2026-10-11T13:00,13.4,162,35.3,0.0,0.72,8.35,159,0.9,0.04,0.4,0,-0.15,20.8,,unavailable (no satellite pass / dataset error),
78.8,Good,Great,2026-10-08T12:41:38Z,62,Seal Rocks,2026-10-11T03:00:00Z,2026-10-11T14:00,11.8,156,33.5,0.0,0.7,8.5,157,0.9,0.02,0.4,333,-0.37,21.0,,unavailable (no satellite pass / dataset error),
80.5,Excellent,Great,2026-10-08T12:41:38Z,63,Seal Rocks,2026-10-11T04:00:00Z,2026-10-11T15:00,10.1,136,30.6,0.0,0.68,8.75,157,0.9,0.04,0.4,297,-0.44,21.1,,unavailable (no satellite pass / dataset error),
83.0,Excellent,Great,2026-10-08T12:41:38Z,64,Seal Rocks,2026-10-11T05:00:00Z,2026-10-11T16:00,8.1,114,26.6,0.0,0.64,9.0,157,0.88,0.04,0.4,270,-0.34,21.2,,unavailable (no satellite pass / dataset error),
81.8,Excellent,Great,2026-10-08T12:41:38Z,65,Seal Rocks,2026-10-11T06:00:00Z,2026-10-11T17:00,8.9,99,23.0,0.0,0.62,8.8,157,0.88,0.06,0.6,252,-0.12,21.3,,unavailable (no satellite pass / dataset error),
81.1,Excellent,Great,2026-10-08T12:41:38Z,66,Seal Rocks,2026-10-11T07:00:00Z,2026-10-11T18:00,10.0,67,23.8,0.0,0.6,7.65,163,0.88,0.12,0.5,225,0.16,21.2,,unavailable (no satellite pass / dataset error),
78.4,Good,Great,2026-10-08T12:41:38Z,67,Seal Rocks,2026-10-11T08:00:00Z,2026-10-11T19:00,12.5,44,23.0,0.0,0.56,6.0,168,0.9,0.16,0.6,214,0.44,21.1,,unavailable (no satellite pass / dataset error),
75.5,Good,Great,2026-10-08T12:41:38Z,68,Seal Rocks,2026-10-11T09:00:00Z,2026-10-11T20:00,15.5,28,28.4,0.0,0.54,4.8,174,0.9,0.22,0.7,194,0.64,21.0,,unavailable (no satellite pass / dataset error),
73.3,Good,Great,2026-10-08T12:41:38Z,69,Seal Rocks,2026-10-11T10:00:00Z,2026-10-11T21:00,17.8,22,32.8,0.0,0.54,4.55,172,0.92,0.3,0.7,180,0.71,20.8,,unavailable (no satellite pass / dataset error),
70.7,Good,Great,2026-10-08T12:41:38Z,70,Seal Rocks,2026-10-11T11:00:00Z,2026-10-11T22:00,20.7,26,38.2,0.0,0.56,4.75,169,0.92,0.4,0.7,180,0.63,20.7,,unavailable (no satellite pass / dataset error),
71.2,Good,Great,2026-10-08T12:41:38Z,71,Seal Rocks,2026-10-11T12:00:00Z,2026-10-11T23:00,20.1,22,38.5,0.0,0.56,4.95,167,0.94,0.48,0.6,162,0.4,20.6,,unavailable (no satellite pass / dataset error),
74.5,Good,Great,2026-10-08T12:41:38Z,72,Seal Rocks,2026-10-11T13:00:00Z,2026-10-12T00:00,17.2,14,37.4,0.0,0.54,4.9,166,0.92,0.46,0.4,153,0.11,20.5,,unavailable (no satellite pass / dataset error),
76.7,Good,Great,2026-10-08T12:41:38Z,73,Seal Rocks,2026-10-11T14:00:00Z,2026-10-12T01:00,14.5,8,32.8,0.0,0.5,4.85,165,0.92,0.42,0.5,135,-0.18,20.4,,unavailable (no satellite pass / dataset error),
77.7,Good,Great,2026-10-08T12:41:38Z,74,Seal Rocks,2026-10-11T15:00:00Z,2026-10-12T02:00,13.9,3,27.4,0.0,0.48,4.9,164,0.9,0.4,0.4,117,-0.38,20.4,,unavailable (no satellite pass / dataset error),
79.1,Good,Great,2026-10-08T12:41:38Z,75,Seal Rocks,2026-10-11T16:00:00Z,2026-10-12T03:00,12.8,358,25.6,0.0,0.46,5.15,164,0.88,0.32,0.3,135,-0.43,20.3,,unavailable (no satellite pass / dataset error),
79.5,Good,Great,2026-10-08T12:41:38Z,76,Seal Rocks,2026-10-11T17:00:00Z,2026-10-12T04:00,12.6,358,23.8,0.0,0.44,5.55,165,0.88,0.22,0.2,90,-0.33,20.3,,unavailable (no satellite pass / dataset error),
79.2,Good,Great,2026-10-08T12:41:38Z,77,Seal Rocks,2026-10-11T18:00:00Z,2026-10-12T05:00,13.1,352,24.1,0.0,0.42,6.05,165,0.86,0.14,0.2,90,-0.08,20.3,,unavailable (no satellite pass / dataset error),
78.2,Good,Great,2026-10-08T12:41:38Z,78,Seal Rocks,2026-10-11T19:00:00Z,2026-10-12T06:00,14.5,349,26.6,0.0,0.48,6.7,166,0.84,0.12,0.2,90,0.23,20.3,,unavailable (no satellite pass / dataset error),
77.4,Good,Great,2026-10-08T12:41:38Z,79,Seal Rocks,2026-10-11T20:00:00Z,2026-10-12T07:00,15.4,346,28.4,0.0,0.52,7.4,166,0.84,0.12,0.2,180,0.55,20.4,,unavailable (no satellite pass / dataset error),
77.4,Good,Great,2026-10-08T12:41:38Z,80,Seal Rocks,2026-10-11T21:00:00Z,2026-10-12T08:00,15.6,345,28.8,0.0,0.58,8.0,167,0.82,0.1,0.2,180,0.81,20.5,,unavailable (no satellite pass / dataset error),
78.3,Good,Great,2026-10-08T12:41:38Z,81,Seal Rocks,2026-10-11T22:00:00Z,2026-10-12T09:00,14.4,345,30.2,0.0,0.58,8.3,168,0.84,0.16,0.2,180,0.95,20.5,,unavailable (no satellite pass / dataset error),
78.9,Good,Great,2026-10-08T12:41:38Z,82,Seal Rocks,2026-10-11T23:00:00Z,2026-10-12T10:00,13.2,355,30.2,0.0,0.58,8.5,168,0.84,0.24,0.4,180,0.92,20.6,,unavailable (no satellite pass / dataset error),
78.9,Good,Great,2026-10-08T12:41:38Z,83,Seal Rocks,2026-10-12T00:00:00Z,2026-10-12T11:00,12.9,19,30.6,0.0,0.58,8.7,169,0.86,0.3,0.4,180,0.73,20.7,,unavailable (no satellite pass / dataset error),
76.3,Good,Great,2026-10-08T12:41:38Z,84,Seal Rocks,2026-10-12T01:00:00Z,2026-10-12T12:00,15.1,35,33.8,0.0,0.58,9.15,169,0.9,0.38,0.5,180,0.43,20.7,,unavailable (no satellite pass / dataset error),
72.9,Good,Great,2026-10-08T12:41:38Z,85,Seal Rocks,2026-10-12T02:00:00Z,2026-10-12T13:00,18.7,45,37.8,0.0,0.58,9.65,170,0.92,0.44,0.5,180,0.1,20.7,,unavailable (no satellite pass / dataset error),
71.7,Good,Great,2026-10-08T12:41:38Z,86,Seal Rocks,2026-10-12T03:00:00Z,2026-10-12T14:00,19.6,48,40.3,0.0,0.58,9.45,170,0.96,0.52,0.5,180,-0.17,20.8,,unavailable (no satellite pass / dataset error),
73.9,Good,Great,2026-10-08T12:41:38Z,87,Seal Rocks,2026-10-12T04:00:00Z,2026-10-12T15:00,15.1,38,40.3,1.3,0.66,7.95,128,0.98,0.4,0.5,180,-0.34,20.8,,unavailable (no satellite pass / dataset error),
76.5,Good,Great,2026-10-08T12:41:38Z,88,Seal Rocks,2026-10-12T05:00:00Z,2026-10-12T16:00,9.9,4,38.9,1.3,0.76,5.8,86,1.02,0.26,0.5,180,-0.35,20.8,,unavailable (no satellite pass / dataset error),
74.1,Good,Doable,2026-10-08T12:41:38Z,89,Seal Rocks,2026-10-12T06:00:00Z,2026-10-12T17:00,10.6,326,38.2,1.3,0.84,4.25,44,1.04,0.14,0.5,180,-0.23,20.8,,unavailable (no satellite pass / dataset error),
72.0,Good,Doable,2026-10-08T12:41:38Z,90,Seal Rocks,2026-10-12T07:00:00Z,2026-10-12T18:00,12.5,316,39.2,0.3,0.84,3.9,44,1.04,0.18,0.5,180,-0.01,20.8,,unavailable (no satellite pass / dataset error),
70.5,Good,Doable,2026-10-08T12:41:38Z,91,Seal Rocks,2026-10-12T08:00:00Z,2026-10-12T19:00,13.5,317,41.0,0.3,0.82,4.1,45,1.04,0.22,0.6,162,0.24,20.7,,unavailable (no satellite pass / dataset error),
69.9,Good,Doable,2026-10-08T12:41:38Z,92,Seal Rocks,2026-10-12T09:00:00Z,2026-10-12T20:00,14.3,320,41.4,0.3,0.82,4.5,45,1.04,0.26,0.4,153,0.47,20.7,,unavailable (no satellite pass / dataset error),
69.6,Good,Great,2026-10-08T12:41:38Z,93,Seal Rocks,2026-10-12T10:00:00Z,2026-10-12T21:00,14.5,325,38.2,0.1,0.78,5.0,47,1.02,0.28,0.5,135,0.61,20.7,,unavailable (no satellite pass / dataset error),
69.5,Good,Great,2026-10-08T12:41:38Z,94,Seal Rocks,2026-10-12T11:00:00Z,2026-10-12T22:00,14.6,333,33.1,0.1,0.76,5.65,50,1.0,0.32,0.5,135,0.62,20.7,,unavailable (no satellite pass / dataset error),
69.6,Good,Great,2026-10-08T12:41:38Z,95,Seal Rocks,2026-10-12T12:00:00Z,2026-10-12T23:00,14.9,338,29.9,0.1,0.72,6.0,52,0.98,0.34,0.4,117,0.49,20.6,,unavailable (no satellite pass / dataset error),
67.8,Good,Great,2026-10-08T12:41:38Z,96,Seal Rocks,2026-10-12T13:00:00Z,2026-10-13T00:00,17.1,340,29.9,0.0,0.72,5.7,50,0.96,0.28,0.4,117,0.26,20.6,,unavailable (no satellite pass / dataset error),
66.1,Good,Great,2026-10-08T12:41:38Z,97,Seal Rocks,2026-10-12T14:00:00Z,2026-10-13T01:00,19.3,339,31.7,0.0,0.72,5.05,47,0.94,0.2,0.4,90,0.0,20.6,,unavailable (no satellite pass / dataset error),
67.3,Good,Great,2026-10-08T12:41:38Z,98,Seal Rocks,2026-10-12T15:00:00Z,2026-10-13T02:00,18.1,337,33.1,0.0,0.72,4.6,45,0.92,0.14,0.4,63,-0.23,20.6,,unavailable (no satellite pass / dataset error),
74.5,Good,Great,2026-10-08T12:41:38Z,99,Seal Rocks,2026-10-12T16:00:00Z,2026-10-13T03:00,9.6,322,33.5,0.2,0.72,4.6,46,0.94,0.1,0.4,63,-0.34,20.5,,unavailable (no satellite pass / dataset error),
77.0,Good,Great,2026-10-08T12:41:38Z,100,Seal Rocks,2026-10-12T17:00:00Z,2026-10-13T04:00,6.5,219,33.8,0.2,0.72,4.75,48,0.94,0.04,0.4,63,-0.32,20.5,,unavailable (no satellite pass / dataset error),
70.9,Good,Great,2026-10-08T12:41:38Z,101,Seal Rocks,2026-10-12T18:00:00Z,2026-10-13T05:00,12.8,190,33.1,0.2,0.72,4.9,49,0.96,0.0,0.4,27,-0.15,20.5,,unavailable (no satellite pass / dataset error),
71.4,Good,Great,2026-10-08T12:41:38Z,102,Seal Rocks,2026-10-12T19:00:00Z,2026-10-13T06:00,9.9,183,31.0,1.8,0.74,4.95,49,0.94,0.02,0.4,27,0.11,20.5,,unavailable (no satellite pass / dataset error),
76.4,Good,Great,2026-10-08T12:41:38Z,103,Seal Rocks,2026-10-12T20:00:00Z,2026-10-13T07:00,2.4,153,28.1,1.8,0.74,4.95,49,0.94,0.06,0.2,0,0.42,20.6,,unavailable (no satellite pass / dataset error),
73.0,Good,Great,2026-10-08T12:41:38Z,104,Seal Rocks,2026-10-12T21:00:00Z,2026-10-13T08:00,4.4,35,26.3,1.8,0.76,5.0,49,0.92,0.08,0.0,90,0.7,20.6,,unavailable (no satellite pass / dataset error),
70.9,Good,Great,2026-10-08T12:41:38Z,105,Seal Rocks,2026-10-12T22:00:00Z,2026-10-13T09:00,6.0,37,26.6,0.4,0.76,5.05,50,0.94,0.16,0.0,90,0.91,20.7,,unavailable (no satellite pass / dataset error),
69.6,Good,Great,2026-10-08T12:41:38Z,106,Seal Rocks,2026-10-12T23:00:00Z,2026-10-13T10:00,6.1,47,28.4,0.4,0.78,5.15,50,0.96,0.26,0.2,180,0.97,20.7,,unavailable (no satellite pass / dataset error),
69.3,Good,Great,2026-10-08T12:41:38Z,107,Seal Rocks,2026-10-13T00:00:00Z,2026-10-13T11:00,5.7,58,29.9,0.4,0.78,5.15,51,0.98,0.34,0.2,90,0.87,20.8,,unavailable (no satellite pass / dataset error),
65.5,Good,Great,2026-10-08T12:41:38Z,108,Seal Rocks,2026-10-13T01:00:00Z,2026-10-13T12:00,4.8,65,30.2,3.8,0.78,5.05,50,0.96,0.24,0.2,90,0.64,20.8,,unavailable (no satellite pass / dataset error),
62.8,Good,Great,2026-10-08T12:41:38Z,109,Seal Rocks,2026-10-13T02:00:00Z,2026-10-13T13:00,3.1,87,30.6,3.8,0.8,4.9,50,0.96,0.12,0.0,90,0.34,20.9,,unavailable (no satellite pass / dataset error),
62.3,Good,Great,2026-10-08T12:41:38Z,110,Seal Rocks,2026-10-13T03:00:00Z,2026-10-13T14:00,3.2,137,32.4,3.8,0.8,4.8,49,0.94,0.02,0.2,0,0.04,21.0,,unavailable (no satellite pass / dataset error),
58.6,Fair,Great,2026-10-08T12:41:38Z,111,Seal Rocks,2026-10-13T04:00:00Z,2026-10-13T15:00,7.1,161,37.1,4.6,0.78,4.9,50,0.94,0.02,0.3,315,-0.19,21.0,,unavailable (no satellite pass / dataset error),
54.0,Fair,Great,2026-10-08T12:41:38Z,112,Seal Rocks,2026-10-13T05:00:00Z,2026-10-13T16:00,12.4,167,42.5,4.6,0.78,5.1,50,0.92,0.04,0.3,315,-0.3,21.1,,unavailable (no satellite pass / dataset error),
50.5,Fair,Great,2026-10-08T12:41:38Z,113,Seal Rocks,2026-10-13T06:00:00Z,2026-10-13T17:00,16.3,172,46.1,4.6,0.76,5.25,51,0.92,0.04,0.3,315,-0.28,21.1,,unavailable (no satellite pass / dataset error),
48.1,Fair,Great,2026-10-08T12:41:38Z,114,Seal Rocks,2026-10-13T07:00:00Z,2026-10-13T18:00,18.6,182,45.0,2.1,0.74,5.35,51,0.94,0.14,0.4,297,-0.14,21.1,,unavailable (no satellite pass / dataset error),
46.3,Fair,Great,2026-10-08T12:41:38Z,115,Seal Rocks,2026-10-13T08:00:00Z,2026-10-13T19:00,20.3,193,41.4,2.1,0.74,5.4,50,0.96,0.22,0.4,270,0.07,21.0,,unavailable (no satellite pass / dataset error),
45.6,Fair,Great,2026-10-08T12:41:38Z,116,Seal Rocks,2026-10-13T09:00:00Z,2026-10-13T20:00,20.9,199,38.9,2.1,0.72,5.45,50,0.98,0.32,0.4,270,0.28,21.0,,unavailable (no satellite pass / dataset error),
46.7,Fair,Great,2026-10-08T12:41:38Z,117,Seal Rocks,2026-10-13T10:00:00Z,2026-10-13T21:00,19.0,199,38.5,0.3,0.72,5.45,50,1.04,0.36,0.4,243,0.46,20.9,,unavailable (no satellite pass / dataset error),
49.6,Fair,Great,2026-10-08T12:41:38Z,118,Seal Rocks,2026-10-13T11:00:00Z,2026-10-13T22:00,15.6,194,38.9,0.3,0.72,5.4,51,1.08,0.4,0.3,225,0.54,20.9,,unavailable (no satellite pass / dataset error),
51.7,Fair,Great,2026-10-08T12:41:38Z,119,Seal Rocks,2026-10-13T12:00:00Z,2026-10-13T23:00,13.3,190,38.5,0.3,0.72,5.5,51,1.14,0.44,0.0,90,0.49,20.8,,unavailable (no satellite pass / dataset error),
80.2,Excellent,Doable,2026-10-08T12:41:38Z,0,Forster,2026-10-08T13:00:00Z,2026-10-09T00:00,9.0,290,20.2,0.0,1.14,7.05,156,1.16,0.0,0.0,90,-0.36,20.1,,unavailable (no satellite pass / dataset error),
80.7,Excellent,Doable,2026-10-08T12:41:38Z,1,Forster,2026-10-08T14:00:00Z,2026-10-09T01:00,8.2,279,15.5,0.0,1.14,7.2,154,1.14,0.0,0.2,0,-0.48,20.1,,unavailable (no satellite pass / dataset error),
81.1,Excellent,Doable,2026-10-08T12:41:38Z,2,Forster,2026-10-08T15:00:00Z,2026-10-09T02:00,7.7,282,13.3,0.0,1.14,7.35,153,1.14,0.0,0.2,0,-0.44,20.1,,unavailable (no satellite pass / dataset error),
82.2,Excellent,Doable,2026-10-08T12:41:38Z,3,Forster,2026-10-08T16:00:00Z,2026-10-09T03:00,6.0,277,12.6,0.0,1.14,7.4,152,1.14,0.0,0.4,0,-0.23,20.1,,unavailable (no satellite pass / dataset error),
83.3,Excellent,Doable,2026-10-08T12:41:38Z,4,Forster,2026-10-08T17:00:00Z,2026-10-09T04:00,4.5,275,9.7,0.0,1.16,7.45,152,1.16,0.0,0.4,0,0.08,20.1,,unavailable (no satellite pass / dataset error),
83.6,Excellent,Doable,2026-10-08T12:41:38Z,5,Forster,2026-10-08T18:00:00Z,2026-10-09T05:00,4.2,275,7.6,0.0,1.16,7.5,151,1.16,0.0,0.4,0,0.42,20.1,,unavailable (no satellite pass / dataset error),
82.2,Excellent,Doable,2026-10-08T12:41:38Z,6,Forster,2026-10-08T19:00:00Z,2026-10-09T06:00,5.8,292,9.4,0.0,1.16,7.55,151,1.16,0.0,0.4,0,0.71,20.2,,unavailable (no satellite pass / dataset error),
82.9,Excellent,Doable,2026-10-08T12:41:38Z,7,Forster,2026-10-08T20:00:00Z,2026-10-09T07:00,5.0,289,11.5,0.0,1.16,7.65,151,1.16,0.0,0.4,0,0.86,20.2,,unavailable (no satellite pass / dataset error),
84.8,Excellent,Doable,2026-10-08T12:41:38Z,8,Forster,2026-10-08T21:00:00Z,2026-10-09T08:00,3.4,273,11.5,0.0,1.16,7.7,151,1.16,0.0,0.2,0,0.85,20.3,,unavailable (no satellite pass / dataset error),
86.6,Excellent,Doable,2026-10-08T12:41:38Z,9,Forster,2026-10-08T22:00:00Z,2026-10-09T09:00,1.4,310,11.9,0.0,1.16,7.7,151,1.16,0.0,0.2,0,0.69,20.3,,unavailable (no satellite pass / dataset error),
86.7,Excellent,Doable,2026-10-08T12:41:38Z,10,Forster,2026-10-08T23:00:00Z,2026-10-09T10:00,1.5,60,12.6,0.0,1.14,7.7,150,1.14,0.0,0.2,0,0.41,20.4,,unavailable (no satellite pass / dataset error),
83.4,Excellent,Doable,2026-10-08T12:41:38Z,11,Forster,2026-10-09T00:00:00Z,2026-10-09T11:00,5.2,115,18.0,0.0,1.14,7.7,150,1.14,0.0,0.2,0,0.1,20.4,,unavailable (no satellite pass / dataset error),
79.2,Good,Doable,2026-10-08T12:41:38Z,12,Forster,2026-10-09T01:00:00Z,2026-10-09T12:00,9.7,106,27.0,0.0,1.12,7.7,150,1.14,0.06,0.3,315,-0.17,20.5,,unavailable (no satellite pass / dataset error),
77.2,Good,Doable,2026-10-08T12:41:38Z,13,Forster,2026-10-09T02:00:00Z,2026-10-09T13:00,11.9,96,32.0,0.0,1.12,7.7,151,1.12,0.12,0.4,297,-0.32,20.5,,unavailable (no satellite pass / dataset error),
76.4,Good,Doable,2026-10-08T12:41:38Z,14,Forster,2026-10-09T03:00:00Z,2026-10-09T14:00,12.8,90,33.8,0.0,1.1,7.7,151,1.12,0.18,0.4,297,-0.31,20.6,,unavailable (no satellite pass / dataset error),
75.8,Good,Doable,2026-10-08T12:41:38Z,15,Forster,2026-10-09T04:00:00Z,2026-10-09T15:00,13.3,81,34.2,0.0,1.08,7.7,151,1.12,0.22,0.5,270,-0.14,20.6,,unavailable (no satellite pass / dataset error),
73.2,Good,Doable,2026-10-08T12:41:38Z,16,Forster,2026-10-09T05:00:00Z,2026-10-09T16:00,15.9,68,38.2,0.0,1.08,7.65,151,1.12,0.28,0.6,252,0.14,20.7,,unavailable (no satellite pass / dataset error),
72.9,Good,Doable,2026-10-08T12:41:38Z,17,Forster,2026-10-09T06:00:00Z,2026-10-09T17:00,16.2,63,38.9,0.0,1.06,7.65,151,1.12,0.32,0.6,236,0.47,20.7,,unavailable (no satellite pass / dataset error),
72.9,Good,Doable,2026-10-08T12:41:38Z,18,Forster,2026-10-09T07:00:00Z,2026-10-09T18:00,15.7,56,37.1,0.0,1.04,7.65,151,1.12,0.32,0.8,225,0.76,20.7,,unavailable (no satellite pass / dataset error),
74.7,Good,Doable,2026-10-08T12:41:38Z,19,Forster,2026-10-09T08:00:00Z,2026-10-09T19:00,13.9,42,33.5,0.0,1.0,7.65,151,1.1,0.32,0.8,207,0.94,20.6,,unavailable (no satellite pass / dataset error),
73.9,Good,Doable,2026-10-08T12:41:38Z,20,Forster,2026-10-09T09:00:00Z,2026-10-09T20:00,14.3,36,27.0,0.0,0.98,7.65,151,1.1,0.32,1.0,202,0.95,20.6,,unavailable (no satellite pass / dataset error),
73.3,Good,Doable,2026-10-08T12:41:38Z,21,Forster,2026-10-09T10:00:00Z,2026-10-09T21:00,15.4,35,29.5,0.0,0.96,7.7,151,1.08,0.32,0.9,191,0.78,20.5,,unavailable (no satellite pass / dataset error),
75.0,Good,Doable,2026-10-08T12:41:38Z,22,Forster,2026-10-09T11:00:00Z,2026-10-09T22:00,14.0,30,29.5,0.0,0.94,7.75,150,1.04,0.3,0.9,191,0.49,20.5,,unavailable (no satellite pass / dataset error),
76.7,Good,Doable,2026-10-08T12:41:38Z,23,Forster,2026-10-09T12:00:00Z,2026-10-09T23:00,11.8,23,26.3,0.0,0.92,7.8,150,1.02,0.3,1.1,180,0.14,20.4,,unavailable (no satellite pass / dataset error),
81.2,Excellent,Doable,2026-10-08T12:41:38Z,24,Forster,2026-10-09T13:00:00Z,2026-10-10T00:00,7.5,350,20.9,0.0,0.9,7.8,150,1.0,0.22,0.9,180,-0.18,20.4,,unavailable (no satellite pass / dataset error),
84.1,Excellent,Doable,2026-10-08T12:41:38Z,25,Forster,2026-10-09T14:00:00Z,2026-10-10T01:00,4.3,332,11.5,0.0,0.88,7.8,149,1.0,0.12,0.9,169,-0.41,20.4,,unavailable (no satellite pass / dataset error),
84.5,Excellent,Doable,2026-10-08T12:41:38Z,26,Forster,2026-10-09T15:00:00Z,2026-10-10T02:00,4.5,355,7.9,0.0,0.86,7.75,149,0.98,0.04,0.7,166,-0.47,20.3,,unavailable (no satellite pass / dataset error),
83.6,Excellent,Doable,2026-10-08T12:41:38Z,27,Forster,2026-10-09T16:00:00Z,2026-10-10T03:00,5.8,351,9.7,0.0,0.84,7.8,149,0.98,0.12,0.6,162,-0.34,20.3,,unavailable (no satellite pass / dataset error),
83.5,Excellent,Doable,2026-10-08T12:41:38Z,28,Forster,2026-10-09T17:00:00Z,2026-10-10T04:00,6.1,360,9.0,0.0,0.82,7.85,149,0.96,0.22,0.6,162,-0.08,20.3,,unavailable (no satellite pass / dataset error),
80.0,Excellent,Great,2026-10-08T12:41:38Z,29,Forster,2026-10-09T18:00:00Z,2026-10-10T05:00,10.3,13,15.8,0.0,0.8,7.65,149,0.96,0.3,0.5,180,0.27,20.3,,unavailable (no satellite pass / dataset error),
81.0,Excellent,Great,2026-10-08T12:41:38Z,30,Forster,2026-10-09T19:00:00Z,2026-10-10T06:00,9.2,356,18.4,0.0,0.76,7.05,119,0.96,0.22,0.5,180,0.61,20.3,,unavailable (no satellite pass / dataset error),
80.3,Excellent,Great,2026-10-08T12:41:38Z,31,Forster,2026-10-09T20:00:00Z,2026-10-10T07:00,9.3,352,15.5,0.0,0.74,6.2,88,0.98,0.14,0.7,180,0.85,20.2,,unavailable (no satellite pass / dataset error),
80.6,Excellent,Great,2026-10-08T12:41:38Z,32,Forster,2026-10-09T21:00:00Z,2026-10-10T08:00,8.9,346,16.2,0.0,0.7,5.5,58,0.98,0.06,0.7,180,0.94,20.2,,unavailable (no satellite pass / dataset error),
74.3,Good,Great,2026-10-08T12:41:38Z,33,Forster,2026-10-09T22:00:00Z,2026-10-10T09:00,15.8,319,33.5,0.1,0.7,5.15,58,0.98,0.06,0.7,180,0.87,20.2,,unavailable (no satellite pass / dataset error),
72.8,Good,Great,2026-10-08T12:41:38Z,34,Forster,2026-10-09T23:00:00Z,2026-10-10T10:00,16.8,313,34.9,0.7,0.72,4.9,57,0.96,0.08,0.7,166,0.64,20.2,,unavailable (no satellite pass / dataset error),
70.7,Good,Great,2026-10-08T12:41:38Z,35,Forster,2026-10-10T00:00:00Z,2026-10-10T11:00,18.5,311,35.6,0.4,0.72,4.8,57,0.96,0.08,0.7,166,0.32,20.2,,unavailable (no satellite pass / dataset error),
76.8,Good,Great,2026-10-08T12:41:38Z,36,Forster,2026-10-10T01:00:00Z,2026-10-10T12:00,11.7,328,36.0,0.0,0.72,4.75,53,0.96,0.12,0.7,166,-0.02,20.2,,unavailable (no satellite pass / dataset error),
79.4,Good,Great,2026-10-08T12:41:38Z,37,Forster,2026-10-10T02:00:00Z,2026-10-10T13:00,9.3,27,22.0,0.0,0.72,4.8,48,0.94,0.14,0.6,162,-0.28,20.3,,unavailable (no satellite pass / dataset error),
76.8,Good,Great,2026-10-08T12:41:38Z,38,Forster,2026-10-10T03:00:00Z,2026-10-10T14:00,12.2,31,32.4,0.0,0.72,4.9,44,0.94,0.18,0.6,162,-0.39,20.3,,unavailable (no satellite pass / dataset error),
80.1,Excellent,Great,2026-10-08T12:41:38Z,39,Forster,2026-10-10T04:00:00Z,2026-10-10T15:00,8.6,22,34.6,0.1,0.68,5.0,44,0.94,0.26,0.5,180,-0.33,20.4,,unavailable (no satellite pass / dataset error),
80.0,Excellent,Great,2026-10-08T12:41:38Z,40,Forster,2026-10-10T05:00:00Z,2026-10-10T16:00,8.5,66,22.0,0.2,0.66,5.15,43,0.94,0.34,0.5,180,-0.13,20.4,,unavailable (no satellite pass / dataset error),
82.7,Excellent,Great,2026-10-08T12:41:38Z,41,Forster,2026-10-10T06:00:00Z,2026-10-10T17:00,5.0,69,21.6,0.1,0.62,5.2,43,0.94,0.42,0.6,198,0.16,20.4,,unavailable (no satellite pass / dataset error),
84.6,Excellent,Great,2026-10-08T12:41:38Z,42,Forster,2026-10-10T07:00:00Z,2026-10-10T18:00,2.9,11,12.2,0.0,0.66,5.0,44,0.94,0.36,0.6,198,0.47,20.4,,unavailable (no satellite pass / dataset error),
81.2,Excellent,Great,2026-10-08T12:41:38Z,43,Forster,2026-10-10T08:00:00Z,2026-10-10T19:00,6.7,352,9.0,0.0,0.68,4.75,45,0.92,0.32,0.7,194,0.72,20.4,,unavailable (no satellite pass / dataset error),
75.6,Good,Great,2026-10-08T12:41:38Z,44,Forster,2026-10-10T09:00:00Z,2026-10-10T20:00,13.0,355,23.8,0.0,0.72,4.5,46,0.92,0.26,0.7,180,0.84,20.3,,unavailable (no satellite pass / dataset error),
74.8,Good,Great,2026-10-08T12:41:38Z,45,Forster,2026-10-10T10:00:00Z,2026-10-10T21:00,14.1,337,25.6,0.0,0.72,4.4,46,0.9,0.2,0.7,180,0.8,20.3,,unavailable (no satellite pass / dataset error),
75.5,Good,Great,2026-10-08T12:41:38Z,46,Forster,2026-10-10T11:00:00Z,2026-10-10T22:00,13.5,315,26.3,0.0,0.72,4.35,45,0.88,0.16,0.7,166,0.6,20.3,,unavailable (no satellite pass / dataset error),
75.9,Good,Great,2026-10-08T12:41:38Z,47,Forster,2026-10-10T12:00:00Z,2026-10-10T23:00,13.6,296,25.6,0.0,0.72,4.35,45,0.86,0.1,0.6,162,0.29,20.2,,unavailable (no satellite pass / dataset error),
76.1,Good,Great,2026-10-08T12:41:38Z,48,Forster,2026-10-10T13:00:00Z,2026-10-11T00:00,13.8,290,26.6,0.0,0.7,4.35,45,0.84,0.08,0.5,135,-0.04,20.2,,unavailable (no satellite pass / dataset error),
77.0,Good,Great,2026-10-08T12:41:38Z,49,Forster,2026-10-10T14:00:00Z,2026-10-11T01:00,13.5,293,26.3,0.0,0.68,4.4,46,0.8,0.06,0.4,117,-0.32,20.2,,unavailable (no satellite pass / dataset error),
78.5,Good,Great,2026-10-08T12:41:38Z,50,Forster,2026-10-10T15:00:00Z,2026-10-11T02:00,12.1,288,25.6,0.0,0.66,4.45,46,0.78,0.04,0.4,90,-0.46,20.2,,unavailable (no satellite pass / dataset error),
79.0,Good,Great,2026-10-08T12:41:38Z,51,Forster,2026-10-10T16:00:00Z,2026-10-11T03:00,12.0,289,22.7,0.0,0.64,4.45,46,0.76,0.02,0.3,45,-0.44,20.2,,unavailable (no satellite pass / dataset error),
82.1,Excellent,Great,2026-10-08T12:41:38Z,52,Forster,2026-10-10T17:00:00Z,2026-10-11T04:00,8.5,249,23.4,0.0,0.6,4.5,46,0.74,0.02,0.4,27,-0.25,20.2,,unavailable (no satellite pass / dataset error),
80.7,Excellent,Great,2026-10-08T12:41:38Z,53,Forster,2026-10-10T18:00:00Z,2026-10-11T05:00,9.7,228,22.0,0.0,0.58,4.55,46,0.72,0.0,0.6,18,0.05,20.2,,unavailable (no satellite pass / dataset error),
81.8,Excellent,Great,2026-10-08T12:41:38Z,54,Forster,2026-10-10T19:00:00Z,2026-10-11T06:00,9.0,248,17.3,0.0,0.54,4.7,50,0.7,0.0,0.5,0,0.39,20.2,,unavailable (no satellite pass / dataset error),
81.9,Excellent,Great,2026-10-08T12:41:38Z,55,Forster,2026-10-10T20:00:00Z,2026-10-11T07:00,9.3,248,16.6,0.0,0.52,4.85,55,0.66,0.02,0.5,0,0.7,20.3,,unavailable (no satellite pass / dataset error),
82.3,Excellent,Great,2026-10-08T12:41:38Z,56,Forster,2026-10-10T21:00:00Z,2026-10-11T08:00,8.8,237,20.5,0.0,0.48,4.95,59,0.64,0.02,0.6,342,0.89,20.3,,unavailable (no satellite pass / dataset error),
84.9,Excellent,Great,2026-10-08T12:41:38Z,57,Forster,2026-10-10T22:00:00Z,2026-10-11T09:00,6.8,243,21.6,0.0,0.46,5.0,59,0.62,0.02,0.4,333,0.92,20.4,,unavailable (no satellite pass / dataset error),
87.1,Excellent,Great,2026-10-08T12:41:38Z,58,Forster,2026-10-10T23:00:00Z,2026-10-11T10:00,5.3,218,19.4,0.0,0.46,4.95,59,0.6,0.0,0.5,315,0.78,20.5,,unavailable (no satellite pass / dataset error),
88.1,Excellent,Great,2026-10-08T12:41:38Z,59,Forster,2026-10-11T00:00:00Z,2026-10-11T11:00,5.0,161,17.6,0.0,0.44,4.95,59,0.58,0.0,0.5,315,0.5,20.6,,unavailable (no satellite pass / dataset error),
84.2,Excellent,Great,2026-10-08T12:41:38Z,60,Forster,2026-10-11T01:00:00Z,2026-10-11T12:00,9.1,128,24.8,0.0,0.44,4.95,60,0.58,0.0,0.6,304,0.16,20.7,,unavailable (no satellite pass / dataset error),
80.9,Excellent,Great,2026-10-08T12:41:38Z,61,Forster,2026-10-11T02:00:00Z,2026-10-11T13:00,13.0,123,32.8,0.0,0.42,4.9,60,0.56,0.02,0.6,304,-0.16,20.9,,unavailable (no satellite pass / dataset error),
78.9,Good,Great,2026-10-08T12:41:38Z,62,Forster,2026-10-11T03:00:00Z,2026-10-11T14:00,14.3,123,34.9,0.1,0.42,4.85,61,0.56,0.02,0.9,307,-0.38,21.0,,unavailable (no satellite pass / dataset error),
81.0,Excellent,Great,2026-10-08T12:41:38Z,63,Forster,2026-10-11T04:00:00Z,2026-10-11T15:00,12.2,117,34.9,0.1,0.4,4.7,58,0.56,0.02,0.8,297,-0.44,21.2,,unavailable (no satellite pass / dataset error),
82.2,Excellent,Great,2026-10-08T12:41:38Z,64,Forster,2026-10-11T05:00:00Z,2026-10-11T16:00,11.1,110,29.9,0.0,0.4,4.45,54,0.56,0.0,0.8,297,-0.34,21.3,,unavailable (no satellite pass / dataset error),
83.3,Excellent,Great,2026-10-08T12:41:38Z,65,Forster,2026-10-11T06:00:00Z,2026-10-11T17:00,10.3,103,27.4,0.0,0.38,4.4,51,0.56,0.0,0.7,284,-0.12,21.4,,unavailable (no satellite pass / dataset error),
85.3,Excellent,Great,2026-10-08T12:41:38Z,66,Forster,2026-10-11T07:00:00Z,2026-10-11T18:00,8.1,72,24.8,0.0,0.38,4.55,55,0.56,0.06,0.7,270,0.17,21.4,,unavailable (no satellite pass / dataset error),
84.2,Excellent,Great,2026-10-08T12:41:38Z,67,Forster,2026-10-11T08:00:00Z,2026-10-11T19:00,9.4,47,19.1,0.0,0.36,4.9,60,0.58,0.1,0.6,252,0.45,21.3,,unavailable (no satellite pass / dataset error),
82.7,Excellent,Great,2026-10-08T12:41:38Z,68,Forster,2026-10-11T09:00:00Z,2026-10-11T20:00,11.6,37,20.9,0.0,0.36,5.15,64,0.58,0.16,0.4,207,0.65,21.2,,unavailable (no satellite pass / dataset error),
82.7,Excellent,Great,2026-10-08T12:41:38Z,69,Forster,2026-10-11T10:00:00Z,2026-10-11T21:00,11.3,43,20.9,0.0,0.36,5.35,95,0.58,0.18,0.5,180,0.72,21.1,,unavailable (no satellite pass / dataset error),
83.3,Excellent,Great,2026-10-08T12:41:38Z,70,Forster,2026-10-11T11:00:00Z,2026-10-11T22:00,10.1,43,20.9,0.0,0.34,5.55,125,0.6,0.18,0.6,162,0.63,21.0,,unavailable (no satellite pass / dataset error),
85.8,Excellent,Great,2026-10-08T12:41:38Z,71,Forster,2026-10-11T12:00:00Z,2026-10-11T23:00,7.3,16,18.0,0.0,0.34,5.6,156,0.6,0.2,0.6,146,0.4,20.9,,unavailable (no satellite pass / dataset error),
86.1,Excellent,Great,2026-10-08T12:41:38Z,72,Forster,2026-10-11T13:00:00Z,2026-10-12T00:00,7.2,12,11.9,0.0,0.34,5.4,156,0.6,0.16,0.5,135,0.1,20.9,,unavailable (no satellite pass / dataset error),
87.7,Excellent,Great,2026-10-08T12:41:38Z,73,Forster,2026-10-11T14:00:00Z,2026-10-12T01:00,5.4,352,11.2,0.0,0.32,5.1,157,0.58,0.12,0.6,108,-0.19,20.8,,unavailable (no satellite pass / dataset error),
88.6,Excellent,Great,2026-10-08T12:41:38Z,74,Forster,2026-10-11T15:00:00Z,2026-10-12T02:00,4.7,344,8.6,0.0,0.32,4.85,157,0.58,0.08,0.5,90,-0.39,20.7,,unavailable (no satellite pass / dataset error),
88.7,Excellent,Amazing,2026-10-08T12:41:38Z,75,Forster,2026-10-11T16:00:00Z,2026-10-12T03:00,4.3,345,7.6,0.0,0.3,4.8,123,0.58,0.06,0.6,72,-0.45,20.7,,unavailable (no satellite pass / dataset error),
89.6,Excellent,Amazing,2026-10-08T12:41:38Z,76,Forster,2026-10-11T17:00:00Z,2026-10-12T04:00,4.1,345,6.8,0.0,0.28,4.85,90,0.56,0.04,0.4,63,-0.34,20.6,,unavailable (no satellite pass / dataset error),
88.3,Excellent,Amazing,2026-10-08T12:41:38Z,77,Forster,2026-10-11T18:00:00Z,2026-10-12T05:00,5.2,335,7.9,0.0,0.26,4.8,56,0.56,0.02,0.5,45,-0.09,20.6,,unavailable (no satellite pass / dataset error),
87.4,Excellent,Great,2026-10-08T12:41:38Z,78,Forster,2026-10-11T19:00:00Z,2026-10-12T06:00,6.5,330,10.4,0.0,0.32,4.6,56,0.56,0.02,0.4,27,0.24,20.6,,unavailable (no satellite pass / dataset error),
86.5,Excellent,Great,2026-10-08T12:41:38Z,79,Forster,2026-10-11T20:00:00Z,2026-10-12T07:00,7.5,325,11.9,0.0,0.36,4.35,56,0.56,0.02,0.4,27,0.56,20.7,,unavailable (no satellite pass / dataset error),
88.0,Excellent,Great,2026-10-08T12:41:38Z,80,Forster,2026-10-11T21:00:00Z,2026-10-12T08:00,6.4,324,14.4,0.0,0.42,4.2,56,0.56,0.02,0.2,0,0.82,20.7,,unavailable (no satellite pass / dataset error),
89.0,Excellent,Great,2026-10-08T12:41:38Z,81,Forster,2026-10-11T22:00:00Z,2026-10-12T09:00,5.0,334,14.4,0.0,0.44,4.2,56,0.58,0.06,0.2,0,0.96,20.8,,unavailable (no satellite pass / dataset error),
87.4,Excellent,Great,2026-10-08T12:41:38Z,82,Forster,2026-10-11T23:00:00Z,2026-10-12T10:00,6.8,358,19.8,0.0,0.46,4.3,55,0.58,0.08,0.2,270,0.93,20.8,,unavailable (no satellite pass / dataset error),
86.0,Excellent,Great,2026-10-08T12:41:38Z,83,Forster,2026-10-12T00:00:00Z,2026-10-12T11:00,7.9,13,22.0,0.0,0.48,4.45,55,0.6,0.12,0.3,225,0.73,20.9,,unavailable (no satellite pass / dataset error),
82.5,Excellent,Great,2026-10-08T12:41:38Z,84,Forster,2026-10-12T01:00:00Z,2026-10-12T12:00,11.2,26,26.3,0.1,0.48,4.65,55,0.64,0.22,0.3,225,0.43,20.9,,unavailable (no satellite pass / dataset error),
78.3,Good,Great,2026-10-08T12:41:38Z,85,Forster,2026-10-12T02:00:00Z,2026-10-12T13:00,15.1,33,31.0,0.1,0.5,4.9,55,0.68,0.3,0.4,207,0.1,21.0,,unavailable (no satellite pass / dataset error),
76.9,Good,Great,2026-10-08T12:41:38Z,86,Forster,2026-10-12T03:00:00Z,2026-10-12T14:00,16.2,37,34.9,0.1,0.5,4.95,55,0.72,0.4,0.4,207,-0.18,21.0,,unavailable (no satellite pass / dataset error),
78.2,Good,Great,2026-10-08T12:41:38Z,87,Forster,2026-10-12T04:00:00Z,2026-10-12T15:00,11.6,41,37.4,2.0,0.58,4.7,53,0.76,0.28,0.4,207,-0.35,21.0,,unavailable (no satellite pass / dataset error),
82.1,Excellent,Great,2026-10-08T12:41:38Z,88,Forster,2026-10-12T05:00:00Z,2026-10-12T16:00,4.2,54,38.9,2.0,0.68,4.3,52,0.78,0.16,0.4,180,-0.36,21.1,,unavailable (no satellite pass / dataset error),
81.8,Excellent,Great,2026-10-08T12:41:38Z,89,Forster,2026-10-12T06:00:00Z,2026-10-12T17:00,1.3,196,38.9,2.0,0.76,4.0,50,0.82,0.04,0.4,180,-0.23,21.1,,unavailable (no satellite pass / dataset error),
79.8,Good,Great,2026-10-08T12:41:38Z,90,Forster,2026-10-12T07:00:00Z,2026-10-12T18:00,2.9,277,36.7,0.6,0.74,4.0,50,0.8,0.06,0.4,153,-0.01,21.1,,unavailable (no satellite pass / dataset error),
75.7,Good,Great,2026-10-08T12:41:38Z,91,Forster,2026-10-12T08:00:00Z,2026-10-12T19:00,6.7,314,32.8,0.6,0.7,4.15,51,0.78,0.1,0.5,135,0.25,21.1,,unavailable (no satellite pass / dataset error),
71.8,Good,Great,2026-10-08T12:41:38Z,92,Forster,2026-10-12T09:00:00Z,2026-10-12T20:00,10.2,323,29.2,0.6,0.68,4.25,51,0.76,0.12,0.6,124,0.47,21.0,,unavailable (no satellite pass / dataset error),
70.9,Good,Great,2026-10-08T12:41:38Z,93,Forster,2026-10-12T10:00:00Z,2026-10-12T21:00,11.2,328,25.6,0.1,0.66,4.3,52,0.74,0.08,0.6,124,0.62,21.0,,unavailable (no satellite pass / dataset error),
70.8,Good,Great,2026-10-08T12:41:38Z,94,Forster,2026-10-12T11:00:00Z,2026-10-12T22:00,11.4,335,22.3,0.1,0.66,4.35,52,0.7,0.06,0.7,104,0.63,21.0,,unavailable (no satellite pass / dataset error),
71.1,Good,Great,2026-10-08T12:41:38Z,95,Forster,2026-10-12T12:00:00Z,2026-10-12T23:00,11.1,338,20.2,0.1,0.64,4.4,53,0.68,0.02,0.7,104,0.49,20.9,,unavailable (no satellite pass / dataset error),
71.3,Good,Great,2026-10-08T12:41:38Z,96,Forster,2026-10-12T13:00:00Z,2026-10-13T00:00,10.9,336,20.5,0.2,0.64,4.45,53,0.68,0.02,0.6,108,0.25,20.9,,unavailable (no satellite pass / dataset error),
71.9,Good,Great,2026-10-08T12:41:38Z,97,Forster,2026-10-12T14:00:00Z,2026-10-13T01:00,10.4,330,22.7,0.2,0.62,4.55,53,0.66,0.04,0.5,90,-0.02,20.9,,unavailable (no satellite pass / dataset error),
72.4,Good,Great,2026-10-08T12:41:38Z,98,Forster,2026-10-12T15:00:00Z,2026-10-13T02:00,9.3,323,23.4,0.2,0.62,4.6,53,0.66,0.04,0.6,72,-0.24,20.8,,unavailable (no satellite pass / dataset error),
74.3,Good,Great,2026-10-08T12:41:38Z,99,Forster,2026-10-12T16:00:00Z,2026-10-13T03:00,6.9,309,22.0,0.2,0.62,4.65,53,0.66,0.02,0.6,56,-0.36,20.8,,unavailable (no satellite pass / dataset error),
76.1,Good,Great,2026-10-08T12:41:38Z,100,Forster,2026-10-12T17:00:00Z,2026-10-13T04:00,4.9,276,19.8,0.2,0.62,4.65,52,0.66,0.02,0.5,45,-0.33,20.8,,unavailable (no satellite pass / dataset error),
76.5,Good,Great,2026-10-08T12:41:38Z,101,Forster,2026-10-12T18:00:00Z,2026-10-13T05:00,3.9,246,18.0,0.2,0.62,4.7,52,0.66,0.0,0.6,18,-0.16,20.8,,unavailable (no satellite pass / dataset error),
76.7,Good,Great,2026-10-08T12:41:38Z,102,Forster,2026-10-12T19:00:00Z,2026-10-13T06:00,1.0,225,17.6,1.9,0.62,4.7,52,0.66,0.02,0.6,18,0.11,20.8,,unavailable (no satellite pass / dataset error),
72.3,Good,Great,2026-10-08T12:41:38Z,103,Forster,2026-10-12T20:00:00Z,2026-10-13T07:00,3.3,61,18.4,1.9,0.64,4.7,52,0.68,0.02,0.5,0,0.42,20.8,,unavailable (no satellite pass / dataset error),
67.6,Good,Great,2026-10-08T12:41:38Z,104,Forster,2026-10-12T21:00:00Z,2026-10-13T08:00,6.2,57,19.1,1.9,0.64,4.75,52,0.68,0.04,0.4,333,0.71,20.8,,unavailable (no satellite pass / dataset error),
67.0,Good,Great,2026-10-08T12:41:38Z,105,Forster,2026-10-12T22:00:00Z,2026-10-13T09:00,6.3,55,20.5,0.6,0.64,4.85,52,0.68,0.1,0.3,315,0.92,20.8,,unavailable (no satellite pass / dataset error),
67.3,Good,Great,2026-10-08T12:41:38Z,106,Forster,2026-10-12T23:00:00Z,2026-10-13T10:00,4.9,54,22.0,0.6,0.62,4.95,52,0.7,0.16,0.3,315,0.98,20.8,,unavailable (no satellite pass / dataset error),
67.7,Good,Great,2026-10-08T12:41:38Z,107,Forster,2026-10-13T00:00:00Z,2026-10-13T11:00,3.6,53,23.8,0.6,0.62,5.0,52,0.7,0.22,0.3,315,0.88,20.9,,unavailable (no satellite pass / dataset error),
64.5,Good,Great,2026-10-08T12:41:38Z,108,Forster,2026-10-13T01:00:00Z,2026-10-13T12:00,3.1,66,25.2,3.2,0.62,4.9,52,0.7,0.14,0.3,315,0.64,20.9,,unavailable (no satellite pass / dataset error),
65.0,Good,Great,2026-10-08T12:41:38Z,109,Forster,2026-10-13T02:00:00Z,2026-10-13T13:00,3.1,90,27.0,3.2,0.64,4.75,51,0.68,0.08,0.2,270,0.33,21.0,,unavailable (no satellite pass / dataset error),
64.9,Good,Great,2026-10-08T12:41:38Z,110,Forster,2026-10-13T03:00:00Z,2026-10-13T14:00,3.2,109,28.8,3.2,0.64,4.7,51,0.68,0.0,0.2,270,0.03,21.1,,unavailable (no satellite pass / dataset error),
64.4,Good,Great,2026-10-08T12:41:38Z,111,Forster,2026-10-13T04:00:00Z,2026-10-13T15:00,3.7,119,31.7,1.6,0.62,4.8,51,0.68,0.0,0.2,270,-0.2,21.2,,unavailable (no satellite pass / dataset error),
64.4,Good,Great,2026-10-08T12:41:38Z,112,Forster,2026-10-13T05:00:00Z,2026-10-13T16:00,4.0,129,34.6,1.6,0.62,4.95,51,0.66,0.0,0.2,270,-0.3,21.2,,unavailable (no satellite pass / dataset error),
64.0,Good,Great,2026-10-08T12:41:38Z,113,Forster,2026-10-13T06:00:00Z,2026-10-13T17:00,4.1,151,36.4,1.6,0.6,5.05,51,0.66,0.0,0.3,315,-0.27,21.3,,unavailable (no satellite pass / dataset error),
62.9,Good,Great,2026-10-08T12:41:38Z,114,Forster,2026-10-13T07:00:00Z,2026-10-13T18:00,5.6,197,35.6,4.6,0.6,5.1,51,0.66,0.02,0.2,270,-0.13,21.3,,unavailable (no satellite pass / dataset error),
59.8,Fair,Great,2026-10-08T12:41:38Z,115,Forster,2026-10-13T08:00:00Z,2026-10-13T19:00,9.6,220,33.5,4.6,0.6,5.15,50,0.66,0.02,0.0,90,0.08,21.2,,unavailable (no satellite pass / dataset error),
57.1,Fair,Great,2026-10-08T12:41:38Z,116,Forster,2026-10-13T09:00:00Z,2026-10-13T20:00,12.6,227,31.0,4.6,0.6,5.15,50,0.66,0.04,0.0,90,0.3,21.2,,unavailable (no satellite pass / dataset error),
56.6,Fair,Great,2026-10-08T12:41:38Z,117,Forster,2026-10-13T10:00:00Z,2026-10-13T21:00,12.4,227,28.8,0.2,0.6,5.2,50,0.66,0.08,0.3,135,0.47,21.1,,unavailable (no satellite pass / dataset error),
58.0,Fair,Great,2026-10-08T12:41:38Z,118,Forster,2026-10-13T11:00:00Z,2026-10-13T22:00,10.4,222,26.3,0.2,0.58,5.2,49,0.68,0.1,0.4,117,0.55,21.0,,unavailable (no satellite pass / dataset error),
59.1,Fair,Great,2026-10-08T12:41:38Z,119,Forster,2026-10-13T12:00:00Z,2026-10-13T23:00,9.1,218,24.5,0.2,0.58,5.25,49,0.68,0.14,0.4,117,0.5,20.9,,unavailable (no satellite pass / dataset error),
74.1,Good,Getting rough,2026-10-08T12:41:38Z,0,South West Rocks,2026-10-08T13:00:00Z,2026-10-09T00:00,7.9,287,13.3,0.0,1.66,7.65,166,1.7,0.0,0.8,207,-0.37,21.0,,unavailable (no satellite pass / dataset error),
75.6,Good,Getting rough,2026-10-08T12:41:38Z,1,South West Rocks,2026-10-08T14:00:00Z,2026-10-09T01:00,6.4,297,13.3,0.0,1.66,7.7,166,1.7,0.02,0.7,194,-0.49,20.9,,unavailable (no satellite pass / dataset error),
77.8,Good,Getting rough,2026-10-08T12:41:38Z,2,South West Rocks,2026-10-08T15:00:00Z,2026-10-09T02:00,4.0,297,10.8,0.0,1.66,7.75,165,1.7,0.02,0.7,180,-0.44,20.9,,unavailable (no satellite pass / dataset error),
78.2,Good,Getting rough,2026-10-08T12:41:38Z,3,South West Rocks,2026-10-08T16:00:00Z,2026-10-09T03:00,3.8,295,7.6,0.0,1.68,7.85,164,1.7,0.02,0.6,162,-0.23,20.9,,unavailable (no satellite pass / dataset error),
78.3,Good,Getting rough,2026-10-08T12:41:38Z,4,South West Rocks,2026-10-08T17:00:00Z,2026-10-09T04:00,3.5,282,7.6,0.0,1.68,7.9,164,1.72,0.04,0.6,162,0.1,20.9,,unavailable (no satellite pass / dataset error),
77.4,Good,Getting rough,2026-10-08T12:41:38Z,5,South West Rocks,2026-10-08T18:00:00Z,2026-10-09T05:00,4.5,277,6.8,0.0,1.7,8.0,163,1.72,0.04,0.6,162,0.44,20.9,,unavailable (no satellite pass / dataset error),
76.0,Good,Getting rough,2026-10-08T12:41:38Z,6,South West Rocks,2026-10-08T19:00:00Z,2026-10-09T06:00,5.8,272,9.4,0.0,1.72,8.1,162,1.74,0.02,0.6,162,0.72,20.9,,unavailable (no satellite pass / dataset error),
75.4,Good,Getting rough,2026-10-08T12:41:38Z,7,South West Rocks,2026-10-08T20:00:00Z,2026-10-09T07:00,6.3,255,11.2,0.0,1.74,8.2,162,1.78,0.02,0.5,180,0.87,21.0,,unavailable (no satellite pass / dataset error),
78.1,Good,Getting rough,2026-10-08T12:41:38Z,8,South West Rocks,2026-10-08T21:00:00Z,2026-10-09T08:00,2.5,266,12.2,0.0,1.76,8.3,161,1.8,0.0,0.7,180,0.85,21.0,,unavailable (no satellite pass / dataset error),
77.5,Good,Getting rough,2026-10-08T12:41:38Z,9,South West Rocks,2026-10-08T22:00:00Z,2026-10-09T09:00,3.0,303,13.0,0.0,1.78,8.4,161,1.82,0.0,0.7,194,0.68,21.1,,unavailable (no satellite pass / dataset error),
77.6,Good,Getting rough,2026-10-08T12:41:38Z,10,South West Rocks,2026-10-08T23:00:00Z,2026-10-09T10:00,2.1,15,13.7,0.0,1.8,8.45,160,1.82,0.0,1.0,202,0.4,21.1,,unavailable (no satellite pass / dataset error),
74.4,Good,Getting rough,2026-10-08T12:41:38Z,11,South West Rocks,2026-10-09T00:00:00Z,2026-10-09T11:00,5.4,56,18.4,0.0,1.82,8.5,160,1.84,0.0,1.0,202,0.09,21.2,,unavailable (no satellite pass / dataset error),
68.7,Good,Getting rough,2026-10-08T12:41:38Z,12,South West Rocks,2026-10-09T01:00:00Z,2026-10-09T12:00,11.8,51,30.2,0.0,1.8,8.4,160,1.84,0.06,1.0,202,-0.18,21.2,,unavailable (no satellite pass / dataset error),
67.3,Good,Getting rough,2026-10-08T12:41:38Z,13,South West Rocks,2026-10-09T02:00:00Z,2026-10-09T13:00,13.2,68,33.1,0.0,1.8,8.3,161,1.86,0.12,1.0,202,-0.32,21.3,,unavailable (no satellite pass / dataset error),
65.0,Good,Getting rough,2026-10-08T12:41:38Z,14,South West Rocks,2026-10-09T03:00:00Z,2026-10-09T14:00,16.5,53,40.0,0.0,1.78,8.2,161,1.86,0.18,0.7,194,-0.29,21.3,,unavailable (no satellite pass / dataset error),
64.7,Good,Getting rough,2026-10-08T12:41:38Z,15,South West Rocks,2026-10-09T04:00:00Z,2026-10-09T15:00,16.9,45,41.8,0.0,1.76,8.2,161,1.86,0.26,0.7,180,-0.11,21.4,,unavailable (no satellite pass / dataset error),
65.0,Good,Getting rough,2026-10-08T12:41:38Z,16,South West Rocks,2026-10-09T05:00:00Z,2026-10-09T16:00,16.8,52,40.3,0.0,1.76,8.3,160,1.84,0.32,0.7,180,0.2,21.4,,unavailable (no satellite pass / dataset error),
66.2,Good,Getting rough,2026-10-08T12:41:38Z,17,South West Rocks,2026-10-09T06:00:00Z,2026-10-09T17:00,15.4,49,40.0,0.0,1.74,8.35,160,1.84,0.4,0.7,166,0.54,21.4,,unavailable (no satellite pass / dataset error),
68.4,Good,Getting rough,2026-10-08T12:41:38Z,18,South West Rocks,2026-10-09T07:00:00Z,2026-10-09T18:00,13.0,46,35.6,0.0,1.72,8.4,160,1.84,0.48,0.7,166,0.85,21.4,,unavailable (no satellite pass / dataset error),
64.1,Good,Getting rough,2026-10-08T12:41:38Z,19,South West Rocks,2026-10-09T08:00:00Z,2026-10-09T19:00,17.0,36,34.2,0.0,1.7,8.4,161,1.86,0.58,0.9,180,1.03,21.4,,unavailable (no satellite pass / dataset error),
63.5,Good,Getting rough,2026-10-08T12:41:38Z,20,South West Rocks,2026-10-09T09:00:00Z,2026-10-09T20:00,17.7,22,34.9,0.0,1.68,8.4,161,1.86,0.66,0.9,180,1.04,21.3,,unavailable (no satellite pass / dataset error),
65.4,Good,Getting rough,2026-10-08T12:41:38Z,21,South West Rocks,2026-10-09T10:00:00Z,2026-10-09T21:00,15.3,18,35.3,0.0,1.64,8.35,161,1.84,0.62,1.1,189,0.86,21.3,,unavailable (no satellite pass / dataset error),
72.3,Good,Getting rough,2026-10-08T12:41:38Z,22,South West Rocks,2026-10-09T11:00:00Z,2026-10-09T22:00,7.5,349,29.5,0.0,1.6,8.35,161,1.84,0.58,1.1,189,0.55,21.2,,unavailable (no satellite pass / dataset error),
75.9,Good,Getting rough,2026-10-08T12:41:38Z,23,South West Rocks,2026-10-09T12:00:00Z,2026-10-09T23:00,3.2,304,14.0,0.0,1.56,8.3,161,1.82,0.54,1.3,188,0.19,21.2,,unavailable (no satellite pass / dataset error),
77.5,Good,Getting rough,2026-10-08T12:41:38Z,24,South West Rocks,2026-10-09T13:00:00Z,2026-10-10T00:00,1.9,304,7.2,0.0,1.52,8.35,161,1.82,0.6,1.1,189,-0.14,21.1,,unavailable (no satellite pass / dataset error),
76.0,Good,Bit dodgy,2026-10-08T12:41:38Z,25,South West Rocks,2026-10-09T14:00:00Z,2026-10-10T01:00,3.6,307,8.3,0.0,1.46,8.35,161,1.82,0.66,1.1,180,-0.36,21.1,,unavailable (no satellite pass / dataset error),
74.5,Good,Bit dodgy,2026-10-08T12:41:38Z,26,South West Rocks,2026-10-09T15:00:00Z,2026-10-10T02:00,5.3,336,10.8,0.0,1.42,8.3,161,1.82,0.72,1.1,171,-0.42,21.1,,unavailable (no satellite pass / dataset error),
74.3,Good,Bit dodgy,2026-10-08T12:41:38Z,27,South West Rocks,2026-10-09T16:00:00Z,2026-10-10T03:00,6.0,333,13.0,0.0,1.38,8.0,161,1.82,0.78,0.9,169,-0.29,21.0,,unavailable (no satellite pass / dataset error),
72.0,Good,Bit dodgy,2026-10-08T12:41:38Z,28,South West Rocks,2026-10-09T17:00:00Z,2026-10-10T04:00,8.3,358,16.6,0.0,1.32,7.65,161,1.82,0.86,1.0,158,-0.01,21.0,,unavailable (no satellite pass / dataset error),
69.7,Good,Bit dodgy,2026-10-08T12:41:38Z,29,South West Rocks,2026-10-09T18:00:00Z,2026-10-10T05:00,10.9,352,21.6,0.0,1.28,7.35,161,1.82,0.92,1.0,158,0.35,21.0,,unavailable (no satellite pass / dataset error),
68.5,Good,Bit dodgy,2026-10-08T12:41:38Z,30,South West Rocks,2026-10-09T19:00:00Z,2026-10-10T06:00,12.2,352,23.4,0.0,1.26,7.3,161,1.8,0.84,1.1,162,0.69,21.0,,unavailable (no satellite pass / dataset error),
70.4,Good,Bit dodgy,2026-10-08T12:41:38Z,31,South West Rocks,2026-10-09T20:00:00Z,2026-10-10T07:00,10.6,330,23.8,0.0,1.22,7.3,162,1.76,0.74,1.1,171,0.94,21.0,,unavailable (no satellite pass / dataset error),
74.0,Good,Doable,2026-10-08T12:41:38Z,32,South West Rocks,2026-10-09T21:00:00Z,2026-10-10T08:00,6.2,322,20.9,0.0,1.2,7.35,162,1.74,0.66,1.3,180,1.02,21.0,,unavailable (no satellite pass / dataset error),
72.1,Good,Doable,2026-10-08T12:41:38Z,33,South West Rocks,2026-10-09T22:00:00Z,2026-10-10T09:00,8.0,355,34.6,0.2,1.18,7.4,162,1.7,0.66,1.5,187,0.93,21.0,,unavailable (no satellite pass / dataset error),
71.3,Good,Doable,2026-10-08T12:41:38Z,34,South West Rocks,2026-10-09T23:00:00Z,2026-10-10T10:00,8.9,32,21.6,0.0,1.14,7.45,161,1.68,0.64,1.6,186,0.7,21.0,,unavailable (no satellite pass / dataset error),
71.4,Good,Doable,2026-10-08T12:41:38Z,35,South West Rocks,2026-10-10T00:00:00Z,2026-10-10T11:00,8.9,13,24.8,0.0,1.12,7.45,161,1.64,0.64,1.7,193,0.36,21.0,,unavailable (no satellite pass / dataset error),
76.0,Good,Doable,2026-10-08T12:41:38Z,36,South West Rocks,2026-10-10T01:00:00Z,2026-10-10T12:00,4.4,7,23.4,0.0,1.1,7.3,161,1.58,0.54,1.7,193,0.02,21.1,,unavailable (no satellite pass / dataset error),
77.9,Good,Doable,2026-10-08T12:41:38Z,37,South West Rocks,2026-10-10T02:00:00Z,2026-10-10T13:00,2.3,58,15.1,0.5,1.06,7.15,161,1.52,0.46,1.7,193,-0.25,21.1,,unavailable (no satellite pass / dataset error),
74.6,Good,Doable,2026-10-08T12:41:38Z,38,South West Rocks,2026-10-10T03:00:00Z,2026-10-10T14:00,4.5,95,11.2,1.7,1.04,7.05,161,1.46,0.36,1.6,186,-0.37,21.1,,unavailable (no satellite pass / dataset error),
68.0,Good,Doable,2026-10-08T12:41:38Z,39,South West Rocks,2026-10-10T04:00:00Z,2026-10-10T15:00,11.3,51,19.8,0.6,0.96,7.2,160,1.44,0.52,1.6,180,-0.3,21.2,,unavailable (no satellite pass / dataset error),
63.6,Good,Doable,2026-10-08T12:41:38Z,40,South West Rocks,2026-10-10T05:00:00Z,2026-10-10T16:00,16.7,18,31.0,0.0,0.88,7.45,160,1.4,0.66,1.6,174,-0.08,21.2,,unavailable (no satellite pass / dataset error),
62.7,Good,Great,2026-10-08T12:41:38Z,41,South West Rocks,2026-10-10T06:00:00Z,2026-10-10T17:00,17.4,16,37.8,0.0,0.8,7.5,159,1.38,0.82,1.8,174,0.22,21.2,,unavailable (no satellite pass / dataset error),
63.2,Good,Great,2026-10-08T12:41:38Z,42,South West Rocks,2026-10-10T07:00:00Z,2026-10-10T18:00,16.8,18,36.4,0.0,0.78,7.3,158,1.38,0.82,1.8,174,0.54,21.1,,unavailable (no satellite pass / dataset error),
62.9,Good,Great,2026-10-08T12:41:38Z,43,South West Rocks,2026-10-10T08:00:00Z,2026-10-10T19:00,16.6,13,34.6,0.0,0.78,6.9,157,1.38,0.8,2.0,175,0.78,21.1,,unavailable (no satellite pass / dataset error),
63.9,Good,Great,2026-10-08T12:41:38Z,44,South West Rocks,2026-10-10T09:00:00Z,2026-10-10T20:00,15.0,6,32.4,0.0,0.76,6.4,156,1.38,0.8,2.2,180,0.89,21.0,,unavailable (no satellite pass / dataset error),
68.2,Good,Doable,2026-10-08T12:41:38Z,45,South West Rocks,2026-10-10T10:00:00Z,2026-10-10T21:00,10.6,356,28.4,0.0,0.82,5.65,116,1.34,0.58,2.2,180,0.83,20.9,,unavailable (no satellite pass / dataset error),
71.2,Good,Doable,2026-10-08T12:41:38Z,46,South West Rocks,2026-10-10T11:00:00Z,2026-10-10T22:00,7.7,348,19.8,0.0,0.9,4.75,76,1.28,0.38,2.3,184,0.6,20.8,,unavailable (no satellite pass / dataset error),
71.9,Good,Doable,2026-10-08T12:41:38Z,47,South West Rocks,2026-10-10T12:00:00Z,2026-10-10T23:00,7.4,347,14.0,0.0,0.96,4.15,36,1.24,0.16,2.3,184,0.28,20.8,,unavailable (no satellite pass / dataset error),
71.0,Good,Doable,2026-10-08T12:41:38Z,48,South West Rocks,2026-10-10T13:00:00Z,2026-10-11T00:00,9.0,350,16.9,0.0,0.9,4.0,37,1.18,0.14,2.3,184,-0.07,20.7,,unavailable (no satellite pass / dataset error),
72.7,Good,Doable,2026-10-08T12:41:38Z,49,South West Rocks,2026-10-10T14:00:00Z,2026-10-11T01:00,8.0,332,16.6,0.0,0.84,4.1,37,1.1,0.1,2.3,184,-0.35,20.7,,unavailable (no satellite pass / dataset error),
74.1,Good,Great,2026-10-08T12:41:38Z,50,South West Rocks,2026-10-10T15:00:00Z,2026-10-11T02:00,7.4,319,14.8,0.0,0.78,4.2,38,1.04,0.08,2.2,180,-0.49,20.7,,unavailable (no satellite pass / dataset error),
76.6,Good,Great,2026-10-08T12:41:38Z,51,South West Rocks,2026-10-10T16:00:00Z,2026-10-11T03:00,5.6,303,14.0,0.0,0.74,4.2,38,1.0,0.06,2.0,175,-0.46,20.7,,unavailable (no satellite pass / dataset error),
77.3,Good,Great,2026-10-08T12:41:38Z,52,South West Rocks,2026-10-10T17:00:00Z,2026-10-11T04:00,5.0,272,11.2,0.0,0.7,4.25,39,0.98,0.04,2.0,175,-0.25,20.7,,unavailable (no satellite pass / dataset error),
78.7,Good,Great,2026-10-08T12:41:38Z,53,South West Rocks,2026-10-10T18:00:00Z,2026-10-11T05:00,4.4,243,9.7,0.0,0.66,4.25,39,0.94,0.02,1.8,169,0.07,20.8,,unavailable (no satellite pass / dataset error),
78.2,Good,Great,2026-10-08T12:41:38Z,54,South West Rocks,2026-10-10T19:00:00Z,2026-10-11T06:00,5.2,258,9.7,0.0,0.62,4.2,39,0.92,0.02,1.8,169,0.42,20.8,,unavailable (no satellite pass / dataset error),
75.5,Good,Great,2026-10-08T12:41:38Z,55,South West Rocks,2026-10-10T20:00:00Z,2026-10-11T07:00,8.7,275,14.8,0.0,0.6,4.15,40,0.88,0.0,1.8,174,0.72,20.9,,unavailable (no satellite pass / dataset error),
75.9,Good,Great,2026-10-08T12:41:38Z,56,South West Rocks,2026-10-10T21:00:00Z,2026-10-11T08:00,8.4,280,16.9,0.0,0.56,4.25,40,0.86,0.0,1.8,174,0.91,21.0,,unavailable (no satellite pass / dataset error),
76.6,Good,Great,2026-10-08T12:41:38Z,57,South West Rocks,2026-10-10T22:00:00Z,2026-10-11T09:00,8.1,176,19.8,0.0,0.54,4.6,75,0.84,0.0,1.8,180,0.93,21.1,,unavailable (no satellite pass / dataset error),
77.8,Good,Great,2026-10-08T12:41:38Z,58,South West Rocks,2026-10-10T23:00:00Z,2026-10-11T10:00,7.0,179,27.4,0.0,0.5,5.1,111,0.82,0.0,1.8,186,0.78,21.2,,unavailable (no satellite pass / dataset error),
78.0,Good,Great,2026-10-08T12:41:38Z,59,South West Rocks,2026-10-11T00:00:00Z,2026-10-11T11:00,7.0,138,21.2,0.0,0.48,5.8,146,0.8,0.0,1.8,191,0.49,21.3,,unavailable (no satellite pass / dataset error),
75.9,Good,Great,2026-10-08T12:41:38Z,60,South West Rocks,2026-10-11T01:00:00Z,2026-10-11T12:00,9.4,120,25.9,0.0,0.46,7.0,153,0.78,0.0,1.9,197,0.14,21.4,,unavailable (no satellite pass / dataset error),
75.6,Good,Great,2026-10-08T12:41:38Z,61,South West Rocks,2026-10-11T02:00:00Z,2026-10-11T13:00,10.4,116,28.4,0.0,0.46,8.35,160,0.78,0.0,1.9,197,-0.18,21.5,,unavailable (no satellite pass / dataset error),
77.2,Good,Great,2026-10-08T12:41:38Z,62,South West Rocks,2026-10-11T03:00:00Z,2026-10-11T14:00,11.2,114,29.9,0.0,0.44,9.2,167,0.76,0.0,1.9,197,-0.4,21.6,,unavailable (no satellite pass / dataset error),
78.9,Good,Great,2026-10-08T12:41:38Z,63,South West Rocks,2026-10-11T04:00:00Z,2026-10-11T15:00,10.1,109,29.9,0.0,0.48,9.0,164,0.76,0.0,1.9,197,-0.45,21.7,,unavailable (no satellite pass / dataset error),
77.2,Good,Great,2026-10-08T12:41:38Z,64,South West Rocks,2026-10-11T05:00:00Z,2026-10-11T16:00,12.3,93,29.5,0.0,0.52,8.2,162,0.76,0.0,1.8,191,-0.34,21.8,,unavailable (no satellite pass / dataset error),
78.3,Good,Great,2026-10-08T12:41:38Z,65,South West Rocks,2026-10-11T06:00:00Z,2026-10-11T17:00,11.1,73,30.6,0.0,0.56,7.65,159,0.76,0.0,1.8,191,-0.1,21.8,,unavailable (no satellite pass / dataset error),
80.9,Excellent,Great,2026-10-08T12:41:38Z,66,South West Rocks,2026-10-11T07:00:00Z,2026-10-11T18:00,8.2,49,27.0,0.0,0.54,7.65,162,0.76,0.0,1.8,186,0.19,21.8,,unavailable (no satellite pass / dataset error),
82.6,Excellent,Great,2026-10-08T12:41:38Z,67,South West Rocks,2026-10-11T08:00:00Z,2026-10-11T19:00,5.9,31,19.4,0.0,0.52,7.85,164,0.74,0.0,2.0,180,0.47,21.7,,unavailable (no satellite pass / dataset error),
80.3,Excellent,Great,2026-10-08T12:41:38Z,68,South West Rocks,2026-10-11T09:00:00Z,2026-10-11T20:00,8.0,28,14.8,0.0,0.5,8.0,167,0.74,0.0,2.2,180,0.67,21.6,,unavailable (no satellite pass / dataset error),
84.6,Excellent,Great,2026-10-08T12:41:38Z,69,South West Rocks,2026-10-11T10:00:00Z,2026-10-11T21:00,3.2,43,14.8,0.0,0.46,8.25,166,0.74,0.04,2.2,180,0.73,21.5,,unavailable (no satellite pass / dataset error),
84.3,Excellent,Great,2026-10-08T12:41:38Z,70,South West Rocks,2026-10-11T11:00:00Z,2026-10-11T22:00,3.8,360,7.9,0.0,0.44,8.45,165,0.72,0.08,2.2,180,0.62,21.4,,unavailable (no satellite pass / dataset error),
84.7,Excellent,Great,2026-10-08T12:41:38Z,71,South West Rocks,2026-10-11T12:00:00Z,2026-10-11T23:00,3.3,315,7.6,0.0,0.4,8.15,164,0.72,0.12,2.2,180,0.37,21.3,,unavailable (no satellite pass / dataset error),
83.5,Excellent,Great,2026-10-08T12:41:38Z,72,South West Rocks,2026-10-11T13:00:00Z,2026-10-12T00:00,4.4,291,7.9,0.0,0.44,6.9,125,0.74,0.12,2.2,180,0.06,21.3,,unavailable (no satellite pass / dataset error),
85.5,Excellent,Great,2026-10-08T12:41:38Z,73,South West Rocks,2026-10-11T14:00:00Z,2026-10-12T01:00,2.7,290,8.3,0.0,0.48,5.2,87,0.74,0.14,2.0,175,-0.24,21.2,,unavailable (no satellite pass / dataset error),
85.8,Excellent,Great,2026-10-08T12:41:38Z,74,South West Rocks,2026-10-11T15:00:00Z,2026-10-12T02:00,2.7,323,6.1,0.0,0.52,3.95,48,0.76,0.14,1.8,174,-0.44,21.1,,unavailable (no satellite pass / dataset error),
85.5,Excellent,Great,2026-10-08T12:41:38Z,75,South West Rocks,2026-10-11T16:00:00Z,2026-10-12T03:00,3.0,335,7.2,0.0,0.56,3.6,48,0.78,0.16,1.7,167,-0.49,21.1,,unavailable (no satellite pass / dataset error),
86.3,Excellent,Great,2026-10-08T12:41:38Z,76,South West Rocks,2026-10-11T17:00:00Z,2026-10-12T04:00,2.4,306,6.1,0.0,0.58,3.7,47,0.8,0.16,1.5,166,-0.36,21.1,,unavailable (no satellite pass / dataset error),
86.6,Excellent,Great,2026-10-08T12:41:38Z,77,South West Rocks,2026-10-11T18:00:00Z,2026-10-12T05:00,2.1,301,5.0,0.0,0.62,3.85,47,0.82,0.18,1.4,157,-0.09,21.1,,unavailable (no satellite pass / dataset error),
86.0,Excellent,Great,2026-10-08T12:41:38Z,78,South West Rocks,2026-10-11T19:00:00Z,2026-10-12T06:00,2.6,321,5.4,0.0,0.66,3.9,46,0.84,0.18,1.4,157,0.25,21.1,,unavailable (no satellite pass / dataset error),
84.4,Excellent,Great,2026-10-08T12:41:38Z,79,South West Rocks,2026-10-11T20:00:00Z,2026-10-12T07:00,3.9,317,10.4,0.0,0.68,3.95,46,0.88,0.16,1.4,157,0.58,21.1,,unavailable (no satellite pass / dataset error),
86.3,Excellent,Great,2026-10-08T12:41:38Z,80,South West Rocks,2026-10-11T21:00:00Z,2026-10-12T08:00,1.8,24,10.1,0.0,0.72,4.0,45,0.9,0.16,1.3,164,0.85,21.2,,unavailable (no satellite pass / dataset error),
84.7,Excellent,Great,2026-10-08T12:41:38Z,81,South West Rocks,2026-10-11T22:00:00Z,2026-10-12T09:00,3.4,32,12.6,0.0,0.72,4.1,46,0.92,0.22,1.3,172,0.99,21.3,,unavailable (no satellite pass / dataset error),
82.2,Excellent,Great,2026-10-08T12:41:38Z,82,South West Rocks,2026-10-11T23:00:00Z,2026-10-12T10:00,6.0,25,17.6,0.0,0.74,4.2,47,0.92,0.28,1.4,180,0.95,21.4,,unavailable (no satellite pass / dataset error),
79.9,Good,Great,2026-10-08T12:41:38Z,83,South West Rocks,2026-10-12T00:00:00Z,2026-10-12T11:00,8.0,36,22.3,0.0,0.74,4.3,48,0.94,0.34,1.5,187,0.74,21.4,,unavailable (no satellite pass / dataset error),
77.9,Good,Great,2026-10-08T12:41:38Z,84,South West Rocks,2026-10-12T01:00:00Z,2026-10-12T12:00,9.8,40,26.3,0.0,0.74,4.4,48,0.96,0.4,1.6,186,0.43,21.5,,unavailable (no satellite pass / dataset error),
75.7,Good,Great,2026-10-08T12:41:38Z,85,South West Rocks,2026-10-12T02:00:00Z,2026-10-12T13:00,11.6,44,29.9,0.0,0.74,4.55,49,1.0,0.46,1.7,193,0.09,21.6,,unavailable (no satellite pass / dataset error),
74.9,Good,Great,2026-10-08T12:41:38Z,86,South West Rocks,2026-10-12T03:00:00Z,2026-10-12T14:00,12.2,45,32.0,0.0,0.74,4.7,49,1.02,0.52,1.7,193,-0.19,21.7,,unavailable (no satellite pass / dataset error),
75.7,Good,Great,2026-10-08T12:41:38Z,87,South West Rocks,2026-10-12T04:00:00Z,2026-10-12T15:00,11.0,41,32.4,0.1,0.68,5.0,55,1.06,0.62,1.6,186,-0.34,21.7,,unavailable (no satellite pass / dataset error),
77.0,Good,Great,2026-10-08T12:41:38Z,88,South West Rocks,2026-10-12T05:00:00Z,2026-10-12T16:00,8.7,32,31.7,0.1,0.6,5.35,60,1.12,0.74,1.6,180,-0.34,21.8,,unavailable (no satellite pass / dataset error),
78.4,Good,Great,2026-10-08T12:41:38Z,89,South West Rocks,2026-10-12T06:00:00Z,2026-10-12T17:00,6.6,22,29.5,0.1,0.54,5.5,66,1.16,0.84,1.6,174,-0.2,21.8,,unavailable (no satellite pass / dataset error),
80.1,Excellent,Great,2026-10-08T12:41:38Z,90,South West Rocks,2026-10-12T07:00:00Z,2026-10-12T18:00,4.5,14,25.2,0.0,0.7,5.25,59,1.18,0.7,1.6,174,0.03,21.8,,unavailable (no satellite pass / dataset error),
81.8,Excellent,Doable,2026-10-08T12:41:38Z,91,South West Rocks,2026-10-12T08:00:00Z,2026-10-12T19:00,2.3,4,19.4,0.0,0.86,4.8,53,1.18,0.56,1.7,167,0.29,21.8,,unavailable (no satellite pass / dataset error),
82.3,Excellent,Doable,2026-10-08T12:41:38Z,92,South West Rocks,2026-10-12T09:00:00Z,2026-10-12T20:00,1.5,339,15.5,0.0,1.02,4.45,46,1.2,0.42,1.7,167,0.52,21.8,,unavailable (no satellite pass / dataset error),
81.5,Excellent,Doable,2026-10-08T12:41:38Z,93,South West Rocks,2026-10-12T10:00:00Z,2026-10-12T21:00,2.6,348,15.1,0.0,1.02,4.35,45,1.18,0.32,1.7,167,0.65,21.7,,unavailable (no satellite pass / dataset error),
80.0,Excellent,Doable,2026-10-08T12:41:38Z,94,South West Rocks,2026-10-12T11:00:00Z,2026-10-12T22:00,4.5,358,16.6,0.0,1.04,4.4,44,1.16,0.24,1.7,167,0.64,21.7,,unavailable (no satellite pass / dataset error),
79.5,Good,Doable,2026-10-08T12:41:38Z,95,South West Rocks,2026-10-12T12:00:00Z,2026-10-12T23:00,5.6,358,16.9,0.0,1.04,4.45,43,1.14,0.14,1.6,174,0.49,21.6,,unavailable (no satellite pass / dataset error),
80.1,Excellent,Doable,2026-10-08T12:41:38Z,96,South West Rocks,2026-10-12T13:00:00Z,2026-10-13T00:00,5.1,343,14.8,0.0,1.0,4.45,44,1.12,0.16,1.6,174,0.24,21.6,,unavailable (no satellite pass / dataset error),
81.0,Excellent,Doable,2026-10-08T12:41:38Z,97,South West Rocks,2026-10-12T14:00:00Z,2026-10-13T01:00,4.6,315,12.2,0.0,0.98,4.5,45,1.08,0.2,1.6,180,-0.04,21.5,,unavailable (no satellite pass / dataset error),
81.6,Excellent,Doable,2026-10-08T12:41:38Z,98,South West Rocks,2026-10-12T15:00:00Z,2026-10-13T02:00,4.6,301,10.8,0.0,0.94,4.5,46,1.06,0.22,1.4,180,-0.27,21.5,,unavailable (no satellite pass / dataset error),
81.4,Excellent,Doable,2026-10-08T12:41:38Z,99,South West Rocks,2026-10-12T16:00:00Z,2026-10-13T03:00,4.3,318,12.6,0.2,0.96,4.45,45,1.06,0.2,1.5,173,-0.39,21.5,,unavailable (no satellite pass / dataset error),
81.3,Excellent,Doable,2026-10-08T12:41:38Z,100,South West Rocks,2026-10-12T17:00:00Z,2026-10-13T04:00,4.7,351,16.2,0.2,0.96,4.45,44,1.06,0.16,1.3,172,-0.35,21.4,,unavailable (no satellite pass / dataset error),
80.8,Excellent,Doable,2026-10-08T12:41:38Z,101,South West Rocks,2026-10-12T18:00:00Z,2026-10-13T05:00,5.5,11,18.7,0.2,0.98,4.4,43,1.06,0.14,1.1,171,-0.16,21.4,,unavailable (no satellite pass / dataset error),
80.7,Excellent,Doable,2026-10-08T12:41:38Z,102,South West Rocks,2026-10-12T19:00:00Z,2026-10-13T06:00,4.6,26,19.4,0.7,0.98,4.35,43,1.06,0.1,1.1,171,0.13,21.4,,unavailable (no satellite pass / dataset error),
81.0,Excellent,Doable,2026-10-08T12:41:38Z,103,South West Rocks,2026-10-12T20:00:00Z,2026-10-13T07:00,3.5,51,19.4,0.7,0.96,4.35,42,1.04,0.08,1.1,171,0.45,21.5,,unavailable (no satellite pass / dataset error),
80.0,Excellent,Doable,2026-10-08T12:41:38Z,104,South West Rocks,2026-10-12T21:00:00Z,2026-10-13T08:00,3.7,76,19.8,0.7,0.96,4.4,42,1.04,0.04,1.1,180,0.75,21.5,,unavailable (no satellite pass / dataset error),
77.9,Good,Doable,2026-10-08T12:41:38Z,105,South West Rocks,2026-10-12T22:00:00Z,2026-10-13T09:00,5.5,77,21.6,0.0,0.9,4.55,45,1.04,0.2,1.3,188,0.96,21.6,,unavailable (no satellite pass / dataset error),
75.4,Good,Doable,2026-10-08T12:41:38Z,106,South West Rocks,2026-10-12T23:00:00Z,2026-10-13T10:00,7.8,71,24.1,0.0,0.84,4.75,48,1.04,0.38,1.5,194,1.02,21.6,,unavailable (no satellite pass / dataset error),
73.7,Good,Great,2026-10-08T12:41:38Z,107,South West Rocks,2026-10-13T00:00:00Z,2026-10-13T11:00,9.1,65,26.3,0.0,0.78,4.95,51,1.04,0.54,1.7,198,0.92,21.7,,unavailable (no satellite pass / dataset error),
72.5,Good,Great,2026-10-08T12:41:38Z,108,South West Rocks,2026-10-13T01:00:00Z,2026-10-13T12:00,9.2,55,27.7,0.2,0.78,5.1,50,1.08,0.6,1.9,197,0.68,21.7,,unavailable (no satellite pass / dataset error),
71.9,Good,Great,2026-10-08T12:41:38Z,109,South West Rocks,2026-10-13T02:00:00Z,2026-10-13T13:00,8.7,40,28.4,0.2,0.8,5.25,50,1.12,0.66,2.1,195,0.37,21.8,,unavailable (no satellite pass / dataset error),
72.8,Good,Great,2026-10-08T12:41:38Z,110,South West Rocks,2026-10-13T03:00:00Z,2026-10-13T14:00,7.2,27,29.5,0.2,0.8,5.25,49,1.16,0.72,2.0,190,0.07,21.9,,unavailable (no satellite pass / dataset error),
75.2,Good,Doable,2026-10-08T12:41:38Z,111,South West Rocks,2026-10-13T04:00:00Z,2026-10-13T15:00,3.1,357,31.0,1.1,0.9,5.05,44,1.16,0.52,2.0,185,-0.16,22.0,,unavailable (no satellite pass / dataset error),
72.8,Good,Doable,2026-10-08T12:41:38Z,112,South West Rocks,2026-10-13T05:00:00Z,2026-10-13T16:00,4.7,247,32.4,1.1,1.02,4.8,40,1.18,0.34,1.8,180,-0.26,22.1,,unavailable (no satellite pass / dataset error),
68.2,Good,Doable,2026-10-08T12:41:38Z,113,South West Rocks,2026-10-13T06:00:00Z,2026-10-13T17:00,8.4,230,32.4,1.1,1.12,4.6,35,1.18,0.14,1.8,174,-0.22,22.1,,unavailable (no satellite pass / dataset error),
69.5,Good,Doable,2026-10-08T12:41:38Z,114,South West Rocks,2026-10-13T07:00:00Z,2026-10-13T18:00,7.7,221,28.4,0.0,1.08,4.6,36,1.14,0.12,1.7,167,-0.07,22.1,,unavailable (no satellite pass / dataset error),
72.8,Good,Doable,2026-10-08T12:41:38Z,115,South West Rocks,2026-10-13T08:00:00Z,2026-10-13T19:00,5.2,200,23.0,0.0,1.02,4.65,36,1.08,0.08,1.5,159,0.15,22.1,,unavailable (no satellite pass / dataset error),
73.6,Good,Doable,2026-10-08T12:41:38Z,116,South West Rocks,2026-10-13T09:00:00Z,2026-10-13T20:00,4.7,178,20.2,0.0,0.98,4.75,37,1.04,0.06,1.5,159,0.37,22.0,,unavailable (no satellite pass / dataset error),
71.6,Good,Doable,2026-10-08T12:41:38Z,117,South West Rocks,2026-10-13T10:00:00Z,2026-10-13T21:00,6.4,188,22.7,0.6,0.96,4.8,37,1.02,0.04,1.5,159,0.54,21.9,,unavailable (no satellite pass / dataset error),
68.3,Good,Doable,2026-10-08T12:41:38Z,118,South West Rocks,2026-10-13T11:00:00Z,2026-10-13T22:00,9.5,201,27.7,0.6,0.92,4.85,38,1.0,0.02,1.5,166,0.61,21.8,,unavailable (no satellite pass / dataset error),
65.3,Good,Doable,2026-10-08T12:41:38Z,119,South West Rocks,2026-10-13T12:00:00Z,2026-10-13T23:00,12.2,207,31.3,0.6,0.9,4.9,38,0.98,0.0,1.5,173,0.55,21.7,,unavailable (no satellite pass / dataset error),
