visibility_score,visibility_label,swell_band,logged_at_utc,location,valid_time_utc,valid_time_local,wind_speed_kmh,wind_dir_deg,wind_gust_kmh,rainfall_mm,swell_height_m,swell_period_s,swell_dir_deg,wave_height_m,wind_wave_height_m,current_velocity_kmh,current_dir_deg,sea_level_height_m,sea_surface_temp_c,chlorophyll_mg_m3,chlorophyll_source,notes
90.0,Excellent,,2026-08-30T09:10:10Z,Williamstown,2026-08-27T14:00:00Z,2026-08-28T00:00,7.3,353,11.9,0.0,0.14,4.0,196,0.16,0.0,,,,13.0,,unavailable (no satellite pass / dataset error),
88.2,Excellent,,2026-08-30T09:10:10Z,Williamstown,2026-08-27T15:00:00Z,2026-08-28T01:00,8.8,359,13.7,0.0,0.14,4.0,197,0.16,0.0,,,,12.9,,unavailable (no satellite pass / dataset error),
89.8,Excellent,,2026-08-30T09:10:10Z,Williamstown,2026-08-27T16:00:00Z,2026-08-28T02:00,7.4,338,14.0,0.0,0.12,4.0,195,0.16,0.0,,,,12.9,,unavailable (no satellite pass / dataset error),
89.2,Excellent,,2026-08-30T09:10:10Z,Williamstown,2026-08-27T17:00:00Z,2026-08-28T03:00,8.1,317,13.0,0.0,0.12,4.05,193,0.14,0.02,,,,12.9,,unavailable (no satellite pass / dataset error),
89.0,Excellent,,2026-08-30T09:10:10Z,Williamstown,2026-08-27T18:00:00Z,2026-08-28T04:00,8.3,330,14.0,0.0,0.1,4.1,191,0.14,0.02,,,,12.9,,unavailable (no satellite pass / dataset error),
88.4,Excellent,,2026-08-30T09:10:10Z,Williamstown,2026-08-27T19:00:00Z,2026-08-28T05:00,8.8,327,14.0,0.0,0.1,4.15,200,0.14,0.02,,,,12.9,,unavailable (no satellite pass / dataset error),
88.1,Excellent,,2026-08-30T09:10:10Z,Williamstown,2026-08-27T20:00:00Z,2026-08-28T06:00,9.1,339,14.8,0.0,0.12,4.25,208,0.14,0.02,,,,12.9,,unavailable (no satellite pass / dataset error),
89.0,Excellent,,2026-08-30T09:10:10Z,Williamstown,2026-08-27T21:00:00Z,2026-08-28T07:00,8.3,342,14.8,0.0,0.12,4.3,217,0.14,0.02,,,,12.9,,unavailable (no satellite pass / dataset error),
89.9,Excellent,,2026-08-30T09:10:10Z,Williamstown,2026-08-27T22:00:00Z,2026-08-28T08:00,7.5,336,14.0,0.0,0.12,4.3,215,0.14,0.02,,,,12.9,,unavailable (no satellite pass / dataset error),
91.2,Excellent,,2026-08-30T09:10:10Z,Williamstown,2026-08-27T23:00:00Z,2026-08-28T09:00,6.4,333,13.0,0.0,0.12,4.3,213,0.14,0.0,,,,12.9,,unavailable (no satellite pass / dataset error),
92.6,Excellent,,2026-08-30T09:10:10Z,Williamstown,2026-08-28T00:00:00Z,2026-08-28T10:00,5.2,333,11.2,0.0,0.12,4.3,211,0.14,0.0,,,,12.9,,unavailable (no satellite pass / dataset error),
93.5,Excellent,,2026-08-30T09:10:10Z,Williamstown,2026-08-28T01:00:00Z,2026-08-28T11:00,4.4,277,7.2,0.0,0.12,4.3,212,0.14,0.0,,,,13.0,,unavailable (no satellite pass / dataset error),
91.3,Excellent,,2026-08-30T09:10:10Z,Williamstown,2026-08-28T02:00:00Z,2026-08-28T12:00,6.1,210,6.1,0.0,0.14,4.3,212,0.16,0.0,,,,13.0,,unavailable (no satellite pass / dataset error),
90.4,Excellent,,2026-08-30T09:10:10Z,Williamstown,2026-08-28T03:00:00Z,2026-08-28T13:00,6.9,200,9.7,0.0,0.14,4.3,213,0.16,0.0,,,,13.1,,unavailable (no satellite pass / dataset error),
87.6,Excellent,,2026-08-30T09:10:10Z,Williamstown,2026-08-28T04:00:00Z,2026-08-28T14:00,8.7,187,11.2,0.3,0.16,4.25,212,0.18,0.02,,,,13.1,,unavailable (no satellite pass / dataset error),
88.4,Excellent,,2026-08-30T09:10:10Z,Williamstown,2026-08-28T05:00:00Z,2026-08-28T15:00,7.3,173,10.8,0.5,0.16,4.15,211,0.18,0.02,,,,13.2,,unavailable (no satellite pass / dataset error),
84.8,Excellent,,2026-08-30T09:10:10Z,Williamstown,2026-08-28T06:00:00Z,2026-08-28T16:00,10.3,187,9.7,0.0,0.18,4.05,210,0.2,0.04,,,,13.2,,unavailable (no satellite pass / dataset error),
84.4,Excellent,,2026-08-30T09:10:10Z,Williamstown,2026-08-28T07:00:00Z,2026-08-28T17:00,10.4,188,15.5,0.0,0.2,4.0,208,0.22,0.04,,,,13.2,,unavailable (no satellite pass / dataset error),
88.7,Excellent,,2026-08-30T09:10:10Z,Williamstown,2026-08-28T08:00:00Z,2026-08-28T18:00,6.5,194,14.0,0.0,0.2,4.0,205,0.24,0.02,,,,13.2,,unavailable (no satellite pass / dataset error),
90.2,Excellent,,2026-08-30T09:10:10Z,Williamstown,2026-08-28T09:00:00Z,2026-08-28T19:00,5.0,199,9.7,0.0,0.22,3.95,203,0.26,0.02,,,,13.2,,unavailable (no satellite pass / dataset error),
89.4,Excellent,,2026-08-30T09:10:10Z,Williamstown,2026-08-28T10:00:00Z,2026-08-28T20:00,5.5,212,8.6,0.0,0.24,3.8,201,0.28,0.02,,,,13.1,,unavailable (no satellite pass / dataset error),
90.0,Excellent,,2026-08-30T09:10:10Z,Williamstown,2026-08-28T11:00:00Z,2026-08-28T21:00,4.8,209,8.6,0.0,0.28,3.65,199,0.3,0.02,,,,13.1,,unavailable (no satellite pass / dataset error),
88.5,Excellent,,2026-08-30T09:10:10Z,Williamstown,2026-08-28T12:00:00Z,2026-08-28T22:00,5.9,232,9.0,0.0,0.3,3.55,197,0.32,0.02,,,,13.1,,unavailable (no satellite pass / dataset error),
86.8,Excellent,,2026-08-30T09:10:10Z,Williamstown,2026-08-28T13:00:00Z,2026-08-28T23:00,7.4,221,11.2,0.0,0.3,3.55,196,0.32,0.02,,,,13.0,,unavailable (no satellite pass / dataset error),
85.2,Excellent,,2026-08-30T09:10:10Z,Williamstown,2026-08-28T14:00:00Z,2026-08-29T00:00,8.6,237,13.0,0.0,0.32,3.6,196,0.34,0.02,,,,13.0,,unavailable (no satellite pass / dataset error),
80.9,Excellent,,2026-08-30T09:10:10Z,Williamstown,2026-08-28T15:00:00Z,2026-08-29T01:00,12.4,246,17.3,0.0,0.32,3.65,195,0.34,0.02,,,,13.0,,unavailable (no satellite pass / dataset error),
81.4,Excellent,,2026-08-30T09:10:10Z,Williamstown,2026-08-28T16:00:00Z,2026-08-29T02:00,11.9,250,19.4,0.0,0.32,3.7,195,0.34,0.02,,,,13.0,,unavailable (no satellite pass / dataset error),
83.0,Excellent,,2026-08-30T09:10:10Z,Williamstown,2026-08-28T17:00:00Z,2026-08-29T03:00,10.5,257,18.0,0.0,0.32,3.7,194,0.34,0.04,,,,12.9,,unavailable (no satellite pass / dataset error),
84.8,Excellent,,2026-08-30T09:10:10Z,Williamstown,2026-08-28T18:00:00Z,2026-08-29T04:00,9.0,271,16.6,0.0,0.32,3.75,194,0.34,0.04,,,,12.9,,unavailable (no satellite pass / dataset error),
84.5,Excellent,,2026-08-30T09:10:10Z,Williamstown,2026-08-28T19:00:00Z,2026-08-29T05:00,9.2,272,15.5,0.0,0.32,3.8,194,0.34,0.04,,,,12.9,,unavailable (no satellite pass / dataset error),
84.5,Excellent,,2026-08-30T09:10:10Z,Williamstown,2026-08-28T20:00:00Z,2026-08-29T06:00,9.0,271,15.5,0.0,0.32,3.85,195,0.36,0.06,,,,12.9,,unavailable (no satellite pass / dataset error),
84.3,Excellent,,2026-08-30T09:10:10Z,Williamstown,2026-08-28T21:00:00Z,2026-08-29T07:00,9.2,268,15.5,0.0,0.32,3.9,195,0.36,0.06,,,,12.9,,unavailable (no satellite pass / dataset error),
84.5,Excellent,,2026-08-30T09:10:10Z,Williamstown,2026-08-28T22:00:00Z,2026-08-29T08:00,9.0,267,15.5,0.0,0.32,3.9,196,0.36,0.06,,,,12.9,,unavailable (no satellite pass / dataset error),
84.5,Excellent,,2026-08-30T09:10:10Z,Williamstown,2026-08-28T23:00:00Z,2026-08-29T09:00,9.0,260,14.8,0.0,0.32,3.9,196,0.36,0.08,,,,12.9,,unavailable (no satellite pass / dataset error),
84.0,Excellent,,2026-08-30T09:10:10Z,Williamstown,2026-08-29T00:00:00Z,2026-08-29T10:00,9.5,249,15.1,0.0,0.32,3.9,197,0.36,0.08,,,,12.9,,unavailable (no satellite pass / dataset error),
83.3,Excellent,,2026-08-30T09:10:10Z,Williamstown,2026-08-29T01:00:00Z,2026-08-29T11:00,10.1,226,14.4,0.0,0.3,3.9,197,0.36,0.06,,,,13.0,,unavailable (no satellite pass / dataset error),
83.2,Excellent,,2026-08-30T09:10:10Z,Williamstown,2026-08-29T02:00:00Z,2026-08-29T12:00,10.4,214,14.8,0.0,0.3,3.9,197,0.34,0.04,,,,13.1,,unavailable (no satellite pass / dataset error),
84.4,Excellent,,2026-08-30T09:10:10Z,Williamstown,2026-08-29T03:00:00Z,2026-08-29T13:00,9.3,207,14.8,0.0,0.28,3.9,197,0.34,0.02,,,,13.1,,unavailable (no satellite pass / dataset error),
85.3,Excellent,,2026-08-30T09:10:10Z,Williamstown,2026-08-29T04:00:00Z,2026-08-29T14:00,9.0,200,13.3,0.0,0.28,3.9,197,0.34,0.02,,,,13.2,,unavailable (no satellite pass / dataset error),
88.0,Excellent,,2026-08-30T09:10:10Z,Williamstown,2026-08-29T05:00:00Z,2026-08-29T15:00,7.5,159,12.2,0.0,0.28,3.95,197,0.32,0.0,,,,13.3,,unavailable (no satellite pass / dataset error),
91.8,Excellent,,2026-08-30T09:10:10Z,Williamstown,2026-08-29T06:00:00Z,2026-08-29T16:00,4.2,126,10.4,0.0,0.28,3.95,197,0.32,0.0,,,,13.3,,unavailable (no satellite pass / dataset error),
88.8,Excellent,,2026-08-30T09:10:10Z,Williamstown,2026-08-29T07:00:00Z,2026-08-29T17:00,6.8,117,8.6,0.0,0.28,3.95,197,0.32,0.0,,,,13.3,,unavailable (no satellite pass / dataset error),
87.1,Excellent,,2026-08-30T09:10:10Z,Williamstown,2026-08-29T08:00:00Z,2026-08-29T18:00,8.3,134,11.5,0.0,0.3,4.0,197,0.32,0.0,,,,13.3,,unavailable (no satellite pass / dataset error),
90.6,Excellent,,2026-08-30T09:10:10Z,Williamstown,2026-08-29T09:00:00Z,2026-08-29T19:00,5.2,134,11.5,0.0,0.3,4.0,197,0.32,0.0,,,,13.3,,unavailable (no satellite pass / dataset error),
92.8,Excellent,,2026-08-30T09:10:10Z,Williamstown,2026-08-29T10:00:00Z,2026-08-29T20:00,3.3,151,8.3,0.0,0.3,4.05,197,0.32,0.0,,,,13.2,,unavailable (no satellite pass / dataset error),
93.5,Excellent,,2026-08-30T09:10:10Z,Williamstown,2026-08-29T11:00:00Z,2026-08-29T21:00,2.5,188,6.1,0.0,0.32,4.05,198,0.34,0.0,,,,13.2,,unavailable (no satellite pass / dataset error),
91.1,Excellent,,2026-08-30T09:10:10Z,Williamstown,2026-08-29T12:00:00Z,2026-08-29T22:00,4.6,259,6.8,0.0,0.32,4.1,198,0.34,0.0,,,,13.1,,unavailable (no satellite pass / dataset error),
85.6,Excellent,,2026-08-30T09:10:10Z,Williamstown,2026-08-29T13:00:00Z,2026-08-29T23:00,9.4,273,14.4,0.0,0.32,4.1,198,0.34,0.0,,,,13.1,,unavailable (no satellite pass / dataset error),
85.6,Excellent,,2026-08-30T09:10:10Z,Williamstown,2026-08-29T14:00:00Z,2026-08-30T00:00,9.4,268,15.5,0.0,0.32,4.1,198,0.34,0.02,,,,13.1,,unavailable (no satellite pass / dataset error),
86.5,Excellent,,2026-08-30T09:10:10Z,Williamstown,2026-08-29T15:00:00Z,2026-08-30T01:00,8.6,282,15.1,0.0,0.32,4.1,198,0.34,0.02,,,,13.1,,unavailable (no satellite pass / dataset error),
86.8,Excellent,,2026-08-30T09:10:10Z,Williamstown,2026-08-29T16:00:00Z,2026-08-30T02:00,8.4,289,14.4,0.0,0.32,4.1,198,0.34,0.02,,,,13.0,,unavailable (no satellite pass / dataset error),
87.0,Excellent,,2026-08-30T09:10:10Z,Williamstown,2026-08-29T17:00:00Z,2026-08-30T03:00,8.2,285,14.0,0.0,0.32,4.05,198,0.34,0.04,,,,13.0,,unavailable (no satellite pass / dataset error),
87.6,Excellent,,2026-08-30T09:10:10Z,Williamstown,2026-08-29T18:00:00Z,2026-08-30T04:00,7.7,295,14.0,0.0,0.32,4.05,198,0.34,0.04,,,,13.0,,unavailable (no satellite pass / dataset error),
87.3,Excellent,,2026-08-30T09:10:10Z,Williamstown,2026-08-29T19:00:00Z,2026-08-30T05:00,7.9,300,14.0,0.0,0.32,4.05,198,0.34,0.04,,,,13.0,,unavailable (no satellite pass / dataset error),
85.0,Excellent,,2026-08-30T09:10:10Z,Williamstown,2026-08-29T20:00:00Z,2026-08-30T06:00,9.8,265,15.5,0.0,0.3,4.0,199,0.36,0.04,,,,13.0,,unavailable (no satellite pass / dataset error),
85.6,Excellent,,2026-08-30T09:10:10Z,Williamstown,2026-08-29T21:00:00Z,2026-08-30T07:00,9.2,264,16.2,0.0,0.3,4.0,199,0.36,0.04,,,,13.0,,unavailable (no satellite pass / dataset error),
83.9,Excellent,,2026-08-30T09:10:10Z,Williamstown,2026-08-29T22:00:00Z,2026-08-30T08:00,10.7,262,16.2,0.0,0.3,4.0,199,0.36,0.04,,,,13.0,,unavailable (no satellite pass / dataset error),
84.5,Excellent,,2026-08-30T09:10:10Z,Williamstown,2026-08-29T23:00:00Z,2026-08-30T09:00,10.2,261,16.6,0.0,0.32,4.0,199,0.36,0.04,,,,13.0,,unavailable (no satellite pass / dataset error),
86.4,Excellent,,2026-08-30T09:10:10Z,Williamstown,2026-08-30T00:00:00Z,2026-08-30T10:00,8.5,245,15.5,0.0,0.32,4.0,199,0.36,0.04,,,,13.0,,unavailable (no satellite pass / dataset error),
86.7,Excellent,,2026-08-30T09:10:10Z,Williamstown,2026-08-30T01:00:00Z,2026-08-30T11:00,8.3,226,13.3,0.0,0.32,3.95,199,0.36,0.02,,,,13.1,,unavailable (no satellite pass / dataset error),
87.1,Excellent,,2026-08-30T09:10:10Z,Williamstown,2026-08-30T02:00:00Z,2026-08-30T12:00,7.9,210,13.0,0.0,0.3,3.95,198,0.36,0.02,,,,13.2,,unavailable (no satellite pass / dataset error),
87.9,Excellent,,2026-08-30T09:10:10Z,Williamstown,2026-08-30T03:00:00Z,2026-08-30T13:00,7.2,207,12.2,0.0,0.3,3.95,198,0.36,0.0,,,,13.3,,unavailable (no satellite pass / dataset error),
89.3,Excellent,,2026-08-30T09:10:10Z,Williamstown,2026-08-30T04:00:00Z,2026-08-30T14:00,6.0,185,11.2,0.0,0.3,4.05,197,0.36,0.0,,,,13.4,,unavailable (no satellite pass / dataset error),
87.8,Excellent,,2026-08-30T09:10:10Z,Williamstown,2026-08-30T05:00:00Z,2026-08-30T15:00,7.5,143,10.1,0.0,0.28,4.2,197,0.34,0.0,,,,13.4,,unavailable (no satellite pass / dataset error),
87.8,Excellent,,2026-08-30T09:10:10Z,Williamstown,2026-08-30T06:00:00Z,2026-08-30T16:00,7.5,107,11.2,0.0,0.28,4.3,196,0.34,0.0,,,,13.5,,unavailable (no satellite pass / dataset error),
88.5,Excellent,,2026-08-30T09:10:10Z,Williamstown,2026-08-30T07:00:00Z,2026-08-30T17:00,6.9,113,10.4,0.0,0.28,4.25,196,0.34,0.0,,,,13.5,,unavailable (no satellite pass / dataset error),
87.1,Excellent,,2026-08-30T09:10:10Z,Williamstown,2026-08-30T08:00:00Z,2026-08-30T18:00,8.1,162,11.2,0.0,0.3,4.15,197,0.34,0.02,,,,13.5,,unavailable (no satellite pass / dataset error),
86.1,Excellent,,2026-08-30T09:10:10Z,Williamstown,2026-08-30T09:00:00Z,2026-08-30T19:00,9.0,174,13.0,0.0,0.3,4.05,197,0.34,0.02,,,,13.4,,unavailable (no satellite pass / dataset error),
60.9,Good,,2026-08-30T09:10:10Z,Robe,2026-08-27T14:00:00Z,2026-08-28T00:00,10.9,354,18.0,0.0,2.22,10.25,249,2.58,0.2,,,,14.1,,unavailable (no satellite pass / dataset error),
62.1,Good,,2026-08-30T09:10:10Z,Robe,2026-08-27T15:00:00Z,2026-08-28T01:00,9.8,354,17.3,0.0,2.3,10.6,249,2.64,0.18,,,,14.0,,unavailable (no satellite pass / dataset error),
64.1,Good,,2026-08-30T09:10:10Z,Robe,2026-08-27T16:00:00Z,2026-08-28T02:00,8.1,354,15.8,0.0,2.44,11.05,248,2.68,0.16,,,,14.0,,unavailable (no satellite pass / dataset error),
64.6,Good,,2026-08-30T09:10:10Z,Robe,2026-08-27T17:00:00Z,2026-08-28T03:00,7.6,342,13.0,0.0,2.56,11.55,248,2.72,0.16,,,,14.0,,unavailable (no satellite pass / dataset error),
64.1,Good,,2026-08-30T09:10:10Z,Robe,2026-08-27T18:00:00Z,2026-08-28T04:00,8.1,347,12.2,0.0,2.7,11.95,247,2.76,0.14,,,,14.0,,unavailable (no satellite pass / dataset error),
63.7,Good,,2026-08-30T09:10:10Z,Robe,2026-08-27T19:00:00Z,2026-08-28T05:00,8.4,341,13.3,0.0,2.78,12.15,247,2.84,0.12,,,,14.0,,unavailable (no satellite pass / dataset error),
62.5,Good,,2026-08-30T09:10:10Z,Robe,2026-08-27T20:00:00Z,2026-08-28T06:00,9.5,339,15.1,0.0,2.86,12.25,248,2.9,0.1,,,,14.0,,unavailable (no satellite pass / dataset error),
62.2,Good,,2026-08-30T09:10:10Z,Robe,2026-08-27T21:00:00Z,2026-08-28T07:00,9.7,342,15.8,0.0,2.94,12.3,248,2.98,0.08,,,,14.0,,unavailable (no satellite pass / dataset error),
61.4,Good,,2026-08-30T09:10:10Z,Robe,2026-08-27T22:00:00Z,2026-08-28T08:00,10.4,340,15.8,0.0,2.96,12.35,248,3.0,0.06,,,,14.0,,unavailable (no satellite pass / dataset error),
62.6,Good,,2026-08-30T09:10:10Z,Robe,2026-08-27T23:00:00Z,2026-08-28T09:00,9.4,342,17.6,0.0,3.0,12.3,247,3.02,0.02,,,,14.0,,unavailable (no satellite pass / dataset error),
63.2,Good,,2026-08-30T09:10:10Z,Robe,2026-08-28T00:00:00Z,2026-08-28T10:00,8.9,331,19.1,0.0,3.02,12.3,247,3.04,0.0,,,,14.1,,unavailable (no satellite pass / dataset error),
61.9,Good,,2026-08-30T09:10:10Z,Robe,2026-08-28T01:00:00Z,2026-08-28T11:00,10.0,285,21.2,0.0,3.06,12.3,246,3.06,0.02,,,,14.2,,unavailable (no satellite pass / dataset error),
62.2,Good,,2026-08-30T09:10:10Z,Robe,2026-08-28T02:00:00Z,2026-08-28T12:00,9.7,246,21.6,0.0,3.08,12.3,246,3.1,0.02,,,,14.3,,unavailable (no satellite pass / dataset error),
61.1,Good,,2026-08-30T09:10:10Z,Robe,2026-08-28T03:00:00Z,2026-08-28T13:00,10.7,213,23.0,0.0,3.12,12.25,245,3.12,0.04,,,,14.4,,unavailable (no satellite pass / dataset error),
59.7,Fair,,2026-08-30T09:10:10Z,Robe,2026-08-28T04:00:00Z,2026-08-28T14:00,11.9,184,24.1,0.0,3.12,12.2,245,3.12,0.04,,,,14.5,,unavailable (no satellite pass / dataset error),
59.5,Fair,,2026-08-30T09:10:10Z,Robe,2026-08-28T05:00:00Z,2026-08-28T15:00,12.1,175,25.2,0.0,3.14,12.15,244,3.14,0.04,,,,14.6,,unavailable (no satellite pass / dataset error),
62.1,Good,,2026-08-30T09:10:10Z,Robe,2026-08-28T06:00:00Z,2026-08-28T16:00,9.8,174,24.5,0.0,3.14,12.1,244,3.14,0.04,,,,14.7,,unavailable (no satellite pass / dataset error),
59.5,Fair,,2026-08-30T09:10:10Z,Robe,2026-08-28T07:00:00Z,2026-08-28T17:00,12.1,170,21.6,0.0,3.1,12.0,244,3.12,0.06,,,,14.7,,unavailable (no satellite pass / dataset error),
61.0,Good,,2026-08-30T09:10:10Z,Robe,2026-08-28T08:00:00Z,2026-08-28T18:00,10.8,159,21.6,0.0,3.08,11.95,243,3.08,0.1,,,,14.6,,unavailable (no satellite pass / dataset error),
62.6,Good,,2026-08-30T09:10:10Z,Robe,2026-08-28T09:00:00Z,2026-08-28T19:00,9.4,163,17.3,0.0,3.04,11.8,243,3.06,0.12,,,,14.5,,unavailable (no satellite pass / dataset error),
63.0,Good,,2026-08-30T09:10:10Z,Robe,2026-08-28T10:00:00Z,2026-08-28T20:00,9.0,164,15.1,0.0,2.96,11.6,242,2.96,0.1,,,,14.4,,unavailable (no satellite pass / dataset error),
63.0,Good,,2026-08-30T09:10:10Z,Robe,2026-08-28T11:00:00Z,2026-08-28T21:00,9.0,160,15.1,0.0,2.86,11.35,241,2.88,0.06,,,,14.3,,unavailable (no satellite pass / dataset error),
64.5,Good,,2026-08-30T09:10:10Z,Robe,2026-08-28T12:00:00Z,2026-08-28T22:00,7.7,155,14.4,0.0,2.78,11.15,240,2.78,0.04,,,,14.2,,unavailable (no satellite pass / dataset error),
65.3,Good,,2026-08-30T09:10:10Z,Robe,2026-08-28T13:00:00Z,2026-08-28T23:00,7.0,157,11.9,0.0,2.74,11.0,239,2.74,0.04,,,,14.2,,unavailable (no satellite pass / dataset error),
64.8,Good,,2026-08-30T09:10:10Z,Robe,2026-08-28T14:00:00Z,2026-08-29T00:00,7.5,153,12.6,0.0,2.7,10.8,239,2.7,0.04,,,,14.1,,unavailable (no satellite pass / dataset error),
65.0,Good,,2026-08-30T09:10:10Z,Robe,2026-08-28T15:00:00Z,2026-08-29T01:00,7.3,144,12.2,0.0,2.66,10.7,238,2.66,0.04,,,,14.1,,unavailable (no satellite pass / dataset error),
65.4,Good,,2026-08-30T09:10:10Z,Robe,2026-08-28T16:00:00Z,2026-08-29T02:00,6.9,143,12.2,0.0,2.66,10.6,238,2.66,0.04,,,,14.1,,unavailable (no satellite pass / dataset error),
65.9,Good,,2026-08-30T09:10:10Z,Robe,2026-08-28T17:00:00Z,2026-08-29T03:00,6.5,136,11.9,0.0,2.64,10.55,237,2.64,0.04,,,,14.0,,unavailable (no satellite pass / dataset error),
62.7,Good,,2026-08-30T09:10:10Z,Robe,2026-08-28T18:00:00Z,2026-08-29T04:00,9.3,109,11.2,0.0,2.64,10.5,237,2.64,0.04,,,,14.0,,unavailable (no satellite pass / dataset error),
67.0,Good,,2026-08-30T09:10:10Z,Robe,2026-08-28T19:00:00Z,2026-08-29T05:00,5.5,107,14.4,0.0,2.64,10.45,237,2.64,0.02,,,,14.0,,unavailable (no satellite pass / dataset error),
67.7,Good,,2026-08-30T09:10:10Z,Robe,2026-08-28T20:00:00Z,2026-08-29T06:00,4.9,98,9.7,0.0,2.62,10.35,236,2.62,0.02,,,,14.0,,unavailable (no satellite pass / dataset error),
67.4,Good,,2026-08-30T09:10:10Z,Robe,2026-08-28T21:00:00Z,2026-08-29T07:00,5.2,84,10.8,0.0,2.62,10.3,236,2.62,0.0,,,,13.9,,unavailable (no satellite pass / dataset error),
66.9,Good,,2026-08-30T09:10:10Z,Robe,2026-08-28T22:00:00Z,2026-08-29T08:00,5.6,84,12.2,0.0,2.58,10.2,236,2.58,0.0,,,,13.9,,unavailable (no satellite pass / dataset error),
66.6,Good,,2026-08-30T09:10:10Z,Robe,2026-08-28T23:00:00Z,2026-08-29T09:00,5.9,88,14.8,0.0,2.54,10.1,236,2.56,0.0,,,,13.9,,unavailable (no satellite pass / dataset error),
68.6,Good,,2026-08-30T09:10:10Z,Robe,2026-08-29T00:00:00Z,2026-08-29T10:00,4.1,75,15.1,0.0,2.5,10.05,236,2.52,0.0,,,,14.0,,unavailable (no satellite pass / dataset error),
71.8,Good,,2026-08-30T09:10:10Z,Robe,2026-08-29T01:00:00Z,2026-08-29T11:00,1.5,76,13.7,0.0,2.46,10.0,235,2.48,0.0,,,,14.1,,unavailable (no satellite pass / dataset error),
70.2,Good,,2026-08-30T09:10:10Z,Robe,2026-08-29T02:00:00Z,2026-08-29T12:00,3.3,229,13.3,0.0,2.44,10.0,235,2.44,0.0,,,,14.2,,unavailable (no satellite pass / dataset error),
65.8,Good,,2026-08-30T09:10:10Z,Robe,2026-08-29T03:00:00Z,2026-08-29T13:00,7.5,220,19.1,0.0,2.4,9.95,234,2.4,0.0,,,,14.3,,unavailable (no satellite pass / dataset error),
63.1,Good,,2026-08-30T09:10:10Z,Robe,2026-08-29T04:00:00Z,2026-08-29T14:00,10.1,209,22.7,0.0,2.38,9.9,234,2.38,0.02,,,,14.5,,unavailable (no satellite pass / dataset error),
61.3,Good,,2026-08-30T09:10:10Z,Robe,2026-08-29T05:00:00Z,2026-08-29T15:00,12.0,194,24.8,0.0,2.34,9.9,233,2.34,0.02,,,,14.6,,unavailable (no satellite pass / dataset error),
62.7,Good,,2026-08-30T09:10:10Z,Robe,2026-08-29T06:00:00Z,2026-08-29T16:00,11.0,191,25.2,0.0,2.32,9.85,233,2.32,0.04,,,,14.6,,unavailable (no satellite pass / dataset error),
63.2,Good,,2026-08-30T09:10:10Z,Robe,2026-08-29T07:00:00Z,2026-08-29T17:00,10.7,192,22.0,0.0,2.3,9.75,232,2.3,0.04,,,,14.6,,unavailable (no satellite pass / dataset error),
66.3,Good,,2026-08-30T09:10:10Z,Robe,2026-08-29T08:00:00Z,2026-08-29T18:00,8.4,190,19.8,0.0,2.26,9.65,232,2.26,0.02,,,,14.5,,unavailable (no satellite pass / dataset error),
69.4,Good,,2026-08-30T09:10:10Z,Robe,2026-08-29T09:00:00Z,2026-08-29T19:00,5.9,192,13.7,0.0,2.24,9.65,231,2.24,0.02,,,,14.4,,unavailable (no satellite pass / dataset error),
69.6,Good,,2026-08-30T09:10:10Z,Robe,2026-08-29T10:00:00Z,2026-08-29T20:00,5.7,193,9.7,0.0,2.14,9.8,230,2.24,0.02,,,,14.3,,unavailable (no satellite pass / dataset error),
69.8,Good,,2026-08-30T09:10:10Z,Robe,2026-08-29T11:00:00Z,2026-08-29T21:00,5.5,193,9.4,0.0,2.04,10.05,229,2.24,0.02,,,,14.2,,unavailable (no satellite pass / dataset error),
70.4,Good,,2026-08-30T09:10:10Z,Robe,2026-08-29T12:00:00Z,2026-08-29T22:00,5.0,201,9.4,0.0,1.94,10.2,228,2.24,0.02,,,,14.1,,unavailable (no satellite pass / dataset error),
69.3,Good,,2026-08-30T09:10:10Z,Robe,2026-08-29T13:00:00Z,2026-08-29T23:00,5.8,206,9.0,0.0,2.04,10.05,227,2.26,0.04,,,,14.0,,unavailable (no satellite pass / dataset error),
68.5,Good,,2026-08-30T09:10:10Z,Robe,2026-08-29T14:00:00Z,2026-08-30T00:00,6.5,199,10.4,0.0,2.16,9.8,227,2.26,0.06,,,,14.0,,unavailable (no satellite pass / dataset error),
67.5,Good,,2026-08-30T09:10:10Z,Robe,2026-08-29T15:00:00Z,2026-08-30T01:00,7.2,194,11.9,0.0,2.26,9.6,226,2.28,0.08,,,,14.0,,unavailable (no satellite pass / dataset error),
66.1,Good,,2026-08-30T09:10:10Z,Robe,2026-08-29T16:00:00Z,2026-08-30T02:00,8.2,190,13.7,0.0,2.28,9.55,226,2.3,0.12,,,,14.0,,unavailable (no satellite pass / dataset error),
65.3,Good,,2026-08-30T09:10:10Z,Robe,2026-08-29T17:00:00Z,2026-08-30T03:00,8.5,186,14.0,0.0,2.3,9.6,225,2.34,0.16,,,,13.9,,unavailable (no satellite pass / dataset error),
66.9,Good,,2026-08-30T09:10:10Z,Robe,2026-08-29T18:00:00Z,2026-08-30T04:00,6.9,173,14.8,0.0,2.32,9.65,225,2.36,0.2,,,,13.9,,unavailable (no satellite pass / dataset error),
67.9,Good,,2026-08-30T09:10:10Z,Robe,2026-08-29T19:00:00Z,2026-08-30T05:00,5.9,166,10.8,0.0,2.36,9.75,224,2.38,0.14,,,,13.9,,unavailable (no satellite pass / dataset error),
70.9,Good,,2026-08-30T09:10:10Z,Robe,2026-08-29T20:00:00Z,2026-08-30T06:00,2.9,137,9.4,0.0,2.38,9.9,224,2.42,0.06,,,,13.9,,unavailable (no satellite pass / dataset error),
72.0,Good,,2026-08-30T09:10:10Z,Robe,2026-08-29T21:00:00Z,2026-08-30T07:00,1.7,77,5.4,0.0,2.42,10.0,223,2.44,0.0,,,,13.8,,unavailable (no satellite pass / dataset error),
67.4,Good,,2026-08-30T09:10:10Z,Robe,2026-08-29T22:00:00Z,2026-08-30T08:00,5.4,48,9.0,0.0,2.46,10.1,223,2.48,0.0,,,,13.8,,unavailable (no satellite pass / dataset error),
68.1,Good,,2026-08-30T09:10:10Z,Robe,2026-08-29T23:00:00Z,2026-08-30T09:00,4.6,39,13.3,0.0,2.5,10.15,222,2.5,0.0,,,,13.8,,unavailable (no satellite pass / dataset error),
69.1,Good,,2026-08-30T09:10:10Z,Robe,2026-08-30T00:00:00Z,2026-08-30T10:00,3.7,43,13.3,0.0,2.54,10.25,222,2.54,0.0,,,,13.9,,unavailable (no satellite pass / dataset error),
72.3,Good,,2026-08-30T09:10:10Z,Robe,2026-08-30T01:00:00Z,2026-08-30T11:00,0.9,360,12.6,0.0,2.58,10.3,222,2.58,0.0,,,,14.0,,unavailable (no satellite pass / dataset error),
68.8,Good,,2026-08-30T09:10:10Z,Robe,2026-08-30T02:00:00Z,2026-08-30T12:00,4.0,231,14.4,0.0,2.6,10.4,221,2.6,0.0,,,,14.1,,unavailable (no satellite pass / dataset error),
64.5,Good,,2026-08-30T09:10:10Z,Robe,2026-08-30T03:00:00Z,2026-08-30T13:00,7.7,237,19.4,0.0,2.64,10.45,221,2.64,0.0,,,,14.3,,unavailable (no satellite pass / dataset error),
61.8,Good,,2026-08-30T09:10:10Z,Robe,2026-08-30T04:00:00Z,2026-08-30T14:00,10.1,235,22.7,0.0,2.66,10.5,221,2.66,0.0,,,,14.4,,unavailable (no satellite pass / dataset error),
61.8,Good,,2026-08-30T09:10:10Z,Robe,2026-08-30T05:00:00Z,2026-08-30T15:00,10.1,230,23.4,0.0,2.68,10.5,221,2.68,0.0,,,,14.5,,unavailable (no satellite pass / dataset error),
64.1,Good,,2026-08-30T09:10:10Z,Robe,2026-08-30T06:00:00Z,2026-08-30T16:00,8.1,225,22.3,0.0,2.7,10.55,221,2.7,0.0,,,,14.6,,unavailable (no satellite pass / dataset error),
64.2,Good,,2026-08-30T09:10:10Z,Robe,2026-08-30T07:00:00Z,2026-08-30T17:00,8.0,205,18.4,0.0,2.72,10.65,221,2.72,0.02,,,,14.6,,unavailable (no satellite pass / dataset error),
65.2,Good,,2026-08-30T09:10:10Z,Robe,2026-08-30T08:00:00Z,2026-08-30T18:00,7.1,190,16.2,0.0,2.72,10.7,222,2.72,0.02,,,,14.5,,unavailable (no satellite pass / dataset error),
66.1,Good,,2026-08-30T09:10:10Z,Robe,2026-08-30T09:00:00Z,2026-08-30T19:00,6.3,182,11.9,0.0,2.74,10.65,222,2.74,0.04,,,,14.4,,unavailable (no satellite pass / dataset error),
61.5,Good,,2026-08-30T09:10:10Z,Cape Bridgewater,2026-08-27T14:00:00Z,2026-08-28T00:00,14.5,316,26.6,0.0,1.52,8.95,248,2.06,0.42,,,,14.9,,unavailable (no satellite pass / dataset error),
60.4,Good,,2026-08-30T09:10:10Z,Cape Bridgewater,2026-08-27T15:00:00Z,2026-08-28T01:00,15.2,317,26.3,0.0,1.5,9.4,247,2.08,0.42,,,,14.9,,unavailable (no satellite pass / dataset error),
59.7,Fair,,2026-08-30T09:10:10Z,Cape Bridgewater,2026-08-27T16:00:00Z,2026-08-28T02:00,15.7,317,27.4,0.0,1.58,9.3,248,2.1,0.42,,,,14.9,,unavailable (no satellite pass / dataset error),
57.6,Fair,,2026-08-30T09:10:10Z,Cape Bridgewater,2026-08-27T17:00:00Z,2026-08-28T03:00,17.1,319,29.5,0.0,1.68,8.9,248,2.14,0.42,,,,14.9,,unavailable (no satellite pass / dataset error),
56.5,Fair,,2026-08-30T09:10:10Z,Cape Bridgewater,2026-08-27T18:00:00Z,2026-08-28T04:00,17.9,321,30.2,0.0,1.76,8.6,249,2.16,0.42,,,,14.9,,unavailable (no satellite pass / dataset error),
56.9,Fair,,2026-08-30T09:10:10Z,Cape Bridgewater,2026-08-27T19:00:00Z,2026-08-28T05:00,17.4,313,31.3,0.0,1.76,8.45,249,2.18,0.4,,,,14.9,,unavailable (no satellite pass / dataset error),
56.7,Fair,,2026-08-30T09:10:10Z,Cape Bridgewater,2026-08-27T20:00:00Z,2026-08-28T06:00,17.5,310,31.3,0.0,1.74,8.45,248,2.18,0.36,,,,14.9,,unavailable (no satellite pass / dataset error),
56.2,Fair,,2026-08-30T09:10:10Z,Cape Bridgewater,2026-08-27T21:00:00Z,2026-08-28T07:00,17.8,293,31.0,0.0,1.74,8.7,248,2.2,0.34,,,,14.9,,unavailable (no satellite pass / dataset error),
55.7,Fair,,2026-08-30T09:10:10Z,Cape Bridgewater,2026-08-27T22:00:00Z,2026-08-28T08:00,17.3,290,31.3,0.0,1.98,9.5,245,2.3,0.3,,,,14.9,,unavailable (no satellite pass / dataset error),
54.1,Fair,,2026-08-30T09:10:10Z,Cape Bridgewater,2026-08-27T23:00:00Z,2026-08-28T09:00,17.8,269,33.8,0.0,2.24,10.55,243,2.4,0.26,,,,15.0,,unavailable (no satellite pass / dataset error),
57.4,Fair,,2026-08-30T09:10:10Z,Cape Bridgewater,2026-08-28T00:00:00Z,2026-08-28T10:00,13.4,226,34.2,0.4,2.48,11.4,240,2.5,0.22,,,,15.0,,unavailable (no satellite pass / dataset error),
56.8,Fair,,2026-08-30T09:10:10Z,Cape Bridgewater,2026-08-28T01:00:00Z,2026-08-28T11:00,13.9,194,29.9,0.1,2.36,11.9,240,2.48,0.2,,,,15.0,,unavailable (no satellite pass / dataset error),
58.4,Fair,,2026-08-30T09:10:10Z,Cape Bridgewater,2026-08-28T02:00:00Z,2026-08-28T12:00,12.9,205,28.4,0.0,2.24,12.15,239,2.44,0.18,,,,15.0,,unavailable (no satellite pass / dataset error),
62.3,Good,,2026-08-30T09:10:10Z,Cape Bridgewater,2026-08-28T03:00:00Z,2026-08-28T13:00,9.7,199,27.0,0.0,2.12,12.2,239,2.42,0.16,,,,15.1,,unavailable (no satellite pass / dataset error),
61.1,Good,,2026-08-30T09:10:10Z,Cape Bridgewater,2026-08-28T04:00:00Z,2026-08-28T14:00,10.7,200,24.5,0.0,2.22,11.9,239,2.42,0.14,,,,15.1,,unavailable (no satellite pass / dataset error),
60.7,Good,,2026-08-30T09:10:10Z,Cape Bridgewater,2026-08-28T05:00:00Z,2026-08-28T15:00,10.9,187,24.5,0.0,2.32,11.4,240,2.44,0.12,,,,15.1,,unavailable (no satellite pass / dataset error),
60.6,Good,,2026-08-30T09:10:10Z,Cape Bridgewater,2026-08-28T06:00:00Z,2026-08-28T16:00,11.0,179,25.6,0.0,2.42,10.85,240,2.44,0.1,,,,15.1,,unavailable (no satellite pass / dataset error),
64.7,Good,,2026-08-30T09:10:10Z,Cape Bridgewater,2026-08-28T07:00:00Z,2026-08-28T17:00,7.6,179,22.7,0.0,2.32,10.35,239,2.42,0.08,,,,15.1,,unavailable (no satellite pass / dataset error),
68.4,Good,,2026-08-30T09:10:10Z,Cape Bridgewater,2026-08-28T08:00:00Z,2026-08-28T18:00,4.3,178,16.2,0.0,2.22,9.9,239,2.42,0.04,,,,15.1,,unavailable (no satellite pass / dataset error),
72.0,Good,,2026-08-30T09:10:10Z,Cape Bridgewater,2026-08-28T09:00:00Z,2026-08-28T19:00,1.4,203,7.9,0.0,2.12,9.55,238,2.4,0.02,,,,15.1,,unavailable (no satellite pass / dataset error),
68.8,Good,,2026-08-30T09:10:10Z,Cape Bridgewater,2026-08-28T10:00:00Z,2026-08-28T20:00,4.2,216,5.0,0.0,2.14,9.4,238,2.4,0.02,,,,15.0,,unavailable (no satellite pass / dataset error),
66.0,Good,,2026-08-30T09:10:10Z,Cape Bridgewater,2026-08-28T11:00:00Z,2026-08-28T21:00,6.4,202,11.5,0.0,2.14,9.4,237,2.42,0.0,,,,15.0,,unavailable (no satellite pass / dataset error),
68.3,Good,,2026-08-30T09:10:10Z,Cape Bridgewater,2026-08-28T12:00:00Z,2026-08-28T22:00,4.4,201,10.8,0.0,2.16,9.4,237,2.42,0.0,,,,15.0,,unavailable (no satellite pass / dataset error),
69.1,Good,,2026-08-30T09:10:10Z,Cape Bridgewater,2026-08-28T13:00:00Z,2026-08-28T23:00,3.7,219,6.1,0.0,2.18,9.35,236,2.42,0.02,,,,15.0,,unavailable (no satellite pass / dataset error),
68.0,Good,,2026-08-30T09:10:10Z,Cape Bridgewater,2026-08-28T14:00:00Z,2026-08-29T00:00,4.9,234,6.5,0.0,2.2,9.3,236,2.4,0.02,,,,15.0,,unavailable (no satellite pass / dataset error),
66.3,Good,,2026-08-30T09:10:10Z,Cape Bridgewater,2026-08-28T15:00:00Z,2026-08-29T01:00,6.4,234,10.4,0.0,2.22,9.3,235,2.4,0.04,,,,15.0,,unavailable (no satellite pass / dataset error),
64.5,Good,,2026-08-30T09:10:10Z,Cape Bridgewater,2026-08-28T16:00:00Z,2026-08-29T02:00,8.1,235,13.3,0.0,2.26,9.35,234,2.38,0.08,,,,15.0,,unavailable (no satellite pass / dataset error),
61.7,Good,,2026-08-30T09:10:10Z,Cape Bridgewater,2026-08-28T17:00:00Z,2026-08-29T03:00,10.8,228,18.4,0.0,2.3,9.45,233,2.36,0.1,,,,15.0,,unavailable (no satellite pass / dataset error),
62.0,Good,,2026-08-30T09:10:10Z,Cape Bridgewater,2026-08-28T18:00:00Z,2026-08-29T04:00,10.7,222,20.5,0.0,2.34,9.5,232,2.34,0.14,,,,15.0,,unavailable (no satellite pass / dataset error),
63.1,Good,,2026-08-30T09:10:10Z,Cape Bridgewater,2026-08-28T19:00:00Z,2026-08-29T05:00,9.9,224,18.4,0.0,2.32,9.45,232,2.32,0.16,,,,15.0,,unavailable (no satellite pass / dataset error),
65.3,Good,,2026-08-30T09:10:10Z,Cape Bridgewater,2026-08-28T20:00:00Z,2026-08-29T06:00,8.2,229,16.9,0.0,2.28,9.35,231,2.3,0.16,,,,15.0,,unavailable (no satellite pass / dataset error),
64.9,Good,,2026-08-30T09:10:10Z,Cape Bridgewater,2026-08-28T21:00:00Z,2026-08-29T07:00,8.7,227,14.4,0.0,2.26,9.25,231,2.28,0.18,,,,15.0,,unavailable (no satellite pass / dataset error),
63.7,Good,,2026-08-30T09:10:10Z,Cape Bridgewater,2026-08-28T22:00:00Z,2026-08-29T08:00,9.9,226,17.3,0.0,2.24,9.2,231,2.26,0.18,,,,15.0,,unavailable (no satellite pass / dataset error),
61.7,Good,,2026-08-30T09:10:10Z,Cape Bridgewater,2026-08-28T23:00:00Z,2026-08-29T09:00,11.9,231,23.4,0.0,2.24,9.15,230,2.24,0.18,,,,15.0,,unavailable (no satellite pass / dataset error),
62.3,Good,,2026-08-30T09:10:10Z,Cape Bridgewater,2026-08-29T00:00:00Z,2026-08-29T10:00,12.1,250,25.9,0.0,2.22,9.1,230,2.22,0.18,,,,15.0,,unavailable (no satellite pass / dataset error),
60.1,Good,,2026-08-30T09:10:10Z,Cape Bridgewater,2026-08-29T01:00:00Z,2026-08-29T11:00,14.2,246,30.2,0.0,2.2,9.05,230,2.22,0.18,,,,15.0,,unavailable (no satellite pass / dataset error),
60.4,Good,,2026-08-30T09:10:10Z,Cape Bridgewater,2026-08-29T02:00:00Z,2026-08-29T12:00,14.1,247,30.6,0.0,2.18,9.05,230,2.2,0.18,,,,15.0,,unavailable (no satellite pass / dataset error),
60.2,Good,,2026-08-30T09:10:10Z,Cape Bridgewater,2026-08-29T03:00:00Z,2026-08-29T13:00,14.3,246,30.6,0.0,2.16,9.05,230,2.2,0.18,,,,15.0,,unavailable (no satellite pass / dataset error),
59.4,Fair,,2026-08-30T09:10:10Z,Cape Bridgewater,2026-08-29T04:00:00Z,2026-08-29T14:00,15.0,243,32.0,0.0,2.16,9.05,230,2.2,0.18,,,,15.0,,unavailable (no satellite pass / dataset error),
60.3,Good,,2026-08-30T09:10:10Z,Cape Bridgewater,2026-08-29T05:00:00Z,2026-08-29T15:00,14.4,242,31.7,0.0,2.16,9.05,229,2.18,0.18,,,,15.0,,unavailable (no satellite pass / dataset error),
62.2,Good,,2026-08-30T09:10:10Z,Cape Bridgewater,2026-08-29T06:00:00Z,2026-08-29T16:00,12.7,252,30.2,0.0,2.16,9.05,229,2.18,0.18,,,,15.0,,unavailable (no satellite pass / dataset error),
62.0,Good,,2026-08-30T09:10:10Z,Cape Bridgewater,2026-08-29T07:00:00Z,2026-08-29T17:00,12.5,263,26.3,0.0,2.2,9.1,228,2.22,0.2,,,,15.0,,unavailable (no satellite pass / dataset error),
62.4,Good,,2026-08-30T09:10:10Z,Cape Bridgewater,2026-08-29T08:00:00Z,2026-08-29T18:00,11.8,264,23.4,0.0,2.24,9.15,228,2.26,0.2,,,,15.0,,unavailable (no satellite pass / dataset error),
61.0,Good,,2026-08-30T09:10:10Z,Cape Bridgewater,2026-08-29T09:00:00Z,2026-08-29T19:00,12.7,254,21.6,0.0,2.28,9.2,227,2.3,0.22,,,,15.0,,unavailable (no satellite pass / dataset error),
61.4,Good,,2026-08-30T09:10:10Z,Cape Bridgewater,2026-08-29T10:00:00Z,2026-08-29T20:00,12.3,248,22.0,0.0,2.28,9.15,226,2.3,0.24,,,,15.0,,unavailable (no satellite pass / dataset error),
60.7,Good,,2026-08-30T09:10:10Z,Cape Bridgewater,2026-08-29T11:00:00Z,2026-08-29T21:00,12.9,243,22.0,0.0,2.26,9.05,225,2.3,0.26,,,,15.0,,unavailable (no satellite pass / dataset error),
61.1,Good,,2026-08-30T09:10:10Z,Cape Bridgewater,2026-08-29T12:00:00Z,2026-08-29T22:00,12.6,239,22.3,0.0,2.26,9.0,224,2.3,0.28,,,,15.0,,unavailable (no satellite pass / dataset error),
60.6,Good,,2026-08-30T09:10:10Z,Cape Bridgewater,2026-08-29T13:00:00Z,2026-08-29T23:00,13.0,236,22.3,0.0,2.26,8.95,223,2.3,0.26,,,,15.0,,unavailable (no satellite pass / dataset error),
60.3,Good,,2026-08-30T09:10:10Z,Cape Bridgewater,2026-08-29T14:00:00Z,2026-08-30T00:00,13.1,234,23.4,0.0,2.28,8.9,223,2.32,0.26,,,,15.0,,unavailable (no satellite pass / dataset error),
61.0,Good,,2026-08-30T09:10:10Z,Cape Bridgewater,2026-08-29T15:00:00Z,2026-08-30T01:00,12.5,235,23.4,0.0,2.28,8.9,222,2.32,0.24,,,,14.9,,unavailable (no satellite pass / dataset error),
61.0,Good,,2026-08-30T09:10:10Z,Cape Bridgewater,2026-08-29T16:00:00Z,2026-08-30T02:00,12.3,233,22.3,0.0,2.3,8.95,222,2.34,0.24,,,,14.9,,unavailable (no satellite pass / dataset error),
60.8,Good,,2026-08-30T09:10:10Z,Cape Bridgewater,2026-08-29T17:00:00Z,2026-08-30T03:00,12.3,232,22.0,0.0,2.32,9.0,221,2.36,0.22,,,,14.9,,unavailable (no satellite pass / dataset error),
60.3,Good,,2026-08-30T09:10:10Z,Cape Bridgewater,2026-08-29T18:00:00Z,2026-08-30T04:00,12.5,240,22.0,0.0,2.34,9.05,221,2.38,0.22,,,,14.9,,unavailable (no satellite pass / dataset error),
60.1,Good,,2026-08-30T09:10:10Z,Cape Bridgewater,2026-08-29T19:00:00Z,2026-08-30T05:00,12.3,241,21.6,0.0,2.38,9.15,221,2.42,0.18,,,,14.9,,unavailable (no satellite pass / dataset error),
60.0,Good,,2026-08-30T09:10:10Z,Cape Bridgewater,2026-08-29T20:00:00Z,2026-08-30T06:00,12.0,233,21.6,0.0,2.44,9.25,221,2.46,0.16,,,,14.9,,unavailable (no satellite pass / dataset error),
61.0,Good,,2026-08-30T09:10:10Z,Cape Bridgewater,2026-08-29T21:00:00Z,2026-08-30T07:00,10.8,227,20.9,0.0,2.48,9.35,221,2.5,0.12,,,,14.9,,unavailable (no satellite pass / dataset error),
62.0,Good,,2026-08-30T09:10:10Z,Cape Bridgewater,2026-08-29T22:00:00Z,2026-08-30T08:00,9.9,224,19.1,0.0,2.52,9.45,221,2.54,0.1,,,,14.9,,unavailable (no satellite pass / dataset error),
62.0,Good,,2026-08-30T09:10:10Z,Cape Bridgewater,2026-08-29T23:00:00Z,2026-08-30T09:00,9.9,228,21.6,0.0,2.58,9.55,220,2.58,0.08,,,,14.9,,unavailable (no satellite pass / dataset error),
62.7,Good,,2026-08-30T09:10:10Z,Cape Bridgewater,2026-08-30T00:00:00Z,2026-08-30T10:00,9.3,243,22.0,0.0,2.62,9.65,220,2.62,0.06,,,,14.9,,unavailable (no satellite pass / dataset error),
61.7,Good,,2026-08-30T09:10:10Z,Cape Bridgewater,2026-08-30T01:00:00Z,2026-08-30T11:00,10.2,247,23.4,0.0,2.64,9.7,220,2.64,0.08,,,,14.9,,unavailable (no satellite pass / dataset error),
61.2,Good,,2026-08-30T09:10:10Z,Cape Bridgewater,2026-08-30T02:00:00Z,2026-08-30T12:00,10.6,251,24.8,0.0,2.64,9.75,220,2.64,0.08,,,,15.0,,unavailable (no satellite pass / dataset error),
60.6,Good,,2026-08-30T09:10:10Z,Cape Bridgewater,2026-08-30T03:00:00Z,2026-08-30T13:00,11.1,256,26.3,0.0,2.66,9.8,220,2.66,0.1,,,,15.0,,unavailable (no satellite pass / dataset error),
59.6,Fair,,2026-08-30T09:10:10Z,Cape Bridgewater,2026-08-30T04:00:00Z,2026-08-30T14:00,12.0,257,27.4,0.0,2.66,9.8,220,2.66,0.12,,,,15.0,,unavailable (no satellite pass / dataset error),
58.9,Fair,,2026-08-30T09:10:10Z,Cape Bridgewater,2026-08-30T05:00:00Z,2026-08-30T15:00,12.6,257,27.7,0.0,2.66,9.8,220,2.66,0.12,,,,15.1,,unavailable (no satellite pass / dataset error),
58.9,Fair,,2026-08-30T09:10:10Z,Cape Bridgewater,2026-08-30T06:00:00Z,2026-08-30T16:00,12.6,253,27.7,0.0,2.66,9.8,220,2.66,0.14,,,,15.1,,unavailable (no satellite pass / dataset error),
59.0,Fair,,2026-08-30T09:10:10Z,Cape Bridgewater,2026-08-30T07:00:00Z,2026-08-30T17:00,12.5,247,26.6,0.0,2.64,9.8,220,2.64,0.14,,,,15.1,,unavailable (no satellite pass / dataset error),
61.8,Good,,2026-08-30T09:10:10Z,Cape Bridgewater,2026-08-30T08:00:00Z,2026-08-30T18:00,10.1,245,24.5,0.0,2.64,9.8,220,2.64,0.14,,,,15.1,,unavailable (no satellite pass / dataset error),
61.7,Good,,2026-08-30T09:10:10Z,Cape Bridgewater,2026-08-30T09:00:00Z,2026-08-30T19:00,10.2,238,17.6,0.0,2.62,9.85,220,2.62,0.14,,,,15.0,,unavailable (no satellite pass / dataset error),
68.5,Good,,2026-08-30T09:10:10Z,Portland Bay,2026-08-27T14:00:00Z,2026-08-28T00:00,11.3,317,21.6,0.0,1.2,9.4,241,1.74,0.28,,,,14.8,,unavailable (no satellite pass / dataset error),
67.3,Good,,2026-08-30T09:10:10Z,Portland Bay,2026-08-27T15:00:00Z,2026-08-28T01:00,12.2,319,20.9,0.0,1.2,9.45,241,1.76,0.3,,,,14.8,,unavailable (no satellite pass / dataset error),
66.3,Good,,2026-08-30T09:10:10Z,Portland Bay,2026-08-27T16:00:00Z,2026-08-28T02:00,12.9,319,22.7,0.0,1.22,9.2,241,1.78,0.32,,,,14.8,,unavailable (no satellite pass / dataset error),
65.3,Good,,2026-08-30T09:10:10Z,Portland Bay,2026-08-27T17:00:00Z,2026-08-28T03:00,13.6,318,24.1,0.0,1.22,8.9,241,1.8,0.32,,,,14.8,,unavailable (no satellite pass / dataset error),
63.6,Good,,2026-08-30T09:10:10Z,Portland Bay,2026-08-27T18:00:00Z,2026-08-28T04:00,14.9,318,25.2,0.0,1.24,8.9,241,1.82,0.34,,,,14.8,,unavailable (no satellite pass / dataset error),
64.5,Good,,2026-08-30T09:10:10Z,Portland Bay,2026-08-27T19:00:00Z,2026-08-28T05:00,13.9,311,25.9,0.0,1.38,9.5,240,1.84,0.32,,,,14.8,,unavailable (no satellite pass / dataset error),
64.2,Good,,2026-08-30T09:10:10Z,Portland Bay,2026-08-27T20:00:00Z,2026-08-28T06:00,14.0,306,25.2,0.0,1.52,10.45,240,1.86,0.3,,,,14.8,,unavailable (no satellite pass / dataset error),
65.0,Good,,2026-08-30T09:10:10Z,Portland Bay,2026-08-27T21:00:00Z,2026-08-28T07:00,13.1,302,24.8,0.0,1.66,11.25,239,1.88,0.28,,,,14.8,,unavailable (no satellite pass / dataset error),
63.5,Good,,2026-08-30T09:10:10Z,Portland Bay,2026-08-27T22:00:00Z,2026-08-28T08:00,13.5,303,24.1,0.0,1.8,11.7,237,1.98,0.26,,,,14.8,,unavailable (no satellite pass / dataset error),
61.9,Good,,2026-08-30T09:10:10Z,Portland Bay,2026-08-27T23:00:00Z,2026-08-28T09:00,14.1,293,28.4,0.0,1.94,12.05,236,2.06,0.22,,,,14.8,,unavailable (no satellite pass / dataset error),
64.2,Good,,2026-08-30T09:10:10Z,Portland Bay,2026-08-28T00:00:00Z,2026-08-28T10:00,11.0,268,25.6,0.1,2.08,12.2,234,2.16,0.2,,,,14.8,,unavailable (no satellite pass / dataset error),
61.2,Good,,2026-08-30T09:10:10Z,Portland Bay,2026-08-28T01:00:00Z,2026-08-28T11:00,13.4,204,28.1,0.3,2.06,12.2,235,2.14,0.18,,,,14.8,,unavailable (no satellite pass / dataset error),
63.0,Good,,2026-08-30T09:10:10Z,Portland Bay,2026-08-28T02:00:00Z,2026-08-28T12:00,12.2,204,28.4,0.0,2.02,12.0,235,2.1,0.18,,,,14.9,,unavailable (no satellite pass / dataset error),
65.8,Good,,2026-08-30T09:10:10Z,Portland Bay,2026-08-28T03:00:00Z,2026-08-28T13:00,9.9,199,26.3,0.0,2.0,11.85,236,2.08,0.16,,,,14.9,,unavailable (no satellite pass / dataset error),
65.6,Good,,2026-08-30T09:10:10Z,Portland Bay,2026-08-28T04:00:00Z,2026-08-28T14:00,10.1,207,23.8,0.0,2.0,11.75,236,2.08,0.14,,,,14.9,,unavailable (no satellite pass / dataset error),
65.5,Good,,2026-08-30T09:10:10Z,Portland Bay,2026-08-28T05:00:00Z,2026-08-28T15:00,10.0,193,23.8,0.0,2.02,11.7,236,2.1,0.14,,,,15.0,,unavailable (no satellite pass / dataset error),
64.9,Good,,2026-08-30T09:10:10Z,Portland Bay,2026-08-28T06:00:00Z,2026-08-28T16:00,10.5,175,24.8,0.0,2.02,11.6,236,2.1,0.12,,,,15.0,,unavailable (no satellite pass / dataset error),
68.0,Good,,2026-08-30T09:10:10Z,Portland Bay,2026-08-28T07:00:00Z,2026-08-28T17:00,7.8,172,22.3,0.0,2.02,11.5,236,2.1,0.1,,,,15.0,,unavailable (no satellite pass / dataset error),
71.5,Good,,2026-08-30T09:10:10Z,Portland Bay,2026-08-28T08:00:00Z,2026-08-28T18:00,4.9,172,16.6,0.0,2.0,11.35,236,2.08,0.06,,,,15.0,,unavailable (no satellite pass / dataset error),
74.6,Good,,2026-08-30T09:10:10Z,Portland Bay,2026-08-28T09:00:00Z,2026-08-28T19:00,2.2,189,8.3,0.0,2.0,11.2,236,2.08,0.04,,,,14.9,,unavailable (no satellite pass / dataset error),
72.8,Good,,2026-08-30T09:10:10Z,Portland Bay,2026-08-28T10:00:00Z,2026-08-28T20:00,3.8,221,4.3,0.0,2.0,11.1,235,2.08,0.02,,,,14.9,,unavailable (no satellite pass / dataset error),
69.9,Good,,2026-08-30T09:10:10Z,Portland Bay,2026-08-28T11:00:00Z,2026-08-28T21:00,6.3,204,10.1,0.0,2.0,11.0,235,2.08,0.02,,,,14.9,,unavailable (no satellite pass / dataset error),
71.2,Good,,2026-08-30T09:10:10Z,Portland Bay,2026-08-28T12:00:00Z,2026-08-28T22:00,5.2,200,9.4,0.0,2.0,10.85,234,2.08,0.0,,,,14.9,,unavailable (no satellite pass / dataset error),
71.9,Good,,2026-08-30T09:10:10Z,Portland Bay,2026-08-28T13:00:00Z,2026-08-28T23:00,4.6,216,6.8,0.0,2.02,10.55,232,2.08,0.02,,,,14.9,,unavailable (no satellite pass / dataset error),
72.0,Good,,2026-08-30T09:10:10Z,Portland Bay,2026-08-28T14:00:00Z,2026-08-29T00:00,4.5,236,6.1,0.0,2.06,10.25,231,2.08,0.02,,,,14.9,,unavailable (no satellite pass / dataset error),
71.1,Good,,2026-08-30T09:10:10Z,Portland Bay,2026-08-28T15:00:00Z,2026-08-29T01:00,5.3,237,7.2,0.0,2.08,9.95,229,2.08,0.04,,,,14.8,,unavailable (no satellite pass / dataset error),
70.8,Good,,2026-08-30T09:10:10Z,Portland Bay,2026-08-28T16:00:00Z,2026-08-29T02:00,5.7,246,7.2,0.0,2.06,9.8,228,2.06,0.08,,,,14.8,,unavailable (no satellite pass / dataset error),
69.5,Good,,2026-08-30T09:10:10Z,Portland Bay,2026-08-28T17:00:00Z,2026-08-29T03:00,7.1,240,10.4,0.0,2.04,9.65,228,2.04,0.1,,,,14.8,,unavailable (no satellite pass / dataset error),
70.1,Good,,2026-08-30T09:10:10Z,Portland Bay,2026-08-28T18:00:00Z,2026-08-29T04:00,6.7,234,12.2,0.0,2.02,9.55,227,2.02,0.14,,,,14.8,,unavailable (no satellite pass / dataset error),
70.9,Good,,2026-08-30T09:10:10Z,Portland Bay,2026-08-28T19:00:00Z,2026-08-29T05:00,6.2,237,10.1,0.0,2.0,9.45,226,2.0,0.16,,,,14.8,,unavailable (no satellite pass / dataset error),
72.5,Good,,2026-08-30T09:10:10Z,Portland Bay,2026-08-28T20:00:00Z,2026-08-29T06:00,5.0,249,9.0,0.0,1.98,9.35,226,1.98,0.16,,,,14.8,,unavailable (no satellite pass / dataset error),
72.8,Good,,2026-08-30T09:10:10Z,Portland Bay,2026-08-28T21:00:00Z,2026-08-29T07:00,4.9,253,6.5,0.0,1.96,9.25,225,1.96,0.18,,,,14.8,,unavailable (no satellite pass / dataset error),
72.0,Good,,2026-08-30T09:10:10Z,Portland Bay,2026-08-28T22:00:00Z,2026-08-29T08:00,5.8,250,8.3,0.0,1.94,9.15,225,1.94,0.18,,,,14.8,,unavailable (no satellite pass / dataset error),
69.3,Good,,2026-08-30T09:10:10Z,Portland Bay,2026-08-28T23:00:00Z,2026-08-29T09:00,8.2,237,16.9,0.0,1.94,9.1,224,1.94,0.16,,,,14.8,,unavailable (no satellite pass / dataset error),
68.3,Good,,2026-08-30T09:10:10Z,Portland Bay,2026-08-29T00:00:00Z,2026-08-29T10:00,9.4,247,23.0,0.0,1.92,9.05,224,1.92,0.16,,,,14.8,,unavailable (no satellite pass / dataset error),
66.1,Good,,2026-08-30T09:10:10Z,Portland Bay,2026-08-29T01:00:00Z,2026-08-29T11:00,11.7,241,26.3,0.0,1.9,9.0,224,1.92,0.16,,,,14.8,,unavailable (no satellite pass / dataset error),
65.8,Good,,2026-08-30T09:10:10Z,Portland Bay,2026-08-29T02:00:00Z,2026-08-29T12:00,12.2,242,28.1,0.0,1.9,9.0,224,1.9,0.18,,,,14.8,,unavailable (no satellite pass / dataset error),
65.1,Good,,2026-08-30T09:10:10Z,Portland Bay,2026-08-29T03:00:00Z,2026-08-29T13:00,12.8,241,28.8,0.0,1.88,9.0,224,1.9,0.18,,,,14.9,,unavailable (no satellite pass / dataset error),
64.6,Good,,2026-08-30T09:10:10Z,Portland Bay,2026-08-29T04:00:00Z,2026-08-29T14:00,13.2,238,29.5,0.0,1.88,8.95,224,1.9,0.18,,,,14.9,,unavailable (no satellite pass / dataset error),
65.1,Good,,2026-08-30T09:10:10Z,Portland Bay,2026-08-29T05:00:00Z,2026-08-29T15:00,12.8,238,29.5,0.0,1.88,8.95,223,1.9,0.2,,,,14.9,,unavailable (no satellite pass / dataset error),
67.0,Good,,2026-08-30T09:10:10Z,Portland Bay,2026-08-29T06:00:00Z,2026-08-29T16:00,11.1,243,28.1,0.0,1.88,8.95,223,1.9,0.2,,,,14.9,,unavailable (no satellite pass / dataset error),
67.9,Good,,2026-08-30T09:10:10Z,Portland Bay,2026-08-29T07:00:00Z,2026-08-29T17:00,10.0,257,23.4,0.0,1.92,9.05,223,1.94,0.2,,,,14.9,,unavailable (no satellite pass / dataset error),
70.7,Good,,2026-08-30T09:10:10Z,Portland Bay,2026-08-29T08:00:00Z,2026-08-29T18:00,7.2,266,19.4,0.0,1.96,9.15,222,1.98,0.22,,,,14.9,,unavailable (no satellite pass / dataset error),
69.8,Good,,2026-08-30T09:10:10Z,Portland Bay,2026-08-29T09:00:00Z,2026-08-29T19:00,7.6,262,12.6,0.0,2.0,9.2,222,2.02,0.22,,,,14.9,,unavailable (no satellite pass / dataset error),
69.8,Good,,2026-08-30T09:10:10Z,Portland Bay,2026-08-29T10:00:00Z,2026-08-29T20:00,7.6,258,12.6,0.0,2.0,9.15,221,2.02,0.24,,,,14.8,,unavailable (no satellite pass / dataset error),
69.8,Good,,2026-08-30T09:10:10Z,Portland Bay,2026-08-29T11:00:00Z,2026-08-29T21:00,7.6,256,12.6,0.0,2.0,9.05,220,2.02,0.24,,,,14.8,,unavailable (no satellite pass / dataset error),
70.2,Good,,2026-08-30T09:10:10Z,Portland Bay,2026-08-29T12:00:00Z,2026-08-29T22:00,7.2,248,12.6,0.0,2.0,8.95,219,2.02,0.26,,,,14.8,,unavailable (no satellite pass / dataset error),
69.4,Good,,2026-08-30T09:10:10Z,Portland Bay,2026-08-29T13:00:00Z,2026-08-29T23:00,7.7,245,13.0,0.0,2.0,8.9,219,2.04,0.24,,,,14.8,,unavailable (no satellite pass / dataset error),
68.0,Good,,2026-08-30T09:10:10Z,Portland Bay,2026-08-29T14:00:00Z,2026-08-30T00:00,9.0,237,15.1,0.0,2.02,8.8,218,2.04,0.24,,,,14.8,,unavailable (no satellite pass / dataset error),
68.0,Good,,2026-08-30T09:10:10Z,Portland Bay,2026-08-29T15:00:00Z,2026-08-30T01:00,8.8,235,16.2,0.0,2.02,8.8,218,2.06,0.22,,,,14.8,,unavailable (no satellite pass / dataset error),
67.2,Good,,2026-08-30T09:10:10Z,Portland Bay,2026-08-29T16:00:00Z,2026-08-30T02:00,9.3,233,16.2,0.0,2.04,8.85,218,2.08,0.22,,,,14.8,,unavailable (no satellite pass / dataset error),
67.4,Good,,2026-08-30T09:10:10Z,Portland Bay,2026-08-29T17:00:00Z,2026-08-30T03:00,9.1,231,16.2,0.0,2.06,8.9,217,2.08,0.22,,,,14.8,,unavailable (no satellite pass / dataset error),
67.5,Good,,2026-08-30T09:10:10Z,Portland Bay,2026-08-29T18:00:00Z,2026-08-30T04:00,8.8,242,15.8,0.0,2.08,8.95,217,2.1,0.22,,,,14.8,,unavailable (no satellite pass / dataset error),
67.2,Good,,2026-08-30T09:10:10Z,Portland Bay,2026-08-29T19:00:00Z,2026-08-30T05:00,8.7,246,15.5,0.0,2.1,9.0,217,2.14,0.2,,,,14.8,,unavailable (no satellite pass / dataset error),
67.0,Good,,2026-08-30T09:10:10Z,Portland Bay,2026-08-29T20:00:00Z,2026-08-30T06:00,8.5,234,15.1,0.0,2.14,9.05,217,2.18,0.16,,,,14.8,,unavailable (no satellite pass / dataset error),
67.7,Good,,2026-08-30T09:10:10Z,Portland Bay,2026-08-29T21:00:00Z,2026-08-30T07:00,7.5,226,14.4,0.0,2.16,9.15,217,2.22,0.14,,,,14.8,,unavailable (no satellite pass / dataset error),
67.2,Good,,2026-08-30T09:10:10Z,Portland Bay,2026-08-29T22:00:00Z,2026-08-30T08:00,7.6,223,14.4,0.0,2.22,9.3,217,2.26,0.12,,,,14.8,,unavailable (no satellite pass / dataset error),
65.5,Good,,2026-08-30T09:10:10Z,Portland Bay,2026-08-29T23:00:00Z,2026-08-30T09:00,8.9,222,19.1,0.0,2.26,9.45,217,2.28,0.1,,,,14.8,,unavailable (no satellite pass / dataset error),
66.5,Good,,2026-08-30T09:10:10Z,Portland Bay,2026-08-30T00:00:00Z,2026-08-30T10:00,7.7,237,20.2,0.0,2.32,9.6,217,2.32,0.08,,,,14.8,,unavailable (no satellite pass / dataset error),
65.7,Good,,2026-08-30T09:10:10Z,Portland Bay,2026-08-30T01:00:00Z,2026-08-30T11:00,8.2,241,20.5,0.0,2.34,9.7,217,2.34,0.1,,,,14.8,,unavailable (no satellite pass / dataset error),
65.2,Good,,2026-08-30T09:10:10Z,Portland Bay,2026-08-30T02:00:00Z,2026-08-30T12:00,8.6,241,21.6,0.0,2.34,9.7,217,2.34,0.1,,,,14.9,,unavailable (no satellite pass / dataset error),
64.3,Good,,2026-08-30T09:10:10Z,Portland Bay,2026-08-30T03:00:00Z,2026-08-30T13:00,9.2,242,23.0,0.0,2.36,9.75,217,2.36,0.12,,,,14.9,,unavailable (no satellite pass / dataset error),
62.8,Good,,2026-08-30T09:10:10Z,Portland Bay,2026-08-30T04:00:00Z,2026-08-30T14:00,10.5,243,24.8,0.0,2.36,9.8,217,2.36,0.14,,,,14.9,,unavailable (no satellite pass / dataset error),
62.3,Good,,2026-08-30T09:10:10Z,Portland Bay,2026-08-30T05:00:00Z,2026-08-30T15:00,11.0,246,25.6,0.0,2.36,9.8,217,2.36,0.16,,,,14.9,,unavailable (no satellite pass / dataset error),
62.1,Good,,2026-08-30T09:10:10Z,Portland Bay,2026-08-30T06:00:00Z,2026-08-30T16:00,11.1,245,25.2,0.0,2.36,9.8,217,2.36,0.18,,,,14.9,,unavailable (no satellite pass / dataset error),
62.9,Good,,2026-08-30T09:10:10Z,Portland Bay,2026-08-30T07:00:00Z,2026-08-30T17:00,10.4,242,24.5,0.0,2.36,9.8,217,2.36,0.16,,,,14.9,,unavailable (no satellite pass / dataset error),
67.3,Good,,2026-08-30T09:10:10Z,Portland Bay,2026-08-30T08:00:00Z,2026-08-30T18:00,6.8,243,20.9,0.0,2.34,9.8,217,2.34,0.16,,,,14.9,,unavailable (no satellite pass / dataset error),
68.1,Good,,2026-08-30T09:10:10Z,Portland Bay,2026-08-30T09:00:00Z,2026-08-30T19:00,6.1,247,11.5,0.0,2.34,9.8,217,2.34,0.14,,,,14.9,,unavailable (no satellite pass / dataset error),
60.6,Good,,2026-08-30T09:10:10Z,Cape Otway Lightstation,2026-08-27T14:00:00Z,2026-08-28T00:00,14.9,312,31.0,0.0,1.8,8.45,247,2.1,0.48,,,,14.2,,unavailable (no satellite pass / dataset error),
59.1,Fair,,2026-08-30T09:10:10Z,Cape Otway Lightstation,2026-08-27T15:00:00Z,2026-08-28T01:00,15.4,314,31.3,0.0,1.88,8.55,247,2.18,0.52,,,,14.1,,unavailable (no satellite pass / dataset error),
56.5,Fair,,2026-08-30T09:10:10Z,Cape Otway Lightstation,2026-08-27T16:00:00Z,2026-08-28T02:00,17.0,310,34.9,0.0,1.9,8.6,247,2.26,0.56,,,,14.1,,unavailable (no satellite pass / dataset error),
56.1,Fair,,2026-08-30T09:10:10Z,Cape Otway Lightstation,2026-08-27T17:00:00Z,2026-08-28T03:00,16.8,319,35.6,0.0,1.94,8.6,247,2.32,0.6,,,,14.1,,unavailable (no satellite pass / dataset error),
53.8,Fair,,2026-08-30T09:10:10Z,Cape Otway Lightstation,2026-08-27T18:00:00Z,2026-08-28T04:00,18.0,319,34.9,0.0,1.96,8.55,247,2.4,0.64,,,,14.1,,unavailable (no satellite pass / dataset error),
53.5,Fair,,2026-08-30T09:10:10Z,Cape Otway Lightstation,2026-08-27T19:00:00Z,2026-08-28T05:00,17.7,316,37.1,0.0,1.98,8.35,247,2.46,0.6,,,,14.1,,unavailable (no satellite pass / dataset error),
53.6,Fair,,2026-08-30T09:10:10Z,Cape Otway Lightstation,2026-08-27T20:00:00Z,2026-08-28T06:00,17.3,315,36.7,0.0,2.02,8.15,246,2.52,0.54,,,,14.1,,unavailable (no satellite pass / dataset error),
53.2,Fair,,2026-08-30T09:10:10Z,Cape Otway Lightstation,2026-08-27T21:00:00Z,2026-08-28T07:00,17.6,314,37.4,0.0,2.04,8.25,246,2.58,0.5,,,,14.1,,unavailable (no satellite pass / dataset error),
53.3,Fair,,2026-08-30T09:10:10Z,Cape Otway Lightstation,2026-08-27T22:00:00Z,2026-08-28T08:00,17.5,311,39.6,0.0,2.3,8.9,246,2.66,0.42,,,,14.1,,unavailable (no satellite pass / dataset error),
52.6,Fair,,2026-08-30T09:10:10Z,Cape Otway Lightstation,2026-08-27T23:00:00Z,2026-08-28T09:00,18.0,299,44.6,0.1,2.54,9.85,245,2.74,0.32,,,,14.1,,unavailable (no satellite pass / dataset error),
56.4,Fair,,2026-08-30T09:10:10Z,Cape Otway Lightstation,2026-08-28T00:00:00Z,2026-08-28T10:00,13.2,290,40.0,1.0,2.8,10.6,245,2.82,0.24,,,,14.1,,unavailable (no satellite pass / dataset error),
56.7,Fair,,2026-08-30T09:10:10Z,Cape Otway Lightstation,2026-08-28T01:00:00Z,2026-08-28T11:00,11.8,257,29.5,0.8,2.82,10.9,244,2.84,0.24,,,,14.1,,unavailable (no satellite pass / dataset error),
56.8,Fair,,2026-08-30T09:10:10Z,Cape Otway Lightstation,2026-08-28T02:00:00Z,2026-08-28T12:00,11.3,228,32.8,0.3,2.84,11.0,243,2.88,0.26,,,,14.2,,unavailable (no satellite pass / dataset error),
55.7,Fair,,2026-08-30T09:10:10Z,Cape Otway Lightstation,2026-08-28T03:00:00Z,2026-08-28T13:00,12.1,227,30.6,0.1,2.86,11.05,242,2.9,0.26,,,,14.2,,unavailable (no satellite pass / dataset error),
53.0,Fair,,2026-08-30T09:10:10Z,Cape Otway Lightstation,2026-08-28T04:00:00Z,2026-08-28T14:00,14.3,226,34.6,0.1,2.88,11.05,242,2.9,0.28,,,,14.2,,unavailable (no satellite pass / dataset error),
54.2,Fair,,2026-08-30T09:10:10Z,Cape Otway Lightstation,2026-08-28T05:00:00Z,2026-08-28T15:00,13.1,223,34.9,0.1,2.88,11.0,242,2.92,0.28,,,,14.2,,unavailable (no satellite pass / dataset error),
53.8,Fair,,2026-08-30T09:10:10Z,Cape Otway Lightstation,2026-08-28T06:00:00Z,2026-08-28T16:00,13.3,232,32.4,0.1,2.9,10.9,242,2.92,0.3,,,,14.2,,unavailable (no satellite pass / dataset error),
55.7,Fair,,2026-08-30T09:10:10Z,Cape Otway Lightstation,2026-08-28T07:00:00Z,2026-08-28T17:00,11.6,248,31.3,0.0,2.9,10.85,242,2.92,0.32,,,,14.2,,unavailable (no satellite pass / dataset error),
57.7,Fair,,2026-08-30T09:10:10Z,Cape Otway Lightstation,2026-08-28T08:00:00Z,2026-08-28T18:00,9.9,266,25.2,0.0,2.9,10.75,242,2.92,0.32,,,,14.2,,unavailable (no satellite pass / dataset error),
57.1,Fair,,2026-08-30T09:10:10Z,Cape Otway Lightstation,2026-08-28T09:00:00Z,2026-08-28T19:00,10.4,285,19.1,0.0,2.9,10.7,242,2.92,0.34,,,,14.2,,unavailable (no satellite pass / dataset error),
55.9,Fair,,2026-08-30T09:10:10Z,Cape Otway Lightstation,2026-08-28T10:00:00Z,2026-08-28T20:00,11.5,270,20.5,0.0,2.9,10.65,242,2.92,0.36,,,,14.2,,unavailable (no satellite pass / dataset error),
55.3,Fair,,2026-08-30T09:10:10Z,Cape Otway Lightstation,2026-08-28T11:00:00Z,2026-08-28T21:00,12.0,257,22.3,0.0,2.9,10.6,241,2.92,0.38,,,,14.2,,unavailable (no satellite pass / dataset error),
55.9,Fair,,2026-08-30T09:10:10Z,Cape Otway Lightstation,2026-08-28T12:00:00Z,2026-08-28T22:00,11.5,274,22.0,0.0,2.9,10.55,241,2.92,0.4,,,,14.2,,unavailable (no satellite pass / dataset error),
54.8,Fair,,2026-08-30T09:10:10Z,Cape Otway Lightstation,2026-08-28T13:00:00Z,2026-08-28T23:00,12.4,268,23.0,0.0,2.9,10.5,240,2.92,0.42,,,,14.2,,unavailable (no satellite pass / dataset error),
54.3,Fair,,2026-08-30T09:10:10Z,Cape Otway Lightstation,2026-08-28T14:00:00Z,2026-08-29T00:00,12.9,264,23.8,0.0,2.88,10.4,240,2.92,0.44,,,,14.2,,unavailable (no satellite pass / dataset error),
54.9,Fair,,2026-08-30T09:10:10Z,Cape Otway Lightstation,2026-08-28T15:00:00Z,2026-08-29T01:00,12.3,262,24.1,0.0,2.88,10.3,239,2.92,0.46,,,,14.1,,unavailable (no satellite pass / dataset error),
54.4,Fair,,2026-08-30T09:10:10Z,Cape Otway Lightstation,2026-08-28T16:00:00Z,2026-08-29T02:00,12.8,261,24.5,0.0,2.84,10.2,238,2.9,0.48,,,,14.1,,unavailable (no satellite pass / dataset error),
53.6,Fair,,2026-08-30T09:10:10Z,Cape Otway Lightstation,2026-08-28T17:00:00Z,2026-08-29T03:00,13.5,261,25.9,0.0,2.82,10.05,238,2.86,0.5,,,,14.1,,unavailable (no satellite pass / dataset error),
53.9,Fair,,2026-08-30T09:10:10Z,Cape Otway Lightstation,2026-08-28T18:00:00Z,2026-08-29T04:00,13.2,250,27.7,0.0,2.78,9.95,237,2.84,0.52,,,,14.1,,unavailable (no satellite pass / dataset error),
54.5,Fair,,2026-08-30T09:10:10Z,Cape Otway Lightstation,2026-08-28T19:00:00Z,2026-08-29T05:00,12.7,249,27.4,0.0,2.74,9.85,236,2.8,0.54,,,,14.1,,unavailable (no satellite pass / dataset error),
55.6,Fair,,2026-08-30T09:10:10Z,Cape Otway Lightstation,2026-08-28T20:00:00Z,2026-08-29T06:00,11.7,256,25.9,0.0,2.7,9.75,236,2.76,0.54,,,,14.1,,unavailable (no satellite pass / dataset error),
56.0,Fair,,2026-08-30T09:10:10Z,Cape Otway Lightstation,2026-08-28T21:00:00Z,2026-08-29T07:00,11.4,259,23.8,0.0,2.66,9.65,235,2.72,0.56,,,,14.1,,unavailable (no satellite pass / dataset error),
54.9,Fair,,2026-08-30T09:10:10Z,Cape Otway Lightstation,2026-08-28T22:00:00Z,2026-08-29T08:00,12.3,252,24.8,0.0,2.62,9.55,235,2.68,0.56,,,,14.2,,unavailable (no satellite pass / dataset error),
52.8,Fair,,2026-08-30T09:10:10Z,Cape Otway Lightstation,2026-08-28T23:00:00Z,2026-08-29T09:00,14.3,251,32.8,0.0,2.6,9.45,235,2.66,0.58,,,,14.2,,unavailable (no satellite pass / dataset error),
52.8,Fair,,2026-08-30T09:10:10Z,Cape Otway Lightstation,2026-08-29T00:00:00Z,2026-08-29T10:00,15.8,253,36.0,0.0,2.56,9.4,235,2.62,0.58,,,,14.2,,unavailable (no satellite pass / dataset error),
53.3,Fair,,2026-08-30T09:10:10Z,Cape Otway Lightstation,2026-08-29T01:00:00Z,2026-08-29T11:00,16.5,259,40.0,0.0,2.54,9.4,235,2.62,0.62,,,,14.2,,unavailable (no satellite pass / dataset error),
53.2,Fair,,2026-08-30T09:10:10Z,Cape Otway Lightstation,2026-08-29T02:00:00Z,2026-08-29T12:00,17.0,260,40.7,0.0,2.54,9.4,234,2.64,0.64,,,,14.2,,unavailable (no satellite pass / dataset error),
52.7,Fair,,2026-08-30T09:10:10Z,Cape Otway Lightstation,2026-08-29T03:00:00Z,2026-08-29T13:00,17.6,259,42.1,0.0,2.52,9.35,234,2.64,0.68,,,,14.2,,unavailable (no satellite pass / dataset error),
52.9,Fair,,2026-08-30T09:10:10Z,Cape Otway Lightstation,2026-08-29T04:00:00Z,2026-08-29T14:00,17.6,262,42.5,0.0,2.46,9.2,234,2.66,0.72,,,,14.2,,unavailable (no satellite pass / dataset error),
52.5,Fair,,2026-08-30T09:10:10Z,Cape Otway Lightstation,2026-08-29T05:00:00Z,2026-08-29T15:00,18.1,265,42.5,0.0,2.4,9.0,235,2.66,0.78,,,,14.2,,unavailable (no satellite pass / dataset error),
53.0,Fair,,2026-08-30T09:10:10Z,Cape Otway Lightstation,2026-08-29T06:00:00Z,2026-08-29T16:00,17.8,270,42.8,0.0,2.34,8.9,235,2.68,0.82,,,,14.2,,unavailable (no satellite pass / dataset error),
53.3,Fair,,2026-08-30T09:10:10Z,Cape Otway Lightstation,2026-08-29T07:00:00Z,2026-08-29T17:00,17.5,271,41.4,0.0,2.44,9.05,234,2.72,0.82,,,,14.2,,unavailable (no satellite pass / dataset error),
54.8,Fair,,2026-08-30T09:10:10Z,Cape Otway Lightstation,2026-08-29T08:00:00Z,2026-08-29T18:00,16.2,271,38.5,0.0,2.56,9.25,232,2.76,0.84,,,,14.2,,unavailable (no satellite pass / dataset error),
54.0,Fair,,2026-08-30T09:10:10Z,Cape Otway Lightstation,2026-08-29T09:00:00Z,2026-08-29T19:00,16.9,268,33.1,0.0,2.66,9.4,231,2.8,0.84,,,,14.2,,unavailable (no satellite pass / dataset error),
53.9,Fair,,2026-08-30T09:10:10Z,Cape Otway Lightstation,2026-08-29T10:00:00Z,2026-08-29T20:00,17.0,264,33.5,0.0,2.64,9.3,230,2.76,0.8,,,,14.2,,unavailable (no satellite pass / dataset error),
54.4,Fair,,2026-08-30T09:10:10Z,Cape Otway Lightstation,2026-08-29T11:00:00Z,2026-08-29T21:00,16.6,260,33.5,0.0,2.6,9.15,230,2.74,0.76,,,,14.2,,unavailable (no satellite pass / dataset error),
55.5,Fair,,2026-08-30T09:10:10Z,Cape Otway Lightstation,2026-08-29T12:00:00Z,2026-08-29T22:00,15.6,258,33.5,0.0,2.58,9.0,229,2.7,0.72,,,,14.2,,unavailable (no satellite pass / dataset error),
56.3,Fair,,2026-08-30T09:10:10Z,Cape Otway Lightstation,2026-08-29T13:00:00Z,2026-08-29T23:00,14.9,255,31.7,0.0,2.64,9.0,229,2.74,0.7,,,,14.2,,unavailable (no satellite pass / dataset error),
56.9,Fair,,2026-08-30T09:10:10Z,Cape Otway Lightstation,2026-08-29T14:00:00Z,2026-08-30T00:00,14.4,258,31.0,0.0,2.68,9.05,228,2.78,0.66,,,,14.2,,unavailable (no satellite pass / dataset error),
56.4,Fair,,2026-08-30T09:10:10Z,Cape Otway Lightstation,2026-08-29T15:00:00Z,2026-08-30T01:00,14.8,257,30.2,0.0,2.74,9.1,228,2.82,0.64,,,,14.2,,unavailable (no satellite pass / dataset error),
56.3,Fair,,2026-08-30T09:10:10Z,Cape Otway Lightstation,2026-08-29T16:00:00Z,2026-08-30T02:00,14.9,255,31.0,0.0,2.76,9.15,227,2.84,0.66,,,,14.2,,unavailable (no satellite pass / dataset error),
56.6,Fair,,2026-08-30T09:10:10Z,Cape Otway Lightstation,2026-08-29T17:00:00Z,2026-08-30T03:00,14.6,260,31.0,0.0,2.76,9.15,227,2.86,0.68,,,,14.2,,unavailable (no satellite pass / dataset error),
55.7,Fair,,2026-08-30T09:10:10Z,Cape Otway Lightstation,2026-08-29T18:00:00Z,2026-08-30T04:00,15.4,263,31.7,0.0,2.78,9.2,226,2.88,0.7,,,,14.2,,unavailable (no satellite pass / dataset error),
55.5,Fair,,2026-08-30T09:10:10Z,Cape Otway Lightstation,2026-08-29T19:00:00Z,2026-08-30T05:00,15.6,253,32.8,0.0,2.82,9.2,226,2.9,0.62,,,,14.2,,unavailable (no satellite pass / dataset error),
56.2,Fair,,2026-08-30T09:10:10Z,Cape Otway Lightstation,2026-08-29T20:00:00Z,2026-08-30T06:00,15.0,254,32.4,0.0,2.86,9.15,226,2.94,0.54,,,,14.2,,unavailable (no satellite pass / dataset error),
57.0,Fair,,2026-08-30T09:10:10Z,Cape Otway Lightstation,2026-08-29T21:00:00Z,2026-08-30T07:00,14.3,255,31.0,0.0,2.9,9.2,226,2.96,0.46,,,,14.2,,unavailable (no satellite pass / dataset error),
56.4,Fair,,2026-08-30T09:10:10Z,Cape Otway Lightstation,2026-08-29T22:00:00Z,2026-08-30T08:00,14.8,257,34.6,0.0,2.92,9.3,226,2.98,0.44,,,,14.2,,unavailable (no satellite pass / dataset error),
56.0,Fair,,2026-08-30T09:10:10Z,Cape Otway Lightstation,2026-08-29T23:00:00Z,2026-08-30T09:00,15.2,257,35.3,0.0,2.96,9.45,225,3.0,0.44,,,,14.2,,unavailable (no satellite pass / dataset error),
57.7,Fair,,2026-08-30T09:10:10Z,Cape Otway Lightstation,2026-08-30T00:00:00Z,2026-08-30T10:00,13.7,259,35.3,0.0,2.98,9.6,225,3.02,0.42,,,,14.2,,unavailable (no satellite pass / dataset error),
56.9,Fair,,2026-08-30T09:10:10Z,Cape Otway Lightstation,2026-08-30T01:00:00Z,2026-08-30T11:00,14.4,261,35.3,0.0,2.98,9.7,225,3.04,0.5,,,,14.2,,unavailable (no satellite pass / dataset error),
55.4,Fair,,2026-08-30T09:10:10Z,Cape Otway Lightstation,2026-08-30T02:00:00Z,2026-08-30T12:00,15.7,265,38.2,0.0,3.0,9.8,225,3.06,0.58,,,,14.2,,unavailable (no satellite pass / dataset error),
53.8,Fair,,2026-08-30T09:10:10Z,Cape Otway Lightstation,2026-08-30T03:00:00Z,2026-08-30T13:00,17.1,268,41.0,0.0,3.0,9.9,225,3.08,0.66,,,,14.2,,unavailable (no satellite pass / dataset error),
52.3,Fair,,2026-08-30T09:10:10Z,Cape Otway Lightstation,2026-08-30T04:00:00Z,2026-08-30T14:00,18.4,266,43.9,0.0,3.0,9.95,225,3.08,0.68,,,,14.2,,unavailable (no satellite pass / dataset error),
52.2,Fair,,2026-08-30T09:10:10Z,Cape Otway Lightstation,2026-08-30T05:00:00Z,2026-08-30T15:00,18.5,263,44.3,0.0,3.02,10.0,225,3.1,0.68,,,,14.2,,unavailable (no satellite pass / dataset error),
52.3,Fair,,2026-08-30T09:10:10Z,Cape Otway Lightstation,2026-08-30T06:00:00Z,2026-08-30T16:00,18.4,260,43.6,0.0,3.02,10.0,225,3.1,0.7,,,,14.2,,unavailable (no satellite pass / dataset error),
53.1,Fair,,2026-08-30T09:10:10Z,Cape Otway Lightstation,2026-08-30T07:00:00Z,2026-08-30T17:00,17.7,261,42.8,0.0,3.02,10.0,225,3.1,0.64,,,,14.2,,unavailable (no satellite pass / dataset error),
55.5,Fair,,2026-08-30T09:10:10Z,Cape Otway Lightstation,2026-08-30T08:00:00Z,2026-08-30T18:00,15.6,263,41.0,0.0,3.04,10.0,226,3.08,0.6,,,,14.2,,unavailable (no satellite pass / dataset error),
56.5,Fair,,2026-08-30T09:10:10Z,Cape Otway Lightstation,2026-08-30T09:00:00Z,2026-08-30T19:00,14.7,264,32.0,0.0,3.04,10.0,226,3.08,0.54,,,,14.2,,unavailable (no satellite pass / dataset error),
61.7,Good,,2026-08-30T09:10:10Z,Apollo Bay,2026-08-27T14:00:00Z,2026-08-28T00:00,14.5,307,28.4,0.0,1.76,8.45,246,2.04,0.42,,,,14.2,,unavailable (no satellite pass / dataset error),
60.1,Good,,2026-08-30T09:10:10Z,Apollo Bay,2026-08-27T15:00:00Z,2026-08-28T01:00,15.1,305,29.2,0.0,1.84,8.55,246,2.12,0.46,,,,14.1,,unavailable (no satellite pass / dataset error),
57.1,Fair,,2026-08-30T09:10:10Z,Apollo Bay,2026-08-27T16:00:00Z,2026-08-28T02:00,17.0,304,33.1,0.0,1.88,8.6,246,2.2,0.52,,,,14.1,,unavailable (no satellite pass / dataset error),
53.4,Fair,,2026-08-30T09:10:10Z,Apollo Bay,2026-08-27T17:00:00Z,2026-08-28T03:00,19.5,303,37.8,0.0,1.92,8.6,245,2.28,0.58,,,,14.1,,unavailable (no satellite pass / dataset error),
51.7,Fair,,2026-08-30T09:10:10Z,Apollo Bay,2026-08-27T18:00:00Z,2026-08-28T04:00,20.2,306,37.8,0.0,1.96,8.6,245,2.36,0.64,,,,14.1,,unavailable (no satellite pass / dataset error),
51.4,Fair,,2026-08-30T09:10:10Z,Apollo Bay,2026-08-27T19:00:00Z,2026-08-28T05:00,19.9,307,41.0,0.0,1.98,8.45,245,2.42,0.62,,,,14.1,,unavailable (no satellite pass / dataset error),
49.6,Fair,,2026-08-30T09:10:10Z,Apollo Bay,2026-08-27T20:00:00Z,2026-08-28T06:00,20.8,299,40.7,0.0,1.98,8.25,245,2.5,0.58,,,,14.1,,unavailable (no satellite pass / dataset error),
49.4,Fair,,2026-08-30T09:10:10Z,Apollo Bay,2026-08-27T21:00:00Z,2026-08-28T07:00,20.9,299,41.0,0.0,2.0,8.35,245,2.56,0.56,,,,14.1,,unavailable (no satellite pass / dataset error),
48.2,Fair,,2026-08-30T09:10:10Z,Apollo Bay,2026-08-27T22:00:00Z,2026-08-28T08:00,22.0,292,43.6,0.0,2.28,9.05,245,2.66,0.5,,,,14.1,,unavailable (no satellite pass / dataset error),
49.9,Fair,,2026-08-30T09:10:10Z,Apollo Bay,2026-08-27T23:00:00Z,2026-08-28T09:00,20.5,293,49.3,0.0,2.54,10.0,245,2.76,0.44,,,,14.1,,unavailable (no satellite pass / dataset error),
54.8,Fair,,2026-08-30T09:10:10Z,Apollo Bay,2026-08-28T00:00:00Z,2026-08-28T10:00,15.5,280,43.2,0.5,2.82,10.75,245,2.86,0.38,,,,14.1,,unavailable (no satellite pass / dataset error),
56.5,Fair,,2026-08-30T09:10:10Z,Apollo Bay,2026-08-28T01:00:00Z,2026-08-28T11:00,13.3,260,34.2,0.5,2.84,11.05,244,2.88,0.38,,,,14.1,,unavailable (no satellite pass / dataset error),
55.7,Fair,,2026-08-30T09:10:10Z,Apollo Bay,2026-08-28T02:00:00Z,2026-08-28T12:00,13.5,229,30.6,0.3,2.84,11.15,244,2.88,0.4,,,,14.2,,unavailable (no satellite pass / dataset error),
55.1,Fair,,2026-08-30T09:10:10Z,Apollo Bay,2026-08-28T03:00:00Z,2026-08-28T13:00,14.1,226,32.8,0.0,2.86,11.15,243,2.9,0.4,,,,14.2,,unavailable (no satellite pass / dataset error),
52.5,Fair,,2026-08-30T09:10:10Z,Apollo Bay,2026-08-28T04:00:00Z,2026-08-28T14:00,16.0,223,37.4,0.2,2.86,11.15,243,2.9,0.4,,,,14.2,,unavailable (no satellite pass / dataset error),
52.7,Fair,,2026-08-30T09:10:10Z,Apollo Bay,2026-08-28T05:00:00Z,2026-08-28T15:00,15.6,220,37.8,0.2,2.86,11.05,243,2.92,0.42,,,,14.2,,unavailable (no satellite pass / dataset error),
52.5,Fair,,2026-08-30T09:10:10Z,Apollo Bay,2026-08-28T06:00:00Z,2026-08-28T16:00,15.6,230,35.6,0.1,2.86,10.95,243,2.92,0.42,,,,14.2,,unavailable (no satellite pass / dataset error),
54.3,Fair,,2026-08-30T09:10:10Z,Apollo Bay,2026-08-28T07:00:00Z,2026-08-28T17:00,14.0,244,35.3,0.0,2.88,10.9,243,2.92,0.42,,,,14.2,,unavailable (no satellite pass / dataset error),
57.2,Fair,,2026-08-30T09:10:10Z,Apollo Bay,2026-08-28T08:00:00Z,2026-08-28T18:00,11.5,256,30.6,0.0,2.88,10.85,243,2.92,0.44,,,,14.2,,unavailable (no satellite pass / dataset error),
58.1,Fair,,2026-08-30T09:10:10Z,Apollo Bay,2026-08-28T09:00:00Z,2026-08-28T19:00,10.7,278,21.6,0.0,2.9,10.8,243,2.92,0.44,,,,14.2,,unavailable (no satellite pass / dataset error),
57.0,Fair,,2026-08-30T09:10:10Z,Apollo Bay,2026-08-28T10:00:00Z,2026-08-28T20:00,11.7,274,20.9,0.0,2.9,10.75,243,2.92,0.44,,,,14.2,,unavailable (no satellite pass / dataset error),
55.0,Fair,,2026-08-30T09:10:10Z,Apollo Bay,2026-08-28T11:00:00Z,2026-08-28T21:00,13.4,259,23.8,0.0,2.9,10.7,242,2.94,0.46,,,,14.1,,unavailable (no satellite pass / dataset error),
56.0,Fair,,2026-08-30T09:10:10Z,Apollo Bay,2026-08-28T12:00:00Z,2026-08-28T22:00,12.5,275,23.8,0.0,2.9,10.65,242,2.94,0.46,,,,14.1,,unavailable (no satellite pass / dataset error),
54.9,Fair,,2026-08-30T09:10:10Z,Apollo Bay,2026-08-28T13:00:00Z,2026-08-28T23:00,13.5,268,23.8,0.0,2.9,10.6,241,2.94,0.48,,,,14.1,,unavailable (no satellite pass / dataset error),
54.4,Fair,,2026-08-30T09:10:10Z,Apollo Bay,2026-08-28T14:00:00Z,2026-08-29T00:00,13.9,264,24.8,0.0,2.88,10.5,241,2.92,0.5,,,,14.1,,unavailable (no satellite pass / dataset error),
54.4,Fair,,2026-08-30T09:10:10Z,Apollo Bay,2026-08-28T15:00:00Z,2026-08-29T01:00,13.9,260,25.2,0.0,2.88,10.4,240,2.92,0.52,,,,14.1,,unavailable (no satellite pass / dataset error),
54.0,Fair,,2026-08-30T09:10:10Z,Apollo Bay,2026-08-28T16:00:00Z,2026-08-29T02:00,14.3,259,26.3,0.0,2.84,10.3,239,2.9,0.54,,,,14.1,,unavailable (no satellite pass / dataset error),
53.5,Fair,,2026-08-30T09:10:10Z,Apollo Bay,2026-08-28T17:00:00Z,2026-08-29T03:00,14.7,258,27.7,0.0,2.82,10.15,239,2.86,0.58,,,,14.1,,unavailable (no satellite pass / dataset error),
53.6,Fair,,2026-08-30T09:10:10Z,Apollo Bay,2026-08-28T18:00:00Z,2026-08-29T04:00,14.6,249,28.4,0.0,2.78,10.05,238,2.84,0.6,,,,14.1,,unavailable (no satellite pass / dataset error),
53.4,Fair,,2026-08-30T09:10:10Z,Apollo Bay,2026-08-28T19:00:00Z,2026-08-29T05:00,14.8,248,29.5,0.0,2.74,9.95,237,2.8,0.62,,,,14.1,,unavailable (no satellite pass / dataset error),
55.0,Fair,,2026-08-30T09:10:10Z,Apollo Bay,2026-08-28T20:00:00Z,2026-08-29T06:00,13.4,252,29.2,0.0,2.7,9.85,237,2.78,0.62,,,,14.1,,unavailable (no satellite pass / dataset error),
55.2,Fair,,2026-08-30T09:10:10Z,Apollo Bay,2026-08-28T21:00:00Z,2026-08-29T07:00,13.2,256,26.3,0.0,2.66,9.75,236,2.74,0.64,,,,14.1,,unavailable (no satellite pass / dataset error),
53.8,Fair,,2026-08-30T09:10:10Z,Apollo Bay,2026-08-28T22:00:00Z,2026-08-29T08:00,14.5,250,29.9,0.0,2.62,9.65,236,2.7,0.64,,,,14.1,,unavailable (no satellite pass / dataset error),
52.3,Fair,,2026-08-30T09:10:10Z,Apollo Bay,2026-08-28T23:00:00Z,2026-08-29T09:00,15.8,249,34.9,0.0,2.58,9.55,235,2.66,0.66,,,,14.1,,unavailable (no satellite pass / dataset error),
52.2,Fair,,2026-08-30T09:10:10Z,Apollo Bay,2026-08-29T00:00:00Z,2026-08-29T10:00,16.6,248,37.4,0.0,2.54,9.5,235,2.62,0.66,,,,14.1,,unavailable (no satellite pass / dataset error),
51.3,Fair,,2026-08-30T09:10:10Z,Apollo Bay,2026-08-29T01:00:00Z,2026-08-29T11:00,18.1,251,41.8,0.0,2.52,9.5,235,2.62,0.7,,,,14.1,,unavailable (no satellite pass / dataset error),
51.2,Fair,,2026-08-30T09:10:10Z,Apollo Bay,2026-08-29T02:00:00Z,2026-08-29T12:00,18.6,254,42.5,0.0,2.52,9.5,235,2.64,0.76,,,,14.1,,unavailable (no satellite pass / dataset error),
50.3,Fair,,2026-08-30T09:10:10Z,Apollo Bay,2026-08-29T03:00:00Z,2026-08-29T13:00,19.4,252,44.3,0.0,2.5,9.5,235,2.64,0.8,,,,14.2,,unavailable (no satellite pass / dataset error),
50.3,Fair,,2026-08-30T09:10:10Z,Apollo Bay,2026-08-29T04:00:00Z,2026-08-29T14:00,19.7,255,44.6,0.0,2.5,9.5,234,2.66,0.86,,,,14.2,,unavailable (no satellite pass / dataset error),
51.0,Fair,,2026-08-30T09:10:10Z,Apollo Bay,2026-08-29T05:00:00Z,2026-08-29T15:00,19.4,257,44.6,0.0,2.48,9.45,234,2.68,0.92,,,,14.2,,unavailable (no satellite pass / dataset error),
51.8,Fair,,2026-08-30T09:10:10Z,Apollo Bay,2026-08-29T06:00:00Z,2026-08-29T16:00,18.8,261,43.9,0.0,2.48,9.45,233,2.7,0.98,,,,14.2,,unavailable (no satellite pass / dataset error),
51.8,Fair,,2026-08-30T09:10:10Z,Apollo Bay,2026-08-29T07:00:00Z,2026-08-29T17:00,18.8,264,41.8,0.0,2.52,9.5,233,2.74,0.98,,,,14.2,,unavailable (no satellite pass / dataset error),
52.9,Fair,,2026-08-30T09:10:10Z,Apollo Bay,2026-08-29T08:00:00Z,2026-08-29T18:00,17.9,266,40.0,0.0,2.58,9.55,232,2.76,0.98,,,,14.2,,unavailable (no satellite pass / dataset error),
52.3,Fair,,2026-08-30T09:10:10Z,Apollo Bay,2026-08-29T09:00:00Z,2026-08-29T19:00,18.4,265,34.2,0.0,2.62,9.55,232,2.8,0.98,,,,14.2,,unavailable (no satellite pass / dataset error),
52.1,Fair,,2026-08-30T09:10:10Z,Apollo Bay,2026-08-29T10:00:00Z,2026-08-29T20:00,18.6,262,34.9,0.0,2.58,9.4,231,2.76,0.94,,,,14.1,,unavailable (no satellite pass / dataset error),
52.2,Fair,,2026-08-30T09:10:10Z,Apollo Bay,2026-08-29T11:00:00Z,2026-08-29T21:00,18.5,257,35.3,0.0,2.56,9.25,231,2.7,0.92,,,,14.1,,unavailable (no satellite pass / dataset error),
53.6,Fair,,2026-08-30T09:10:10Z,Apollo Bay,2026-08-29T12:00:00Z,2026-08-29T22:00,17.3,255,35.6,0.0,2.52,9.1,230,2.66,0.88,,,,14.1,,unavailable (no satellite pass / dataset error),
53.9,Fair,,2026-08-30T09:10:10Z,Apollo Bay,2026-08-29T13:00:00Z,2026-08-29T23:00,17.0,253,33.8,0.0,2.58,9.1,230,2.72,0.84,,,,14.1,,unavailable (no satellite pass / dataset error),
54.7,Fair,,2026-08-30T09:10:10Z,Apollo Bay,2026-08-29T14:00:00Z,2026-08-30T00:00,16.3,253,33.8,0.0,2.62,9.1,229,2.76,0.8,,,,14.1,,unavailable (no satellite pass / dataset error),
54.7,Fair,,2026-08-30T09:10:10Z,Apollo Bay,2026-08-29T15:00:00Z,2026-08-30T01:00,16.3,254,33.1,0.0,2.68,9.15,229,2.82,0.76,,,,14.1,,unavailable (no satellite pass / dataset error),
54.2,Fair,,2026-08-30T09:10:10Z,Apollo Bay,2026-08-29T16:00:00Z,2026-08-30T02:00,16.7,251,33.1,0.0,2.7,9.2,228,2.84,0.78,,,,14.1,,unavailable (no satellite pass / dataset error),
54.4,Fair,,2026-08-30T09:10:10Z,Apollo Bay,2026-08-29T17:00:00Z,2026-08-30T03:00,16.6,257,33.1,0.0,2.7,9.2,228,2.84,0.78,,,,14.1,,unavailable (no satellite pass / dataset error),
54.2,Fair,,2026-08-30T09:10:10Z,Apollo Bay,2026-08-29T18:00:00Z,2026-08-30T04:00,16.7,259,33.5,0.0,2.72,9.25,227,2.86,0.8,,,,14.1,,unavailable (no satellite pass / dataset error),
53.3,Fair,,2026-08-30T09:10:10Z,Apollo Bay,2026-08-29T19:00:00Z,2026-08-30T05:00,17.5,250,34.2,0.0,2.76,9.25,227,2.88,0.72,,,,14.1,,unavailable (no satellite pass / dataset error),
53.9,Fair,,2026-08-30T09:10:10Z,Apollo Bay,2026-08-29T20:00:00Z,2026-08-30T06:00,17.0,250,34.6,0.0,2.82,9.25,226,2.9,0.62,,,,14.1,,unavailable (no satellite pass / dataset error),
54.7,Fair,,2026-08-30T09:10:10Z,Apollo Bay,2026-08-29T21:00:00Z,2026-08-30T07:00,16.3,252,33.5,0.0,2.86,9.25,226,2.92,0.54,,,,14.1,,unavailable (no satellite pass / dataset error),
54.5,Fair,,2026-08-30T09:10:10Z,Apollo Bay,2026-08-29T22:00:00Z,2026-08-30T08:00,16.5,256,37.1,0.0,2.88,9.35,226,2.94,0.54,,,,14.1,,unavailable (no satellite pass / dataset error),
54.2,Fair,,2026-08-30T09:10:10Z,Apollo Bay,2026-08-29T23:00:00Z,2026-08-30T09:00,16.7,254,37.4,0.0,2.9,9.45,226,2.96,0.52,,,,14.1,,unavailable (no satellite pass / dataset error),
56.1,Fair,,2026-08-30T09:10:10Z,Apollo Bay,2026-08-30T00:00:00Z,2026-08-30T10:00,15.1,255,37.4,0.0,2.92,9.6,226,2.98,0.52,,,,14.1,,unavailable (no satellite pass / dataset error),
55.5,Fair,,2026-08-30T09:10:10Z,Apollo Bay,2026-08-30T01:00:00Z,2026-08-30T11:00,15.6,254,36.4,0.0,2.92,9.75,226,3.0,0.62,,,,14.1,,unavailable (no satellite pass / dataset error),
54.2,Fair,,2026-08-30T09:10:10Z,Apollo Bay,2026-08-30T02:00:00Z,2026-08-30T12:00,16.7,256,38.9,0.0,2.92,9.85,226,3.04,0.72,,,,14.1,,unavailable (no satellite pass / dataset error),
52.3,Fair,,2026-08-30T09:10:10Z,Apollo Bay,2026-08-30T03:00:00Z,2026-08-30T13:00,18.4,256,41.8,0.0,2.92,9.95,226,3.06,0.82,,,,14.1,,unavailable (no satellite pass / dataset error),
50.1,Fair,,2026-08-30T09:10:10Z,Apollo Bay,2026-08-30T04:00:00Z,2026-08-30T14:00,20.3,255,45.7,0.0,2.92,10.0,226,3.06,0.84,,,,14.1,,unavailable (no satellite pass / dataset error),
49.7,Fair,,2026-08-30T09:10:10Z,Apollo Bay,2026-08-30T05:00:00Z,2026-08-30T15:00,20.7,255,46.8,0.0,2.94,10.05,226,3.08,0.84,,,,14.1,,unavailable (no satellite pass / dataset error),
50.0,Fair,,2026-08-30T09:10:10Z,Apollo Bay,2026-08-30T06:00:00Z,2026-08-30T16:00,20.4,254,46.4,0.0,2.94,10.05,226,3.08,0.86,,,,14.1,,unavailable (no satellite pass / dataset error),
51.0,Fair,,2026-08-30T09:10:10Z,Apollo Bay,2026-08-30T07:00:00Z,2026-08-30T17:00,19.5,256,45.0,0.0,2.96,10.05,226,3.08,0.78,,,,14.1,,unavailable (no satellite pass / dataset error),
53.3,Fair,,2026-08-30T09:10:10Z,Apollo Bay,2026-08-30T08:00:00Z,2026-08-30T18:00,17.5,258,41.8,0.0,2.96,10.0,227,3.06,0.72,,,,14.1,,unavailable (no satellite pass / dataset error),
54.9,Fair,,2026-08-30T09:10:10Z,Apollo Bay,2026-08-30T09:00:00Z,2026-08-30T19:00,16.1,260,33.8,0.0,2.98,10.0,227,3.06,0.64,,,,14.1,,unavailable (no satellite pass / dataset error),
82.5,Excellent,,2026-08-30T09:10:10Z,Torquay,2026-08-27T14:00:00Z,2026-08-28T00:00,9.3,332,15.5,0.0,0.52,8.2,216,0.64,0.04,,,,13.6,,unavailable (no satellite pass / dataset error),
81.4,Excellent,,2026-08-30T09:10:10Z,Torquay,2026-08-27T15:00:00Z,2026-08-28T01:00,10.3,308,17.3,0.0,0.52,8.5,222,0.64,0.04,,,,13.5,,unavailable (no satellite pass / dataset error),
79.7,Good,,2026-08-30T09:10:10Z,Torquay,2026-08-27T16:00:00Z,2026-08-28T02:00,11.6,302,19.4,0.0,0.54,8.65,223,0.66,0.06,,,,13.5,,unavailable (no satellite pass / dataset error),
78.0,Good,,2026-08-30T09:10:10Z,Torquay,2026-08-27T17:00:00Z,2026-08-28T03:00,13.1,304,22.0,0.0,0.54,8.75,225,0.66,0.08,,,,13.5,,unavailable (no satellite pass / dataset error),
76.4,Good,,2026-08-30T09:10:10Z,Torquay,2026-08-27T18:00:00Z,2026-08-28T04:00,14.3,305,22.7,0.0,0.56,8.8,226,0.68,0.1,,,,13.5,,unavailable (no satellite pass / dataset error),
73.7,Good,,2026-08-30T09:10:10Z,Torquay,2026-08-27T19:00:00Z,2026-08-28T05:00,16.5,304,28.1,0.0,0.58,8.85,226,0.7,0.12,,,,13.5,,unavailable (no satellite pass / dataset error),
74.6,Good,,2026-08-30T09:10:10Z,Torquay,2026-08-27T20:00:00Z,2026-08-28T06:00,15.3,297,28.4,0.0,0.6,8.9,227,0.74,0.16,,,,13.5,,unavailable (no satellite pass / dataset error),
74.6,Good,,2026-08-30T09:10:10Z,Torquay,2026-08-27T21:00:00Z,2026-08-28T07:00,15.1,287,26.3,0.0,0.62,8.9,227,0.76,0.18,,,,13.5,,unavailable (no satellite pass / dataset error),
73.3,Good,,2026-08-30T09:10:10Z,Torquay,2026-08-27T22:00:00Z,2026-08-28T08:00,16.1,294,27.7,0.0,0.64,8.7,225,0.78,0.16,,,,13.5,,unavailable (no satellite pass / dataset error),
72.1,Good,,2026-08-30T09:10:10Z,Torquay,2026-08-27T23:00:00Z,2026-08-28T09:00,16.8,279,30.2,0.0,0.66,8.45,224,0.82,0.16,,,,13.5,,unavailable (no satellite pass / dataset error),
75.3,Good,,2026-08-30T09:10:10Z,Torquay,2026-08-28T00:00:00Z,2026-08-28T10:00,13.8,285,31.7,0.0,0.68,8.5,222,0.84,0.14,,,,13.5,,unavailable (no satellite pass / dataset error),
75.0,Good,,2026-08-30T09:10:10Z,Torquay,2026-08-28T01:00:00Z,2026-08-28T11:00,13.5,265,26.6,0.1,0.74,9.1,223,0.88,0.16,,,,13.5,,unavailable (no satellite pass / dataset error),
73.5,Good,,2026-08-30T09:10:10Z,Torquay,2026-08-28T02:00:00Z,2026-08-28T12:00,13.8,252,27.4,0.6,0.78,10.0,225,0.9,0.16,,,,13.6,,unavailable (no satellite pass / dataset error),
74.2,Good,,2026-08-30T09:10:10Z,Torquay,2026-08-28T03:00:00Z,2026-08-28T13:00,12.5,201,27.7,0.2,0.84,10.6,226,0.94,0.18,,,,13.6,,unavailable (no satellite pass / dataset error),
73.4,Good,,2026-08-30T09:10:10Z,Torquay,2026-08-28T04:00:00Z,2026-08-28T14:00,13.0,183,24.5,0.0,0.86,10.65,225,0.96,0.22,,,,13.6,,unavailable (no satellite pass / dataset error),
72.7,Good,,2026-08-30T09:10:10Z,Torquay,2026-08-28T05:00:00Z,2026-08-28T15:00,13.1,181,26.3,0.1,0.9,10.4,223,1.0,0.26,,,,13.6,,unavailable (no satellite pass / dataset error),
73.4,Good,,2026-08-30T09:10:10Z,Torquay,2026-08-28T06:00:00Z,2026-08-28T16:00,12.3,188,25.2,0.0,0.92,10.1,222,1.02,0.3,,,,13.6,,unavailable (no satellite pass / dataset error),
71.8,Good,,2026-08-30T09:10:10Z,Torquay,2026-08-28T07:00:00Z,2026-08-28T17:00,13.7,198,26.3,0.0,0.94,9.8,221,1.02,0.26,,,,13.6,,unavailable (no satellite pass / dataset error),
75.2,Good,,2026-08-30T09:10:10Z,Torquay,2026-08-28T08:00:00Z,2026-08-28T18:00,10.5,200,24.8,0.0,0.94,9.4,221,1.04,0.24,,,,13.6,,unavailable (no satellite pass / dataset error),
78.1,Good,,2026-08-30T09:10:10Z,Torquay,2026-08-28T09:00:00Z,2026-08-28T19:00,8.0,194,17.6,0.0,0.96,9.15,220,1.04,0.2,,,,13.6,,unavailable (no satellite pass / dataset error),
84.3,Excellent,,2026-08-30T09:10:10Z,Torquay,2026-08-28T10:00:00Z,2026-08-28T20:00,2.6,236,13.3,0.0,0.96,9.05,220,1.04,0.16,,,,13.6,,unavailable (no satellite pass / dataset error),
82.1,Excellent,,2026-08-30T09:10:10Z,Torquay,2026-08-28T11:00:00Z,2026-08-28T21:00,4.5,277,5.4,0.0,0.98,9.0,219,1.04,0.14,,,,13.5,,unavailable (no satellite pass / dataset error),
77.9,Good,,2026-08-30T09:10:10Z,Torquay,2026-08-28T12:00:00Z,2026-08-28T22:00,8.2,278,10.8,0.0,0.98,9.0,219,1.04,0.1,,,,13.5,,unavailable (no satellite pass / dataset error),
77.3,Good,,2026-08-30T09:10:10Z,Torquay,2026-08-28T13:00:00Z,2026-08-28T23:00,8.7,275,14.8,0.0,0.98,9.05,219,1.04,0.08,,,,13.5,,unavailable (no satellite pass / dataset error),
77.4,Good,,2026-08-30T09:10:10Z,Torquay,2026-08-28T14:00:00Z,2026-08-29T00:00,8.6,271,15.1,0.0,0.98,9.1,219,1.04,0.08,,,,13.5,,unavailable (no satellite pass / dataset error),
77.3,Good,,2026-08-30T09:10:10Z,Torquay,2026-08-28T15:00:00Z,2026-08-29T01:00,8.7,276,14.8,0.0,0.98,9.0,219,1.04,0.06,,,,13.5,,unavailable (no satellite pass / dataset error),
75.4,Good,,2026-08-30T09:10:10Z,Torquay,2026-08-28T16:00:00Z,2026-08-29T02:00,10.4,285,17.3,0.0,0.94,8.5,217,1.04,0.06,,,,13.5,,unavailable (no satellite pass / dataset error),
73.4,Good,,2026-08-30T09:10:10Z,Torquay,2026-08-28T17:00:00Z,2026-08-29T03:00,11.9,292,20.2,0.0,0.9,7.8,214,1.06,0.04,,,,13.5,,unavailable (no satellite pass / dataset error),
75.3,Good,,2026-08-30T09:10:10Z,Torquay,2026-08-28T18:00:00Z,2026-08-29T04:00,10.3,286,20.5,0.0,0.86,7.3,212,1.06,0.04,,,,13.5,,unavailable (no satellite pass / dataset error),
74.5,Good,,2026-08-30T09:10:10Z,Torquay,2026-08-28T19:00:00Z,2026-08-29T05:00,10.6,285,18.4,0.0,0.92,7.25,211,1.1,0.04,,,,13.5,,unavailable (no satellite pass / dataset error),
74.3,Good,,2026-08-30T09:10:10Z,Torquay,2026-08-28T20:00:00Z,2026-08-29T06:00,10.6,291,18.4,0.0,1.0,7.4,210,1.12,0.04,,,,13.5,,unavailable (no satellite pass / dataset error),
73.2,Good,,2026-08-30T09:10:10Z,Torquay,2026-08-28T21:00:00Z,2026-08-29T07:00,11.2,288,19.1,0.0,1.06,7.6,209,1.16,0.04,,,,13.5,,unavailable (no satellite pass / dataset error),
72.5,Good,,2026-08-30T09:10:10Z,Torquay,2026-08-28T22:00:00Z,2026-08-29T08:00,12.0,283,21.2,0.0,1.06,7.9,211,1.14,0.04,,,,13.5,,unavailable (no satellite pass / dataset error),
73.6,Good,,2026-08-30T09:10:10Z,Torquay,2026-08-28T23:00:00Z,2026-08-29T09:00,11.4,281,22.0,0.0,1.04,8.2,213,1.1,0.04,,,,13.5,,unavailable (no satellite pass / dataset error),
73.4,Good,,2026-08-30T09:10:10Z,Torquay,2026-08-29T00:00:00Z,2026-08-29T10:00,11.7,272,22.7,0.0,1.04,8.45,215,1.08,0.04,,,,13.5,,unavailable (no satellite pass / dataset error),
73.2,Good,,2026-08-30T09:10:10Z,Torquay,2026-08-29T01:00:00Z,2026-08-29T11:00,12.1,242,25.6,0.0,1.04,8.5,215,1.08,0.06,,,,13.5,,unavailable (no satellite pass / dataset error),
77.8,Good,,2026-08-30T09:10:10Z,Torquay,2026-08-29T02:00:00Z,2026-08-29T12:00,9.1,236,25.6,0.0,1.02,8.4,215,1.06,0.06,,,,13.6,,unavailable (no satellite pass / dataset error),
79.2,Good,,2026-08-30T09:10:10Z,Torquay,2026-08-29T03:00:00Z,2026-08-29T13:00,8.2,194,20.9,0.0,1.02,8.35,215,1.06,0.08,,,,13.6,,unavailable (no satellite pass / dataset error),
68.3,Good,,2026-08-30T09:10:10Z,Torquay,2026-08-29T04:00:00Z,2026-08-29T14:00,17.5,172,35.3,0.0,1.02,8.25,215,1.08,0.08,,,,13.6,,unavailable (no satellite pass / dataset error),
72.3,Good,,2026-08-30T09:10:10Z,Torquay,2026-08-29T05:00:00Z,2026-08-29T15:00,14.0,173,36.0,0.0,1.04,8.2,214,1.1,0.1,,,,13.6,,unavailable (no satellite pass / dataset error),
78.1,Good,,2026-08-30T09:10:10Z,Torquay,2026-08-29T06:00:00Z,2026-08-29T16:00,8.7,162,28.4,0.0,1.04,8.2,214,1.12,0.1,,,,13.6,,unavailable (no satellite pass / dataset error),
78.4,Good,,2026-08-30T09:10:10Z,Torquay,2026-08-29T07:00:00Z,2026-08-29T17:00,8.3,156,18.7,0.0,1.02,8.45,214,1.14,0.08,,,,13.6,,unavailable (no satellite pass / dataset error),
82.0,Excellent,,2026-08-30T09:10:10Z,Torquay,2026-08-29T08:00:00Z,2026-08-29T18:00,4.9,129,15.5,0.0,1.02,8.85,215,1.16,0.08,,,,13.6,,unavailable (no satellite pass / dataset error),
86.3,Excellent,,2026-08-30T09:10:10Z,Torquay,2026-08-29T09:00:00Z,2026-08-29T19:00,1.0,68,7.2,0.0,1.0,9.05,215,1.18,0.06,,,,13.6,,unavailable (no satellite pass / dataset error),
81.8,Excellent,,2026-08-30T09:10:10Z,Torquay,2026-08-29T10:00:00Z,2026-08-29T20:00,4.9,324,6.1,0.0,1.06,8.85,214,1.18,0.06,,,,13.6,,unavailable (no satellite pass / dataset error),
77.9,Good,,2026-08-30T09:10:10Z,Torquay,2026-08-29T11:00:00Z,2026-08-29T21:00,8.1,294,13.7,0.0,1.1,8.45,213,1.2,0.04,,,,13.5,,unavailable (no satellite pass / dataset error),
76.3,Good,,2026-08-30T09:10:10Z,Torquay,2026-08-29T12:00:00Z,2026-08-29T22:00,9.5,271,15.1,0.0,1.16,8.15,212,1.2,0.04,,,,13.5,,unavailable (no satellite pass / dataset error),
76.9,Good,,2026-08-30T09:10:10Z,Torquay,2026-08-29T13:00:00Z,2026-08-29T23:00,9.0,271,16.2,0.0,1.16,8.15,212,1.2,0.04,,,,13.5,,unavailable (no satellite pass / dataset error),
76.5,Good,,2026-08-30T09:10:10Z,Torquay,2026-08-29T14:00:00Z,2026-08-30T00:00,9.4,278,15.8,0.0,1.16,8.25,212,1.2,0.04,,,,13.5,,unavailable (no satellite pass / dataset error),
75.1,Good,,2026-08-30T09:10:10Z,Torquay,2026-08-29T15:00:00Z,2026-08-30T01:00,10.6,284,17.6,0.0,1.16,8.35,212,1.2,0.04,,,,13.5,,unavailable (no satellite pass / dataset error),
75.7,Good,,2026-08-30T09:10:10Z,Torquay,2026-08-29T16:00:00Z,2026-08-30T02:00,9.9,285,17.6,0.0,1.18,8.4,212,1.22,0.04,,,,13.5,,unavailable (no satellite pass / dataset error),
75.2,Good,,2026-08-30T09:10:10Z,Torquay,2026-08-29T17:00:00Z,2026-08-30T03:00,10.1,282,16.9,0.0,1.2,8.45,212,1.24,0.04,,,,13.5,,unavailable (no satellite pass / dataset error),
74.2,Good,,2026-08-30T09:10:10Z,Torquay,2026-08-29T18:00:00Z,2026-08-30T04:00,10.8,285,18.0,0.0,1.22,8.5,212,1.26,0.04,,,,13.5,,unavailable (no satellite pass / dataset error),
75.0,Good,,2026-08-30T09:10:10Z,Torquay,2026-08-29T19:00:00Z,2026-08-30T05:00,9.9,272,18.4,0.0,1.24,8.6,212,1.28,0.04,,,,13.5,,unavailable (no satellite pass / dataset error),
74.6,Good,,2026-08-30T09:10:10Z,Torquay,2026-08-29T20:00:00Z,2026-08-30T06:00,10.1,271,17.6,0.0,1.26,8.65,212,1.3,0.04,,,,13.5,,unavailable (no satellite pass / dataset error),
75.4,Good,,2026-08-30T09:10:10Z,Torquay,2026-08-29T21:00:00Z,2026-08-30T07:00,9.2,276,16.9,0.0,1.28,8.75,212,1.32,0.04,,,,13.5,,unavailable (no satellite pass / dataset error),
74.0,Good,,2026-08-30T09:10:10Z,Torquay,2026-08-29T22:00:00Z,2026-08-30T08:00,10.2,291,16.6,0.0,1.3,8.85,212,1.34,0.04,,,,13.5,,unavailable (no satellite pass / dataset error),
74.7,Good,,2026-08-30T09:10:10Z,Torquay,2026-08-29T23:00:00Z,2026-08-30T09:00,9.6,286,19.1,0.0,1.3,8.9,212,1.34,0.02,,,,13.5,,unavailable (no satellite pass / dataset error),
74.9,Good,,2026-08-30T09:10:10Z,Torquay,2026-08-30T00:00:00Z,2026-08-30T10:00,9.3,246,21.2,0.0,1.32,9.0,212,1.36,0.02,,,,13.5,,unavailable (no satellite pass / dataset error),
76.5,Good,,2026-08-30T09:10:10Z,Torquay,2026-08-30T01:00:00Z,2026-08-30T11:00,7.9,246,20.5,0.0,1.32,9.1,212,1.36,0.04,,,,13.5,,unavailable (no satellite pass / dataset error),
79.3,Good,,2026-08-30T09:10:10Z,Torquay,2026-08-30T02:00:00Z,2026-08-30T12:00,5.2,229,19.1,0.0,1.34,9.15,212,1.38,0.08,,,,13.6,,unavailable (no satellite pass / dataset error),
80.1,Excellent,,2026-08-30T09:10:10Z,Torquay,2026-08-30T03:00:00Z,2026-08-30T13:00,4.5,196,16.2,0.0,1.34,9.25,212,1.38,0.1,,,,13.6,,unavailable (no satellite pass / dataset error),
72.2,Good,,2026-08-30T09:10:10Z,Torquay,2026-08-30T04:00:00Z,2026-08-30T14:00,11.3,167,24.8,0.0,1.34,9.3,212,1.4,0.2,,,,13.6,,unavailable (no satellite pass / dataset error),
67.1,Good,,2026-08-30T09:10:10Z,Torquay,2026-08-30T05:00:00Z,2026-08-30T15:00,15.5,160,31.3,0.0,1.32,9.35,213,1.42,0.32,,,,13.7,,unavailable (no satellite pass / dataset error),
68.8,Good,,2026-08-30T09:10:10Z,Torquay,2026-08-30T06:00:00Z,2026-08-30T16:00,13.9,170,31.7,0.0,1.32,9.45,213,1.44,0.42,,,,13.7,,unavailable (no satellite pass / dataset error),
69.2,Good,,2026-08-30T09:10:10Z,Torquay,2026-08-30T07:00:00Z,2026-08-30T17:00,13.3,178,27.4,0.0,1.3,9.6,213,1.46,0.36,,,,13.7,,unavailable (no satellite pass / dataset error),
71.4,Good,,2026-08-30T09:10:10Z,Torquay,2026-08-30T08:00:00Z,2026-08-30T18:00,11.4,183,24.8,0.0,1.3,9.8,214,1.46,0.32,,,,13.7,,unavailable (no satellite pass / dataset error),
74.5,Good,,2026-08-30T09:10:10Z,Torquay,2026-08-30T09:00:00Z,2026-08-30T19:00,8.5,187,19.8,0.0,1.28,9.85,214,1.48,0.26,,,,13.6,,unavailable (no satellite pass / dataset error),
78.9,Good,,2026-08-30T09:10:10Z,Port Phillip Heads (J5 Submarine),2026-08-27T14:00:00Z,2026-08-28T00:00,11.9,338,19.8,0.0,0.56,8.3,224,0.7,0.06,,,,13.5,,unavailable (no satellite pass / dataset error),
78.9,Good,,2026-08-30T09:10:10Z,Port Phillip Heads (J5 Submarine),2026-08-27T15:00:00Z,2026-08-28T01:00,11.9,319,20.5,0.0,0.58,8.35,223,0.7,0.06,,,,13.5,,unavailable (no satellite pass / dataset error),
77.9,Good,,2026-08-30T09:10:10Z,Port Phillip Heads (J5 Submarine),2026-08-27T16:00:00Z,2026-08-28T02:00,12.6,306,21.2,0.0,0.6,8.4,223,0.72,0.08,,,,13.4,,unavailable (no satellite pass / dataset error),
76.5,Good,,2026-08-30T09:10:10Z,Port Phillip Heads (J5 Submarine),2026-08-27T17:00:00Z,2026-08-28T03:00,13.5,311,23.0,0.0,0.64,8.5,223,0.76,0.08,,,,13.4,,unavailable (no satellite pass / dataset error),
76.3,Good,,2026-08-30T09:10:10Z,Port Phillip Heads (J5 Submarine),2026-08-27T18:00:00Z,2026-08-28T04:00,13.5,314,23.4,0.0,0.66,8.55,223,0.78,0.1,,,,13.4,,unavailable (no satellite pass / dataset error),
75.0,Good,,2026-08-30T09:10:10Z,Port Phillip Heads (J5 Submarine),2026-08-27T19:00:00Z,2026-08-28T05:00,14.4,313,24.5,0.0,0.68,8.5,223,0.8,0.1,,,,13.4,,unavailable (no satellite pass / dataset error),
76.5,Good,,2026-08-30T09:10:10Z,Port Phillip Heads (J5 Submarine),2026-08-27T20:00:00Z,2026-08-28T06:00,12.9,305,24.8,0.0,0.7,8.4,223,0.82,0.12,,,,13.4,,unavailable (no satellite pass / dataset error),
76.4,Good,,2026-08-30T09:10:10Z,Port Phillip Heads (J5 Submarine),2026-08-27T21:00:00Z,2026-08-28T07:00,12.8,292,22.3,0.0,0.72,8.35,223,0.84,0.12,,,,13.4,,unavailable (no satellite pass / dataset error),
75.2,Good,,2026-08-30T09:10:10Z,Port Phillip Heads (J5 Submarine),2026-08-27T22:00:00Z,2026-08-28T08:00,13.7,298,24.1,0.0,0.74,8.35,223,0.86,0.12,,,,13.4,,unavailable (no satellite pass / dataset error),
74.5,Good,,2026-08-30T09:10:10Z,Port Phillip Heads (J5 Submarine),2026-08-27T23:00:00Z,2026-08-28T09:00,13.9,290,25.2,0.0,0.76,8.4,224,0.9,0.14,,,,13.5,,unavailable (no satellite pass / dataset error),
76.0,Good,,2026-08-30T09:10:10Z,Port Phillip Heads (J5 Submarine),2026-08-28T00:00:00Z,2026-08-28T10:00,12.4,289,29.2,0.0,0.78,8.4,224,0.92,0.14,,,,13.5,,unavailable (no satellite pass / dataset error),
74.0,Good,,2026-08-30T09:10:10Z,Port Phillip Heads (J5 Submarine),2026-08-28T01:00:00Z,2026-08-28T11:00,13.1,261,27.4,0.5,0.82,8.35,224,0.96,0.16,,,,13.5,,unavailable (no satellite pass / dataset error),
73.6,Good,,2026-08-30T09:10:10Z,Port Phillip Heads (J5 Submarine),2026-08-28T02:00:00Z,2026-08-28T12:00,12.4,260,27.7,0.3,0.84,8.3,223,1.02,0.16,,,,13.5,,unavailable (no satellite pass / dataset error),
73.1,Good,,2026-08-30T09:10:10Z,Port Phillip Heads (J5 Submarine),2026-08-28T03:00:00Z,2026-08-28T13:00,12.2,209,26.3,0.2,0.88,8.4,223,1.06,0.18,,,,13.5,,unavailable (no satellite pass / dataset error),
70.2,Good,,2026-08-30T09:10:10Z,Port Phillip Heads (J5 Submarine),2026-08-28T04:00:00Z,2026-08-28T14:00,14.5,197,28.8,0.0,0.96,8.9,223,1.08,0.2,,,,13.6,,unavailable (no satellite pass / dataset error),
70.0,Good,,2026-08-30T09:10:10Z,Port Phillip Heads (J5 Submarine),2026-08-28T05:00:00Z,2026-08-28T15:00,14.3,199,30.6,0.0,1.02,9.6,223,1.12,0.24,,,,13.6,,unavailable (no satellite pass / dataset error),
70.4,Good,,2026-08-30T09:10:10Z,Port Phillip Heads (J5 Submarine),2026-08-28T06:00:00Z,2026-08-28T16:00,13.8,206,28.4,0.0,1.1,10.0,223,1.14,0.26,,,,13.6,,unavailable (no satellite pass / dataset error),
68.4,Good,,2026-08-30T09:10:10Z,Port Phillip Heads (J5 Submarine),2026-08-28T07:00:00Z,2026-08-28T17:00,15.4,214,31.7,0.0,1.12,9.85,222,1.16,0.24,,,,13.6,,unavailable (no satellite pass / dataset error),
71.6,Good,,2026-08-30T09:10:10Z,Port Phillip Heads (J5 Submarine),2026-08-28T08:00:00Z,2026-08-28T18:00,12.6,218,31.3,0.0,1.14,9.4,220,1.16,0.24,,,,13.6,,unavailable (no satellite pass / dataset error),
72.3,Good,,2026-08-30T09:10:10Z,Port Phillip Heads (J5 Submarine),2026-08-28T09:00:00Z,2026-08-28T19:00,11.8,216,22.3,0.0,1.16,9.0,219,1.18,0.22,,,,13.5,,unavailable (no satellite pass / dataset error),
75.0,Good,,2026-08-30T09:10:10Z,Port Phillip Heads (J5 Submarine),2026-08-28T10:00:00Z,2026-08-28T20:00,9.4,220,20.2,0.0,1.16,8.8,218,1.18,0.2,,,,13.5,,unavailable (no satellite pass / dataset error),
77.3,Good,,2026-08-30T09:10:10Z,Port Phillip Heads (J5 Submarine),2026-08-28T11:00:00Z,2026-08-28T21:00,7.4,236,15.8,0.0,1.16,8.7,218,1.18,0.2,,,,13.5,,unavailable (no satellite pass / dataset error),
75.5,Good,,2026-08-30T09:10:10Z,Port Phillip Heads (J5 Submarine),2026-08-28T12:00:00Z,2026-08-28T22:00,9.0,264,14.4,0.0,1.16,8.7,217,1.18,0.18,,,,13.5,,unavailable (no satellite pass / dataset error),
74.5,Good,,2026-08-30T09:10:10Z,Port Phillip Heads (J5 Submarine),2026-08-28T13:00:00Z,2026-08-28T23:00,9.8,278,16.9,0.0,1.14,8.95,219,1.18,0.16,,,,13.5,,unavailable (no satellite pass / dataset error),
74.2,Good,,2026-08-30T09:10:10Z,Port Phillip Heads (J5 Submarine),2026-08-28T14:00:00Z,2026-08-29T00:00,9.9,274,16.9,0.0,1.14,9.4,220,1.2,0.16,,,,13.5,,unavailable (no satellite pass / dataset error),
74.0,Good,,2026-08-30T09:10:10Z,Port Phillip Heads (J5 Submarine),2026-08-28T15:00:00Z,2026-08-29T01:00,10.1,280,16.9,0.0,1.12,9.55,222,1.2,0.14,,,,13.4,,unavailable (no satellite pass / dataset error),
72.0,Good,,2026-08-30T09:10:10Z,Port Phillip Heads (J5 Submarine),2026-08-28T16:00:00Z,2026-08-29T02:00,11.8,289,19.8,0.0,1.08,9.25,221,1.2,0.12,,,,13.4,,unavailable (no satellite pass / dataset error),
70.8,Good,,2026-08-30T09:10:10Z,Port Phillip Heads (J5 Submarine),2026-08-28T17:00:00Z,2026-08-29T03:00,12.9,295,22.0,0.0,1.02,8.75,220,1.2,0.12,,,,13.4,,unavailable (no satellite pass / dataset error),
73.0,Good,,2026-08-30T09:10:10Z,Port Phillip Heads (J5 Submarine),2026-08-28T18:00:00Z,2026-08-29T04:00,11.0,289,22.7,0.0,0.98,8.35,219,1.2,0.1,,,,13.4,,unavailable (no satellite pass / dataset error),
72.3,Good,,2026-08-30T09:10:10Z,Port Phillip Heads (J5 Submarine),2026-08-28T19:00:00Z,2026-08-29T05:00,11.2,292,19.8,0.0,1.06,8.2,216,1.24,0.1,,,,13.4,,unavailable (no satellite pass / dataset error),
71.4,Good,,2026-08-30T09:10:10Z,Port Phillip Heads (J5 Submarine),2026-08-28T20:00:00Z,2026-08-29T06:00,11.6,300,19.8,0.0,1.14,8.15,214,1.28,0.12,,,,13.4,,unavailable (no satellite pass / dataset error),
70.7,Good,,2026-08-30T09:10:10Z,Port Phillip Heads (J5 Submarine),2026-08-28T21:00:00Z,2026-08-29T07:00,11.9,301,20.9,0.0,1.22,8.1,211,1.32,0.12,,,,13.4,,unavailable (no satellite pass / dataset error),
71.2,Good,,2026-08-30T09:10:10Z,Port Phillip Heads (J5 Submarine),2026-08-28T22:00:00Z,2026-08-29T08:00,11.8,293,22.0,0.0,1.2,8.05,211,1.28,0.12,,,,13.4,,unavailable (no satellite pass / dataset error),
71.2,Good,,2026-08-30T09:10:10Z,Port Phillip Heads (J5 Submarine),2026-08-28T23:00:00Z,2026-08-29T09:00,12.2,286,23.8,0.0,1.16,7.95,212,1.24,0.14,,,,13.5,,unavailable (no satellite pass / dataset error),
70.9,Good,,2026-08-30T09:10:10Z,Port Phillip Heads (J5 Submarine),2026-08-29T00:00:00Z,2026-08-29T10:00,12.8,270,25.9,0.0,1.14,7.9,212,1.2,0.14,,,,13.5,,unavailable (no satellite pass / dataset error),
72.0,Good,,2026-08-30T09:10:10Z,Port Phillip Heads (J5 Submarine),2026-08-29T01:00:00Z,2026-08-29T11:00,12.8,241,28.8,0.0,1.12,7.85,212,1.18,0.14,,,,13.5,,unavailable (no satellite pass / dataset error),
75.3,Good,,2026-08-30T09:10:10Z,Port Phillip Heads (J5 Submarine),2026-08-29T02:00:00Z,2026-08-29T12:00,10.3,234,28.8,0.0,1.12,7.8,212,1.18,0.12,,,,13.5,,unavailable (no satellite pass / dataset error),
78.3,Good,,2026-08-30T09:10:10Z,Port Phillip Heads (J5 Submarine),2026-08-29T03:00:00Z,2026-08-29T13:00,8.2,199,24.5,0.0,1.1,7.8,212,1.16,0.12,,,,13.6,,unavailable (no satellite pass / dataset error),
69.0,Good,,2026-08-30T09:10:10Z,Port Phillip Heads (J5 Submarine),2026-08-29T04:00:00Z,2026-08-29T14:00,16.1,185,34.2,0.0,1.12,7.85,213,1.18,0.1,,,,13.6,,unavailable (no satellite pass / dataset error),
70.7,Good,,2026-08-30T09:10:10Z,Port Phillip Heads (J5 Submarine),2026-08-29T05:00:00Z,2026-08-29T15:00,14.6,200,36.4,0.0,1.16,7.95,214,1.18,0.1,,,,13.6,,unavailable (no satellite pass / dataset error),
77.1,Good,,2026-08-30T09:10:10Z,Port Phillip Heads (J5 Submarine),2026-08-29T06:00:00Z,2026-08-29T16:00,8.8,206,31.0,0.0,1.18,8.1,215,1.2,0.08,,,,13.6,,unavailable (no satellite pass / dataset error),
76.5,Good,,2026-08-30T09:10:10Z,Port Phillip Heads (J5 Submarine),2026-08-29T07:00:00Z,2026-08-29T17:00,9.2,200,19.8,0.0,1.18,8.4,216,1.22,0.08,,,,13.6,,unavailable (no satellite pass / dataset error),
78.9,Good,,2026-08-30T09:10:10Z,Port Phillip Heads (J5 Submarine),2026-08-29T08:00:00Z,2026-08-29T18:00,6.7,196,18.4,0.0,1.16,8.7,217,1.26,0.08,,,,13.6,,unavailable (no satellite pass / dataset error),
81.0,Excellent,,2026-08-30T09:10:10Z,Port Phillip Heads (J5 Submarine),2026-08-29T09:00:00Z,2026-08-29T19:00,4.7,187,11.2,0.0,1.16,8.85,218,1.28,0.08,,,,13.6,,unavailable (no satellite pass / dataset error),
84.0,Excellent,,2026-08-30T09:10:10Z,Port Phillip Heads (J5 Submarine),2026-08-29T10:00:00Z,2026-08-29T20:00,1.9,292,6.8,0.0,1.22,8.65,216,1.3,0.08,,,,13.6,,unavailable (no satellite pass / dataset error),
75.4,Good,,2026-08-30T09:10:10Z,Port Phillip Heads (J5 Submarine),2026-08-29T11:00:00Z,2026-08-29T21:00,9.0,322,14.8,0.0,1.3,8.3,215,1.34,0.06,,,,13.5,,unavailable (no satellite pass / dataset error),
74.9,Good,,2026-08-30T09:10:10Z,Port Phillip Heads (J5 Submarine),2026-08-29T12:00:00Z,2026-08-29T22:00,9.3,286,15.8,0.0,1.36,8.0,213,1.36,0.06,,,,13.5,,unavailable (no satellite pass / dataset error),
74.2,Good,,2026-08-30T09:10:10Z,Port Phillip Heads (J5 Submarine),2026-08-29T13:00:00Z,2026-08-29T23:00,9.9,279,16.9,0.0,1.34,7.95,213,1.36,0.06,,,,13.5,,unavailable (no satellite pass / dataset error),
74.0,Good,,2026-08-30T09:10:10Z,Port Phillip Heads (J5 Submarine),2026-08-29T14:00:00Z,2026-08-30T00:00,10.2,288,17.3,0.0,1.34,8.0,213,1.34,0.06,,,,13.5,,unavailable (no satellite pass / dataset error),
72.1,Good,,2026-08-30T09:10:10Z,Port Phillip Heads (J5 Submarine),2026-08-29T15:00:00Z,2026-08-30T01:00,11.9,290,20.2,0.0,1.32,8.05,213,1.34,0.06,,,,13.5,,unavailable (no satellite pass / dataset error),
72.1,Good,,2026-08-30T09:10:10Z,Port Phillip Heads (J5 Submarine),2026-08-29T16:00:00Z,2026-08-30T02:00,11.7,291,20.9,0.0,1.34,8.15,213,1.36,0.08,,,,13.5,,unavailable (no satellite pass / dataset error),
71.3,Good,,2026-08-30T09:10:10Z,Port Phillip Heads (J5 Submarine),2026-08-29T17:00:00Z,2026-08-30T03:00,12.4,291,20.9,0.0,1.36,8.25,214,1.36,0.08,,,,13.5,,unavailable (no satellite pass / dataset error),
71.3,Good,,2026-08-30T09:10:10Z,Port Phillip Heads (J5 Submarine),2026-08-29T18:00:00Z,2026-08-30T04:00,12.2,284,22.0,0.0,1.38,8.35,214,1.38,0.1,,,,13.5,,unavailable (no satellite pass / dataset error),
72.2,Good,,2026-08-30T09:10:10Z,Port Phillip Heads (J5 Submarine),2026-08-29T19:00:00Z,2026-08-30T05:00,11.3,277,20.5,0.0,1.4,8.4,214,1.4,0.1,,,,13.5,,unavailable (no satellite pass / dataset error),
73.0,Good,,2026-08-30T09:10:10Z,Port Phillip Heads (J5 Submarine),2026-08-29T20:00:00Z,2026-08-30T06:00,10.4,281,19.1,0.0,1.42,8.5,214,1.42,0.08,,,,13.5,,unavailable (no satellite pass / dataset error),
72.2,Good,,2026-08-30T09:10:10Z,Port Phillip Heads (J5 Submarine),2026-08-29T21:00:00Z,2026-08-30T07:00,10.9,292,18.7,0.0,1.44,8.55,214,1.44,0.08,,,,13.5,,unavailable (no satellite pass / dataset error),
71.6,Good,,2026-08-30T09:10:10Z,Port Phillip Heads (J5 Submarine),2026-08-29T22:00:00Z,2026-08-30T08:00,11.2,296,21.6,0.0,1.46,8.65,214,1.46,0.08,,,,13.5,,unavailable (no satellite pass / dataset error),
72.4,Good,,2026-08-30T09:10:10Z,Port Phillip Heads (J5 Submarine),2026-08-29T23:00:00Z,2026-08-30T09:00,10.3,295,22.3,0.0,1.46,8.7,213,1.48,0.08,,,,13.5,,unavailable (no satellite pass / dataset error),
73.5,Good,,2026-08-30T09:10:10Z,Port Phillip Heads (J5 Submarine),2026-08-30T00:00:00Z,2026-08-30T10:00,9.2,247,22.7,0.0,1.48,8.8,213,1.5,0.08,,,,13.5,,unavailable (no satellite pass / dataset error),
74.7,Good,,2026-08-30T09:10:10Z,Port Phillip Heads (J5 Submarine),2026-08-30T01:00:00Z,2026-08-30T11:00,8.1,245,21.6,0.0,1.5,8.9,213,1.5,0.06,,,,13.5,,unavailable (no satellite pass / dataset error),
77.6,Good,,2026-08-30T09:10:10Z,Port Phillip Heads (J5 Submarine),2026-08-30T02:00:00Z,2026-08-30T12:00,5.4,236,20.5,0.0,1.5,9.05,214,1.52,0.04,,,,13.6,,unavailable (no satellite pass / dataset error),
79.1,Good,,2026-08-30T09:10:10Z,Port Phillip Heads (J5 Submarine),2026-08-30T03:00:00Z,2026-08-30T13:00,4.1,193,17.3,0.0,1.52,9.15,214,1.52,0.02,,,,13.6,,unavailable (no satellite pass / dataset error),
71.5,Good,,2026-08-30T09:10:10Z,Port Phillip Heads (J5 Submarine),2026-08-30T04:00:00Z,2026-08-30T14:00,10.6,169,25.2,0.0,1.52,9.2,214,1.54,0.1,,,,13.6,,unavailable (no satellite pass / dataset error),
67.5,Good,,2026-08-30T09:10:10Z,Port Phillip Heads (J5 Submarine),2026-08-30T05:00:00Z,2026-08-30T15:00,14.1,174,31.3,0.0,1.52,9.25,214,1.54,0.18,,,,13.7,,unavailable (no satellite pass / dataset error),
67.7,Good,,2026-08-30T09:10:10Z,Port Phillip Heads (J5 Submarine),2026-08-30T06:00:00Z,2026-08-30T16:00,13.7,197,31.0,0.0,1.52,9.3,214,1.56,0.26,,,,13.7,,unavailable (no satellite pass / dataset error),
65.7,Good,,2026-08-30T09:10:10Z,Port Phillip Heads (J5 Submarine),2026-08-30T07:00:00Z,2026-08-30T17:00,15.3,207,29.9,0.0,1.52,9.4,215,1.58,0.28,,,,13.7,,unavailable (no satellite pass / dataset error),
67.2,Good,,2026-08-30T09:10:10Z,Port Phillip Heads (J5 Submarine),2026-08-30T08:00:00Z,2026-08-30T18:00,13.8,207,29.5,0.0,1.5,9.55,215,1.6,0.3,,,,13.7,,unavailable (no satellite pass / dataset error),
67.1,Good,,2026-08-30T09:10:10Z,Port Phillip Heads (J5 Submarine),2026-08-30T09:00:00Z,2026-08-30T19:00,13.7,203,24.5,0.0,1.5,9.6,216,1.62,0.32,,,,13.6,,unavailable (no satellite pass / dataset error),
74.2,Good,,2026-08-30T09:10:10Z,Blairgowrie Back Beach,2026-08-27T14:00:00Z,2026-08-28T00:00,13.2,328,22.7,0.0,0.84,8.5,230,1.0,0.16,,,,13.5,,unavailable (no satellite pass / dataset error),
71.7,Good,,2026-08-30T09:10:10Z,Blairgowrie Back Beach,2026-08-27T15:00:00Z,2026-08-28T01:00,15.2,330,26.6,0.0,0.86,8.5,231,1.02,0.18,,,,13.4,,unavailable (no satellite pass / dataset error),
71.0,Good,,2026-08-30T09:10:10Z,Blairgowrie Back Beach,2026-08-27T16:00:00Z,2026-08-28T02:00,15.5,309,27.7,0.0,0.9,8.55,231,1.06,0.2,,,,13.4,,unavailable (no satellite pass / dataset error),
70.1,Good,,2026-08-30T09:10:10Z,Blairgowrie Back Beach,2026-08-27T17:00:00Z,2026-08-28T03:00,15.9,302,28.8,0.0,0.92,8.65,231,1.1,0.24,,,,13.4,,unavailable (no satellite pass / dataset error),
69.1,Good,,2026-08-30T09:10:10Z,Blairgowrie Back Beach,2026-08-27T18:00:00Z,2026-08-28T04:00,16.4,306,28.8,0.0,0.96,8.7,231,1.14,0.26,,,,13.4,,unavailable (no satellite pass / dataset error),
67.8,Good,,2026-08-30T09:10:10Z,Blairgowrie Back Beach,2026-08-27T19:00:00Z,2026-08-28T05:00,17.2,311,31.7,0.0,0.98,8.65,231,1.18,0.28,,,,13.4,,unavailable (no satellite pass / dataset error),
67.8,Good,,2026-08-30T09:10:10Z,Blairgowrie Back Beach,2026-08-27T20:00:00Z,2026-08-28T06:00,16.6,312,31.7,0.0,1.02,8.55,231,1.24,0.28,,,,13.4,,unavailable (no satellite pass / dataset error),
68.2,Good,,2026-08-30T09:10:10Z,Blairgowrie Back Beach,2026-08-27T21:00:00Z,2026-08-28T07:00,15.9,309,30.2,0.0,1.04,8.5,231,1.28,0.3,,,,13.4,,unavailable (no satellite pass / dataset error),
65.7,Good,,2026-08-30T09:10:10Z,Blairgowrie Back Beach,2026-08-27T22:00:00Z,2026-08-28T08:00,17.5,307,33.1,0.0,1.1,8.45,231,1.34,0.3,,,,13.4,,unavailable (no satellite pass / dataset error),
65.0,Good,,2026-08-30T09:10:10Z,Blairgowrie Back Beach,2026-08-27T23:00:00Z,2026-08-28T09:00,17.6,310,34.9,0.0,1.14,8.45,231,1.4,0.32,,,,13.4,,unavailable (no satellite pass / dataset error),
64.8,Good,,2026-08-30T09:10:10Z,Blairgowrie Back Beach,2026-08-28T00:00:00Z,2026-08-28T10:00,17.2,294,35.3,0.0,1.2,8.65,231,1.46,0.32,,,,13.4,,unavailable (no satellite pass / dataset error),
66.0,Good,,2026-08-30T09:10:10Z,Blairgowrie Back Beach,2026-08-28T01:00:00Z,2026-08-28T11:00,15.6,278,35.6,0.0,1.32,9.25,231,1.52,0.32,,,,13.4,,unavailable (no satellite pass / dataset error),
65.8,Good,,2026-08-30T09:10:10Z,Blairgowrie Back Beach,2026-08-28T02:00:00Z,2026-08-28T12:00,14.9,262,33.5,0.2,1.42,10.05,231,1.58,0.34,,,,13.5,,unavailable (no satellite pass / dataset error),
63.1,Good,,2026-08-30T09:10:10Z,Blairgowrie Back Beach,2026-08-28T03:00:00Z,2026-08-28T13:00,16.1,235,33.8,0.4,1.54,10.6,231,1.64,0.34,,,,13.5,,unavailable (no satellite pass / dataset error),
63.6,Good,,2026-08-30T09:10:10Z,Blairgowrie Back Beach,2026-08-28T04:00:00Z,2026-08-28T14:00,15.2,213,34.9,0.2,1.58,10.75,231,1.66,0.34,,,,13.5,,unavailable (no satellite pass / dataset error),
65.1,Good,,2026-08-30T09:10:10Z,Blairgowrie Back Beach,2026-08-28T05:00:00Z,2026-08-28T15:00,13.7,215,31.7,0.0,1.62,10.65,231,1.68,0.34,,,,13.5,,unavailable (no satellite pass / dataset error),
62.1,Good,,2026-08-30T09:10:10Z,Blairgowrie Back Beach,2026-08-28T06:00:00Z,2026-08-28T16:00,16.1,220,29.9,0.0,1.66,10.55,231,1.7,0.34,,,,13.5,,unavailable (no satellite pass / dataset error),
63.6,Good,,2026-08-30T09:10:10Z,Blairgowrie Back Beach,2026-08-28T07:00:00Z,2026-08-28T17:00,14.8,218,33.1,0.0,1.66,10.45,230,1.7,0.36,,,,13.5,,unavailable (no satellite pass / dataset error),
66.9,Good,,2026-08-30T09:10:10Z,Blairgowrie Back Beach,2026-08-28T08:00:00Z,2026-08-28T18:00,11.9,221,30.6,0.0,1.64,10.3,230,1.7,0.4,,,,13.5,,unavailable (no satellite pass / dataset error),
66.5,Good,,2026-08-30T09:10:10Z,Blairgowrie Back Beach,2026-08-28T09:00:00Z,2026-08-28T19:00,12.3,230,21.2,0.0,1.64,10.15,229,1.7,0.42,,,,13.5,,unavailable (no satellite pass / dataset error),
66.9,Good,,2026-08-30T09:10:10Z,Blairgowrie Back Beach,2026-08-28T10:00:00Z,2026-08-28T20:00,11.9,229,21.6,0.0,1.64,10.05,228,1.7,0.44,,,,13.5,,unavailable (no satellite pass / dataset error),
65.2,Good,,2026-08-30T09:10:10Z,Blairgowrie Back Beach,2026-08-28T11:00:00Z,2026-08-28T21:00,13.4,221,23.0,0.0,1.62,10.0,228,1.7,0.46,,,,13.4,,unavailable (no satellite pass / dataset error),
61.8,Good,,2026-08-30T09:10:10Z,Blairgowrie Back Beach,2026-08-28T12:00:00Z,2026-08-28T22:00,16.4,226,27.7,0.0,1.62,9.95,227,1.7,0.48,,,,13.4,,unavailable (no satellite pass / dataset error),
62.4,Good,,2026-08-30T09:10:10Z,Blairgowrie Back Beach,2026-08-28T13:00:00Z,2026-08-28T23:00,15.9,235,29.5,0.0,1.64,9.85,227,1.7,0.44,,,,13.4,,unavailable (no satellite pass / dataset error),
63.3,Good,,2026-08-30T09:10:10Z,Blairgowrie Back Beach,2026-08-28T14:00:00Z,2026-08-29T00:00,15.1,238,28.1,0.0,1.66,9.75,226,1.7,0.4,,,,13.4,,unavailable (no satellite pass / dataset error),
64.8,Good,,2026-08-30T09:10:10Z,Blairgowrie Back Beach,2026-08-28T15:00:00Z,2026-08-29T01:00,13.8,243,26.3,0.0,1.68,9.65,226,1.7,0.36,,,,13.4,,unavailable (no satellite pass / dataset error),
64.5,Good,,2026-08-30T09:10:10Z,Blairgowrie Back Beach,2026-08-28T16:00:00Z,2026-08-29T02:00,14.0,250,26.6,0.0,1.68,9.55,226,1.7,0.32,,,,13.4,,unavailable (no satellite pass / dataset error),
65.4,Good,,2026-08-30T09:10:10Z,Blairgowrie Back Beach,2026-08-28T17:00:00Z,2026-08-29T03:00,13.2,275,25.6,0.0,1.7,9.45,226,1.7,0.28,,,,13.4,,unavailable (no satellite pass / dataset error),
65.6,Good,,2026-08-30T09:10:10Z,Blairgowrie Back Beach,2026-08-28T18:00:00Z,2026-08-29T04:00,13.1,269,26.3,0.0,1.7,9.4,226,1.7,0.24,,,,13.4,,unavailable (no satellite pass / dataset error),
64.7,Good,,2026-08-30T09:10:10Z,Blairgowrie Back Beach,2026-08-28T19:00:00Z,2026-08-29T05:00,13.5,261,25.2,0.0,1.74,9.45,226,1.74,0.26,,,,13.4,,unavailable (no satellite pass / dataset error),
64.4,Good,,2026-08-30T09:10:10Z,Blairgowrie Back Beach,2026-08-28T20:00:00Z,2026-08-29T06:00,13.4,258,24.8,0.0,1.76,9.5,225,1.78,0.26,,,,13.4,,unavailable (no satellite pass / dataset error),
64.6,Good,,2026-08-30T09:10:10Z,Blairgowrie Back Beach,2026-08-28T21:00:00Z,2026-08-29T07:00,12.8,259,24.5,0.0,1.8,9.5,225,1.82,0.28,,,,13.4,,unavailable (no satellite pass / dataset error),
64.0,Good,,2026-08-30T09:10:10Z,Blairgowrie Back Beach,2026-08-28T22:00:00Z,2026-08-29T08:00,13.9,264,27.4,0.0,1.74,9.35,225,1.76,0.3,,,,13.4,,unavailable (no satellite pass / dataset error),
61.8,Good,,2026-08-30T09:10:10Z,Blairgowrie Back Beach,2026-08-28T23:00:00Z,2026-08-29T09:00,16.2,257,33.5,0.0,1.68,9.1,224,1.72,0.3,,,,13.4,,unavailable (no satellite pass / dataset error),
61.3,Good,,2026-08-30T09:10:10Z,Blairgowrie Back Beach,2026-08-29T00:00:00Z,2026-08-29T10:00,17.1,269,33.8,0.1,1.62,8.9,224,1.66,0.32,,,,13.4,,unavailable (no satellite pass / dataset error),
61.1,Good,,2026-08-30T09:10:10Z,Blairgowrie Back Beach,2026-08-29T01:00:00Z,2026-08-29T11:00,17.4,250,37.1,0.0,1.6,8.8,224,1.64,0.3,,,,13.4,,unavailable (no satellite pass / dataset error),
63.5,Good,,2026-08-30T09:10:10Z,Blairgowrie Back Beach,2026-08-29T02:00:00Z,2026-08-29T12:00,16.0,255,36.7,0.0,1.58,8.75,224,1.6,0.26,,,,13.5,,unavailable (no satellite pass / dataset error),
64.9,Good,,2026-08-30T09:10:10Z,Blairgowrie Back Beach,2026-08-29T03:00:00Z,2026-08-29T13:00,15.5,255,34.6,0.0,1.56,8.7,224,1.58,0.24,,,,13.5,,unavailable (no satellite pass / dataset error),
64.5,Good,,2026-08-30T09:10:10Z,Blairgowrie Back Beach,2026-08-29T04:00:00Z,2026-08-29T14:00,16.2,243,34.9,0.0,1.56,8.6,224,1.58,0.2,,,,13.5,,unavailable (no satellite pass / dataset error),
65.7,Good,,2026-08-30T09:10:10Z,Blairgowrie Back Beach,2026-08-29T05:00:00Z,2026-08-29T15:00,14.9,226,35.3,0.0,1.58,8.55,223,1.6,0.18,,,,13.6,,unavailable (no satellite pass / dataset error),
69.9,Good,,2026-08-30T09:10:10Z,Blairgowrie Back Beach,2026-08-29T06:00:00Z,2026-08-29T16:00,11.3,224,32.0,0.0,1.58,8.5,223,1.6,0.14,,,,13.6,,unavailable (no satellite pass / dataset error),
71.8,Good,,2026-08-30T09:10:10Z,Blairgowrie Back Beach,2026-08-29T07:00:00Z,2026-08-29T17:00,9.4,220,24.1,0.0,1.6,8.5,223,1.62,0.18,,,,13.6,,unavailable (no satellite pass / dataset error),
74.1,Good,,2026-08-30T09:10:10Z,Blairgowrie Back Beach,2026-08-29T08:00:00Z,2026-08-29T18:00,7.0,226,19.1,0.0,1.62,8.55,222,1.66,0.22,,,,13.6,,unavailable (no satellite pass / dataset error),
69.1,Good,,2026-08-30T09:10:10Z,Blairgowrie Back Beach,2026-08-29T09:00:00Z,2026-08-29T19:00,11.2,222,19.1,0.0,1.64,8.55,222,1.68,0.26,,,,13.5,,unavailable (no satellite pass / dataset error),
63.1,Good,,2026-08-30T09:10:10Z,Blairgowrie Back Beach,2026-08-29T10:00:00Z,2026-08-29T20:00,16.3,222,28.1,0.0,1.66,8.5,222,1.7,0.3,,,,13.5,,unavailable (no satellite pass / dataset error),
58.3,Fair,,2026-08-30T09:10:10Z,Blairgowrie Back Beach,2026-08-29T11:00:00Z,2026-08-29T21:00,20.1,225,35.3,0.0,1.68,8.4,221,1.74,0.32,,,,13.5,,unavailable (no satellite pass / dataset error),
60.1,Good,,2026-08-30T09:10:10Z,Blairgowrie Back Beach,2026-08-29T12:00:00Z,2026-08-29T22:00,18.3,238,36.4,0.0,1.7,8.35,221,1.76,0.36,,,,13.5,,unavailable (no satellite pass / dataset error),
63.5,Good,,2026-08-30T09:10:10Z,Blairgowrie Back Beach,2026-08-29T13:00:00Z,2026-08-29T23:00,15.4,251,32.0,0.0,1.7,8.3,221,1.76,0.3,,,,13.5,,unavailable (no satellite pass / dataset error),
66.4,Good,,2026-08-30T09:10:10Z,Blairgowrie Back Beach,2026-08-29T14:00:00Z,2026-08-30T00:00,13.0,259,27.7,0.0,1.72,8.2,221,1.74,0.24,,,,13.5,,unavailable (no satellite pass / dataset error),
68.4,Good,,2026-08-30T09:10:10Z,Blairgowrie Back Beach,2026-08-29T15:00:00Z,2026-08-30T01:00,11.3,277,23.8,0.0,1.72,8.2,221,1.74,0.18,,,,13.4,,unavailable (no satellite pass / dataset error),
66.9,Good,,2026-08-30T09:10:10Z,Blairgowrie Back Beach,2026-08-29T16:00:00Z,2026-08-30T02:00,12.4,283,23.8,0.0,1.74,8.3,221,1.76,0.2,,,,13.4,,unavailable (no satellite pass / dataset error),
64.7,Good,,2026-08-30T09:10:10Z,Blairgowrie Back Beach,2026-08-29T17:00:00Z,2026-08-30T03:00,13.9,275,26.3,0.0,1.76,8.45,221,1.8,0.24,,,,13.4,,unavailable (no satellite pass / dataset error),
62.9,Good,,2026-08-30T09:10:10Z,Blairgowrie Back Beach,2026-08-29T18:00:00Z,2026-08-30T04:00,15.3,283,29.5,0.0,1.78,8.55,221,1.82,0.26,,,,13.4,,unavailable (no satellite pass / dataset error),
62.4,Good,,2026-08-30T09:10:10Z,Blairgowrie Back Beach,2026-08-29T19:00:00Z,2026-08-30T05:00,15.6,264,29.9,0.0,1.8,8.6,221,1.84,0.26,,,,13.4,,unavailable (no satellite pass / dataset error),
61.5,Good,,2026-08-30T09:10:10Z,Blairgowrie Back Beach,2026-08-29T20:00:00Z,2026-08-30T06:00,16.0,249,30.2,0.1,1.82,8.6,221,1.86,0.26,,,,13.4,,unavailable (no satellite pass / dataset error),
61.8,Good,,2026-08-30T09:10:10Z,Blairgowrie Back Beach,2026-08-29T21:00:00Z,2026-08-30T07:00,15.4,249,29.9,0.1,1.84,8.65,221,1.88,0.26,,,,13.4,,unavailable (no satellite pass / dataset error),
62.5,Good,,2026-08-30T09:10:10Z,Blairgowrie Back Beach,2026-08-29T22:00:00Z,2026-08-30T08:00,14.5,262,28.4,0.1,1.86,8.7,221,1.9,0.24,,,,13.4,,unavailable (no satellite pass / dataset error),
62.2,Good,,2026-08-30T09:10:10Z,Blairgowrie Back Beach,2026-08-29T23:00:00Z,2026-08-30T09:00,14.6,269,31.7,0.1,1.88,8.8,221,1.9,0.24,,,,13.4,,unavailable (no satellite pass / dataset error),
61.2,Good,,2026-08-30T09:10:10Z,Blairgowrie Back Beach,2026-08-30T00:00:00Z,2026-08-30T10:00,15.3,252,30.6,0.1,1.9,8.9,221,1.92,0.22,,,,13.4,,unavailable (no satellite pass / dataset error),
60.6,Good,,2026-08-30T09:10:10Z,Blairgowrie Back Beach,2026-08-30T01:00:00Z,2026-08-30T11:00,15.6,256,33.5,0.0,1.92,9.05,221,1.94,0.2,,,,13.4,,unavailable (no satellite pass / dataset error),
61.6,Good,,2026-08-30T09:10:10Z,Blairgowrie Back Beach,2026-08-30T02:00:00Z,2026-08-30T12:00,14.8,261,33.5,0.0,1.92,9.2,221,1.94,0.16,,,,13.5,,unavailable (no satellite pass / dataset error),
63.4,Good,,2026-08-30T09:10:10Z,Blairgowrie Back Beach,2026-08-30T03:00:00Z,2026-08-30T13:00,13.0,266,32.8,0.0,1.94,9.3,221,1.96,0.14,,,,13.5,,unavailable (no satellite pass / dataset error),
66.1,Good,,2026-08-30T09:10:10Z,Blairgowrie Back Beach,2026-08-30T04:00:00Z,2026-08-30T14:00,10.6,255,29.9,0.0,1.94,9.3,221,1.96,0.18,,,,13.5,,unavailable (no satellite pass / dataset error),
62.7,Good,,2026-08-30T09:10:10Z,Blairgowrie Back Beach,2026-08-30T05:00:00Z,2026-08-30T15:00,13.4,237,29.5,0.0,1.92,9.25,220,1.98,0.22,,,,13.6,,unavailable (no satellite pass / dataset error),
60.7,Good,,2026-08-30T09:10:10Z,Blairgowrie Back Beach,2026-08-30T06:00:00Z,2026-08-30T16:00,15.2,211,32.0,0.0,1.92,9.25,220,1.98,0.26,,,,13.6,,unavailable (no satellite pass / dataset error),
60.3,Good,,2026-08-30T09:10:10Z,Blairgowrie Back Beach,2026-08-30T07:00:00Z,2026-08-30T17:00,15.3,212,32.0,0.0,1.9,9.45,222,2.0,0.3,,,,13.6,,unavailable (no satellite pass / dataset error),
61.7,Good,,2026-08-30T09:10:10Z,Blairgowrie Back Beach,2026-08-30T08:00:00Z,2026-08-30T18:00,13.7,214,30.6,0.0,1.9,9.7,225,2.04,0.32,,,,13.6,,unavailable (no satellite pass / dataset error),
61.2,Good,,2026-08-30T09:10:10Z,Blairgowrie Back Beach,2026-08-30T09:00:00Z,2026-08-30T19:00,14.0,213,24.5,0.0,1.88,9.9,227,2.06,0.36,,,,13.5,,unavailable (no satellite pass / dataset error),
73.6,Good,,2026-08-30T09:10:10Z,Cape Schanck,2026-08-27T14:00:00Z,2026-08-28T00:00,11.7,326,20.2,0.0,1.04,8.35,238,1.22,0.3,,,,13.6,,unavailable (no satellite pass / dataset error),
72.0,Good,,2026-08-30T09:10:10Z,Cape Schanck,2026-08-27T15:00:00Z,2026-08-28T01:00,12.7,327,22.0,0.0,1.06,8.4,238,1.26,0.32,,,,13.6,,unavailable (no satellite pass / dataset error),
69.6,Good,,2026-08-30T09:10:10Z,Cape Schanck,2026-08-27T16:00:00Z,2026-08-28T02:00,14.3,316,24.5,0.0,1.1,8.35,238,1.32,0.34,,,,13.6,,unavailable (no satellite pass / dataset error),
68.1,Good,,2026-08-30T09:10:10Z,Cape Schanck,2026-08-27T17:00:00Z,2026-08-28T03:00,15.2,313,26.6,0.0,1.12,8.25,238,1.36,0.36,,,,13.6,,unavailable (no satellite pass / dataset error),
66.2,Good,,2026-08-30T09:10:10Z,Cape Schanck,2026-08-27T18:00:00Z,2026-08-28T04:00,16.3,312,27.4,0.0,1.16,8.2,238,1.42,0.38,,,,13.6,,unavailable (no satellite pass / dataset error),
63.5,Good,,2026-08-30T09:10:10Z,Cape Schanck,2026-08-27T19:00:00Z,2026-08-28T05:00,18.1,316,31.7,0.0,1.22,8.15,238,1.48,0.38,,,,13.6,,unavailable (no satellite pass / dataset error),
62.7,Good,,2026-08-30T09:10:10Z,Cape Schanck,2026-08-27T20:00:00Z,2026-08-28T06:00,18.3,314,32.8,0.0,1.28,8.15,238,1.54,0.4,,,,13.6,,unavailable (no satellite pass / dataset error),
62.4,Good,,2026-08-30T09:10:10Z,Cape Schanck,2026-08-27T21:00:00Z,2026-08-28T07:00,18.0,316,32.0,0.0,1.34,8.35,238,1.6,0.4,,,,13.6,,unavailable (no satellite pass / dataset error),
61.1,Good,,2026-08-30T09:10:10Z,Cape Schanck,2026-08-27T22:00:00Z,2026-08-28T08:00,18.2,313,31.7,0.0,1.5,8.95,238,1.7,0.4,,,,13.6,,unavailable (no satellite pass / dataset error),
59.2,Fair,,2026-08-30T09:10:10Z,Cape Schanck,2026-08-27T23:00:00Z,2026-08-28T09:00,18.9,313,34.9,0.0,1.66,9.75,239,1.8,0.42,,,,13.6,,unavailable (no satellite pass / dataset error),
58.1,Fair,,2026-08-30T09:10:10Z,Cape Schanck,2026-08-28T00:00:00Z,2026-08-28T10:00,18.9,298,35.3,0.0,1.82,10.35,239,1.9,0.42,,,,13.6,,unavailable (no satellite pass / dataset error),
60.2,Good,,2026-08-30T09:10:10Z,Cape Schanck,2026-08-28T01:00:00Z,2026-08-28T11:00,16.7,287,36.4,0.0,1.84,10.6,239,1.94,0.44,,,,13.6,,unavailable (no satellite pass / dataset error),
56.3,Fair,,2026-08-30T09:10:10Z,Cape Schanck,2026-08-28T02:00:00Z,2026-08-28T12:00,19.2,248,35.6,0.4,1.86,10.65,238,1.98,0.46,,,,13.6,,unavailable (no satellite pass / dataset error),
55.8,Fair,,2026-08-30T09:10:10Z,Cape Schanck,2026-08-28T03:00:00Z,2026-08-28T13:00,18.4,222,38.5,0.6,1.88,10.7,238,2.02,0.48,,,,13.6,,unavailable (no satellite pass / dataset error),
60.2,Good,,2026-08-30T09:10:10Z,Cape Schanck,2026-08-28T04:00:00Z,2026-08-28T14:00,14.5,218,34.9,0.0,1.9,10.7,238,2.02,0.5,,,,13.6,,unavailable (no satellite pass / dataset error),
59.5,Fair,,2026-08-30T09:10:10Z,Cape Schanck,2026-08-28T05:00:00Z,2026-08-28T15:00,14.9,227,29.9,0.0,1.94,10.7,237,2.04,0.5,,,,13.6,,unavailable (no satellite pass / dataset error),
56.3,Fair,,2026-08-30T09:10:10Z,Cape Schanck,2026-08-28T06:00:00Z,2026-08-28T16:00,17.7,226,30.6,0.0,1.96,10.65,237,2.04,0.52,,,,13.6,,unavailable (no satellite pass / dataset error),
59.9,Fair,,2026-08-30T09:10:10Z,Cape Schanck,2026-08-28T07:00:00Z,2026-08-28T17:00,14.6,225,33.5,0.0,1.96,10.55,237,2.04,0.54,,,,13.6,,unavailable (no satellite pass / dataset error),
62.9,Good,,2026-08-30T09:10:10Z,Cape Schanck,2026-08-28T08:00:00Z,2026-08-28T18:00,12.0,234,26.6,0.0,1.94,10.45,236,2.04,0.54,,,,13.6,,unavailable (no satellite pass / dataset error),
62.6,Good,,2026-08-30T09:10:10Z,Cape Schanck,2026-08-28T09:00:00Z,2026-08-28T19:00,12.2,239,21.2,0.0,1.94,10.35,236,2.04,0.56,,,,13.6,,unavailable (no satellite pass / dataset error),
62.9,Good,,2026-08-30T09:10:10Z,Cape Schanck,2026-08-28T10:00:00Z,2026-08-28T20:00,12.0,240,21.2,0.0,1.94,10.25,236,2.04,0.56,,,,13.6,,unavailable (no satellite pass / dataset error),
61.0,Good,,2026-08-30T09:10:10Z,Cape Schanck,2026-08-28T11:00:00Z,2026-08-28T21:00,13.8,230,23.4,0.0,1.94,10.2,235,2.02,0.58,,,,13.6,,unavailable (no satellite pass / dataset error),
58.5,Fair,,2026-08-30T09:10:10Z,Cape Schanck,2026-08-28T12:00:00Z,2026-08-28T22:00,16.0,236,25.6,0.0,1.94,10.15,235,2.02,0.58,,,,13.6,,unavailable (no satellite pass / dataset error),
61.4,Good,,2026-08-30T09:10:10Z,Cape Schanck,2026-08-28T13:00:00Z,2026-08-28T23:00,13.5,243,27.7,0.0,1.94,10.1,235,2.02,0.54,,,,13.6,,unavailable (no satellite pass / dataset error),
61.1,Good,,2026-08-30T09:10:10Z,Cape Schanck,2026-08-28T14:00:00Z,2026-08-29T00:00,13.5,241,23.8,0.0,1.96,10.05,234,2.04,0.52,,,,13.6,,unavailable (no satellite pass / dataset error),
60.5,Good,,2026-08-30T09:10:10Z,Cape Schanck,2026-08-28T15:00:00Z,2026-08-29T01:00,14.1,236,24.5,0.0,1.96,10.0,234,2.04,0.48,,,,13.5,,unavailable (no satellite pass / dataset error),
59.5,Fair,,2026-08-30T09:10:10Z,Cape Schanck,2026-08-28T16:00:00Z,2026-08-29T02:00,14.9,236,26.3,0.0,1.96,9.9,234,2.04,0.46,,,,13.5,,unavailable (no satellite pass / dataset error),
61.7,Good,,2026-08-30T09:10:10Z,Cape Schanck,2026-08-28T17:00:00Z,2026-08-29T03:00,13.2,256,25.6,0.0,1.96,9.8,233,2.02,0.42,,,,13.5,,unavailable (no satellite pass / dataset error),
61.5,Good,,2026-08-30T09:10:10Z,Cape Schanck,2026-08-28T18:00:00Z,2026-08-29T04:00,13.4,265,23.8,0.0,1.96,9.7,233,2.02,0.4,,,,13.5,,unavailable (no satellite pass / dataset error),
61.8,Good,,2026-08-30T09:10:10Z,Cape Schanck,2026-08-28T19:00:00Z,2026-08-29T05:00,12.9,254,23.8,0.0,1.98,9.65,233,2.04,0.4,,,,13.5,,unavailable (no satellite pass / dataset error),
62.4,Good,,2026-08-30T09:10:10Z,Cape Schanck,2026-08-28T20:00:00Z,2026-08-29T06:00,12.2,244,22.3,0.0,2.0,9.65,232,2.06,0.42,,,,13.5,,unavailable (no satellite pass / dataset error),
63.5,Good,,2026-08-30T09:10:10Z,Cape Schanck,2026-08-28T21:00:00Z,2026-08-29T07:00,11.1,245,20.9,0.0,2.02,9.6,232,2.08,0.42,,,,13.5,,unavailable (no satellite pass / dataset error),
62.1,Good,,2026-08-30T09:10:10Z,Cape Schanck,2026-08-28T22:00:00Z,2026-08-29T08:00,13.0,246,22.3,0.0,1.96,9.45,232,2.0,0.42,,,,13.6,,unavailable (no satellite pass / dataset error),
59.2,Fair,,2026-08-30T09:10:10Z,Cape Schanck,2026-08-28T23:00:00Z,2026-08-29T09:00,16.1,242,31.7,0.0,1.88,9.2,231,1.94,0.4,,,,13.6,,unavailable (no satellite pass / dataset error),
60.0,Good,,2026-08-30T09:10:10Z,Cape Schanck,2026-08-29T00:00:00Z,2026-08-29T10:00,16.2,258,31.3,0.0,1.82,8.95,231,1.86,0.4,,,,13.6,,unavailable (no satellite pass / dataset error),
59.2,Fair,,2026-08-30T09:10:10Z,Cape Schanck,2026-08-29T01:00:00Z,2026-08-29T11:00,17.1,250,33.5,0.0,1.7,8.5,228,1.84,0.4,,,,13.6,,unavailable (no satellite pass / dataset error),
59.5,Fair,,2026-08-30T09:10:10Z,Cape Schanck,2026-08-29T02:00:00Z,2026-08-29T12:00,17.4,252,34.6,0.0,1.6,8.05,224,1.84,0.4,,,,13.6,,unavailable (no satellite pass / dataset error),
59.6,Fair,,2026-08-30T09:10:10Z,Cape Schanck,2026-08-29T03:00:00Z,2026-08-29T13:00,18.4,248,35.6,0.0,1.48,7.8,221,1.82,0.4,,,,13.6,,unavailable (no satellite pass / dataset error),
57.7,Fair,,2026-08-30T09:10:10Z,Cape Schanck,2026-08-29T04:00:00Z,2026-08-29T14:00,19.8,241,38.5,0.0,1.58,8.0,224,1.84,0.4,,,,13.7,,unavailable (no satellite pass / dataset error),
61.2,Good,,2026-08-30T09:10:10Z,Cape Schanck,2026-08-29T05:00:00Z,2026-08-29T15:00,16.8,235,38.5,0.0,1.68,8.4,227,1.84,0.4,,,,13.7,,unavailable (no satellite pass / dataset error),
64.4,Good,,2026-08-30T09:10:10Z,Cape Schanck,2026-08-29T06:00:00Z,2026-08-29T16:00,13.8,250,32.8,0.0,1.78,8.8,230,1.86,0.4,,,,13.7,,unavailable (no satellite pass / dataset error),
64.6,Good,,2026-08-30T09:10:10Z,Cape Schanck,2026-08-29T07:00:00Z,2026-08-29T17:00,13.2,248,27.0,0.0,1.74,9.2,231,1.9,0.46,,,,13.7,,unavailable (no satellite pass / dataset error),
65.6,Good,,2026-08-30T09:10:10Z,Cape Schanck,2026-08-29T08:00:00Z,2026-08-29T18:00,12.2,246,23.4,0.0,1.72,9.6,231,1.92,0.52,,,,13.7,,unavailable (no satellite pass / dataset error),
61.0,Good,,2026-08-30T09:10:10Z,Cape Schanck,2026-08-29T09:00:00Z,2026-08-29T19:00,15.8,238,26.3,0.0,1.68,9.75,232,1.96,0.58,,,,13.6,,unavailable (no satellite pass / dataset error),
57.2,Fair,,2026-08-30T09:10:10Z,Cape Schanck,2026-08-29T10:00:00Z,2026-08-29T20:00,19.2,233,32.0,0.0,1.72,9.45,231,1.96,0.62,,,,13.6,,unavailable (no satellite pass / dataset error),
56.8,Fair,,2026-08-30T09:10:10Z,Cape Schanck,2026-08-29T11:00:00Z,2026-08-29T21:00,19.7,234,34.2,0.0,1.76,8.95,229,1.94,0.68,,,,13.6,,unavailable (no satellite pass / dataset error),
58.2,Fair,,2026-08-30T09:10:10Z,Cape Schanck,2026-08-29T12:00:00Z,2026-08-29T22:00,18.5,241,33.8,0.0,1.8,8.55,228,1.94,0.72,,,,13.6,,unavailable (no satellite pass / dataset error),
59.2,Fair,,2026-08-30T09:10:10Z,Cape Schanck,2026-08-29T13:00:00Z,2026-08-29T23:00,17.4,250,32.4,0.0,1.84,8.4,228,1.96,0.66,,,,13.6,,unavailable (no satellite pass / dataset error),
60.9,Good,,2026-08-30T09:10:10Z,Cape Schanck,2026-08-29T14:00:00Z,2026-08-30T00:00,15.9,254,29.9,0.0,1.86,8.4,227,1.96,0.58,,,,13.6,,unavailable (no satellite pass / dataset error),
62.0,Good,,2026-08-30T09:10:10Z,Cape Schanck,2026-08-29T15:00:00Z,2026-08-30T01:00,14.8,257,27.4,0.0,1.9,8.4,227,1.98,0.52,,,,13.6,,unavailable (no satellite pass / dataset error),
63.0,Good,,2026-08-30T09:10:10Z,Cape Schanck,2026-08-29T16:00:00Z,2026-08-30T02:00,13.7,272,25.2,0.0,1.92,8.45,227,2.0,0.54,,,,13.6,,unavailable (no satellite pass / dataset error),
62.5,Good,,2026-08-30T09:10:10Z,Cape Schanck,2026-08-29T17:00:00Z,2026-08-30T03:00,14.0,277,24.5,0.0,1.92,8.55,227,2.02,0.56,,,,13.6,,unavailable (no satellite pass / dataset error),
60.8,Good,,2026-08-30T09:10:10Z,Cape Schanck,2026-08-29T18:00:00Z,2026-08-30T04:00,15.3,287,26.6,0.0,1.94,8.65,227,2.04,0.58,,,,13.6,,unavailable (no satellite pass / dataset error),
59.4,Fair,,2026-08-30T09:10:10Z,Cape Schanck,2026-08-29T19:00:00Z,2026-08-30T05:00,16.3,260,27.7,0.0,1.96,8.65,227,2.06,0.54,,,,13.6,,unavailable (no satellite pass / dataset error),
58.4,Fair,,2026-08-30T09:10:10Z,Cape Schanck,2026-08-29T20:00:00Z,2026-08-30T06:00,17.0,247,30.6,0.1,1.98,8.6,227,2.06,0.52,,,,13.6,,unavailable (no satellite pass / dataset error),
59.0,Fair,,2026-08-30T09:10:10Z,Cape Schanck,2026-08-29T21:00:00Z,2026-08-30T07:00,16.3,245,29.9,0.0,2.0,8.6,227,2.08,0.48,,,,13.6,,unavailable (no satellite pass / dataset error),
59.6,Fair,,2026-08-30T09:10:10Z,Cape Schanck,2026-08-29T22:00:00Z,2026-08-30T08:00,15.8,249,28.8,0.0,2.02,8.7,227,2.08,0.48,,,,13.6,,unavailable (no satellite pass / dataset error),
58.1,Fair,,2026-08-30T09:10:10Z,Cape Schanck,2026-08-29T23:00:00Z,2026-08-30T09:00,16.9,250,33.1,0.0,2.02,8.8,226,2.1,0.46,,,,13.6,,unavailable (no satellite pass / dataset error),
57.6,Fair,,2026-08-30T09:10:10Z,Cape Schanck,2026-08-30T00:00:00Z,2026-08-30T10:00,17.2,250,32.8,0.1,2.04,8.95,226,2.1,0.46,,,,13.6,,unavailable (no satellite pass / dataset error),
56.6,Fair,,2026-08-30T09:10:10Z,Cape Schanck,2026-08-30T01:00:00Z,2026-08-30T11:00,17.9,252,34.2,0.1,2.04,9.1,226,2.1,0.48,,,,13.6,,unavailable (no satellite pass / dataset error),
56.5,Fair,,2026-08-30T09:10:10Z,Cape Schanck,2026-08-30T02:00:00Z,2026-08-30T12:00,17.7,258,34.9,0.1,2.06,9.2,227,2.12,0.48,,,,13.6,,unavailable (no satellite pass / dataset error),
56.7,Fair,,2026-08-30T09:10:10Z,Cape Schanck,2026-08-30T03:00:00Z,2026-08-30T13:00,17.5,261,35.3,0.0,2.06,9.3,227,2.12,0.5,,,,13.6,,unavailable (no satellite pass / dataset error),
57.6,Fair,,2026-08-30T09:10:10Z,Cape Schanck,2026-08-30T04:00:00Z,2026-08-30T14:00,16.5,252,34.9,0.0,2.06,9.35,227,2.14,0.5,,,,13.6,,unavailable (no satellite pass / dataset error),
57.5,Fair,,2026-08-30T09:10:10Z,Cape Schanck,2026-08-30T05:00:00Z,2026-08-30T15:00,16.6,239,33.1,0.0,2.08,9.4,227,2.14,0.48,,,,13.7,,unavailable (no satellite pass / dataset error),
56.9,Fair,,2026-08-30T09:10:10Z,Cape Schanck,2026-08-30T06:00:00Z,2026-08-30T16:00,17.0,231,33.1,0.0,2.08,9.4,227,2.16,0.48,,,,13.7,,unavailable (no satellite pass / dataset error),
56.2,Fair,,2026-08-30T09:10:10Z,Cape Schanck,2026-08-30T07:00:00Z,2026-08-30T17:00,17.4,231,33.1,0.0,2.1,9.4,227,2.18,0.54,,,,13.7,,unavailable (no satellite pass / dataset error),
59.1,Fair,,2026-08-30T09:10:10Z,Cape Schanck,2026-08-30T08:00:00Z,2026-08-30T18:00,14.7,229,33.1,0.0,2.1,9.4,228,2.2,0.58,,,,13.7,,unavailable (no satellite pass / dataset error),
58.7,Fair,,2026-08-30T09:10:10Z,Cape Schanck,2026-08-30T09:00:00Z,2026-08-30T19:00,14.8,230,25.6,0.0,2.12,9.45,228,2.22,0.64,,,,13.7,,unavailable (no satellite pass / dataset error),
56.2,Fair,,2026-08-30T09:10:10Z,Wilsons Prom (West - Norman Bay),2026-08-27T14:00:00Z,2026-08-28T00:00,26.4,286,33.1,0.0,0.94,9.0,253,1.28,0.56,,,,13.6,,unavailable (no satellite pass / dataset error),
49.7,Fair,,2026-08-30T09:10:10Z,Wilsons Prom (West - Norman Bay),2026-08-27T15:00:00Z,2026-08-28T01:00,31.7,285,38.9,0.0,0.94,9.0,253,1.32,0.6,,,,13.5,,unavailable (no satellite pass / dataset error),
45.8,Fair,,2026-08-30T09:10:10Z,Wilsons Prom (West - Norman Bay),2026-08-27T16:00:00Z,2026-08-28T02:00,34.4,289,42.5,0.0,0.96,9.2,253,1.4,0.64,,,,13.5,,unavailable (no satellite pass / dataset error),
44.2,Fair,,2026-08-30T09:10:10Z,Wilsons Prom (West - Norman Bay),2026-08-27T17:00:00Z,2026-08-28T03:00,35.0,301,44.3,0.0,0.96,9.45,254,1.48,0.68,,,,13.5,,unavailable (no satellite pass / dataset error),
46.2,Fair,,2026-08-30T09:10:10Z,Wilsons Prom (West - Norman Bay),2026-08-27T18:00:00Z,2026-08-28T04:00,32.5,317,45.4,0.0,0.98,9.65,254,1.56,0.72,,,,13.5,,unavailable (no satellite pass / dataset error),
43.8,Fair,,2026-08-30T09:10:10Z,Wilsons Prom (West - Norman Bay),2026-08-27T19:00:00Z,2026-08-28T05:00,33.9,316,44.6,0.0,0.98,9.65,256,1.64,0.82,,,,13.5,,unavailable (no satellite pass / dataset error),
42.4,Fair,,2026-08-30T09:10:10Z,Wilsons Prom (West - Norman Bay),2026-08-27T20:00:00Z,2026-08-28T06:00,34.2,310,44.6,0.0,0.96,9.55,258,1.74,0.92,,,,13.5,,unavailable (no satellite pass / dataset error),
40.6,Fair,,2026-08-30T09:10:10Z,Wilsons Prom (West - Norman Bay),2026-08-27T21:00:00Z,2026-08-28T07:00,36.8,303,47.2,0.0,0.96,9.5,260,1.82,1.02,,,,13.5,,unavailable (no satellite pass / dataset error),
39.5,Poor,,2026-08-30T09:10:10Z,Wilsons Prom (West - Norman Bay),2026-08-27T22:00:00Z,2026-08-28T08:00,38.3,307,50.0,0.0,1.02,9.45,260,1.92,1.12,,,,13.6,,unavailable (no satellite pass / dataset error),
38.2,Poor,,2026-08-30T09:10:10Z,Wilsons Prom (West - Norman Bay),2026-08-27T23:00:00Z,2026-08-28T09:00,36.8,306,50.4,0.0,1.1,9.4,260,2.04,1.2,,,,13.6,,unavailable (no satellite pass / dataset error),
36.3,Poor,,2026-08-30T09:10:10Z,Wilsons Prom (West - Norman Bay),2026-08-28T00:00:00Z,2026-08-28T10:00,37.6,280,48.2,0.5,1.16,9.55,260,2.14,1.3,,,,13.6,,unavailable (no satellite pass / dataset error),
36.9,Poor,,2026-08-30T09:10:10Z,Wilsons Prom (West - Norman Bay),2026-08-28T01:00:00Z,2026-08-28T11:00,32.8,232,48.2,0.9,1.28,10.15,260,2.18,1.3,,,,13.6,,unavailable (no satellite pass / dataset error),
36.0,Poor,,2026-08-30T09:10:10Z,Wilsons Prom (West - Norman Bay),2026-08-28T02:00:00Z,2026-08-28T12:00,33.2,230,41.0,0.0,1.4,10.9,259,2.22,1.3,,,,13.6,,unavailable (no satellite pass / dataset error),
37.1,Poor,,2026-08-30T09:10:10Z,Wilsons Prom (West - Norman Bay),2026-08-28T03:00:00Z,2026-08-28T13:00,31.9,237,42.1,0.0,1.52,11.2,259,2.26,1.3,,,,13.6,,unavailable (no satellite pass / dataset error),
37.2,Poor,,2026-08-30T09:10:10Z,Wilsons Prom (West - Norman Bay),2026-08-28T04:00:00Z,2026-08-28T14:00,31.8,243,40.3,0.0,1.44,10.5,260,2.26,1.28,,,,13.6,,unavailable (no satellite pass / dataset error),
36.8,Poor,,2026-08-30T09:10:10Z,Wilsons Prom (West - Norman Bay),2026-08-28T05:00:00Z,2026-08-28T15:00,32.0,242,41.8,0.0,1.34,9.4,260,2.28,1.28,,,,13.6,,unavailable (no satellite pass / dataset error),
34.6,Poor,,2026-08-30T09:10:10Z,Wilsons Prom (West - Norman Bay),2026-08-28T06:00:00Z,2026-08-28T16:00,33.9,246,42.1,0.0,1.26,8.8,261,2.28,1.26,,,,13.6,,unavailable (no satellite pass / dataset error),
34.6,Poor,,2026-08-30T09:10:10Z,Wilsons Prom (West - Norman Bay),2026-08-28T07:00:00Z,2026-08-28T17:00,33.9,250,42.8,0.0,1.38,9.4,261,2.28,1.24,,,,13.6,,unavailable (no satellite pass / dataset error),
35.8,Poor,,2026-08-30T09:10:10Z,Wilsons Prom (West - Norman Bay),2026-08-28T08:00:00Z,2026-08-28T18:00,32.7,256,42.8,0.0,1.5,10.55,261,2.3,1.22,,,,13.6,,unavailable (no satellite pass / dataset error),
37.4,Poor,,2026-08-30T09:10:10Z,Wilsons Prom (West - Norman Bay),2026-08-28T09:00:00Z,2026-08-28T19:00,31.3,257,41.4,0.0,1.62,11.4,261,2.3,1.2,,,,13.6,,unavailable (no satellite pass / dataset error),
35.4,Poor,,2026-08-30T09:10:10Z,Wilsons Prom (West - Norman Bay),2026-08-28T10:00:00Z,2026-08-28T20:00,33.0,250,41.0,0.0,1.62,11.55,261,2.3,1.2,,,,13.6,,unavailable (no satellite pass / dataset error),
33.9,Poor,,2026-08-30T09:10:10Z,Wilsons Prom (West - Norman Bay),2026-08-28T11:00:00Z,2026-08-28T21:00,34.3,250,42.8,0.0,1.6,11.4,261,2.3,1.18,,,,13.6,,unavailable (no satellite pass / dataset error),
33.1,Poor,,2026-08-30T09:10:10Z,Wilsons Prom (West - Norman Bay),2026-08-28T12:00:00Z,2026-08-28T22:00,35.6,251,44.3,0.0,1.6,11.25,261,2.3,1.18,,,,13.6,,unavailable (no satellite pass / dataset error),
33.1,Poor,,2026-08-30T09:10:10Z,Wilsons Prom (West - Norman Bay),2026-08-28T13:00:00Z,2026-08-28T23:00,36.6,249,46.4,0.0,1.6,11.2,261,2.3,1.18,,,,13.6,,unavailable (no satellite pass / dataset error),
33.3,Poor,,2026-08-30T09:10:10Z,Wilsons Prom (West - Norman Bay),2026-08-28T14:00:00Z,2026-08-29T00:00,38.4,247,48.6,0.0,1.58,11.15,261,2.28,1.16,,,,13.6,,unavailable (no satellite pass / dataset error),
33.3,Poor,,2026-08-30T09:10:10Z,Wilsons Prom (West - Norman Bay),2026-08-28T15:00:00Z,2026-08-29T01:00,37.2,246,48.6,0.0,1.58,11.1,261,2.28,1.16,,,,13.5,,unavailable (no satellite pass / dataset error),
34.5,Poor,,2026-08-30T09:10:10Z,Wilsons Prom (West - Norman Bay),2026-08-28T16:00:00Z,2026-08-29T02:00,34.2,248,47.2,0.0,1.56,11.0,261,2.26,1.16,,,,13.5,,unavailable (no satellite pass / dataset error),
33.8,Poor,,2026-08-30T09:10:10Z,Wilsons Prom (West - Norman Bay),2026-08-28T17:00:00Z,2026-08-29T03:00,36.1,247,46.1,0.0,1.54,10.9,261,2.24,1.16,,,,13.5,,unavailable (no satellite pass / dataset error),
34.0,Poor,,2026-08-30T09:10:10Z,Wilsons Prom (West - Norman Bay),2026-08-28T18:00:00Z,2026-08-29T04:00,35.1,249,46.1,0.0,1.52,10.8,261,2.22,1.16,,,,13.5,,unavailable (no satellite pass / dataset error),
34.4,Poor,,2026-08-30T09:10:10Z,Wilsons Prom (West - Norman Bay),2026-08-28T19:00:00Z,2026-08-29T05:00,34.8,249,45.0,0.0,1.48,10.7,261,2.2,1.16,,,,13.5,,unavailable (no satellite pass / dataset error),
36.3,Poor,,2026-08-30T09:10:10Z,Wilsons Prom (West - Norman Bay),2026-08-28T20:00:00Z,2026-08-29T06:00,33.5,253,44.6,0.0,1.42,10.65,261,2.16,1.18,,,,13.5,,unavailable (no satellite pass / dataset error),
36.6,Poor,,2026-08-30T09:10:10Z,Wilsons Prom (West - Norman Bay),2026-08-28T21:00:00Z,2026-08-29T07:00,33.5,254,42.8,0.0,1.38,10.55,261,2.14,1.18,,,,13.5,,unavailable (no satellite pass / dataset error),
37.1,Poor,,2026-08-30T09:10:10Z,Wilsons Prom (West - Norman Bay),2026-08-28T22:00:00Z,2026-08-29T08:00,33.6,254,43.2,0.0,1.32,10.45,261,2.08,1.18,,,,13.5,,unavailable (no satellite pass / dataset error),
37.3,Poor,,2026-08-30T09:10:10Z,Wilsons Prom (West - Norman Bay),2026-08-28T23:00:00Z,2026-08-29T09:00,34.0,256,43.6,0.0,1.24,10.35,261,2.02,1.2,,,,13.5,,unavailable (no satellite pass / dataset error),
37.6,Poor,,2026-08-30T09:10:10Z,Wilsons Prom (West - Norman Bay),2026-08-29T00:00:00Z,2026-08-29T10:00,36.6,258,44.6,0.0,1.18,10.25,261,1.96,1.2,,,,13.5,,unavailable (no satellite pass / dataset error),
38.9,Poor,,2026-08-30T09:10:10Z,Wilsons Prom (West - Norman Bay),2026-08-29T01:00:00Z,2026-08-29T11:00,36.7,258,47.9,0.0,1.18,10.25,261,1.98,1.22,,,,13.5,,unavailable (no satellite pass / dataset error),
38.5,Poor,,2026-08-30T09:10:10Z,Wilsons Prom (West - Norman Bay),2026-08-29T02:00:00Z,2026-08-29T12:00,36.8,257,47.9,0.0,1.16,10.25,261,2.02,1.26,,,,13.5,,unavailable (no satellite pass / dataset error),
38.2,Poor,,2026-08-30T09:10:10Z,Wilsons Prom (West - Norman Bay),2026-08-29T03:00:00Z,2026-08-29T13:00,36.8,259,47.2,0.0,1.16,10.3,261,2.04,1.28,,,,13.6,,unavailable (no satellite pass / dataset error),
38.0,Poor,,2026-08-30T09:10:10Z,Wilsons Prom (West - Norman Bay),2026-08-29T04:00:00Z,2026-08-29T14:00,36.4,263,46.8,0.0,1.14,10.35,261,2.06,1.3,,,,13.6,,unavailable (no satellite pass / dataset error),
37.8,Poor,,2026-08-30T09:10:10Z,Wilsons Prom (West - Norman Bay),2026-08-29T05:00:00Z,2026-08-29T15:00,37.4,265,47.5,0.0,1.14,10.4,261,2.08,1.32,,,,13.6,,unavailable (no satellite pass / dataset error),
37.6,Poor,,2026-08-30T09:10:10Z,Wilsons Prom (West - Norman Bay),2026-08-29T06:00:00Z,2026-08-29T16:00,38.4,267,48.6,0.0,1.12,10.45,261,2.1,1.34,,,,13.6,,unavailable (no satellite pass / dataset error),
37.2,Poor,,2026-08-30T09:10:10Z,Wilsons Prom (West - Norman Bay),2026-08-29T07:00:00Z,2026-08-29T17:00,40.5,265,51.5,0.0,1.12,10.45,261,2.14,1.36,,,,13.6,,unavailable (no satellite pass / dataset error),
37.0,Poor,,2026-08-30T09:10:10Z,Wilsons Prom (West - Norman Bay),2026-08-29T08:00:00Z,2026-08-29T18:00,40.3,262,51.8,0.0,1.1,10.4,261,2.16,1.4,,,,13.6,,unavailable (no satellite pass / dataset error),
36.5,Poor,,2026-08-30T09:10:10Z,Wilsons Prom (West - Norman Bay),2026-08-29T09:00:00Z,2026-08-29T19:00,41.0,257,52.6,0.0,1.1,10.35,261,2.2,1.42,,,,13.6,,unavailable (no satellite pass / dataset error),
37.0,Poor,,2026-08-30T09:10:10Z,Wilsons Prom (West - Norman Bay),2026-08-29T10:00:00Z,2026-08-29T20:00,38.5,252,52.2,0.0,1.08,10.25,261,2.16,1.4,,,,13.6,,unavailable (no satellite pass / dataset error),
37.2,Poor,,2026-08-30T09:10:10Z,Wilsons Prom (West - Norman Bay),2026-08-29T11:00:00Z,2026-08-29T21:00,38.7,250,49.3,0.0,1.04,10.15,261,2.14,1.38,,,,13.6,,unavailable (no satellite pass / dataset error),
37.6,Poor,,2026-08-30T09:10:10Z,Wilsons Prom (West - Norman Bay),2026-08-29T12:00:00Z,2026-08-29T22:00,38.6,256,49.0,0.0,1.02,10.05,261,2.1,1.36,,,,13.6,,unavailable (no satellite pass / dataset error),
37.6,Poor,,2026-08-30T09:10:10Z,Wilsons Prom (West - Norman Bay),2026-08-29T13:00:00Z,2026-08-29T23:00,38.5,258,49.0,0.0,1.02,9.9,249,2.1,1.36,,,,13.6,,unavailable (no satellite pass / dataset error),
37.4,Poor,,2026-08-30T09:10:10Z,Wilsons Prom (West - Norman Bay),2026-08-29T14:00:00Z,2026-08-30T00:00,39.0,258,49.7,0.0,1.02,9.7,238,2.12,1.38,,,,13.6,,unavailable (no satellite pass / dataset error),
37.4,Poor,,2026-08-30T09:10:10Z,Wilsons Prom (West - Norman Bay),2026-08-29T15:00:00Z,2026-08-30T01:00,38.0,258,49.3,0.0,1.02,9.6,226,2.12,1.38,,,,13.6,,unavailable (no satellite pass / dataset error),
37.0,Poor,,2026-08-30T09:10:10Z,Wilsons Prom (West - Norman Bay),2026-08-29T16:00:00Z,2026-08-30T02:00,37.9,260,48.2,0.1,1.04,9.6,226,2.14,1.42,,,,13.5,,unavailable (no satellite pass / dataset error),
36.6,Poor,,2026-08-30T09:10:10Z,Wilsons Prom (West - Norman Bay),2026-08-29T17:00:00Z,2026-08-30T03:00,38.9,260,49.3,0.0,1.08,9.65,227,2.18,1.44,,,,13.5,,unavailable (no satellite pass / dataset error),
36.4,Poor,,2026-08-30T09:10:10Z,Wilsons Prom (West - Norman Bay),2026-08-29T18:00:00Z,2026-08-30T04:00,40.8,257,50.4,0.0,1.1,9.7,227,2.2,1.48,,,,13.5,,unavailable (no satellite pass / dataset error),
36.6,Poor,,2026-08-30T09:10:10Z,Wilsons Prom (West - Norman Bay),2026-08-29T19:00:00Z,2026-08-30T05:00,40.8,254,51.8,0.0,1.14,9.7,227,2.18,1.38,,,,13.5,,unavailable (no satellite pass / dataset error),
36.6,Poor,,2026-08-30T09:10:10Z,Wilsons Prom (West - Norman Bay),2026-08-29T20:00:00Z,2026-08-30T06:00,40.2,253,51.8,0.0,1.2,9.7,228,2.18,1.3,,,,13.5,,unavailable (no satellite pass / dataset error),
36.8,Poor,,2026-08-30T09:10:10Z,Wilsons Prom (West - Norman Bay),2026-08-29T21:00:00Z,2026-08-30T07:00,38.5,256,51.1,0.0,1.24,9.7,228,2.16,1.2,,,,13.5,,unavailable (no satellite pass / dataset error),
37.0,Poor,,2026-08-30T09:10:10Z,Wilsons Prom (West - Norman Bay),2026-08-29T22:00:00Z,2026-08-30T08:00,35.6,259,49.0,0.0,1.28,9.7,228,2.14,1.16,,,,13.5,,unavailable (no satellite pass / dataset error),
37.2,Poor,,2026-08-30T09:10:10Z,Wilsons Prom (West - Norman Bay),2026-08-29T23:00:00Z,2026-08-30T09:00,37.5,255,47.2,0.0,1.3,9.75,228,2.12,1.14,,,,13.5,,unavailable (no satellite pass / dataset error),
37.4,Poor,,2026-08-30T09:10:10Z,Wilsons Prom (West - Norman Bay),2026-08-30T00:00:00Z,2026-08-30T10:00,36.3,260,47.5,0.0,1.34,9.75,228,2.1,1.1,,,,13.5,,unavailable (no satellite pass / dataset error),
38.5,Poor,,2026-08-30T09:10:10Z,Wilsons Prom (West - Norman Bay),2026-08-30T01:00:00Z,2026-08-30T11:00,34.1,265,46.1,0.0,1.34,9.8,228,2.1,1.08,,,,13.5,,unavailable (no satellite pass / dataset error),
37.6,Poor,,2026-08-30T09:10:10Z,Wilsons Prom (West - Norman Bay),2026-08-30T02:00:00Z,2026-08-30T12:00,35.5,269,44.6,0.0,1.36,9.8,228,2.08,1.06,,,,13.5,,unavailable (no satellite pass / dataset error),
37.6,Poor,,2026-08-30T09:10:10Z,Wilsons Prom (West - Norman Bay),2026-08-30T03:00:00Z,2026-08-30T13:00,36.5,269,46.1,0.0,1.36,9.85,228,2.08,1.04,,,,13.6,,unavailable (no satellite pass / dataset error),
37.6,Poor,,2026-08-30T09:10:10Z,Wilsons Prom (West - Norman Bay),2026-08-30T04:00:00Z,2026-08-30T14:00,36.8,264,46.8,0.0,1.36,9.9,228,2.08,1.08,,,,13.6,,unavailable (no satellite pass / dataset error),
37.6,Poor,,2026-08-30T09:10:10Z,Wilsons Prom (West - Norman Bay),2026-08-30T05:00:00Z,2026-08-30T15:00,36.2,258,46.8,0.0,1.34,9.95,229,2.08,1.14,,,,13.6,,unavailable (no satellite pass / dataset error),
37.6,Poor,,2026-08-30T09:10:10Z,Wilsons Prom (West - Norman Bay),2026-08-30T06:00:00Z,2026-08-30T16:00,38.3,257,48.6,0.0,1.34,10.0,229,2.08,1.18,,,,13.6,,unavailable (no satellite pass / dataset error),
37.6,Poor,,2026-08-30T09:10:10Z,Wilsons Prom (West - Norman Bay),2026-08-30T07:00:00Z,2026-08-30T17:00,38.1,258,48.6,0.0,1.34,10.05,229,2.08,1.18,,,,13.6,,unavailable (no satellite pass / dataset error),
37.6,Poor,,2026-08-30T09:10:10Z,Wilsons Prom (West - Norman Bay),2026-08-30T08:00:00Z,2026-08-30T18:00,37.5,259,48.2,0.0,1.34,10.05,229,2.08,1.2,,,,13.6,,unavailable (no satellite pass / dataset error),
37.6,Poor,,2026-08-30T09:10:10Z,Wilsons Prom (West - Norman Bay),2026-08-30T09:00:00Z,2026-08-30T19:00,37.9,259,47.9,0.0,1.34,10.05,229,2.08,1.2,,,,13.6,,unavailable (no satellite pass / dataset error),
74.0,Good,,2026-08-30T09:10:10Z,Wilsons Prom (East - Sealers Cove),2026-08-27T14:00:00Z,2026-08-28T00:00,13.0,289,28.4,0.0,0.54,9.1,251,1.04,0.52,,,,13.1,,unavailable (no satellite pass / dataset error),
74.8,Good,,2026-08-30T09:10:10Z,Wilsons Prom (East - Sealers Cove),2026-08-27T15:00:00Z,2026-08-28T01:00,12.2,296,27.4,0.0,0.56,8.8,251,1.06,0.52,,,,13.1,,unavailable (no satellite pass / dataset error),
73.9,Good,,2026-08-30T09:10:10Z,Wilsons Prom (East - Sealers Cove),2026-08-27T16:00:00Z,2026-08-28T02:00,12.6,295,25.2,0.0,0.56,8.7,251,1.1,0.54,,,,13.0,,unavailable (no satellite pass / dataset error),
71.6,Good,,2026-08-30T09:10:10Z,Wilsons Prom (East - Sealers Cove),2026-08-27T17:00:00Z,2026-08-28T03:00,14.2,292,28.1,0.0,0.56,8.65,250,1.14,0.56,,,,13.0,,unavailable (no satellite pass / dataset error),
69.8,Good,,2026-08-30T09:10:10Z,Wilsons Prom (East - Sealers Cove),2026-08-27T18:00:00Z,2026-08-28T04:00,15.4,291,32.8,0.0,0.56,8.65,250,1.18,0.58,,,,13.0,,unavailable (no satellite pass / dataset error),
67.9,Good,,2026-08-30T09:10:10Z,Wilsons Prom (East - Sealers Cove),2026-08-27T19:00:00Z,2026-08-28T05:00,16.5,290,36.0,0.0,0.56,8.6,250,1.24,0.62,,,,13.0,,unavailable (no satellite pass / dataset error),
66.6,Good,,2026-08-30T09:10:10Z,Wilsons Prom (East - Sealers Cove),2026-08-27T20:00:00Z,2026-08-28T06:00,17.3,291,37.8,0.0,0.58,8.55,250,1.28,0.68,,,,13.0,,unavailable (no satellite pass / dataset error),
65.7,Good,,2026-08-30T09:10:10Z,Wilsons Prom (East - Sealers Cove),2026-08-27T21:00:00Z,2026-08-28T07:00,17.5,289,38.2,0.0,0.58,8.6,250,1.34,0.72,,,,13.0,,unavailable (no satellite pass / dataset error),
66.1,Good,,2026-08-30T09:10:10Z,Wilsons Prom (East - Sealers Cove),2026-08-27T22:00:00Z,2026-08-28T08:00,16.4,287,40.0,0.0,0.58,8.75,253,1.42,0.8,,,,13.0,,unavailable (no satellite pass / dataset error),
65.8,Good,,2026-08-30T09:10:10Z,Wilsons Prom (East - Sealers Cove),2026-08-27T23:00:00Z,2026-08-28T09:00,15.9,290,37.1,0.0,0.58,9.0,257,1.5,0.88,,,,13.0,,unavailable (no satellite pass / dataset error),
65.0,Good,,2026-08-30T09:10:10Z,Wilsons Prom (East - Sealers Cove),2026-08-28T00:00:00Z,2026-08-28T10:00,15.7,298,41.8,0.1,0.58,9.15,260,1.58,0.96,,,,13.0,,unavailable (no satellite pass / dataset error),
60.7,Good,,2026-08-30T09:10:10Z,Wilsons Prom (East - Sealers Cove),2026-08-28T01:00:00Z,2026-08-28T11:00,18.3,293,40.7,0.7,0.6,9.1,260,1.6,0.98,,,,13.0,,unavailable (no satellite pass / dataset error),
62.1,Good,,2026-08-30T09:10:10Z,Wilsons Prom (East - Sealers Cove),2026-08-28T02:00:00Z,2026-08-28T12:00,14.9,255,40.3,1.2,0.6,9.0,260,1.64,1.02,,,,13.1,,unavailable (no satellite pass / dataset error),
60.2,Good,,2026-08-30T09:10:10Z,Wilsons Prom (East - Sealers Cove),2026-08-28T03:00:00Z,2026-08-28T13:00,16.4,240,45.4,0.0,0.62,8.9,260,1.66,1.04,,,,13.1,,unavailable (no satellite pass / dataset error),
58.2,Fair,,2026-08-30T09:10:10Z,Wilsons Prom (East - Sealers Cove),2026-08-28T04:00:00Z,2026-08-28T14:00,18.0,252,42.8,0.0,0.62,8.85,260,1.68,1.06,,,,13.1,,unavailable (no satellite pass / dataset error),
56.2,Fair,,2026-08-30T09:10:10Z,Wilsons Prom (East - Sealers Cove),2026-08-28T05:00:00Z,2026-08-28T15:00,19.7,252,47.5,0.0,0.64,8.85,260,1.68,1.06,,,,13.2,,unavailable (no satellite pass / dataset error),
56.5,Fair,,2026-08-30T09:10:10Z,Wilsons Prom (East - Sealers Cove),2026-08-28T06:00:00Z,2026-08-28T16:00,19.3,250,47.5,0.0,0.64,8.8,260,1.7,1.08,,,,13.2,,unavailable (no satellite pass / dataset error),
57.5,Fair,,2026-08-30T09:10:10Z,Wilsons Prom (East - Sealers Cove),2026-08-28T07:00:00Z,2026-08-28T17:00,18.2,254,47.5,0.0,0.66,8.65,258,1.72,1.1,,,,13.2,,unavailable (no satellite pass / dataset error),
60.7,Good,,2026-08-30T09:10:10Z,Wilsons Prom (East - Sealers Cove),2026-08-28T08:00:00Z,2026-08-28T18:00,15.4,265,39.2,0.0,0.7,8.45,257,1.72,1.12,,,,13.2,,unavailable (no satellite pass / dataset error),
59.8,Fair,,2026-08-30T09:10:10Z,Wilsons Prom (East - Sealers Cove),2026-08-28T09:00:00Z,2026-08-28T19:00,16.0,269,33.5,0.0,0.72,8.5,255,1.74,1.14,,,,13.1,,unavailable (no satellite pass / dataset error),
60.6,Good,,2026-08-30T09:10:10Z,Wilsons Prom (East - Sealers Cove),2026-08-28T10:00:00Z,2026-08-28T20:00,15.3,271,33.1,0.0,0.78,9.1,257,1.74,1.14,,,,13.1,,unavailable (no satellite pass / dataset error),
61.2,Good,,2026-08-30T09:10:10Z,Wilsons Prom (East - Sealers Cove),2026-08-28T11:00:00Z,2026-08-28T21:00,14.8,271,32.0,0.0,0.84,9.9,259,1.74,1.12,,,,13.1,,unavailable (no satellite pass / dataset error),
56.7,Fair,,2026-08-30T09:10:10Z,Wilsons Prom (East - Sealers Cove),2026-08-28T12:00:00Z,2026-08-28T22:00,18.7,259,34.9,0.0,0.9,10.45,261,1.74,1.12,,,,13.1,,unavailable (no satellite pass / dataset error),
55.1,Fair,,2026-08-30T09:10:10Z,Wilsons Prom (East - Sealers Cove),2026-08-28T13:00:00Z,2026-08-28T23:00,20.3,256,42.5,0.0,0.9,10.45,259,1.72,1.12,,,,13.1,,unavailable (no satellite pass / dataset error),
54.7,Fair,,2026-08-30T09:10:10Z,Wilsons Prom (East - Sealers Cove),2026-08-28T14:00:00Z,2026-08-29T00:00,20.7,253,43.9,0.0,0.88,10.15,256,1.72,1.1,,,,13.0,,unavailable (no satellite pass / dataset error),
56.5,Fair,,2026-08-30T09:10:10Z,Wilsons Prom (East - Sealers Cove),2026-08-28T15:00:00Z,2026-08-29T01:00,19.3,252,43.9,0.0,0.88,9.9,254,1.7,1.1,,,,13.0,,unavailable (no satellite pass / dataset error),
59.1,Fair,,2026-08-30T09:10:10Z,Wilsons Prom (East - Sealers Cove),2026-08-28T16:00:00Z,2026-08-29T02:00,17.2,254,41.8,0.0,0.88,9.75,254,1.68,1.08,,,,13.0,,unavailable (no satellite pass / dataset error),
59.8,Fair,,2026-08-30T09:10:10Z,Wilsons Prom (East - Sealers Cove),2026-08-28T17:00:00Z,2026-08-29T03:00,16.6,257,37.4,0.0,0.88,9.6,254,1.68,1.06,,,,13.0,,unavailable (no satellite pass / dataset error),
59.4,Fair,,2026-08-30T09:10:10Z,Wilsons Prom (East - Sealers Cove),2026-08-28T18:00:00Z,2026-08-29T04:00,17.1,253,38.5,0.0,0.88,9.5,254,1.66,1.04,,,,13.0,,unavailable (no satellite pass / dataset error),
58.3,Fair,,2026-08-30T09:10:10Z,Wilsons Prom (East - Sealers Cove),2026-08-28T19:00:00Z,2026-08-29T05:00,18.3,253,40.0,0.0,0.8,9.45,254,1.64,1.06,,,,13.0,,unavailable (no satellite pass / dataset error),
60.7,Good,,2026-08-30T09:10:10Z,Wilsons Prom (East - Sealers Cove),2026-08-28T20:00:00Z,2026-08-29T06:00,16.2,260,38.9,0.0,0.74,9.4,254,1.64,1.06,,,,12.9,,unavailable (no satellite pass / dataset error),
61.9,Good,,2026-08-30T09:10:10Z,Wilsons Prom (East - Sealers Cove),2026-08-28T21:00:00Z,2026-08-29T07:00,15.3,267,35.3,0.0,0.66,9.35,254,1.62,1.08,,,,12.9,,unavailable (no satellite pass / dataset error),
58.2,Fair,,2026-08-30T09:10:10Z,Wilsons Prom (East - Sealers Cove),2026-08-28T22:00:00Z,2026-08-29T08:00,18.9,258,42.8,0.0,0.66,9.25,254,1.58,1.08,,,,12.9,,unavailable (no satellite pass / dataset error),
56.0,Fair,,2026-08-30T09:10:10Z,Wilsons Prom (East - Sealers Cove),2026-08-28T23:00:00Z,2026-08-29T09:00,21.2,256,49.0,0.0,0.68,9.1,254,1.54,1.08,,,,12.9,,unavailable (no satellite pass / dataset error),
55.6,Fair,,2026-08-30T09:10:10Z,Wilsons Prom (East - Sealers Cove),2026-08-29T00:00:00Z,2026-08-29T10:00,22.1,260,51.8,0.0,0.68,9.05,254,1.5,1.08,,,,12.9,,unavailable (no satellite pass / dataset error),
54.3,Fair,,2026-08-30T09:10:10Z,Wilsons Prom (East - Sealers Cove),2026-08-29T01:00:00Z,2026-08-29T11:00,23.9,259,56.2,0.0,0.68,9.15,254,1.54,1.12,,,,12.9,,unavailable (no satellite pass / dataset error),
56.0,Fair,,2026-08-30T09:10:10Z,Wilsons Prom (East - Sealers Cove),2026-08-29T02:00:00Z,2026-08-29T12:00,23.9,258,58.3,0.0,0.68,9.3,254,1.56,1.16,,,,13.0,,unavailable (no satellite pass / dataset error),
55.0,Fair,,2026-08-30T09:10:10Z,Wilsons Prom (East - Sealers Cove),2026-08-29T03:00:00Z,2026-08-29T13:00,24.4,259,58.0,0.0,0.68,9.4,254,1.6,1.2,,,,13.0,,unavailable (no satellite pass / dataset error),
54.7,Fair,,2026-08-30T09:10:10Z,Wilsons Prom (East - Sealers Cove),2026-08-29T04:00:00Z,2026-08-29T14:00,24.5,260,57.6,0.0,0.68,9.45,254,1.62,1.22,,,,13.1,,unavailable (no satellite pass / dataset error),
55.1,Fair,,2026-08-30T09:10:10Z,Wilsons Prom (East - Sealers Cove),2026-08-29T05:00:00Z,2026-08-29T15:00,24.0,263,57.6,0.0,0.68,9.5,254,1.64,1.26,,,,13.1,,unavailable (no satellite pass / dataset error),
54.4,Fair,,2026-08-30T09:10:10Z,Wilsons Prom (East - Sealers Cove),2026-08-29T06:00:00Z,2026-08-29T16:00,24.4,264,55.8,0.0,0.68,9.5,254,1.66,1.28,,,,13.1,,unavailable (no satellite pass / dataset error),
53.7,Fair,,2026-08-30T09:10:10Z,Wilsons Prom (East - Sealers Cove),2026-08-29T07:00:00Z,2026-08-29T17:00,24.8,265,56.9,0.0,0.68,9.5,254,1.68,1.28,,,,13.1,,unavailable (no satellite pass / dataset error),
56.1,Fair,,2026-08-30T09:10:10Z,Wilsons Prom (East - Sealers Cove),2026-08-29T08:00:00Z,2026-08-29T18:00,22.7,266,56.2,0.0,0.7,9.5,255,1.68,1.28,,,,13.1,,unavailable (no satellite pass / dataset error),
56.2,Fair,,2026-08-30T09:10:10Z,Wilsons Prom (East - Sealers Cove),2026-08-29T09:00:00Z,2026-08-29T19:00,22.5,262,49.7,0.0,0.7,9.45,255,1.7,1.28,,,,13.1,,unavailable (no satellite pass / dataset error),
57.8,Fair,,2026-08-30T09:10:10Z,Wilsons Prom (East - Sealers Cove),2026-08-29T10:00:00Z,2026-08-29T20:00,21.4,260,49.7,0.0,0.68,9.3,255,1.66,1.24,,,,13.1,,unavailable (no satellite pass / dataset error),
60.1,Good,,2026-08-30T09:10:10Z,Wilsons Prom (East - Sealers Cove),2026-08-29T11:00:00Z,2026-08-29T21:00,20.0,262,46.8,0.0,0.68,9.15,255,1.6,1.18,,,,13.1,,unavailable (no satellite pass / dataset error),
58.8,Fair,,2026-08-30T09:10:10Z,Wilsons Prom (East - Sealers Cove),2026-08-29T12:00:00Z,2026-08-29T22:00,21.5,260,44.3,0.0,0.66,9.0,255,1.56,1.14,,,,13.1,,unavailable (no satellite pass / dataset error),
58.7,Fair,,2026-08-30T09:10:10Z,Wilsons Prom (East - Sealers Cove),2026-08-29T13:00:00Z,2026-08-29T23:00,21.2,264,45.7,0.0,0.66,8.95,247,1.6,1.18,,,,13.1,,unavailable (no satellite pass / dataset error),
58.9,Fair,,2026-08-30T09:10:10Z,Wilsons Prom (East - Sealers Cove),2026-08-29T14:00:00Z,2026-08-30T00:00,20.8,264,45.7,0.0,0.66,8.95,238,1.62,1.22,,,,13.0,,unavailable (no satellite pass / dataset error),
58.0,Fair,,2026-08-30T09:10:10Z,Wilsons Prom (East - Sealers Cove),2026-08-29T15:00:00Z,2026-08-30T01:00,21.3,262,46.1,0.0,0.66,9.0,230,1.66,1.26,,,,13.0,,unavailable (no satellite pass / dataset error),
58.9,Fair,,2026-08-30T09:10:10Z,Wilsons Prom (East - Sealers Cove),2026-08-29T16:00:00Z,2026-08-30T02:00,20.3,264,46.1,0.0,0.68,9.05,231,1.68,1.3,,,,13.0,,unavailable (no satellite pass / dataset error),
58.3,Fair,,2026-08-30T09:10:10Z,Wilsons Prom (East - Sealers Cove),2026-08-29T17:00:00Z,2026-08-30T03:00,20.6,265,44.6,0.0,0.7,9.15,231,1.7,1.32,,,,13.0,,unavailable (no satellite pass / dataset error),
56.1,Fair,,2026-08-30T09:10:10Z,Wilsons Prom (East - Sealers Cove),2026-08-29T18:00:00Z,2026-08-30T04:00,22.4,261,46.8,0.0,0.72,9.2,232,1.72,1.36,,,,13.0,,unavailable (no satellite pass / dataset error),
57.2,Fair,,2026-08-30T09:10:10Z,Wilsons Prom (East - Sealers Cove),2026-08-29T19:00:00Z,2026-08-30T05:00,21.4,260,49.3,0.0,0.74,9.2,232,1.72,1.32,,,,13.0,,unavailable (no satellite pass / dataset error),
57.0,Fair,,2026-08-30T09:10:10Z,Wilsons Prom (East - Sealers Cove),2026-08-29T20:00:00Z,2026-08-30T06:00,21.8,260,47.5,0.0,0.76,9.15,231,1.7,1.26,,,,13.0,,unavailable (no satellite pass / dataset error),
56.3,Fair,,2026-08-30T09:10:10Z,Wilsons Prom (East - Sealers Cove),2026-08-29T21:00:00Z,2026-08-30T07:00,22.4,258,48.6,0.0,0.78,9.15,231,1.7,1.22,,,,13.0,,unavailable (no satellite pass / dataset error),
55.0,Fair,,2026-08-30T09:10:10Z,Wilsons Prom (East - Sealers Cove),2026-08-29T22:00:00Z,2026-08-30T08:00,23.7,259,55.1,0.0,0.78,9.25,231,1.68,1.18,,,,13.0,,unavailable (no satellite pass / dataset error),
54.5,Fair,,2026-08-30T09:10:10Z,Wilsons Prom (East - Sealers Cove),2026-08-29T23:00:00Z,2026-08-30T09:00,24.3,258,55.1,0.0,0.8,9.35,231,1.66,1.16,,,,13.0,,unavailable (no satellite pass / dataset error),
56.1,Fair,,2026-08-30T09:10:10Z,Wilsons Prom (East - Sealers Cove),2026-08-30T00:00:00Z,2026-08-30T10:00,23.1,260,56.5,0.0,0.8,9.45,231,1.64,1.12,,,,13.0,,unavailable (no satellite pass / dataset error),
57.2,Fair,,2026-08-30T09:10:10Z,Wilsons Prom (East - Sealers Cove),2026-08-30T01:00:00Z,2026-08-30T11:00,22.3,263,53.3,0.0,0.8,9.5,231,1.62,1.12,,,,13.0,,unavailable (no satellite pass / dataset error),
57.0,Fair,,2026-08-30T09:10:10Z,Wilsons Prom (East - Sealers Cove),2026-08-30T02:00:00Z,2026-08-30T12:00,22.7,266,54.0,0.0,0.82,9.55,231,1.6,1.1,,,,13.0,,unavailable (no satellite pass / dataset error),
55.7,Fair,,2026-08-30T09:10:10Z,Wilsons Prom (East - Sealers Cove),2026-08-30T03:00:00Z,2026-08-30T13:00,24.0,267,56.9,0.0,0.82,9.6,231,1.58,1.1,,,,13.1,,unavailable (no satellite pass / dataset error),
54.8,Fair,,2026-08-30T09:10:10Z,Wilsons Prom (East - Sealers Cove),2026-08-30T04:00:00Z,2026-08-30T14:00,24.6,264,58.0,0.0,0.82,9.6,231,1.6,1.12,,,,13.1,,unavailable (no satellite pass / dataset error),
54.6,Fair,,2026-08-30T09:10:10Z,Wilsons Prom (East - Sealers Cove),2026-08-30T05:00:00Z,2026-08-30T15:00,24.8,260,58.0,0.0,0.84,9.6,232,1.6,1.16,,,,13.1,,unavailable (no satellite pass / dataset error),
55.5,Fair,,2026-08-30T09:10:10Z,Wilsons Prom (East - Sealers Cove),2026-08-30T06:00:00Z,2026-08-30T16:00,23.8,259,58.0,0.0,0.84,9.65,232,1.62,1.18,,,,13.1,,unavailable (no satellite pass / dataset error),
56.6,Fair,,2026-08-30T09:10:10Z,Wilsons Prom (East - Sealers Cove),2026-08-30T07:00:00Z,2026-08-30T17:00,23.0,260,55.1,0.0,0.84,9.8,232,1.6,1.16,,,,13.1,,unavailable (no satellite pass / dataset error),
59.4,Fair,,2026-08-30T09:10:10Z,Wilsons Prom (East - Sealers Cove),2026-08-30T08:00:00Z,2026-08-30T18:00,20.6,264,54.7,0.0,0.82,10.05,232,1.6,1.12,,,,13.1,,unavailable (no satellite pass / dataset error),
60.1,Good,,2026-08-30T09:10:10Z,Wilsons Prom (East - Sealers Cove),2026-08-30T09:00:00Z,2026-08-30T19:00,20.2,265,44.3,0.0,0.82,10.2,232,1.58,1.1,,,,13.1,,unavailable (no satellite pass / dataset error),
74.2,Good,,2026-08-30T09:10:10Z,Mallacoota,2026-08-27T14:00:00Z,2026-08-28T00:00,6.9,311,10.8,0.0,1.5,7.8,153,1.68,0.02,,,,14.8,,unavailable (no satellite pass / dataset error),
73.5,Good,,2026-08-30T09:10:10Z,Mallacoota,2026-08-27T15:00:00Z,2026-08-28T01:00,7.9,297,13.3,0.0,1.48,7.8,152,1.64,0.02,,,,14.8,,unavailable (no satellite pass / dataset error),
73.4,Good,,2026-08-30T09:10:10Z,Mallacoota,2026-08-27T16:00:00Z,2026-08-28T02:00,8.3,294,14.4,0.0,1.48,7.85,152,1.6,0.02,,,,14.8,,unavailable (no satellite pass / dataset error),
72.1,Good,,2026-08-30T09:10:10Z,Mallacoota,2026-08-27T17:00:00Z,2026-08-28T03:00,10.0,291,17.3,0.0,1.46,7.95,152,1.54,0.02,,,,14.8,,unavailable (no satellite pass / dataset error),
72.8,Good,,2026-08-30T09:10:10Z,Mallacoota,2026-08-27T18:00:00Z,2026-08-28T04:00,9.8,308,18.7,0.0,1.46,8.0,152,1.5,0.02,,,,14.8,,unavailable (no satellite pass / dataset error),
72.0,Good,,2026-08-30T09:10:10Z,Mallacoota,2026-08-27T19:00:00Z,2026-08-28T05:00,10.9,309,20.2,0.0,1.42,8.0,152,1.46,0.02,,,,14.8,,unavailable (no satellite pass / dataset error),
72.3,Good,,2026-08-30T09:10:10Z,Mallacoota,2026-08-27T20:00:00Z,2026-08-28T06:00,11.0,312,20.2,0.0,1.4,8.05,153,1.42,0.04,,,,14.8,,unavailable (no satellite pass / dataset error),
71.6,Good,,2026-08-30T09:10:10Z,Mallacoota,2026-08-27T21:00:00Z,2026-08-28T07:00,12.0,315,21.2,0.0,1.36,8.0,153,1.38,0.04,,,,14.8,,unavailable (no satellite pass / dataset error),
74.3,Good,,2026-08-30T09:10:10Z,Mallacoota,2026-08-27T22:00:00Z,2026-08-28T08:00,10.0,309,22.3,0.0,1.32,7.9,153,1.34,0.04,,,,14.8,,unavailable (no satellite pass / dataset error),
75.6,Good,,2026-08-30T09:10:10Z,Mallacoota,2026-08-27T23:00:00Z,2026-08-28T09:00,9.0,283,22.7,0.0,1.3,7.8,154,1.32,0.06,,,,14.8,,unavailable (no satellite pass / dataset error),
74.6,Good,,2026-08-30T09:10:10Z,Mallacoota,2026-08-28T00:00:00Z,2026-08-28T10:00,10.3,269,31.0,0.0,1.26,7.75,154,1.28,0.06,,,,14.8,,unavailable (no satellite pass / dataset error),
71.1,Good,,2026-08-30T09:10:10Z,Mallacoota,2026-08-28T01:00:00Z,2026-08-28T11:00,13.5,245,33.5,0.0,1.22,7.75,153,1.26,0.1,,,,14.8,,unavailable (no satellite pass / dataset error),
69.2,Good,,2026-08-30T09:10:10Z,Mallacoota,2026-08-28T02:00:00Z,2026-08-28T12:00,15.2,230,37.1,0.0,1.18,7.85,152,1.26,0.16,,,,14.8,,unavailable (no satellite pass / dataset error),
67.7,Good,,2026-08-30T09:10:10Z,Mallacoota,2026-08-28T03:00:00Z,2026-08-28T13:00,16.7,230,40.3,0.0,1.14,7.95,151,1.24,0.2,,,,14.9,,unavailable (no satellite pass / dataset error),
65.1,Good,,2026-08-30T09:10:10Z,Mallacoota,2026-08-28T04:00:00Z,2026-08-28T14:00,19.0,235,43.9,0.0,1.1,8.1,150,1.24,0.28,,,,14.9,,unavailable (no satellite pass / dataset error),
63.0,Good,,2026-08-30T09:10:10Z,Mallacoota,2026-08-28T05:00:00Z,2026-08-28T15:00,20.6,237,46.8,0.0,1.04,8.25,149,1.26,0.34,,,,15.0,,unavailable (no satellite pass / dataset error),
65.2,Good,,2026-08-30T09:10:10Z,Mallacoota,2026-08-28T06:00:00Z,2026-08-28T16:00,18.7,251,47.2,0.0,1.0,8.4,148,1.26,0.42,,,,15.0,,unavailable (no satellite pass / dataset error),
67.6,Good,,2026-08-30T09:10:10Z,Mallacoota,2026-08-28T07:00:00Z,2026-08-28T17:00,16.6,251,41.4,0.0,0.96,8.55,147,1.26,0.42,,,,15.0,,unavailable (no satellite pass / dataset error),
66.3,Good,,2026-08-30T09:10:10Z,Mallacoota,2026-08-28T08:00:00Z,2026-08-28T18:00,17.9,240,36.0,0.0,0.92,8.65,145,1.24,0.42,,,,15.0,,unavailable (no satellite pass / dataset error),
68.1,Good,,2026-08-30T09:10:10Z,Mallacoota,2026-08-28T09:00:00Z,2026-08-28T19:00,16.3,244,37.1,0.0,0.88,8.45,144,1.24,0.42,,,,15.0,,unavailable (no satellite pass / dataset error),
68.2,Good,,2026-08-30T09:10:10Z,Mallacoota,2026-08-28T10:00:00Z,2026-08-28T20:00,15.9,245,32.8,0.0,0.9,7.65,164,1.28,0.4,,,,15.0,,unavailable (no satellite pass / dataset error),
70.4,Good,,2026-08-30T09:10:10Z,Mallacoota,2026-08-28T11:00:00Z,2026-08-28T21:00,13.8,249,31.7,0.0,0.92,6.6,185,1.3,0.38,,,,14.9,,unavailable (no satellite pass / dataset error),
68.7,Good,,2026-08-30T09:10:10Z,Mallacoota,2026-08-28T12:00:00Z,2026-08-28T22:00,14.9,252,29.9,0.0,0.94,5.75,205,1.34,0.36,,,,14.9,,unavailable (no satellite pass / dataset error),
69.6,Good,,2026-08-30T09:10:10Z,Mallacoota,2026-08-28T13:00:00Z,2026-08-28T23:00,14.1,251,30.2,0.0,0.96,5.45,204,1.34,0.36,,,,14.9,,unavailable (no satellite pass / dataset error),
69.0,Good,,2026-08-30T09:10:10Z,Mallacoota,2026-08-28T14:00:00Z,2026-08-29T00:00,14.6,246,30.6,0.0,0.96,5.35,204,1.34,0.34,,,,14.9,,unavailable (no satellite pass / dataset error),
69.4,Good,,2026-08-30T09:10:10Z,Mallacoota,2026-08-28T15:00:00Z,2026-08-29T01:00,14.3,251,31.0,0.0,0.98,5.35,203,1.34,0.34,,,,14.9,,unavailable (no satellite pass / dataset error),
70.0,Good,,2026-08-30T09:10:10Z,Mallacoota,2026-08-28T16:00:00Z,2026-08-29T02:00,13.9,256,29.2,0.0,0.98,5.3,203,1.32,0.34,,,,14.9,,unavailable (no satellite pass / dataset error),
68.5,Good,,2026-08-30T09:10:10Z,Mallacoota,2026-08-28T17:00:00Z,2026-08-29T03:00,15.2,256,31.3,0.0,0.98,5.3,204,1.32,0.34,,,,14.8,,unavailable (no satellite pass / dataset error),
67.4,Good,,2026-08-30T09:10:10Z,Mallacoota,2026-08-28T18:00:00Z,2026-08-29T04:00,16.4,258,34.2,0.0,0.98,5.3,204,1.3,0.34,,,,14.8,,unavailable (no satellite pass / dataset error),
66.4,Good,,2026-08-30T09:10:10Z,Mallacoota,2026-08-28T19:00:00Z,2026-08-29T05:00,17.1,263,35.3,0.0,0.98,5.35,204,1.32,0.38,,,,14.8,,unavailable (no satellite pass / dataset error),
65.1,Good,,2026-08-30T09:10:10Z,Mallacoota,2026-08-28T20:00:00Z,2026-08-29T06:00,18.0,263,37.4,0.0,1.0,5.5,205,1.34,0.4,,,,14.8,,unavailable (no satellite pass / dataset error),
65.2,Good,,2026-08-30T09:10:10Z,Mallacoota,2026-08-28T21:00:00Z,2026-08-29T07:00,17.8,264,37.8,0.0,1.0,5.55,205,1.36,0.44,,,,14.8,,unavailable (no satellite pass / dataset error),
68.2,Good,,2026-08-30T09:10:10Z,Mallacoota,2026-08-28T22:00:00Z,2026-08-29T08:00,15.3,261,38.5,0.0,0.96,5.55,205,1.34,0.46,,,,14.8,,unavailable (no satellite pass / dataset error),
57.6,Fair,,2026-08-30T09:10:10Z,Mallacoota,2026-08-28T23:00:00Z,2026-08-29T09:00,24.8,250,54.0,0.0,0.92,5.5,205,1.32,0.5,,,,14.8,,unavailable (no satellite pass / dataset error),
64.1,Good,,2026-08-30T09:10:10Z,Mallacoota,2026-08-29T00:00:00Z,2026-08-29T10:00,19.3,249,56.2,0.0,0.88,5.5,205,1.3,0.52,,,,14.8,,unavailable (no satellite pass / dataset error),
66.2,Good,,2026-08-30T09:10:10Z,Mallacoota,2026-08-29T01:00:00Z,2026-08-29T11:00,17.6,247,45.0,0.0,0.86,5.7,208,1.28,0.54,,,,14.8,,unavailable (no satellite pass / dataset error),
67.8,Good,,2026-08-30T09:10:10Z,Mallacoota,2026-08-29T02:00:00Z,2026-08-29T12:00,16.2,243,42.1,0.0,0.82,5.95,211,1.28,0.54,,,,14.9,,unavailable (no satellite pass / dataset error),
67.1,Good,,2026-08-30T09:10:10Z,Mallacoota,2026-08-29T03:00:00Z,2026-08-29T13:00,17.0,230,40.7,0.0,0.8,6.1,214,1.26,0.56,,,,14.9,,unavailable (no satellite pass / dataset error),
64.4,Good,,2026-08-30T09:10:10Z,Mallacoota,2026-08-29T04:00:00Z,2026-08-29T14:00,19.4,227,45.7,0.0,0.82,6.1,212,1.26,0.56,,,,14.9,,unavailable (no satellite pass / dataset error),
65.0,Good,,2026-08-30T09:10:10Z,Mallacoota,2026-08-29T05:00:00Z,2026-08-29T15:00,18.9,235,46.1,0.0,0.82,6.0,211,1.26,0.58,,,,15.0,,unavailable (no satellite pass / dataset error),
67.9,Good,,2026-08-30T09:10:10Z,Mallacoota,2026-08-29T06:00:00Z,2026-08-29T16:00,16.3,237,43.9,0.0,0.84,5.95,209,1.26,0.58,,,,15.0,,unavailable (no satellite pass / dataset error),
69.1,Good,,2026-08-30T09:10:10Z,Mallacoota,2026-08-29T07:00:00Z,2026-08-29T17:00,14.9,239,36.7,0.0,0.94,5.95,207,1.3,0.54,,,,15.0,,unavailable (no satellite pass / dataset error),
71.3,Good,,2026-08-30T09:10:10Z,Mallacoota,2026-08-29T08:00:00Z,2026-08-29T18:00,12.6,246,31.0,0.0,1.04,5.95,204,1.34,0.52,,,,15.0,,unavailable (no satellite pass / dataset error),
71.5,Good,,2026-08-30T09:10:10Z,Mallacoota,2026-08-29T09:00:00Z,2026-08-29T19:00,12.1,249,24.8,0.0,1.14,5.95,202,1.38,0.48,,,,14.9,,unavailable (no satellite pass / dataset error),
69.1,Good,,2026-08-30T09:10:10Z,Mallacoota,2026-08-29T10:00:00Z,2026-08-29T20:00,14.2,254,27.7,0.0,1.16,6.0,202,1.38,0.44,,,,14.9,,unavailable (no satellite pass / dataset error),
69.3,Good,,2026-08-30T09:10:10Z,Mallacoota,2026-08-29T11:00:00Z,2026-08-29T21:00,13.8,255,27.7,0.0,1.2,6.0,201,1.4,0.4,,,,14.9,,unavailable (no satellite pass / dataset error),
69.0,Good,,2026-08-30T09:10:10Z,Mallacoota,2026-08-29T12:00:00Z,2026-08-29T22:00,14.1,259,29.5,0.0,1.22,6.05,201,1.4,0.36,,,,14.9,,unavailable (no satellite pass / dataset error),
69.0,Good,,2026-08-30T09:10:10Z,Mallacoota,2026-08-29T13:00:00Z,2026-08-29T23:00,14.1,260,28.8,0.0,1.2,6.05,201,1.4,0.38,,,,14.9,,unavailable (no satellite pass / dataset error),
68.9,Good,,2026-08-30T09:10:10Z,Mallacoota,2026-08-29T14:00:00Z,2026-08-30T00:00,14.0,258,28.4,0.0,1.2,6.1,200,1.42,0.4,,,,14.8,,unavailable (no satellite pass / dataset error),
68.5,Good,,2026-08-30T09:10:10Z,Mallacoota,2026-08-29T15:00:00Z,2026-08-30T01:00,14.3,258,29.2,0.0,1.18,6.1,200,1.42,0.42,,,,14.8,,unavailable (no satellite pass / dataset error),
68.2,Good,,2026-08-30T09:10:10Z,Mallacoota,2026-08-29T16:00:00Z,2026-08-30T02:00,14.8,260,30.2,0.0,1.16,6.1,202,1.4,0.44,,,,14.8,,unavailable (no satellite pass / dataset error),
67.8,Good,,2026-08-30T09:10:10Z,Mallacoota,2026-08-29T17:00:00Z,2026-08-30T03:00,15.5,261,31.7,0.0,1.14,6.15,203,1.36,0.48,,,,14.8,,unavailable (no satellite pass / dataset error),
68.1,Good,,2026-08-30T09:10:10Z,Mallacoota,2026-08-29T18:00:00Z,2026-08-30T04:00,15.4,265,32.4,0.0,1.12,6.15,205,1.34,0.5,,,,14.8,,unavailable (no satellite pass / dataset error),
68.3,Good,,2026-08-30T09:10:10Z,Mallacoota,2026-08-29T19:00:00Z,2026-08-30T05:00,15.2,266,31.3,0.0,1.1,6.15,204,1.34,0.54,,,,14.8,,unavailable (no satellite pass / dataset error),
69.6,Good,,2026-08-30T09:10:10Z,Mallacoota,2026-08-29T20:00:00Z,2026-08-30T06:00,14.3,259,31.0,0.0,1.08,6.15,204,1.32,0.56,,,,14.8,,unavailable (no satellite pass / dataset error),
68.2,Good,,2026-08-30T09:10:10Z,Mallacoota,2026-08-29T21:00:00Z,2026-08-30T07:00,15.5,258,31.7,0.0,1.06,6.15,203,1.32,0.6,,,,14.8,,unavailable (no satellite pass / dataset error),
69.9,Good,,2026-08-30T09:10:10Z,Mallacoota,2026-08-29T22:00:00Z,2026-08-30T08:00,13.8,254,34.9,0.0,1.04,6.15,202,1.34,0.64,,,,14.8,,unavailable (no satellite pass / dataset error),
66.4,Good,,2026-08-30T09:10:10Z,Mallacoota,2026-08-29T23:00:00Z,2026-08-30T09:00,16.9,251,39.2,0.0,1.04,6.2,202,1.34,0.68,,,,14.8,,unavailable (no satellite pass / dataset error),
63.7,Good,,2026-08-30T09:10:10Z,Mallacoota,2026-08-30T00:00:00Z,2026-08-30T10:00,19.1,245,46.8,0.0,1.02,6.2,201,1.36,0.72,,,,14.8,,unavailable (no satellite pass / dataset error),
64.6,Good,,2026-08-30T09:10:10Z,Mallacoota,2026-08-30T01:00:00Z,2026-08-30T11:00,18.3,238,44.3,0.0,1.0,6.1,205,1.36,0.68,,,,14.8,,unavailable (no satellite pass / dataset error),
63.6,Good,,2026-08-30T09:10:10Z,Mallacoota,2026-08-30T02:00:00Z,2026-08-30T12:00,19.2,236,45.7,0.0,0.96,6.0,209,1.36,0.66,,,,14.8,,unavailable (no satellite pass / dataset error),
65.6,Good,,2026-08-30T09:10:10Z,Mallacoota,2026-08-30T03:00:00Z,2026-08-30T13:00,17.4,240,46.1,0.0,0.94,6.0,213,1.36,0.62,,,,14.8,,unavailable (no satellite pass / dataset error),
67.9,Good,,2026-08-30T09:10:10Z,Mallacoota,2026-08-30T04:00:00Z,2026-08-30T14:00,15.4,223,41.8,0.0,0.9,6.2,199,1.36,0.62,,,,14.9,,unavailable (no satellite pass / dataset error),
65.9,Good,,2026-08-30T09:10:10Z,Mallacoota,2026-08-30T05:00:00Z,2026-08-30T15:00,17.0,219,40.3,0.0,0.84,6.6,184,1.38,0.62,,,,14.9,,unavailable (no satellite pass / dataset error),
65.4,Good,,2026-08-30T09:10:10Z,Mallacoota,2026-08-30T06:00:00Z,2026-08-30T16:00,17.4,221,40.3,0.0,0.8,7.05,170,1.38,0.62,,,,14.9,,unavailable (no satellite pass / dataset error),
67.4,Good,,2026-08-30T09:10:10Z,Mallacoota,2026-08-30T07:00:00Z,2026-08-30T17:00,15.8,230,39.6,0.0,0.86,7.75,171,1.36,0.52,,,,14.9,,unavailable (no satellite pass / dataset error),
69.0,Good,,2026-08-30T09:10:10Z,Mallacoota,2026-08-30T08:00:00Z,2026-08-30T18:00,14.4,238,32.8,0.0,0.92,8.55,171,1.36,0.44,,,,14.9,,unavailable (no satellite pass / dataset error),
69.5,Good,,2026-08-30T09:10:10Z,Mallacoota,2026-08-30T09:00:00Z,2026-08-30T19:00,14.2,246,28.1,0.0,0.98,9.15,172,1.34,0.34,,,,14.8,,unavailable (no satellite pass / dataset error),
73.9,Good,,2026-08-30T09:10:10Z,Green Cape,2026-08-27T14:00:00Z,2026-08-28T00:00,6.0,253,10.8,0.0,1.72,7.8,152,1.8,0.02,,,,16.0,,unavailable (no satellite pass / dataset error),
69.8,Good,,2026-08-30T09:10:10Z,Green Cape,2026-08-27T15:00:00Z,2026-08-28T01:00,9.6,242,16.6,0.0,1.74,7.8,150,1.8,0.04,,,,16.0,,unavailable (no satellite pass / dataset error),
67.3,Good,,2026-08-30T09:10:10Z,Green Cape,2026-08-27T16:00:00Z,2026-08-28T02:00,12.2,237,22.0,0.0,1.72,7.8,149,1.76,0.08,,,,16.0,,unavailable (no satellite pass / dataset error),
66.8,Good,,2026-08-30T09:10:10Z,Green Cape,2026-08-27T17:00:00Z,2026-08-28T03:00,12.8,241,24.5,0.0,1.7,7.75,149,1.74,0.1,,,,16.0,,unavailable (no satellite pass / dataset error),
67.0,Good,,2026-08-30T09:10:10Z,Green Cape,2026-08-27T18:00:00Z,2026-08-28T04:00,13.0,246,24.8,0.0,1.68,7.7,148,1.7,0.14,,,,16.0,,unavailable (no satellite pass / dataset error),
68.4,Good,,2026-08-30T09:10:10Z,Green Cape,2026-08-27T19:00:00Z,2026-08-28T05:00,12.0,258,24.8,0.0,1.66,7.65,147,1.68,0.12,,,,16.0,,unavailable (no satellite pass / dataset error),
69.9,Good,,2026-08-30T09:10:10Z,Green Cape,2026-08-27T20:00:00Z,2026-08-28T06:00,11.0,267,22.3,0.0,1.62,7.6,146,1.64,0.1,,,,16.0,,unavailable (no satellite pass / dataset error),
70.5,Good,,2026-08-30T09:10:10Z,Green Cape,2026-08-27T21:00:00Z,2026-08-28T07:00,10.7,279,20.5,0.0,1.6,7.55,145,1.62,0.08,,,,16.0,,unavailable (no satellite pass / dataset error),
72.4,Good,,2026-08-30T09:10:10Z,Green Cape,2026-08-27T22:00:00Z,2026-08-28T08:00,9.2,293,21.6,0.0,1.56,7.55,144,1.6,0.06,,,,16.1,,unavailable (no satellite pass / dataset error),
74.8,Good,,2026-08-30T09:10:10Z,Green Cape,2026-08-27T23:00:00Z,2026-08-28T09:00,7.1,289,20.2,0.0,1.52,7.55,143,1.6,0.02,,,,16.1,,unavailable (no satellite pass / dataset error),
75.7,Good,,2026-08-30T09:10:10Z,Green Cape,2026-08-28T00:00:00Z,2026-08-28T10:00,6.5,276,20.9,0.0,1.48,7.55,142,1.58,0.0,,,,16.2,,unavailable (no satellite pass / dataset error),
76.5,Good,,2026-08-30T09:10:10Z,Green Cape,2026-08-28T01:00:00Z,2026-08-28T11:00,6.0,254,20.2,0.0,1.46,7.5,142,1.56,0.02,,,,16.2,,unavailable (no satellite pass / dataset error),
76.9,Good,,2026-08-30T09:10:10Z,Green Cape,2026-08-28T02:00:00Z,2026-08-28T12:00,5.8,219,20.2,0.0,1.42,7.45,143,1.54,0.02,,,,16.3,,unavailable (no satellite pass / dataset error),
79.0,Good,,2026-08-30T09:10:10Z,Green Cape,2026-08-28T03:00:00Z,2026-08-28T13:00,4.2,173,20.5,0.0,1.4,7.45,143,1.52,0.04,,,,16.4,,unavailable (no satellite pass / dataset error),
81.0,Excellent,,2026-08-30T09:10:10Z,Green Cape,2026-08-28T04:00:00Z,2026-08-28T14:00,2.4,42,18.0,0.0,1.34,7.55,138,1.52,0.06,,,,16.5,,unavailable (no satellite pass / dataset error),
80.3,Excellent,,2026-08-30T09:10:10Z,Green Cape,2026-08-28T05:00:00Z,2026-08-28T15:00,3.2,344,13.3,0.0,1.28,7.75,134,1.5,0.1,,,,16.6,,unavailable (no satellite pass / dataset error),
79.2,Good,,2026-08-30T09:10:10Z,Green Cape,2026-08-28T06:00:00Z,2026-08-28T16:00,4.2,313,16.6,0.0,1.22,7.85,129,1.5,0.12,,,,16.6,,unavailable (no satellite pass / dataset error),
77.6,Good,,2026-08-30T09:10:10Z,Green Cape,2026-08-28T07:00:00Z,2026-08-28T17:00,5.4,272,13.3,0.0,1.28,7.8,132,1.52,0.16,,,,16.6,,unavailable (no satellite pass / dataset error),
70.7,Good,,2026-08-30T09:10:10Z,Green Cape,2026-08-28T08:00:00Z,2026-08-28T18:00,11.3,233,18.7,0.0,1.34,7.65,134,1.54,0.18,,,,16.6,,unavailable (no satellite pass / dataset error),
65.6,Good,,2026-08-30T09:10:10Z,Green Cape,2026-08-28T09:00:00Z,2026-08-28T19:00,15.5,231,30.2,0.0,1.4,7.6,137,1.56,0.22,,,,16.5,,unavailable (no satellite pass / dataset error),
67.6,Good,,2026-08-30T09:10:10Z,Green Cape,2026-08-28T10:00:00Z,2026-08-28T20:00,13.8,239,30.6,0.0,1.34,7.75,136,1.56,0.26,,,,16.5,,unavailable (no satellite pass / dataset error),
66.5,Good,,2026-08-30T09:10:10Z,Green Cape,2026-08-28T11:00:00Z,2026-08-28T21:00,14.6,236,27.0,0.0,1.3,7.95,134,1.58,0.32,,,,16.4,,unavailable (no satellite pass / dataset error),
68.2,Good,,2026-08-30T09:10:10Z,Green Cape,2026-08-28T12:00:00Z,2026-08-28T22:00,13.1,247,29.2,0.0,1.24,8.1,133,1.58,0.36,,,,16.4,,unavailable (no satellite pass / dataset error),
69.5,Good,,2026-08-30T09:10:10Z,Green Cape,2026-08-28T13:00:00Z,2026-08-28T23:00,12.1,245,24.5,0.0,1.22,8.15,133,1.56,0.36,,,,16.3,,unavailable (no satellite pass / dataset error),
69.2,Good,,2026-08-30T09:10:10Z,Green Cape,2026-08-28T14:00:00Z,2026-08-29T00:00,12.4,240,24.8,0.0,1.18,8.2,132,1.56,0.36,,,,16.3,,unavailable (no satellite pass / dataset error),
74.2,Good,,2026-08-30T09:10:10Z,Green Cape,2026-08-28T15:00:00Z,2026-08-29T01:00,8.2,251,23.4,0.0,1.16,8.2,132,1.54,0.36,,,,16.3,,unavailable (no satellite pass / dataset error),
73.4,Good,,2026-08-30T09:10:10Z,Green Cape,2026-08-28T16:00:00Z,2026-08-29T02:00,9.1,243,16.2,0.0,1.14,8.15,132,1.52,0.36,,,,16.3,,unavailable (no satellite pass / dataset error),
70.1,Good,,2026-08-30T09:10:10Z,Green Cape,2026-08-28T17:00:00Z,2026-08-29T03:00,12.0,231,27.0,0.0,1.14,8.15,132,1.52,0.36,,,,16.2,,unavailable (no satellite pass / dataset error),
70.2,Good,,2026-08-30T09:10:10Z,Green Cape,2026-08-28T18:00:00Z,2026-08-29T04:00,12.1,232,31.0,0.0,1.12,8.15,132,1.5,0.36,,,,16.2,,unavailable (no satellite pass / dataset error),
67.8,Good,,2026-08-30T09:10:10Z,Green Cape,2026-08-28T19:00:00Z,2026-08-29T05:00,13.8,237,29.5,0.0,1.16,8.35,133,1.54,0.36,,,,16.2,,unavailable (no satellite pass / dataset error),
65.8,Good,,2026-08-30T09:10:10Z,Green Cape,2026-08-28T20:00:00Z,2026-08-29T06:00,15.0,240,31.7,0.0,1.2,8.65,133,1.6,0.38,,,,16.2,,unavailable (no satellite pass / dataset error),
65.2,Good,,2026-08-30T09:10:10Z,Green Cape,2026-08-28T21:00:00Z,2026-08-29T07:00,15.1,243,32.8,0.0,1.24,8.7,134,1.64,0.38,,,,16.2,,unavailable (no satellite pass / dataset error),
60.6,Good,,2026-08-30T09:10:10Z,Green Cape,2026-08-28T22:00:00Z,2026-08-29T08:00,19.9,240,42.8,0.0,1.16,8.2,153,1.56,0.38,,,,16.2,,unavailable (no satellite pass / dataset error),
60.1,Good,,2026-08-30T09:10:10Z,Green Cape,2026-08-28T23:00:00Z,2026-08-29T09:00,21.1,239,49.7,0.0,1.1,7.5,172,1.48,0.36,,,,16.3,,unavailable (no satellite pass / dataset error),
68.3,Good,,2026-08-30T09:10:10Z,Green Cape,2026-08-29T00:00:00Z,2026-08-29T10:00,14.7,242,46.4,0.0,1.02,6.95,191,1.4,0.36,,,,16.3,,unavailable (no satellite pass / dataset error),
71.5,Good,,2026-08-30T09:10:10Z,Green Cape,2026-08-29T01:00:00Z,2026-08-29T11:00,12.1,242,34.9,0.0,1.0,6.85,190,1.38,0.32,,,,16.3,,unavailable (no satellite pass / dataset error),
71.7,Good,,2026-08-30T09:10:10Z,Green Cape,2026-08-29T02:00:00Z,2026-08-29T12:00,12.1,233,31.7,0.0,1.0,6.95,189,1.36,0.3,,,,16.4,,unavailable (no satellite pass / dataset error),
71.8,Good,,2026-08-30T09:10:10Z,Green Cape,2026-08-29T03:00:00Z,2026-08-29T13:00,12.2,221,32.0,0.0,0.98,6.95,188,1.34,0.26,,,,16.4,,unavailable (no satellite pass / dataset error),
74.1,Good,,2026-08-30T09:10:10Z,Green Cape,2026-08-29T04:00:00Z,2026-08-29T14:00,10.3,223,32.0,0.0,1.02,6.7,184,1.32,0.24,,,,16.5,,unavailable (no satellite pass / dataset error),
76.5,Good,,2026-08-30T09:10:10Z,Green Cape,2026-08-29T05:00:00Z,2026-08-29T15:00,8.2,241,28.1,0.0,1.08,6.3,181,1.32,0.2,,,,16.5,,unavailable (no satellite pass / dataset error),
80.4,Excellent,,2026-08-30T09:10:10Z,Green Cape,2026-08-29T06:00:00Z,2026-08-29T16:00,5.0,325,23.0,0.0,1.12,6.05,177,1.3,0.18,,,,16.5,,unavailable (no satellite pass / dataset error),
79.4,Good,,2026-08-30T09:10:10Z,Green Cape,2026-08-29T07:00:00Z,2026-08-29T17:00,5.3,332,14.0,0.0,1.18,6.0,179,1.36,0.16,,,,16.5,,unavailable (no satellite pass / dataset error),
81.8,Excellent,,2026-08-30T09:10:10Z,Green Cape,2026-08-29T08:00:00Z,2026-08-29T18:00,2.9,281,10.4,0.0,1.24,6.05,182,1.4,0.16,,,,16.5,,unavailable (no satellite pass / dataset error),
76.8,Good,,2026-08-30T09:10:10Z,Green Cape,2026-08-29T09:00:00Z,2026-08-29T19:00,6.7,211,10.4,0.0,1.3,6.1,184,1.46,0.14,,,,16.5,,unavailable (no satellite pass / dataset error),
74.2,Good,,2026-08-30T09:10:10Z,Green Cape,2026-08-29T10:00:00Z,2026-08-29T20:00,9.3,226,15.8,0.0,1.28,6.1,184,1.42,0.14,,,,16.5,,unavailable (no satellite pass / dataset error),
74.2,Good,,2026-08-30T09:10:10Z,Green Cape,2026-08-29T11:00:00Z,2026-08-29T21:00,9.9,245,18.0,0.0,1.24,6.15,185,1.36,0.12,,,,16.5,,unavailable (no satellite pass / dataset error),
74.3,Good,,2026-08-30T09:10:10Z,Green Cape,2026-08-29T12:00:00Z,2026-08-29T22:00,10.2,252,22.3,0.0,1.22,6.2,185,1.32,0.12,,,,16.5,,unavailable (no satellite pass / dataset error),
74.3,Good,,2026-08-30T09:10:10Z,Green Cape,2026-08-29T13:00:00Z,2026-08-29T23:00,10.2,260,19.1,0.0,1.24,6.3,186,1.32,0.14,,,,16.5,,unavailable (no satellite pass / dataset error),
76.0,Good,,2026-08-30T09:10:10Z,Green Cape,2026-08-29T14:00:00Z,2026-08-30T00:00,8.5,270,19.4,0.0,1.28,6.4,186,1.34,0.14,,,,16.5,,unavailable (no satellite pass / dataset error),
75.2,Good,,2026-08-30T09:10:10Z,Green Cape,2026-08-29T15:00:00Z,2026-08-30T01:00,9.2,259,19.1,0.0,1.3,6.45,187,1.34,0.16,,,,16.6,,unavailable (no satellite pass / dataset error),
74.7,Good,,2026-08-30T09:10:10Z,Green Cape,2026-08-29T16:00:00Z,2026-08-30T02:00,9.8,256,17.6,0.0,1.28,6.45,188,1.32,0.18,,,,16.6,,unavailable (no satellite pass / dataset error),
74.8,Good,,2026-08-30T09:10:10Z,Green Cape,2026-08-29T17:00:00Z,2026-08-30T03:00,9.7,260,18.7,0.0,1.28,6.35,188,1.32,0.2,,,,16.6,,unavailable (no satellite pass / dataset error),
73.8,Good,,2026-08-30T09:10:10Z,Green Cape,2026-08-29T18:00:00Z,2026-08-30T04:00,10.8,260,18.7,0.0,1.26,6.3,189,1.3,0.22,,,,16.6,,unavailable (no satellite pass / dataset error),
75.3,Good,,2026-08-30T09:10:10Z,Green Cape,2026-08-29T19:00:00Z,2026-08-30T05:00,9.7,273,21.2,0.0,1.22,6.25,189,1.28,0.22,,,,16.6,,unavailable (no satellite pass / dataset error),
78.1,Good,,2026-08-30T09:10:10Z,Green Cape,2026-08-29T20:00:00Z,2026-08-30T06:00,7.6,266,19.4,0.0,1.2,6.2,190,1.24,0.22,,,,16.7,,unavailable (no satellite pass / dataset error),
76.5,Good,,2026-08-30T09:10:10Z,Green Cape,2026-08-29T21:00:00Z,2026-08-30T07:00,9.2,247,16.6,0.0,1.16,6.15,190,1.22,0.22,,,,16.7,,unavailable (no satellite pass / dataset error),
73.9,Good,,2026-08-30T09:10:10Z,Green Cape,2026-08-29T22:00:00Z,2026-08-30T08:00,11.3,241,28.4,0.0,1.16,6.2,191,1.24,0.24,,,,16.7,,unavailable (no satellite pass / dataset error),
72.6,Good,,2026-08-30T09:10:10Z,Green Cape,2026-08-29T23:00:00Z,2026-08-30T09:00,12.4,242,30.2,0.0,1.16,6.25,191,1.24,0.24,,,,16.7,,unavailable (no satellite pass / dataset error),
74.0,Good,,2026-08-30T09:10:10Z,Green Cape,2026-08-30T00:00:00Z,2026-08-30T10:00,11.0,245,31.0,0.0,1.16,6.2,192,1.26,0.26,,,,16.8,,unavailable (no satellite pass / dataset error),
74.8,Good,,2026-08-30T09:10:10Z,Green Cape,2026-08-30T01:00:00Z,2026-08-30T11:00,10.3,232,28.8,0.0,1.14,6.0,193,1.26,0.26,,,,16.8,,unavailable (no satellite pass / dataset error),
74.3,Good,,2026-08-30T09:10:10Z,Green Cape,2026-08-30T02:00:00Z,2026-08-30T12:00,10.7,228,29.5,0.0,1.1,5.75,193,1.26,0.26,,,,16.9,,unavailable (no satellite pass / dataset error),
74.9,Good,,2026-08-30T09:10:10Z,Green Cape,2026-08-30T03:00:00Z,2026-08-30T13:00,10.2,240,29.9,0.0,1.08,5.55,194,1.26,0.26,,,,17.0,,unavailable (no satellite pass / dataset error),
80.6,Excellent,,2026-08-30T09:10:10Z,Green Cape,2026-08-30T04:00:00Z,2026-08-30T14:00,5.0,249,28.1,0.0,1.06,5.6,194,1.28,0.36,,,,17.0,,unavailable (no satellite pass / dataset error),
82.8,Excellent,,2026-08-30T09:10:10Z,Green Cape,2026-08-30T05:00:00Z,2026-08-30T15:00,2.7,233,17.6,0.0,1.04,5.75,194,1.32,0.44,,,,17.1,,unavailable (no satellite pass / dataset error),
81.8,Excellent,,2026-08-30T09:10:10Z,Green Cape,2026-08-30T06:00:00Z,2026-08-30T16:00,3.4,212,11.5,0.0,1.02,5.8,194,1.34,0.54,,,,17.1,,unavailable (no satellite pass / dataset error),
78.6,Good,,2026-08-30T09:10:10Z,Green Cape,2026-08-30T07:00:00Z,2026-08-30T17:00,6.2,224,11.9,0.0,1.04,5.65,194,1.34,0.44,,,,17.1,,unavailable (no satellite pass / dataset error),
76.4,Good,,2026-08-30T09:10:10Z,Green Cape,2026-08-30T08:00:00Z,2026-08-30T18:00,8.3,231,13.3,0.0,1.06,5.4,194,1.32,0.36,,,,17.1,,unavailable (no satellite pass / dataset error),
72.5,Good,,2026-08-30T09:10:10Z,Green Cape,2026-08-30T09:00:00Z,2026-08-30T19:00,11.7,227,21.2,0.0,1.08,5.25,194,1.32,0.26,,,,17.1,,unavailable (no satellite pass / dataset error),
69.2,Good,,2026-08-30T09:10:10Z,Bermagui,2026-08-27T14:00:00Z,2026-08-28T00:00,7.9,282,14.0,0.0,2.02,8.45,145,2.04,0.02,,,,17.4,,unavailable (no satellite pass / dataset error),
68.3,Good,,2026-08-30T09:10:10Z,Bermagui,2026-08-27T15:00:00Z,2026-08-28T01:00,8.3,275,15.5,0.0,2.06,8.45,145,2.08,0.02,,,,17.4,,unavailable (no satellite pass / dataset error),
69.1,Good,,2026-08-30T09:10:10Z,Bermagui,2026-08-27T16:00:00Z,2026-08-28T02:00,7.6,266,14.8,0.0,2.06,8.4,144,2.08,0.08,,,,17.4,,unavailable (no satellite pass / dataset error),
68.7,Good,,2026-08-30T09:10:10Z,Bermagui,2026-08-27T17:00:00Z,2026-08-28T03:00,8.2,256,14.4,0.0,2.06,8.35,143,2.06,0.12,,,,17.4,,unavailable (no satellite pass / dataset error),
65.7,Good,,2026-08-30T09:10:10Z,Bermagui,2026-08-27T18:00:00Z,2026-08-28T04:00,10.8,233,18.7,0.0,2.06,8.25,142,2.06,0.18,,,,17.4,,unavailable (no satellite pass / dataset error),
63.5,Good,,2026-08-30T09:10:10Z,Bermagui,2026-08-27T19:00:00Z,2026-08-28T05:00,12.9,227,22.7,0.0,2.04,8.15,142,2.04,0.18,,,,17.4,,unavailable (no satellite pass / dataset error),
65.7,Good,,2026-08-30T09:10:10Z,Bermagui,2026-08-27T20:00:00Z,2026-08-28T06:00,11.0,240,22.7,0.0,2.04,8.05,141,2.04,0.18,,,,17.4,,unavailable (no satellite pass / dataset error),
66.7,Good,,2026-08-30T09:10:10Z,Bermagui,2026-08-27T21:00:00Z,2026-08-28T07:00,10.3,251,19.4,0.0,2.02,8.0,141,2.02,0.18,,,,17.4,,unavailable (no satellite pass / dataset error),
69.5,Good,,2026-08-30T09:10:10Z,Bermagui,2026-08-27T22:00:00Z,2026-08-28T08:00,8.2,244,18.4,0.0,1.96,8.0,142,1.98,0.16,,,,17.4,,unavailable (no satellite pass / dataset error),
73.3,Good,,2026-08-30T09:10:10Z,Bermagui,2026-08-27T23:00:00Z,2026-08-28T09:00,5.1,212,16.6,0.0,1.88,8.0,144,1.96,0.12,,,,17.4,,unavailable (no satellite pass / dataset error),
72.9,Good,,2026-08-30T09:10:10Z,Bermagui,2026-08-28T00:00:00Z,2026-08-28T10:00,5.8,173,17.3,0.0,1.82,8.0,145,1.92,0.1,,,,17.4,,unavailable (no satellite pass / dataset error),
74.8,Good,,2026-08-30T09:10:10Z,Bermagui,2026-08-28T01:00:00Z,2026-08-28T11:00,4.7,113,16.9,0.0,1.78,7.95,145,1.86,0.08,,,,17.4,,unavailable (no satellite pass / dataset error),
71.3,Good,,2026-08-30T09:10:10Z,Bermagui,2026-08-28T02:00:00Z,2026-08-28T12:00,8.1,95,23.8,0.0,1.72,7.95,145,1.82,0.06,,,,17.4,,unavailable (no satellite pass / dataset error),
68.9,Good,,2026-08-30T09:10:10Z,Bermagui,2026-08-28T03:00:00Z,2026-08-28T13:00,10.8,80,28.8,0.0,1.68,7.9,145,1.76,0.04,,,,17.5,,unavailable (no satellite pass / dataset error),
70.0,Good,,2026-08-30T09:10:10Z,Bermagui,2026-08-28T04:00:00Z,2026-08-28T14:00,10.2,76,28.8,0.0,1.64,7.9,145,1.72,0.04,,,,17.5,,unavailable (no satellite pass / dataset error),
69.9,Good,,2026-08-30T09:10:10Z,Bermagui,2026-08-28T05:00:00Z,2026-08-28T15:00,10.5,70,27.4,0.0,1.6,7.85,146,1.7,0.02,,,,17.5,,unavailable (no satellite pass / dataset error),
72.5,Good,,2026-08-30T09:10:10Z,Bermagui,2026-08-28T06:00:00Z,2026-08-28T16:00,8.6,54,26.6,0.0,1.56,7.85,146,1.66,0.02,,,,17.5,,unavailable (no satellite pass / dataset error),
74.8,Good,,2026-08-30T09:10:10Z,Bermagui,2026-08-28T07:00:00Z,2026-08-28T17:00,6.6,33,20.2,0.0,1.58,7.8,144,1.66,0.02,,,,17.5,,unavailable (no satellite pass / dataset error),
76.0,Good,,2026-08-30T09:10:10Z,Bermagui,2026-08-28T08:00:00Z,2026-08-28T18:00,5.7,9,11.9,0.0,1.62,7.8,142,1.64,0.0,,,,17.5,,unavailable (no satellite pass / dataset error),
72.3,Good,,2026-08-30T09:10:10Z,Bermagui,2026-08-28T09:00:00Z,2026-08-28T19:00,8.9,333,14.8,0.0,1.64,7.75,140,1.64,0.0,,,,17.5,,unavailable (no satellite pass / dataset error),
76.6,Good,,2026-08-30T09:10:10Z,Bermagui,2026-08-28T10:00:00Z,2026-08-28T20:00,5.0,296,14.4,0.0,1.66,7.75,141,1.66,0.0,,,,17.5,,unavailable (no satellite pass / dataset error),
79.1,Good,,2026-08-30T09:10:10Z,Bermagui,2026-08-28T11:00:00Z,2026-08-28T21:00,2.4,253,7.9,0.0,1.7,7.75,141,1.7,0.0,,,,17.4,,unavailable (no satellite pass / dataset error),
75.5,Good,,2026-08-30T09:10:10Z,Bermagui,2026-08-28T12:00:00Z,2026-08-28T22:00,5.4,272,11.5,0.0,1.72,7.75,142,1.72,0.0,,,,17.4,,unavailable (no satellite pass / dataset error),
73.9,Good,,2026-08-30T09:10:10Z,Bermagui,2026-08-28T13:00:00Z,2026-08-28T23:00,7.0,267,13.3,0.0,1.7,7.7,142,1.7,0.02,,,,17.4,,unavailable (no satellite pass / dataset error),
72.4,Good,,2026-08-30T09:10:10Z,Bermagui,2026-08-28T14:00:00Z,2026-08-29T00:00,8.5,265,15.5,0.0,1.68,7.65,143,1.68,0.02,,,,17.4,,unavailable (no satellite pass / dataset error),
72.1,Good,,2026-08-30T09:10:10Z,Bermagui,2026-08-28T15:00:00Z,2026-08-29T01:00,8.9,251,16.6,0.0,1.66,7.6,143,1.66,0.04,,,,17.4,,unavailable (no satellite pass / dataset error),
73.0,Good,,2026-08-30T09:10:10Z,Bermagui,2026-08-28T16:00:00Z,2026-08-29T02:00,8.3,252,16.2,0.0,1.62,7.55,143,1.64,0.08,,,,17.4,,unavailable (no satellite pass / dataset error),
71.2,Good,,2026-08-30T09:10:10Z,Bermagui,2026-08-28T17:00:00Z,2026-08-29T03:00,10.3,251,17.6,0.0,1.6,7.45,143,1.6,0.12,,,,17.4,,unavailable (no satellite pass / dataset error),
71.4,Good,,2026-08-30T09:10:10Z,Bermagui,2026-08-28T18:00:00Z,2026-08-29T04:00,10.3,245,19.8,0.0,1.56,7.5,143,1.58,0.16,,,,17.4,,unavailable (no satellite pass / dataset error),
69.7,Good,,2026-08-30T09:10:10Z,Bermagui,2026-08-28T19:00:00Z,2026-08-29T05:00,10.8,238,18.7,0.0,1.68,7.75,144,1.68,0.16,,,,17.4,,unavailable (no satellite pass / dataset error),
69.4,Good,,2026-08-30T09:10:10Z,Bermagui,2026-08-28T20:00:00Z,2026-08-29T06:00,10.0,253,18.7,0.0,1.78,8.05,144,1.8,0.18,,,,17.4,,unavailable (no satellite pass / dataset error),
68.0,Good,,2026-08-30T09:10:10Z,Bermagui,2026-08-28T21:00:00Z,2026-08-29T07:00,10.3,255,17.6,0.0,1.9,8.2,145,1.9,0.18,,,,17.4,,unavailable (no satellite pass / dataset error),
70.6,Good,,2026-08-30T09:10:10Z,Bermagui,2026-08-28T22:00:00Z,2026-08-29T08:00,9.1,243,20.5,0.0,1.78,8.0,145,1.78,0.16,,,,17.4,,unavailable (no satellite pass / dataset error),
74.0,Good,,2026-08-30T09:10:10Z,Bermagui,2026-08-28T23:00:00Z,2026-08-29T09:00,7.4,214,20.2,0.0,1.64,7.65,146,1.64,0.14,,,,17.4,,unavailable (no satellite pass / dataset error),
79.0,Good,,2026-08-30T09:10:10Z,Bermagui,2026-08-29T00:00:00Z,2026-08-29T10:00,4.2,200,20.5,0.0,1.52,7.35,146,1.52,0.12,,,,17.4,,unavailable (no satellite pass / dataset error),
81.5,Excellent,,2026-08-30T09:10:10Z,Bermagui,2026-08-29T01:00:00Z,2026-08-29T11:00,2.4,54,13.7,0.0,1.48,7.25,146,1.48,0.1,,,,17.4,,unavailable (no satellite pass / dataset error),
77.4,Good,,2026-08-30T09:10:10Z,Bermagui,2026-08-29T02:00:00Z,2026-08-29T12:00,6.5,66,20.9,0.0,1.42,7.2,146,1.42,0.08,,,,17.4,,unavailable (no satellite pass / dataset error),
71.7,Good,,2026-08-30T09:10:10Z,Bermagui,2026-08-29T03:00:00Z,2026-08-29T13:00,11.9,93,30.6,0.0,1.38,7.15,146,1.38,0.06,,,,17.5,,unavailable (no satellite pass / dataset error),
70.8,Good,,2026-08-30T09:10:10Z,Bermagui,2026-08-29T04:00:00Z,2026-08-29T14:00,12.9,83,33.1,0.0,1.32,7.15,144,1.36,0.04,,,,17.5,,unavailable (no satellite pass / dataset error),
73.6,Good,,2026-08-30T09:10:10Z,Bermagui,2026-08-29T05:00:00Z,2026-08-29T15:00,10.8,85,32.4,0.0,1.28,7.15,141,1.32,0.02,,,,17.5,,unavailable (no satellite pass / dataset error),
77.0,Good,,2026-08-30T09:10:10Z,Bermagui,2026-08-29T06:00:00Z,2026-08-29T16:00,8.0,62,27.7,0.0,1.22,7.15,139,1.3,0.0,,,,17.5,,unavailable (no satellite pass / dataset error),
81.0,Excellent,,2026-08-30T09:10:10Z,Bermagui,2026-08-29T07:00:00Z,2026-08-29T17:00,4.3,28,19.1,0.0,1.26,7.1,143,1.32,0.0,,,,17.5,,unavailable (no satellite pass / dataset error),
80.7,Excellent,,2026-08-30T09:10:10Z,Bermagui,2026-08-29T08:00:00Z,2026-08-29T18:00,4.2,10,7.6,0.0,1.28,7.0,147,1.36,0.0,,,,17.5,,unavailable (no satellite pass / dataset error),
78.0,Good,,2026-08-30T09:10:10Z,Bermagui,2026-08-29T09:00:00Z,2026-08-29T19:00,6.4,344,10.8,0.0,1.32,6.95,151,1.38,0.0,,,,17.5,,unavailable (no satellite pass / dataset error),
80.5,Excellent,,2026-08-30T09:10:10Z,Bermagui,2026-08-29T10:00:00Z,2026-08-29T20:00,4.4,341,9.7,0.0,1.32,6.95,150,1.36,0.0,,,,17.5,,unavailable (no satellite pass / dataset error),
81.4,Excellent,,2026-08-30T09:10:10Z,Bermagui,2026-08-29T11:00:00Z,2026-08-29T21:00,3.8,295,6.5,0.0,1.3,6.95,150,1.34,0.0,,,,17.4,,unavailable (no satellite pass / dataset error),
76.9,Good,,2026-08-30T09:10:10Z,Bermagui,2026-08-29T12:00:00Z,2026-08-29T22:00,7.9,283,13.0,0.0,1.3,6.95,149,1.32,0.0,,,,17.4,,unavailable (no satellite pass / dataset error),
76.6,Good,,2026-08-30T09:10:10Z,Bermagui,2026-08-29T13:00:00Z,2026-08-29T23:00,8.3,269,15.5,0.0,1.28,6.95,149,1.3,0.0,,,,17.4,,unavailable (no satellite pass / dataset error),
77.7,Good,,2026-08-30T09:10:10Z,Bermagui,2026-08-29T14:00:00Z,2026-08-30T00:00,7.6,277,15.1,0.0,1.26,7.0,150,1.28,0.0,,,,17.4,,unavailable (no satellite pass / dataset error),
78.7,Good,,2026-08-30T09:10:10Z,Bermagui,2026-08-29T15:00:00Z,2026-08-30T01:00,6.9,284,14.4,0.0,1.24,7.0,150,1.26,0.0,,,,17.4,,unavailable (no satellite pass / dataset error),
79.8,Good,,2026-08-30T09:10:10Z,Bermagui,2026-08-29T16:00:00Z,2026-08-30T02:00,5.9,282,13.3,0.0,1.24,6.95,151,1.26,0.0,,,,17.4,,unavailable (no satellite pass / dataset error),
80.6,Excellent,,2026-08-30T09:10:10Z,Bermagui,2026-08-29T17:00:00Z,2026-08-30T03:00,5.4,272,11.9,0.0,1.22,6.9,151,1.24,0.0,,,,17.4,,unavailable (no satellite pass / dataset error),
79.3,Good,,2026-08-30T09:10:10Z,Bermagui,2026-08-29T18:00:00Z,2026-08-30T04:00,6.5,267,11.2,0.0,1.22,6.9,152,1.24,0.0,,,,17.4,,unavailable (no satellite pass / dataset error),
81.6,Excellent,,2026-08-30T09:10:10Z,Bermagui,2026-08-29T19:00:00Z,2026-08-30T05:00,4.7,272,12.6,0.0,1.16,6.95,147,1.22,0.0,,,,17.4,,unavailable (no satellite pass / dataset error),
84.0,Excellent,,2026-08-30T09:10:10Z,Bermagui,2026-08-29T20:00:00Z,2026-08-30T06:00,2.8,281,10.1,0.0,1.1,7.0,142,1.2,0.0,,,,17.4,,unavailable (no satellite pass / dataset error),
83.0,Excellent,,2026-08-30T09:10:10Z,Bermagui,2026-08-29T21:00:00Z,2026-08-30T07:00,3.9,292,9.7,0.0,1.04,7.0,137,1.18,0.0,,,,17.4,,unavailable (no satellite pass / dataset error),
86.3,Excellent,,2026-08-30T09:10:10Z,Bermagui,2026-08-29T22:00:00Z,2026-08-30T08:00,1.0,248,10.4,0.0,1.06,6.95,139,1.18,0.0,,,,17.4,,unavailable (no satellite pass / dataset error),
82.2,Excellent,,2026-08-30T09:10:10Z,Bermagui,2026-08-29T23:00:00Z,2026-08-30T09:00,4.6,141,15.1,0.0,1.08,6.85,141,1.18,0.0,,,,17.4,,unavailable (no satellite pass / dataset error),
82.8,Excellent,,2026-08-30T09:10:10Z,Bermagui,2026-08-30T00:00:00Z,2026-08-30T10:00,4.0,117,18.7,0.0,1.1,6.8,143,1.18,0.0,,,,17.4,,unavailable (no satellite pass / dataset error),
79.5,Good,,2026-08-30T09:10:10Z,Bermagui,2026-08-30T01:00:00Z,2026-08-30T11:00,6.9,96,21.2,0.0,1.1,6.8,143,1.18,0.02,,,,17.4,,unavailable (no satellite pass / dataset error),
77.1,Good,,2026-08-30T09:10:10Z,Bermagui,2026-08-30T02:00:00Z,2026-08-30T12:00,9.0,75,25.2,0.0,1.1,6.8,144,1.18,0.04,,,,17.4,,unavailable (no satellite pass / dataset error),
75.5,Good,,2026-08-30T09:10:10Z,Bermagui,2026-08-30T03:00:00Z,2026-08-30T13:00,10.4,75,28.1,0.0,1.1,6.8,144,1.18,0.06,,,,17.5,,unavailable (no satellite pass / dataset error),
71.9,Good,,2026-08-30T09:10:10Z,Bermagui,2026-08-30T04:00:00Z,2026-08-30T14:00,13.4,94,33.5,0.0,1.12,6.85,144,1.2,0.06,,,,17.5,,unavailable (no satellite pass / dataset error),
73.5,Good,,2026-08-30T09:10:10Z,Bermagui,2026-08-30T05:00:00Z,2026-08-30T15:00,11.8,84,33.8,0.0,1.12,6.95,144,1.22,0.04,,,,17.6,,unavailable (no satellite pass / dataset error),
75.0,Good,,2026-08-30T09:10:10Z,Bermagui,2026-08-30T06:00:00Z,2026-08-30T16:00,10.3,86,29.2,0.0,1.14,7.0,144,1.24,0.04,,,,17.6,,unavailable (no satellite pass / dataset error),
78.6,Good,,2026-08-30T09:10:10Z,Bermagui,2026-08-30T07:00:00Z,2026-08-30T17:00,7.0,69,24.8,0.0,1.18,7.0,146,1.26,0.02,,,,17.6,,unavailable (no satellite pass / dataset error),
81.8,Excellent,,2026-08-30T09:10:10Z,Bermagui,2026-08-30T08:00:00Z,2026-08-30T18:00,3.8,31,13.7,0.0,1.24,7.0,149,1.3,0.02,,,,17.5,,unavailable (no satellite pass / dataset error),
80.8,Excellent,,2026-08-30T09:10:10Z,Bermagui,2026-08-30T09:00:00Z,2026-08-30T19:00,4.5,7,6.1,0.0,1.28,7.0,151,1.32,0.0,,,,17.5,,unavailable (no satellite pass / dataset error),
77.3,Good,,2026-08-30T09:10:10Z,Narooma,2026-08-27T14:00:00Z,2026-08-28T00:00,4.7,242,10.8,0.0,1.58,8.45,145,1.62,0.0,,,,17.2,,unavailable (no satellite pass / dataset error),
75.6,Good,,2026-08-30T09:10:10Z,Narooma,2026-08-27T15:00:00Z,2026-08-28T01:00,6.0,241,12.2,0.0,1.62,8.35,145,1.64,0.0,,,,17.2,,unavailable (no satellite pass / dataset error),
74.4,Good,,2026-08-30T09:10:10Z,Narooma,2026-08-27T16:00:00Z,2026-08-28T02:00,7.1,240,14.0,0.0,1.62,8.3,145,1.64,0.0,,,,17.2,,unavailable (no satellite pass / dataset error),
73.5,Good,,2026-08-30T09:10:10Z,Narooma,2026-08-27T17:00:00Z,2026-08-28T03:00,8.1,239,15.8,0.0,1.62,8.25,145,1.62,0.02,,,,17.2,,unavailable (no satellite pass / dataset error),
72.1,Good,,2026-08-30T09:10:10Z,Narooma,2026-08-27T18:00:00Z,2026-08-28T04:00,9.3,229,19.8,0.0,1.62,8.25,145,1.62,0.02,,,,17.2,,unavailable (no satellite pass / dataset error),
70.3,Good,,2026-08-30T09:10:10Z,Narooma,2026-08-27T19:00:00Z,2026-08-28T05:00,10.9,237,20.5,0.0,1.6,8.25,144,1.62,0.04,,,,17.2,,unavailable (no satellite pass / dataset error),
69.2,Good,,2026-08-30T09:10:10Z,Narooma,2026-08-27T20:00:00Z,2026-08-28T06:00,12.0,234,23.4,0.0,1.58,8.25,143,1.6,0.04,,,,17.2,,unavailable (no satellite pass / dataset error),
70.0,Good,,2026-08-30T09:10:10Z,Narooma,2026-08-27T21:00:00Z,2026-08-28T07:00,11.3,236,23.4,0.0,1.56,8.2,142,1.6,0.06,,,,17.2,,unavailable (no satellite pass / dataset error),
72.6,Good,,2026-08-30T09:10:10Z,Narooma,2026-08-27T22:00:00Z,2026-08-28T08:00,9.2,235,22.0,0.0,1.5,8.1,145,1.58,0.08,,,,17.2,,unavailable (no satellite pass / dataset error),
74.6,Good,,2026-08-30T09:10:10Z,Narooma,2026-08-27T23:00:00Z,2026-08-28T09:00,7.7,213,20.5,0.0,1.42,7.95,147,1.56,0.08,,,,17.2,,unavailable (no satellite pass / dataset error),
75.1,Good,,2026-08-30T09:10:10Z,Narooma,2026-08-28T00:00:00Z,2026-08-28T10:00,7.4,198,20.5,0.0,1.36,7.8,150,1.54,0.1,,,,17.2,,unavailable (no satellite pass / dataset error),
79.9,Good,,2026-08-30T09:10:10Z,Narooma,2026-08-28T01:00:00Z,2026-08-28T11:00,3.6,162,20.5,0.0,1.34,7.7,150,1.5,0.08,,,,17.2,,unavailable (no satellite pass / dataset error),
76.5,Good,,2026-08-30T09:10:10Z,Narooma,2026-08-28T02:00:00Z,2026-08-28T12:00,6.9,105,20.5,0.0,1.32,7.65,150,1.46,0.06,,,,17.2,,unavailable (no satellite pass / dataset error),
71.6,Good,,2026-08-30T09:10:10Z,Narooma,2026-08-28T03:00:00Z,2026-08-28T13:00,11.6,97,30.6,0.0,1.3,7.65,150,1.42,0.04,,,,17.3,,unavailable (no satellite pass / dataset error),
70.9,Good,,2026-08-30T09:10:10Z,Narooma,2026-08-28T04:00:00Z,2026-08-28T14:00,12.6,88,32.8,0.0,1.26,7.8,150,1.38,0.02,,,,17.3,,unavailable (no satellite pass / dataset error),
74.3,Good,,2026-08-30T09:10:10Z,Narooma,2026-08-28T05:00:00Z,2026-08-28T15:00,9.8,85,32.0,0.0,1.2,8.05,150,1.36,0.02,,,,17.4,,unavailable (no satellite pass / dataset error),
77.5,Good,,2026-08-30T09:10:10Z,Narooma,2026-08-28T06:00:00Z,2026-08-28T16:00,7.4,41,24.8,0.0,1.16,8.15,150,1.32,0.0,,,,17.4,,unavailable (no satellite pass / dataset error),
82.7,Excellent,,2026-08-30T09:10:10Z,Narooma,2026-08-28T07:00:00Z,2026-08-28T17:00,3.0,33,18.0,0.0,1.2,8.0,147,1.3,0.0,,,,17.4,,unavailable (no satellite pass / dataset error),
84.5,Excellent,,2026-08-30T09:10:10Z,Narooma,2026-08-28T08:00:00Z,2026-08-28T18:00,1.4,23,4.0,0.0,1.24,7.75,143,1.3,0.0,,,,17.3,,unavailable (no satellite pass / dataset error),
79.6,Good,,2026-08-30T09:10:10Z,Narooma,2026-08-28T09:00:00Z,2026-08-28T19:00,5.9,340,8.3,0.0,1.28,7.55,140,1.28,0.0,,,,17.3,,unavailable (no satellite pass / dataset error),
80.2,Excellent,,2026-08-30T09:10:10Z,Narooma,2026-08-28T10:00:00Z,2026-08-28T20:00,5.2,301,10.4,0.0,1.3,7.55,141,1.3,0.0,,,,17.3,,unavailable (no satellite pass / dataset error),
84.2,Excellent,,2026-08-30T09:10:10Z,Narooma,2026-08-28T11:00:00Z,2026-08-28T21:00,1.7,238,7.9,0.0,1.3,7.6,141,1.3,0.0,,,,17.2,,unavailable (no satellite pass / dataset error),
83.3,Excellent,,2026-08-30T09:10:10Z,Narooma,2026-08-28T12:00:00Z,2026-08-28T22:00,2.3,241,7.9,0.0,1.32,7.7,142,1.32,0.0,,,,17.2,,unavailable (no satellite pass / dataset error),
78.0,Good,,2026-08-30T09:10:10Z,Narooma,2026-08-28T13:00:00Z,2026-08-28T23:00,6.9,250,12.6,0.0,1.28,7.8,142,1.32,0.0,,,,17.2,,unavailable (no satellite pass / dataset error),
75.4,Good,,2026-08-30T09:10:10Z,Narooma,2026-08-28T14:00:00Z,2026-08-29T00:00,9.4,257,18.0,0.0,1.26,7.95,143,1.3,0.02,,,,17.2,,unavailable (no satellite pass / dataset error),
75.4,Good,,2026-08-30T09:10:10Z,Narooma,2026-08-28T15:00:00Z,2026-08-29T01:00,9.4,252,18.4,0.0,1.22,8.05,143,1.3,0.02,,,,17.2,,unavailable (no satellite pass / dataset error),
74.2,Good,,2026-08-30T09:10:10Z,Narooma,2026-08-28T16:00:00Z,2026-08-29T02:00,10.6,247,20.2,0.0,1.2,8.05,143,1.28,0.02,,,,17.2,,unavailable (no satellite pass / dataset error),
74.5,Good,,2026-08-30T09:10:10Z,Narooma,2026-08-28T17:00:00Z,2026-08-29T03:00,10.4,234,21.6,0.0,1.18,8.0,143,1.28,0.04,,,,17.2,,unavailable (no satellite pass / dataset error),
77.4,Good,,2026-08-30T09:10:10Z,Narooma,2026-08-28T18:00:00Z,2026-08-29T04:00,8.0,243,19.8,0.0,1.16,7.95,143,1.26,0.04,,,,17.2,,unavailable (no satellite pass / dataset error),
75.2,Good,,2026-08-30T09:10:10Z,Narooma,2026-08-28T19:00:00Z,2026-08-29T05:00,9.2,250,17.6,0.0,1.28,7.95,144,1.34,0.06,,,,17.2,,unavailable (no satellite pass / dataset error),
74.8,Good,,2026-08-30T09:10:10Z,Narooma,2026-08-28T20:00:00Z,2026-08-29T06:00,8.8,247,17.6,0.0,1.38,7.9,144,1.42,0.06,,,,17.2,,unavailable (no satellite pass / dataset error),
73.8,Good,,2026-08-30T09:10:10Z,Narooma,2026-08-28T21:00:00Z,2026-08-29T07:00,8.9,249,18.0,0.0,1.5,7.9,145,1.5,0.08,,,,17.2,,unavailable (no satellite pass / dataset error),
77.4,Good,,2026-08-30T09:10:10Z,Narooma,2026-08-28T22:00:00Z,2026-08-29T08:00,6.5,246,18.4,0.0,1.38,7.9,145,1.42,0.08,,,,17.2,,unavailable (no satellite pass / dataset error),
82.2,Excellent,,2026-08-30T09:10:10Z,Narooma,2026-08-28T23:00:00Z,2026-08-29T09:00,3.1,204,15.5,0.0,1.28,7.95,145,1.34,0.06,,,,17.2,,unavailable (no satellite pass / dataset error),
81.4,Excellent,,2026-08-30T09:10:10Z,Narooma,2026-08-29T00:00:00Z,2026-08-29T10:00,4.5,140,15.5,0.0,1.16,7.8,145,1.26,0.06,,,,17.2,,unavailable (no satellite pass / dataset error),
81.6,Excellent,,2026-08-30T09:10:10Z,Narooma,2026-08-29T01:00:00Z,2026-08-29T11:00,4.7,72,16.9,0.0,1.12,7.35,145,1.22,0.06,,,,17.2,,unavailable (no satellite pass / dataset error),
77.6,Good,,2026-08-30T09:10:10Z,Narooma,2026-08-29T02:00:00Z,2026-08-29T12:00,8.6,61,24.8,0.0,1.08,6.7,145,1.18,0.04,,,,17.2,,unavailable (no satellite pass / dataset error),
75.7,Good,,2026-08-30T09:10:10Z,Narooma,2026-08-29T03:00:00Z,2026-08-29T13:00,10.6,72,29.2,0.0,1.04,6.25,145,1.14,0.04,,,,17.3,,unavailable (no satellite pass / dataset error),
76.3,Good,,2026-08-30T09:10:10Z,Narooma,2026-08-29T04:00:00Z,2026-08-29T14:00,10.5,82,29.2,0.0,1.02,6.1,145,1.1,0.02,,,,17.3,,unavailable (no satellite pass / dataset error),
76.4,Good,,2026-08-30T09:10:10Z,Narooma,2026-08-29T05:00:00Z,2026-08-29T15:00,10.6,88,28.4,0.0,1.0,6.15,145,1.08,0.02,,,,17.4,,unavailable (no satellite pass / dataset error),
78.7,Good,,2026-08-30T09:10:10Z,Narooma,2026-08-29T06:00:00Z,2026-08-29T16:00,8.9,65,27.4,0.0,0.98,6.2,145,1.04,0.0,,,,17.4,,unavailable (no satellite pass / dataset error),
82.3,Excellent,,2026-08-30T09:10:10Z,Narooma,2026-08-29T07:00:00Z,2026-08-29T17:00,5.6,33,21.2,0.0,1.0,6.3,145,1.06,0.0,,,,17.4,,unavailable (no satellite pass / dataset error),
82.0,Excellent,,2026-08-30T09:10:10Z,Narooma,2026-08-29T08:00:00Z,2026-08-29T18:00,5.5,17,11.2,0.0,1.04,6.4,146,1.1,0.0,,,,17.3,,unavailable (no satellite pass / dataset error),
81.4,Excellent,,2026-08-30T09:10:10Z,Narooma,2026-08-29T09:00:00Z,2026-08-29T19:00,5.8,355,10.8,0.0,1.06,6.45,146,1.12,0.0,,,,17.3,,unavailable (no satellite pass / dataset error),
84.7,Excellent,,2026-08-30T09:10:10Z,Narooma,2026-08-29T10:00:00Z,2026-08-29T20:00,3.1,329,8.3,0.0,1.04,6.45,146,1.1,0.0,,,,17.3,,unavailable (no satellite pass / dataset error),
85.5,Excellent,,2026-08-30T09:10:10Z,Narooma,2026-08-29T11:00:00Z,2026-08-29T21:00,2.6,295,4.7,0.0,1.0,6.35,147,1.08,0.0,,,,17.2,,unavailable (no satellite pass / dataset error),
83.6,Excellent,,2026-08-30T09:10:10Z,Narooma,2026-08-29T12:00:00Z,2026-08-29T22:00,4.5,277,9.4,0.0,0.98,6.3,147,1.06,0.0,,,,17.2,,unavailable (no satellite pass / dataset error),
80.1,Excellent,,2026-08-30T09:10:10Z,Narooma,2026-08-29T13:00:00Z,2026-08-29T23:00,7.5,253,14.4,0.0,0.96,6.25,147,1.06,0.0,,,,17.2,,unavailable (no satellite pass / dataset error),
80.3,Excellent,,2026-08-30T09:10:10Z,Narooma,2026-08-29T14:00:00Z,2026-08-30T00:00,7.5,249,15.1,0.0,0.96,6.25,147,1.04,0.0,,,,17.2,,unavailable (no satellite pass / dataset error),
80.6,Excellent,,2026-08-30T09:10:10Z,Narooma,2026-08-29T15:00:00Z,2026-08-30T01:00,7.3,247,15.1,0.0,0.94,6.25,147,1.04,0.0,,,,17.2,,unavailable (no satellite pass / dataset error),
80.1,Excellent,,2026-08-30T09:10:10Z,Narooma,2026-08-29T16:00:00Z,2026-08-30T02:00,7.7,240,15.8,0.0,0.94,6.3,147,1.04,0.0,,,,17.2,,unavailable (no satellite pass / dataset error),
79.5,Good,,2026-08-30T09:10:10Z,Narooma,2026-08-29T17:00:00Z,2026-08-30T03:00,8.4,242,17.6,0.0,0.92,6.35,148,1.02,0.0,,,,17.2,,unavailable (no satellite pass / dataset error),
79.5,Good,,2026-08-30T09:10:10Z,Narooma,2026-08-29T18:00:00Z,2026-08-30T04:00,8.4,242,18.4,0.0,0.92,6.4,148,1.02,0.0,,,,17.2,,unavailable (no satellite pass / dataset error),
77.2,Good,,2026-08-30T09:10:10Z,Narooma,2026-08-29T19:00:00Z,2026-08-30T05:00,10.6,246,21.2,0.0,0.92,6.35,148,1.0,0.0,,,,17.2,,unavailable (no satellite pass / dataset error),
78.6,Good,,2026-08-30T09:10:10Z,Narooma,2026-08-29T20:00:00Z,2026-08-30T06:00,9.4,246,21.2,0.0,0.94,6.3,148,1.0,0.0,,,,17.2,,unavailable (no satellite pass / dataset error),
80.5,Excellent,,2026-08-30T09:10:10Z,Narooma,2026-08-29T21:00:00Z,2026-08-30T07:00,7.9,246,19.1,0.0,0.94,6.25,148,0.98,0.0,,,,17.2,,unavailable (no satellite pass / dataset error),
84.7,Excellent,,2026-08-30T09:10:10Z,Narooma,2026-08-29T22:00:00Z,2026-08-30T08:00,4.2,239,16.9,0.0,0.94,6.2,148,0.98,0.0,,,,17.2,,unavailable (no satellite pass / dataset error),
86.8,Excellent,,2026-08-30T09:10:10Z,Narooma,2026-08-29T23:00:00Z,2026-08-30T09:00,2.4,163,12.6,0.0,0.92,6.2,149,0.98,0.0,,,,17.2,,unavailable (no satellite pass / dataset error),
84.7,Excellent,,2026-08-30T09:10:10Z,Narooma,2026-08-30T00:00:00Z,2026-08-30T10:00,4.2,121,16.6,0.0,0.92,6.2,149,0.98,0.0,,,,17.2,,unavailable (no satellite pass / dataset error),
82.0,Excellent,,2026-08-30T09:10:10Z,Narooma,2026-08-30T01:00:00Z,2026-08-30T11:00,6.6,101,20.2,0.0,0.92,6.15,149,0.98,0.0,,,,17.3,,unavailable (no satellite pass / dataset error),
79.4,Good,,2026-08-30T09:10:10Z,Narooma,2026-08-30T02:00:00Z,2026-08-30T12:00,8.9,83,25.2,0.0,0.94,6.1,150,0.98,0.0,,,,17.3,,unavailable (no satellite pass / dataset error),
78.5,Good,,2026-08-30T09:10:10Z,Narooma,2026-08-30T03:00:00Z,2026-08-30T13:00,9.7,65,26.6,0.0,0.94,6.2,150,0.98,0.0,,,,17.3,,unavailable (no satellite pass / dataset error),
77.7,Good,,2026-08-30T09:10:10Z,Narooma,2026-08-30T04:00:00Z,2026-08-30T14:00,10.2,64,27.0,0.0,0.94,6.55,150,1.0,0.0,,,,17.4,,unavailable (no satellite pass / dataset error),
76.8,Good,,2026-08-30T09:10:10Z,Narooma,2026-08-30T05:00:00Z,2026-08-30T15:00,11.0,75,28.4,0.0,0.96,7.05,150,1.0,0.02,,,,17.4,,unavailable (no satellite pass / dataset error),
77.8,Good,,2026-08-30T09:10:10Z,Narooma,2026-08-30T06:00:00Z,2026-08-30T16:00,9.9,78,27.7,0.0,0.96,7.45,150,1.02,0.02,,,,17.4,,unavailable (no satellite pass / dataset error),
80.2,Excellent,,2026-08-30T09:10:10Z,Narooma,2026-08-30T07:00:00Z,2026-08-30T17:00,7.6,76,24.1,0.0,0.98,7.6,150,1.04,0.02,,,,17.4,,unavailable (no satellite pass / dataset error),
83.8,Excellent,,2026-08-30T09:10:10Z,Narooma,2026-08-30T08:00:00Z,2026-08-30T18:00,4.3,42,15.1,0.0,1.0,7.65,151,1.06,0.0,,,,17.4,,unavailable (no satellite pass / dataset error),
82.7,Excellent,,2026-08-30T09:10:10Z,Narooma,2026-08-30T09:00:00Z,2026-08-30T19:00,5.1,39,10.4,0.0,1.02,7.65,151,1.08,0.0,,,,17.3,,unavailable (no satellite pass / dataset error),
73.8,Good,,2026-08-30T09:10:10Z,Batemans Bay (Outside),2026-08-27T14:00:00Z,2026-08-28T00:00,5.9,301,12.2,0.0,1.8,8.55,144,1.82,0.0,,,,17.3,,unavailable (no satellite pass / dataset error),
75.4,Good,,2026-08-30T09:10:10Z,Batemans Bay (Outside),2026-08-27T15:00:00Z,2026-08-28T01:00,4.2,290,11.2,0.0,1.84,8.55,144,1.86,0.0,,,,17.3,,unavailable (no satellite pass / dataset error),
74.6,Good,,2026-08-30T09:10:10Z,Batemans Bay (Outside),2026-08-27T16:00:00Z,2026-08-28T02:00,4.9,268,10.4,0.0,1.84,8.55,144,1.86,0.0,,,,17.3,,unavailable (no satellite pass / dataset error),
73.1,Good,,2026-08-30T09:10:10Z,Batemans Bay (Outside),2026-08-27T17:00:00Z,2026-08-28T03:00,6.4,254,13.0,0.0,1.84,8.5,144,1.84,0.0,,,,17.2,,unavailable (no satellite pass / dataset error),
70.8,Good,,2026-08-30T09:10:10Z,Batemans Bay (Outside),2026-08-27T18:00:00Z,2026-08-28T04:00,8.4,247,16.2,0.0,1.84,8.45,144,1.84,0.0,,,,17.2,,unavailable (no satellite pass / dataset error),
69.3,Good,,2026-08-30T09:10:10Z,Batemans Bay (Outside),2026-08-27T19:00:00Z,2026-08-28T05:00,9.7,245,18.4,0.0,1.84,8.4,143,1.84,0.0,,,,17.2,,unavailable (no satellite pass / dataset error),
69.6,Good,,2026-08-30T09:10:10Z,Batemans Bay (Outside),2026-08-27T20:00:00Z,2026-08-28T06:00,9.4,253,19.8,0.0,1.82,8.35,142,1.84,0.02,,,,17.2,,unavailable (no satellite pass / dataset error),
68.7,Good,,2026-08-30T09:10:10Z,Batemans Bay (Outside),2026-08-27T21:00:00Z,2026-08-28T07:00,10.2,257,20.5,0.0,1.82,8.3,141,1.84,0.02,,,,17.2,,unavailable (no satellite pass / dataset error),
68.8,Good,,2026-08-30T09:10:10Z,Batemans Bay (Outside),2026-08-27T22:00:00Z,2026-08-28T08:00,10.3,257,20.9,0.0,1.8,8.2,141,1.82,0.06,,,,17.2,,unavailable (no satellite pass / dataset error),
72.2,Good,,2026-08-30T09:10:10Z,Batemans Bay (Outside),2026-08-27T23:00:00Z,2026-08-28T09:00,7.7,242,21.2,0.0,1.76,8.15,141,1.78,0.1,,,,17.2,,unavailable (no satellite pass / dataset error),
73.6,Good,,2026-08-30T09:10:10Z,Batemans Bay (Outside),2026-08-28T00:00:00Z,2026-08-28T10:00,6.7,204,20.2,0.0,1.74,8.05,141,1.76,0.14,,,,17.2,,unavailable (no satellite pass / dataset error),
76.9,Good,,2026-08-30T09:10:10Z,Batemans Bay (Outside),2026-08-28T01:00:00Z,2026-08-28T11:00,4.2,173,18.0,0.0,1.7,7.95,141,1.72,0.14,,,,17.2,,unavailable (no satellite pass / dataset error),
78.2,Good,,2026-08-30T09:10:10Z,Batemans Bay (Outside),2026-08-28T02:00:00Z,2026-08-28T12:00,3.6,135,14.8,0.0,1.64,7.85,140,1.66,0.12,,,,17.3,,unavailable (no satellite pass / dataset error),
74.4,Good,,2026-08-30T09:10:10Z,Batemans Bay (Outside),2026-08-28T03:00:00Z,2026-08-28T13:00,7.3,115,21.6,0.0,1.6,7.8,140,1.62,0.12,,,,17.3,,unavailable (no satellite pass / dataset error),
71.6,Good,,2026-08-30T09:10:10Z,Batemans Bay (Outside),2026-08-28T04:00:00Z,2026-08-28T14:00,10.1,107,27.0,0.0,1.5,7.85,144,1.58,0.1,,,,17.3,,unavailable (no satellite pass / dataset error),
72.4,Good,,2026-08-30T09:10:10Z,Batemans Bay (Outside),2026-08-28T05:00:00Z,2026-08-28T15:00,10.0,105,27.4,0.0,1.4,7.95,148,1.52,0.06,,,,17.4,,unavailable (no satellite pass / dataset error),
73.9,Good,,2026-08-30T09:10:10Z,Batemans Bay (Outside),2026-08-28T06:00:00Z,2026-08-28T16:00,9.0,105,25.6,0.0,1.3,8.05,152,1.48,0.04,,,,17.4,,unavailable (no satellite pass / dataset error),
79.9,Good,,2026-08-30T09:10:10Z,Batemans Bay (Outside),2026-08-28T07:00:00Z,2026-08-28T17:00,4.0,60,20.5,0.0,1.28,8.15,152,1.46,0.02,,,,17.4,,unavailable (no satellite pass / dataset error),
78.2,Good,,2026-08-30T09:10:10Z,Batemans Bay (Outside),2026-08-28T08:00:00Z,2026-08-28T18:00,5.6,354,10.4,0.0,1.26,8.2,151,1.44,0.02,,,,17.3,,unavailable (no satellite pass / dataset error),
81.3,Excellent,,2026-08-30T09:10:10Z,Batemans Bay (Outside),2026-08-28T09:00:00Z,2026-08-28T19:00,3.1,336,9.0,0.0,1.24,8.2,151,1.42,0.0,,,,17.3,,unavailable (no satellite pass / dataset error),
73.8,Good,,2026-08-30T09:10:10Z,Batemans Bay (Outside),2026-08-28T10:00:00Z,2026-08-28T20:00,9.7,331,14.0,0.0,1.3,8.1,147,1.42,0.0,,,,17.3,,unavailable (no satellite pass / dataset error),
76.1,Good,,2026-08-30T09:10:10Z,Batemans Bay (Outside),2026-08-28T11:00:00Z,2026-08-28T21:00,7.5,314,17.3,0.0,1.38,7.95,143,1.44,0.0,,,,17.2,,unavailable (no satellite pass / dataset error),
80.4,Excellent,,2026-08-30T09:10:10Z,Batemans Bay (Outside),2026-08-28T12:00:00Z,2026-08-28T22:00,3.7,293,11.5,0.0,1.44,7.8,139,1.44,0.0,,,,17.2,,unavailable (no satellite pass / dataset error),
78.0,Good,,2026-08-30T09:10:10Z,Batemans Bay (Outside),2026-08-28T13:00:00Z,2026-08-28T23:00,5.8,272,9.7,0.0,1.44,7.7,139,1.44,0.0,,,,17.2,,unavailable (no satellite pass / dataset error),
75.7,Good,,2026-08-30T09:10:10Z,Batemans Bay (Outside),2026-08-28T14:00:00Z,2026-08-29T00:00,7.6,271,14.0,0.0,1.46,7.65,140,1.46,0.0,,,,17.2,,unavailable (no satellite pass / dataset error),
73.6,Good,,2026-08-30T09:10:10Z,Batemans Bay (Outside),2026-08-28T15:00:00Z,2026-08-29T01:00,9.5,280,16.9,0.0,1.46,7.6,140,1.46,0.0,,,,17.2,,unavailable (no satellite pass / dataset error),
73.5,Good,,2026-08-30T09:10:10Z,Batemans Bay (Outside),2026-08-28T16:00:00Z,2026-08-29T02:00,9.6,278,18.0,0.0,1.46,7.5,140,1.46,0.0,,,,17.2,,unavailable (no satellite pass / dataset error),
74.6,Good,,2026-08-30T09:10:10Z,Batemans Bay (Outside),2026-08-28T17:00:00Z,2026-08-29T03:00,8.8,266,17.6,0.0,1.44,7.4,141,1.44,0.02,,,,17.2,,unavailable (no satellite pass / dataset error),
76.9,Good,,2026-08-30T09:10:10Z,Batemans Bay (Outside),2026-08-28T18:00:00Z,2026-08-29T04:00,6.8,267,16.2,0.0,1.44,7.4,141,1.44,0.02,,,,17.2,,unavailable (no satellite pass / dataset error),
74.9,Good,,2026-08-30T09:10:10Z,Batemans Bay (Outside),2026-08-28T19:00:00Z,2026-08-29T05:00,7.2,248,15.5,0.0,1.58,7.65,141,1.58,0.04,,,,17.2,,unavailable (no satellite pass / dataset error),
73.4,Good,,2026-08-30T09:10:10Z,Batemans Bay (Outside),2026-08-28T20:00:00Z,2026-08-29T06:00,7.4,252,16.2,0.0,1.7,8.0,142,1.7,0.06,,,,17.2,,unavailable (no satellite pass / dataset error),
71.1,Good,,2026-08-30T09:10:10Z,Batemans Bay (Outside),2026-08-28T21:00:00Z,2026-08-29T07:00,8.1,275,16.2,0.0,1.84,8.15,142,1.84,0.08,,,,17.2,,unavailable (no satellite pass / dataset error),
74.2,Good,,2026-08-30T09:10:10Z,Batemans Bay (Outside),2026-08-28T22:00:00Z,2026-08-29T08:00,6.3,277,16.2,0.0,1.74,7.95,142,1.74,0.1,,,,17.2,,unavailable (no satellite pass / dataset error),
77.4,Good,,2026-08-30T09:10:10Z,Batemans Bay (Outside),2026-08-28T23:00:00Z,2026-08-29T09:00,4.5,233,15.1,0.0,1.62,7.55,143,1.64,0.12,,,,17.2,,unavailable (no satellite pass / dataset error),
76.1,Good,,2026-08-30T09:10:10Z,Batemans Bay (Outside),2026-08-29T00:00:00Z,2026-08-29T10:00,6.5,161,15.8,0.0,1.52,7.25,143,1.54,0.14,,,,17.2,,unavailable (no satellite pass / dataset error),
81.6,Excellent,,2026-08-30T09:10:10Z,Batemans Bay (Outside),2026-08-29T01:00:00Z,2026-08-29T11:00,2.3,122,18.7,0.0,1.48,7.1,143,1.48,0.14,,,,17.2,,unavailable (no satellite pass / dataset error),
77.7,Good,,2026-08-30T09:10:10Z,Batemans Bay (Outside),2026-08-29T02:00:00Z,2026-08-29T12:00,6.1,90,19.8,0.0,1.42,7.0,143,1.44,0.14,,,,17.3,,unavailable (no satellite pass / dataset error),
72.9,Good,,2026-08-30T09:10:10Z,Batemans Bay (Outside),2026-08-29T03:00:00Z,2026-08-29T13:00,10.8,85,29.2,0.0,1.38,6.95,143,1.38,0.14,,,,17.3,,unavailable (no satellite pass / dataset error),
70.5,Good,,2026-08-30T09:10:10Z,Batemans Bay (Outside),2026-08-29T04:00:00Z,2026-08-29T14:00,13.3,89,33.1,0.0,1.34,6.9,143,1.34,0.14,,,,17.3,,unavailable (no satellite pass / dataset error),
70.7,Good,,2026-08-30T09:10:10Z,Batemans Bay (Outside),2026-08-29T05:00:00Z,2026-08-29T15:00,13.3,93,33.8,0.0,1.32,6.8,143,1.32,0.14,,,,17.4,,unavailable (no satellite pass / dataset error),
73.9,Good,,2026-08-30T09:10:10Z,Batemans Bay (Outside),2026-08-29T06:00:00Z,2026-08-29T16:00,10.9,99,32.4,0.0,1.28,6.8,143,1.28,0.14,,,,17.4,,unavailable (no satellite pass / dataset error),
80.4,Excellent,,2026-08-30T09:10:10Z,Batemans Bay (Outside),2026-08-29T07:00:00Z,2026-08-29T17:00,5.2,86,24.5,0.0,1.28,6.85,143,1.28,0.1,,,,17.4,,unavailable (no satellite pass / dataset error),
84.6,Excellent,,2026-08-30T09:10:10Z,Batemans Bay (Outside),2026-08-29T08:00:00Z,2026-08-29T18:00,1.3,360,10.4,0.0,1.28,6.9,142,1.3,0.08,,,,17.3,,unavailable (no satellite pass / dataset error),
80.2,Excellent,,2026-08-30T09:10:10Z,Batemans Bay (Outside),2026-08-29T09:00:00Z,2026-08-29T19:00,5.2,333,7.9,0.0,1.28,6.95,142,1.3,0.04,,,,17.3,,unavailable (no satellite pass / dataset error),
78.2,Good,,2026-08-30T09:10:10Z,Batemans Bay (Outside),2026-08-29T10:00:00Z,2026-08-29T20:00,7.1,333,11.9,0.0,1.26,7.0,142,1.28,0.02,,,,17.3,,unavailable (no satellite pass / dataset error),
80.3,Excellent,,2026-08-30T09:10:10Z,Batemans Bay (Outside),2026-08-29T11:00:00Z,2026-08-29T21:00,5.3,332,11.5,0.0,1.26,7.0,143,1.28,0.02,,,,17.2,,unavailable (no satellite pass / dataset error),
81.3,Excellent,,2026-08-30T09:10:10Z,Batemans Bay (Outside),2026-08-29T12:00:00Z,2026-08-29T22:00,4.6,309,11.2,0.0,1.24,7.05,143,1.26,0.0,,,,17.2,,unavailable (no satellite pass / dataset error),
77.2,Good,,2026-08-30T09:10:10Z,Batemans Bay (Outside),2026-08-29T13:00:00Z,2026-08-29T23:00,8.2,289,14.0,0.0,1.24,7.1,143,1.26,0.0,,,,17.2,,unavailable (no satellite pass / dataset error),
78.4,Good,,2026-08-30T09:10:10Z,Batemans Bay (Outside),2026-08-29T14:00:00Z,2026-08-30T00:00,7.3,280,14.8,0.0,1.24,7.15,143,1.24,0.0,,,,17.2,,unavailable (no satellite pass / dataset error),
79.2,Good,,2026-08-30T09:10:10Z,Batemans Bay (Outside),2026-08-29T15:00:00Z,2026-08-30T01:00,6.6,283,14.0,0.0,1.24,7.15,143,1.24,0.0,,,,17.2,,unavailable (no satellite pass / dataset error),
79.3,Good,,2026-08-30T09:10:10Z,Batemans Bay (Outside),2026-08-29T16:00:00Z,2026-08-30T02:00,6.5,276,13.7,0.0,1.24,7.15,143,1.24,0.0,,,,17.2,,unavailable (no satellite pass / dataset error),
79.1,Good,,2026-08-30T09:10:10Z,Batemans Bay (Outside),2026-08-29T17:00:00Z,2026-08-30T03:00,6.7,275,13.7,0.0,1.22,7.15,144,1.24,0.0,,,,17.2,,unavailable (no satellite pass / dataset error),
78.4,Good,,2026-08-30T09:10:10Z,Batemans Bay (Outside),2026-08-29T18:00:00Z,2026-08-30T04:00,7.3,281,14.0,0.0,1.22,7.1,144,1.24,0.0,,,,17.2,,unavailable (no satellite pass / dataset error),
76.9,Good,,2026-08-30T09:10:10Z,Batemans Bay (Outside),2026-08-29T19:00:00Z,2026-08-30T05:00,8.6,270,17.6,0.0,1.2,7.0,143,1.24,0.0,,,,17.2,,unavailable (no satellite pass / dataset error),
77.0,Good,,2026-08-30T09:10:10Z,Batemans Bay (Outside),2026-08-29T20:00:00Z,2026-08-30T06:00,8.7,274,17.3,0.0,1.18,6.85,142,1.22,0.0,,,,17.2,,unavailable (no satellite pass / dataset error),
78.4,Good,,2026-08-30T09:10:10Z,Batemans Bay (Outside),2026-08-29T21:00:00Z,2026-08-30T07:00,7.5,280,16.2,0.0,1.16,6.8,141,1.22,0.0,,,,17.2,,unavailable (no satellite pass / dataset error),
82.0,Excellent,,2026-08-30T09:10:10Z,Batemans Bay (Outside),2026-08-29T22:00:00Z,2026-08-30T08:00,4.4,282,15.1,0.0,1.18,6.85,142,1.22,0.0,,,,17.2,,unavailable (no satellite pass / dataset error),
85.8,Excellent,,2026-08-30T09:10:10Z,Batemans Bay (Outside),2026-08-29T23:00:00Z,2026-08-30T09:00,1.2,243,12.2,0.0,1.18,6.95,144,1.2,0.0,,,,17.2,,unavailable (no satellite pass / dataset error),
83.4,Excellent,,2026-08-30T09:10:10Z,Batemans Bay (Outside),2026-08-30T00:00:00Z,2026-08-30T10:00,3.3,139,14.8,0.0,1.2,7.0,145,1.2,0.0,,,,17.2,,unavailable (no satellite pass / dataset error),
80.5,Excellent,,2026-08-30T09:10:10Z,Batemans Bay (Outside),2026-08-30T01:00:00Z,2026-08-30T11:00,5.9,125,19.1,0.0,1.2,7.0,145,1.2,0.0,,,,17.3,,unavailable (no satellite pass / dataset error),
77.5,Good,,2026-08-30T09:10:10Z,Batemans Bay (Outside),2026-08-30T02:00:00Z,2026-08-30T12:00,8.5,114,24.1,0.0,1.2,7.05,146,1.2,0.0,,,,17.3,,unavailable (no satellite pass / dataset error),
76.7,Good,,2026-08-30T09:10:10Z,Batemans Bay (Outside),2026-08-30T03:00:00Z,2026-08-30T13:00,9.2,102,25.9,0.0,1.2,7.05,146,1.2,0.0,,,,17.4,,unavailable (no satellite pass / dataset error),
76.2,Good,,2026-08-30T09:10:10Z,Batemans Bay (Outside),2026-08-30T04:00:00Z,2026-08-30T14:00,9.4,86,25.9,0.0,1.22,7.1,146,1.22,0.04,,,,17.4,,unavailable (no satellite pass / dataset error),
76.5,Good,,2026-08-30T09:10:10Z,Batemans Bay (Outside),2026-08-30T05:00:00Z,2026-08-30T15:00,9.0,80,25.6,0.0,1.22,7.2,147,1.24,0.06,,,,17.5,,unavailable (no satellite pass / dataset error),
75.8,Good,,2026-08-30T09:10:10Z,Batemans Bay (Outside),2026-08-30T06:00:00Z,2026-08-30T16:00,9.4,85,24.1,0.0,1.24,7.25,147,1.26,0.1,,,,17.5,,unavailable (no satellite pass / dataset error),
77.5,Good,,2026-08-30T09:10:10Z,Batemans Bay (Outside),2026-08-30T07:00:00Z,2026-08-30T17:00,7.7,93,22.7,0.0,1.26,7.3,147,1.28,0.06,,,,17.5,,unavailable (no satellite pass / dataset error),
83.3,Excellent,,2026-08-30T09:10:10Z,Batemans Bay (Outside),2026-08-30T08:00:00Z,2026-08-30T18:00,2.5,90,15.1,0.0,1.3,7.35,147,1.3,0.04,,,,17.4,,unavailable (no satellite pass / dataset error),
84.3,Excellent,,2026-08-30T09:10:10Z,Batemans Bay (Outside),2026-08-30T09:00:00Z,2026-08-30T19:00,1.4,310,3.6,0.0,1.32,7.4,147,1.32,0.0,,,,17.4,,unavailable (no satellite pass / dataset error),
77.7,Good,,2026-08-30T09:10:10Z,Ulladulla,2026-08-27T14:00:00Z,2026-08-28T00:00,6.6,317,13.7,0.0,1.36,8.5,149,1.38,0.0,,,,17.1,,unavailable (no satellite pass / dataset error),
77.8,Good,,2026-08-30T09:10:10Z,Ulladulla,2026-08-27T15:00:00Z,2026-08-28T01:00,6.4,308,13.7,0.0,1.38,8.5,149,1.4,0.0,,,,17.1,,unavailable (no satellite pass / dataset error),
77.2,Good,,2026-08-30T09:10:10Z,Ulladulla,2026-08-27T16:00:00Z,2026-08-28T02:00,6.9,298,14.4,0.0,1.38,8.5,149,1.4,0.0,,,,17.1,,unavailable (no satellite pass / dataset error),
77.1,Good,,2026-08-30T09:10:10Z,Ulladulla,2026-08-27T17:00:00Z,2026-08-28T03:00,7.2,297,15.5,0.0,1.36,8.55,148,1.38,0.0,,,,17.1,,unavailable (no satellite pass / dataset error),
75.6,Good,,2026-08-30T09:10:10Z,Ulladulla,2026-08-27T18:00:00Z,2026-08-28T04:00,8.5,291,16.9,0.0,1.36,8.55,148,1.38,0.0,,,,17.1,,unavailable (no satellite pass / dataset error),
74.5,Good,,2026-08-30T09:10:10Z,Ulladulla,2026-08-27T19:00:00Z,2026-08-28T05:00,9.4,281,18.0,0.0,1.36,8.55,148,1.38,0.0,,,,17.1,,unavailable (no satellite pass / dataset error),
72.7,Good,,2026-08-30T09:10:10Z,Ulladulla,2026-08-27T20:00:00Z,2026-08-28T06:00,11.0,270,20.5,0.0,1.34,8.55,147,1.38,0.02,,,,17.1,,unavailable (no satellite pass / dataset error),
71.9,Good,,2026-08-30T09:10:10Z,Ulladulla,2026-08-27T21:00:00Z,2026-08-28T07:00,11.7,270,21.2,0.0,1.34,8.5,147,1.38,0.02,,,,17.1,,unavailable (no satellite pass / dataset error),
72.6,Good,,2026-08-30T09:10:10Z,Ulladulla,2026-08-27T22:00:00Z,2026-08-28T08:00,11.3,256,22.7,0.0,1.32,8.4,147,1.36,0.06,,,,17.1,,unavailable (no satellite pass / dataset error),
70.7,Good,,2026-08-30T09:10:10Z,Ulladulla,2026-08-27T23:00:00Z,2026-08-28T09:00,13.1,238,29.2,0.0,1.3,8.3,147,1.34,0.1,,,,17.1,,unavailable (no satellite pass / dataset error),
72.9,Good,,2026-08-30T09:10:10Z,Ulladulla,2026-08-28T00:00:00Z,2026-08-28T10:00,11.4,217,29.5,0.0,1.28,8.2,147,1.32,0.14,,,,17.1,,unavailable (no satellite pass / dataset error),
75.2,Good,,2026-08-30T09:10:10Z,Ulladulla,2026-08-28T01:00:00Z,2026-08-28T11:00,9.6,194,28.1,0.0,1.26,8.1,146,1.3,0.14,,,,17.1,,unavailable (no satellite pass / dataset error),
74.6,Good,,2026-08-30T09:10:10Z,Ulladulla,2026-08-28T02:00:00Z,2026-08-28T12:00,10.3,181,25.9,0.1,1.22,7.95,146,1.26,0.14,,,,17.2,,unavailable (no satellite pass / dataset error),
73.0,Good,,2026-08-30T09:10:10Z,Ulladulla,2026-08-28T03:00:00Z,2026-08-28T13:00,11.9,170,29.5,0.0,1.2,7.85,145,1.24,0.14,,,,17.2,,unavailable (no satellite pass / dataset error),
71.3,Good,,2026-08-30T09:10:10Z,Ulladulla,2026-08-28T04:00:00Z,2026-08-28T14:00,13.6,157,33.1,0.0,1.18,7.75,144,1.22,0.12,,,,17.2,,unavailable (no satellite pass / dataset error),
76.2,Good,,2026-08-30T09:10:10Z,Ulladulla,2026-08-28T05:00:00Z,2026-08-28T15:00,9.7,146,32.0,0.0,1.16,7.65,143,1.18,0.1,,,,17.2,,unavailable (no satellite pass / dataset error),
77.4,Good,,2026-08-30T09:10:10Z,Ulladulla,2026-08-28T06:00:00Z,2026-08-28T16:00,8.8,123,24.1,0.0,1.14,7.55,142,1.16,0.08,,,,17.2,,unavailable (no satellite pass / dataset error),
81.8,Excellent,,2026-08-30T09:10:10Z,Ulladulla,2026-08-28T07:00:00Z,2026-08-28T17:00,5.1,108,19.8,0.0,1.12,7.55,141,1.14,0.06,,,,17.2,,unavailable (no satellite pass / dataset error),
86.2,Excellent,,2026-08-30T09:10:10Z,Ulladulla,2026-08-28T08:00:00Z,2026-08-28T18:00,1.5,7,9.7,0.0,1.08,7.55,141,1.12,0.04,,,,17.2,,unavailable (no satellite pass / dataset error),
83.9,Excellent,,2026-08-30T09:10:10Z,Ulladulla,2026-08-28T09:00:00Z,2026-08-28T19:00,3.7,321,7.2,0.0,1.06,7.55,140,1.1,0.02,,,,17.2,,unavailable (no satellite pass / dataset error),
85.9,Excellent,,2026-08-30T09:10:10Z,Ulladulla,2026-08-28T10:00:00Z,2026-08-28T20:00,2.1,301,7.2,0.0,1.06,7.55,140,1.08,0.02,,,,17.2,,unavailable (no satellite pass / dataset error),
79.0,Good,,2026-08-30T09:10:10Z,Ulladulla,2026-08-28T11:00:00Z,2026-08-28T21:00,8.3,312,15.1,0.0,1.04,7.55,140,1.06,0.0,,,,17.2,,unavailable (no satellite pass / dataset error),
78.0,Good,,2026-08-30T09:10:10Z,Ulladulla,2026-08-28T12:00:00Z,2026-08-28T22:00,9.4,310,16.9,0.0,1.04,7.55,140,1.04,0.0,,,,17.2,,unavailable (no satellite pass / dataset error),
82.9,Excellent,,2026-08-30T09:10:10Z,Ulladulla,2026-08-28T13:00:00Z,2026-08-28T23:00,4.9,287,16.9,0.0,1.04,7.55,140,1.06,0.0,,,,17.2,,unavailable (no satellite pass / dataset error),
82.0,Excellent,,2026-08-30T09:10:10Z,Ulladulla,2026-08-28T14:00:00Z,2026-08-29T00:00,5.7,281,12.2,0.0,1.06,7.55,140,1.06,0.0,,,,17.2,,unavailable (no satellite pass / dataset error),
80.7,Excellent,,2026-08-30T09:10:10Z,Ulladulla,2026-08-28T15:00:00Z,2026-08-29T01:00,6.7,289,13.7,0.0,1.06,7.55,140,1.08,0.0,,,,17.1,,unavailable (no satellite pass / dataset error),
78.9,Good,,2026-08-30T09:10:10Z,Ulladulla,2026-08-28T16:00:00Z,2026-08-29T02:00,8.2,280,16.6,0.0,1.04,7.5,141,1.08,0.0,,,,17.1,,unavailable (no satellite pass / dataset error),
79.1,Good,,2026-08-30T09:10:10Z,Ulladulla,2026-08-28T17:00:00Z,2026-08-29T03:00,8.1,276,16.6,0.0,1.04,7.45,141,1.08,0.0,,,,17.1,,unavailable (no satellite pass / dataset error),
78.5,Good,,2026-08-30T09:10:10Z,Ulladulla,2026-08-28T18:00:00Z,2026-08-29T04:00,8.6,278,16.9,0.0,1.02,7.45,142,1.08,0.0,,,,17.1,,unavailable (no satellite pass / dataset error),
78.3,Good,,2026-08-30T09:10:10Z,Ulladulla,2026-08-28T19:00:00Z,2026-08-29T05:00,8.0,279,16.6,0.0,1.1,7.6,143,1.16,0.0,,,,17.1,,unavailable (no satellite pass / dataset error),
78.0,Good,,2026-08-30T09:10:10Z,Ulladulla,2026-08-28T20:00:00Z,2026-08-29T06:00,7.5,278,16.2,0.0,1.18,7.75,143,1.24,0.02,,,,17.1,,unavailable (no satellite pass / dataset error),
76.0,Good,,2026-08-30T09:10:10Z,Ulladulla,2026-08-28T21:00:00Z,2026-08-29T07:00,8.5,264,15.5,0.0,1.26,7.75,144,1.32,0.02,,,,17.1,,unavailable (no satellite pass / dataset error),
76.5,Good,,2026-08-30T09:10:10Z,Ulladulla,2026-08-28T22:00:00Z,2026-08-29T08:00,8.3,254,18.0,0.0,1.22,7.35,146,1.3,0.02,,,,17.1,,unavailable (no satellite pass / dataset error),
77.6,Good,,2026-08-30T09:10:10Z,Ulladulla,2026-08-28T23:00:00Z,2026-08-29T09:00,7.7,217,19.8,0.0,1.16,6.8,147,1.26,0.04,,,,17.2,,unavailable (no satellite pass / dataset error),
74.6,Good,,2026-08-30T09:10:10Z,Ulladulla,2026-08-29T00:00:00Z,2026-08-29T10:00,10.5,177,20.9,0.0,1.12,6.45,149,1.24,0.04,,,,17.2,,unavailable (no satellite pass / dataset error),
76.5,Good,,2026-08-30T09:10:10Z,Ulladulla,2026-08-29T01:00:00Z,2026-08-29T11:00,8.9,167,25.9,0.1,1.12,6.5,148,1.22,0.06,,,,17.2,,unavailable (no satellite pass / dataset error),
81.4,Excellent,,2026-08-30T09:10:10Z,Ulladulla,2026-08-29T02:00:00Z,2026-08-29T12:00,5.1,148,23.4,0.0,1.14,6.75,148,1.18,0.08,,,,17.2,,unavailable (no satellite pass / dataset error),
76.1,Good,,2026-08-30T09:10:10Z,Ulladulla,2026-08-29T03:00:00Z,2026-08-29T13:00,9.9,102,25.6,0.0,1.14,6.9,147,1.16,0.1,,,,17.3,,unavailable (no satellite pass / dataset error),
74.9,Good,,2026-08-30T09:10:10Z,Ulladulla,2026-08-29T04:00:00Z,2026-08-29T14:00,11.2,80,29.2,0.0,1.1,6.9,146,1.14,0.12,,,,17.3,,unavailable (no satellite pass / dataset error),
77.3,Good,,2026-08-30T09:10:10Z,Ulladulla,2026-08-29T05:00:00Z,2026-08-29T15:00,9.3,82,28.1,0.0,1.06,6.85,146,1.12,0.12,,,,17.4,,unavailable (no satellite pass / dataset error),
78.0,Good,,2026-08-30T09:10:10Z,Ulladulla,2026-08-29T06:00:00Z,2026-08-29T16:00,8.8,94,24.5,0.0,1.02,6.75,145,1.1,0.14,,,,17.4,,unavailable (no satellite pass / dataset error),
81.9,Excellent,,2026-08-30T09:10:10Z,Ulladulla,2026-08-29T07:00:00Z,2026-08-29T17:00,5.6,69,21.2,0.0,1.02,6.6,144,1.08,0.1,,,,17.4,,unavailable (no satellite pass / dataset error),
85.0,Excellent,,2026-08-30T09:10:10Z,Ulladulla,2026-08-29T08:00:00Z,2026-08-29T18:00,2.9,30,10.4,0.0,1.04,6.45,144,1.08,0.08,,,,17.3,,unavailable (no satellite pass / dataset error),
84.9,Excellent,,2026-08-30T09:10:10Z,Ulladulla,2026-08-29T09:00:00Z,2026-08-29T19:00,3.2,326,6.5,0.0,1.04,6.4,143,1.06,0.04,,,,17.3,,unavailable (no satellite pass / dataset error),
80.6,Excellent,,2026-08-30T09:10:10Z,Ulladulla,2026-08-29T10:00:00Z,2026-08-29T20:00,7.1,313,13.7,0.0,1.02,6.55,144,1.04,0.02,,,,17.3,,unavailable (no satellite pass / dataset error),
81.4,Excellent,,2026-08-30T09:10:10Z,Ulladulla,2026-08-29T11:00:00Z,2026-08-29T21:00,6.8,312,13.7,0.0,0.98,6.8,144,1.0,0.02,,,,17.3,,unavailable (no satellite pass / dataset error),
80.5,Excellent,,2026-08-30T09:10:10Z,Ulladulla,2026-08-29T12:00:00Z,2026-08-29T22:00,7.8,322,13.7,0.0,0.96,7.0,145,0.98,0.0,,,,17.2,,unavailable (no satellite pass / dataset error),
83.0,Excellent,,2026-08-30T09:10:10Z,Ulladulla,2026-08-29T13:00:00Z,2026-08-29T23:00,5.6,303,14.4,0.0,0.96,7.05,145,0.98,0.0,,,,17.2,,unavailable (no satellite pass / dataset error),
81.6,Excellent,,2026-08-30T09:10:10Z,Ulladulla,2026-08-29T14:00:00Z,2026-08-30T00:00,6.6,303,13.0,0.0,0.98,7.05,146,1.0,0.0,,,,17.2,,unavailable (no satellite pass / dataset error),
82.9,Excellent,,2026-08-30T09:10:10Z,Ulladulla,2026-08-29T15:00:00Z,2026-08-30T01:00,5.5,289,13.0,0.0,0.98,7.05,146,1.0,0.0,,,,17.2,,unavailable (no satellite pass / dataset error),
83.8,Excellent,,2026-08-30T09:10:10Z,Ulladulla,2026-08-29T16:00:00Z,2026-08-30T02:00,4.7,270,12.2,0.0,0.98,7.1,147,1.0,0.0,,,,17.1,,unavailable (no satellite pass / dataset error),
83.3,Excellent,,2026-08-30T09:10:10Z,Ulladulla,2026-08-29T17:00:00Z,2026-08-30T03:00,5.3,280,11.9,0.0,0.98,7.1,147,0.98,0.0,,,,17.1,,unavailable (no satellite pass / dataset error),
81.7,Excellent,,2026-08-30T09:10:10Z,Ulladulla,2026-08-29T18:00:00Z,2026-08-30T04:00,6.7,290,12.6,0.0,0.98,7.15,148,0.98,0.0,,,,17.1,,unavailable (no satellite pass / dataset error),
81.0,Excellent,,2026-08-30T09:10:10Z,Ulladulla,2026-08-29T19:00:00Z,2026-08-30T05:00,7.3,280,14.8,0.0,0.98,7.15,148,0.98,0.0,,,,17.1,,unavailable (no satellite pass / dataset error),
82.2,Excellent,,2026-08-30T09:10:10Z,Ulladulla,2026-08-29T20:00:00Z,2026-08-30T06:00,6.3,277,15.1,0.0,0.98,7.2,149,0.98,0.0,,,,17.1,,unavailable (no satellite pass / dataset error),
83.1,Excellent,,2026-08-30T09:10:10Z,Ulladulla,2026-08-29T21:00:00Z,2026-08-30T07:00,5.5,281,13.7,0.0,0.98,7.2,149,0.98,0.0,,,,17.1,,unavailable (no satellite pass / dataset error),
85.5,Excellent,,2026-08-30T09:10:10Z,Ulladulla,2026-08-29T22:00:00Z,2026-08-30T08:00,3.4,288,12.6,0.0,0.98,7.2,149,0.98,0.0,,,,17.1,,unavailable (no satellite pass / dataset error),
87.4,Excellent,,2026-08-30T09:10:10Z,Ulladulla,2026-08-29T23:00:00Z,2026-08-30T09:00,1.7,77,10.4,0.0,0.96,7.15,150,0.98,0.0,,,,17.2,,unavailable (no satellite pass / dataset error),
85.2,Excellent,,2026-08-30T09:10:10Z,Ulladulla,2026-08-30T00:00:00Z,2026-08-30T10:00,3.7,129,15.5,0.0,0.96,7.15,150,0.98,0.0,,,,17.2,,unavailable (no satellite pass / dataset error),
82.2,Excellent,,2026-08-30T09:10:10Z,Ulladulla,2026-08-30T01:00:00Z,2026-08-30T11:00,6.4,117,19.8,0.0,0.96,7.15,150,0.98,0.0,,,,17.2,,unavailable (no satellite pass / dataset error),
81.0,Excellent,,2026-08-30T09:10:10Z,Ulladulla,2026-08-30T02:00:00Z,2026-08-30T12:00,7.7,106,23.0,0.0,0.94,7.15,151,0.96,0.0,,,,17.3,,unavailable (no satellite pass / dataset error),
81.1,Excellent,,2026-08-30T09:10:10Z,Ulladulla,2026-08-30T03:00:00Z,2026-08-30T13:00,7.6,97,23.0,0.0,0.94,7.15,151,0.96,0.0,,,,17.3,,unavailable (no satellite pass / dataset error),
80.6,Excellent,,2026-08-30T09:10:10Z,Ulladulla,2026-08-30T04:00:00Z,2026-08-30T14:00,7.8,82,22.7,0.0,0.96,7.2,151,0.98,0.02,,,,17.4,,unavailable (no satellite pass / dataset error),
79.9,Good,,2026-08-30T09:10:10Z,Ulladulla,2026-08-30T05:00:00Z,2026-08-30T15:00,8.4,67,22.7,0.0,0.96,7.3,151,0.98,0.02,,,,17.4,,unavailable (no satellite pass / dataset error),
79.6,Good,,2026-08-30T09:10:10Z,Ulladulla,2026-08-30T06:00:00Z,2026-08-30T16:00,8.5,63,22.0,0.0,0.98,7.4,151,1.0,0.04,,,,17.4,,unavailable (no satellite pass / dataset error),
81.9,Excellent,,2026-08-30T09:10:10Z,Ulladulla,2026-08-30T07:00:00Z,2026-08-30T17:00,6.3,66,19.8,0.0,1.0,7.45,151,1.02,0.02,,,,17.4,,unavailable (no satellite pass / dataset error),
82.8,Excellent,,2026-08-30T09:10:10Z,Ulladulla,2026-08-30T08:00:00Z,2026-08-30T18:00,5.3,57,12.2,0.0,1.02,7.45,151,1.04,0.02,,,,17.4,,unavailable (no satellite pass / dataset error),
82.5,Excellent,,2026-08-30T09:10:10Z,Ulladulla,2026-08-30T09:00:00Z,2026-08-30T19:00,5.4,34,10.1,0.0,1.04,7.45,151,1.06,0.0,,,,17.4,,unavailable (no satellite pass / dataset error),
76.4,Good,,2026-08-30T09:10:10Z,Jervis Bay (Inside),2026-08-27T14:00:00Z,2026-08-28T00:00,9.1,308,15.8,0.0,1.18,8.6,157,1.24,0.02,,,,17.5,,unavailable (no satellite pass / dataset error),
74.1,Good,,2026-08-30T09:10:10Z,Jervis Bay (Inside),2026-08-27T15:00:00Z,2026-08-28T01:00,10.9,324,19.4,0.0,1.2,8.65,157,1.26,0.02,,,,17.5,,unavailable (no satellite pass / dataset error),
70.6,Good,,2026-08-30T09:10:10Z,Jervis Bay (Inside),2026-08-27T16:00:00Z,2026-08-28T02:00,14.0,327,25.6,0.0,1.12,8.5,159,1.26,0.04,,,,17.4,,unavailable (no satellite pass / dataset error),
69.1,Good,,2026-08-30T09:10:10Z,Jervis Bay (Inside),2026-08-27T17:00:00Z,2026-08-28T03:00,15.3,322,30.6,0.0,1.04,8.25,160,1.26,0.06,,,,17.4,,unavailable (no satellite pass / dataset error),
67.7,Good,,2026-08-30T09:10:10Z,Jervis Bay (Inside),2026-08-27T18:00:00Z,2026-08-28T04:00,16.5,323,30.6,0.0,0.96,8.05,162,1.26,0.08,,,,17.4,,unavailable (no satellite pass / dataset error),
68.4,Good,,2026-08-30T09:10:10Z,Jervis Bay (Inside),2026-08-27T19:00:00Z,2026-08-28T05:00,15.9,321,31.0,0.0,0.96,8.0,162,1.26,0.1,,,,17.4,,unavailable (no satellite pass / dataset error),
70.1,Good,,2026-08-30T09:10:10Z,Jervis Bay (Inside),2026-08-27T20:00:00Z,2026-08-28T06:00,14.6,305,30.6,0.0,0.96,8.05,162,1.24,0.12,,,,17.4,,unavailable (no satellite pass / dataset error),
75.9,Good,,2026-08-30T09:10:10Z,Jervis Bay (Inside),2026-08-27T21:00:00Z,2026-08-28T07:00,9.5,292,27.4,0.0,0.96,8.1,162,1.24,0.14,,,,17.4,,unavailable (no satellite pass / dataset error),
79.2,Good,,2026-08-30T09:10:10Z,Jervis Bay (Inside),2026-08-27T22:00:00Z,2026-08-28T08:00,6.8,281,19.4,0.0,1.02,8.2,160,1.22,0.14,,,,17.5,,unavailable (no satellite pass / dataset error),
79.1,Good,,2026-08-30T09:10:10Z,Jervis Bay (Inside),2026-08-27T23:00:00Z,2026-08-28T09:00,7.1,263,19.8,0.0,1.08,8.35,157,1.2,0.14,,,,17.5,,unavailable (no satellite pass / dataset error),
75.5,Good,,2026-08-30T09:10:10Z,Jervis Bay (Inside),2026-08-28T00:00:00Z,2026-08-28T10:00,10.4,212,27.0,0.0,1.14,8.4,155,1.18,0.14,,,,17.5,,unavailable (no satellite pass / dataset error),
70.8,Good,,2026-08-30T09:10:10Z,Jervis Bay (Inside),2026-08-28T01:00:00Z,2026-08-28T11:00,14.6,201,36.0,0.1,1.12,8.35,154,1.16,0.16,,,,17.5,,unavailable (no satellite pass / dataset error),
68.7,Good,,2026-08-30T09:10:10Z,Jervis Bay (Inside),2026-08-28T02:00:00Z,2026-08-28T12:00,16.3,194,38.2,0.1,1.08,8.2,153,1.16,0.2,,,,17.5,,unavailable (no satellite pass / dataset error),
66.9,Good,,2026-08-30T09:10:10Z,Jervis Bay (Inside),2026-08-28T03:00:00Z,2026-08-28T13:00,18.0,187,42.5,0.0,1.06,8.1,152,1.14,0.22,,,,17.5,,unavailable (no satellite pass / dataset error),
67.0,Good,,2026-08-30T09:10:10Z,Jervis Bay (Inside),2026-08-28T04:00:00Z,2026-08-28T14:00,18.1,175,42.5,0.0,1.04,8.05,155,1.12,0.24,,,,17.5,,unavailable (no satellite pass / dataset error),
68.3,Good,,2026-08-30T09:10:10Z,Jervis Bay (Inside),2026-08-28T05:00:00Z,2026-08-28T15:00,17.0,163,42.8,0.0,1.0,7.95,157,1.12,0.24,,,,17.5,,unavailable (no satellite pass / dataset error),
73.0,Good,,2026-08-30T09:10:10Z,Jervis Bay (Inside),2026-08-28T06:00:00Z,2026-08-28T16:00,13.1,159,39.2,0.0,0.98,7.85,160,1.1,0.26,,,,17.5,,unavailable (no satellite pass / dataset error),
75.8,Good,,2026-08-30T09:10:10Z,Jervis Bay (Inside),2026-08-28T07:00:00Z,2026-08-28T17:00,10.8,156,29.9,0.0,0.98,7.55,156,1.08,0.2,,,,17.5,,unavailable (no satellite pass / dataset error),
84.2,Excellent,,2026-08-30T09:10:10Z,Jervis Bay (Inside),2026-08-28T08:00:00Z,2026-08-28T18:00,3.8,172,21.2,0.0,0.98,7.25,152,1.04,0.14,,,,17.5,,unavailable (no satellite pass / dataset error),
86.0,Excellent,,2026-08-30T09:10:10Z,Jervis Bay (Inside),2026-08-28T09:00:00Z,2026-08-28T19:00,2.4,279,5.0,0.0,0.98,7.05,148,1.02,0.08,,,,17.5,,unavailable (no satellite pass / dataset error),
83.2,Excellent,,2026-08-30T09:10:10Z,Jervis Bay (Inside),2026-08-28T10:00:00Z,2026-08-28T20:00,4.7,270,8.6,0.0,1.0,7.15,148,1.04,0.06,,,,17.5,,unavailable (no satellite pass / dataset error),
77.6,Good,,2026-08-30T09:10:10Z,Jervis Bay (Inside),2026-08-28T11:00:00Z,2026-08-28T21:00,9.2,281,13.3,0.0,1.02,7.45,147,1.08,0.02,,,,17.5,,unavailable (no satellite pass / dataset error),
78.3,Good,,2026-08-30T09:10:10Z,Jervis Bay (Inside),2026-08-28T12:00:00Z,2026-08-28T22:00,8.4,286,15.8,0.0,1.04,7.6,147,1.1,0.0,,,,17.5,,unavailable (no satellite pass / dataset error),
79.7,Good,,2026-08-30T09:10:10Z,Jervis Bay (Inside),2026-08-28T13:00:00Z,2026-08-28T23:00,7.6,288,14.0,0.0,1.02,7.55,147,1.06,0.0,,,,17.5,,unavailable (no satellite pass / dataset error),
78.3,Good,,2026-08-30T09:10:10Z,Jervis Bay (Inside),2026-08-28T14:00:00Z,2026-08-29T00:00,9.2,287,14.4,0.0,0.98,7.4,147,1.02,0.0,,,,17.5,,unavailable (no satellite pass / dataset error),
78.2,Good,,2026-08-30T09:10:10Z,Jervis Bay (Inside),2026-08-28T15:00:00Z,2026-08-29T01:00,9.6,303,16.9,0.0,0.96,7.25,147,0.98,0.0,,,,17.5,,unavailable (no satellite pass / dataset error),
77.7,Good,,2026-08-30T09:10:10Z,Jervis Bay (Inside),2026-08-28T16:00:00Z,2026-08-29T02:00,10.1,305,18.7,0.0,0.96,7.2,148,0.98,0.0,,,,17.5,,unavailable (no satellite pass / dataset error),
76.5,Good,,2026-08-30T09:10:10Z,Jervis Bay (Inside),2026-08-28T17:00:00Z,2026-08-29T03:00,11.1,307,20.9,0.0,0.96,7.2,148,0.98,0.02,,,,17.5,,unavailable (no satellite pass / dataset error),
76.9,Good,,2026-08-30T09:10:10Z,Jervis Bay (Inside),2026-08-28T18:00:00Z,2026-08-29T04:00,10.8,300,20.5,0.0,0.96,7.15,149,0.98,0.02,,,,17.5,,unavailable (no satellite pass / dataset error),
80.3,Excellent,,2026-08-30T09:10:10Z,Jervis Bay (Inside),2026-08-28T19:00:00Z,2026-08-29T05:00,7.6,289,19.8,0.0,0.96,6.9,150,1.0,0.02,,,,17.5,,unavailable (no satellite pass / dataset error),
82.3,Excellent,,2026-08-30T09:10:10Z,Jervis Bay (Inside),2026-08-28T20:00:00Z,2026-08-29T06:00,5.9,282,14.0,0.0,0.96,6.6,151,1.0,0.04,,,,17.5,,unavailable (no satellite pass / dataset error),
82.2,Excellent,,2026-08-30T09:10:10Z,Jervis Bay (Inside),2026-08-28T21:00:00Z,2026-08-29T07:00,5.8,279,11.9,0.0,0.96,6.4,152,1.02,0.04,,,,17.5,,unavailable (no satellite pass / dataset error),
82.0,Excellent,,2026-08-30T09:10:10Z,Jervis Bay (Inside),2026-08-28T22:00:00Z,2026-08-29T08:00,5.4,256,13.3,0.0,1.02,6.5,153,1.08,0.08,,,,17.5,,unavailable (no satellite pass / dataset error),
80.5,Excellent,,2026-08-30T09:10:10Z,Jervis Bay (Inside),2026-08-28T23:00:00Z,2026-08-29T09:00,6.3,219,18.0,0.0,1.1,6.8,153,1.12,0.12,,,,17.5,,unavailable (no satellite pass / dataset error),
72.7,Good,,2026-08-30T09:10:10Z,Jervis Bay (Inside),2026-08-29T00:00:00Z,2026-08-29T10:00,12.6,185,26.3,0.0,1.16,6.95,154,1.18,0.16,,,,17.5,,unavailable (no satellite pass / dataset error),
72.7,Good,,2026-08-30T09:10:10Z,Jervis Bay (Inside),2026-08-29T01:00:00Z,2026-08-29T11:00,12.3,183,32.4,0.3,1.14,6.9,154,1.18,0.18,,,,17.5,,unavailable (no satellite pass / dataset error),
77.2,Good,,2026-08-30T09:10:10Z,Jervis Bay (Inside),2026-08-29T02:00:00Z,2026-08-29T12:00,8.5,174,31.0,0.1,1.14,6.75,155,1.16,0.2,,,,17.5,,unavailable (no satellite pass / dataset error),
81.4,Excellent,,2026-08-30T09:10:10Z,Jervis Bay (Inside),2026-08-29T03:00:00Z,2026-08-29T13:00,4.9,163,23.8,0.0,1.12,6.65,155,1.16,0.22,,,,17.6,,unavailable (no satellite pass / dataset error),
77.1,Good,,2026-08-30T09:10:10Z,Jervis Bay (Inside),2026-08-29T04:00:00Z,2026-08-29T14:00,8.8,116,24.1,0.0,1.08,6.8,157,1.14,0.22,,,,17.6,,unavailable (no satellite pass / dataset error),
73.7,Good,,2026-08-30T09:10:10Z,Jervis Bay (Inside),2026-08-29T05:00:00Z,2026-08-29T15:00,11.8,99,30.2,0.0,1.02,7.0,158,1.14,0.22,,,,17.6,,unavailable (no satellite pass / dataset error),
72.6,Good,,2026-08-30T09:10:10Z,Jervis Bay (Inside),2026-08-29T06:00:00Z,2026-08-29T16:00,12.9,115,29.9,0.0,0.98,7.05,160,1.12,0.22,,,,17.6,,unavailable (no satellite pass / dataset error),
78.3,Good,,2026-08-30T09:10:10Z,Jervis Bay (Inside),2026-08-29T07:00:00Z,2026-08-29T17:00,8.3,101,29.2,0.0,0.98,6.75,157,1.08,0.16,,,,17.6,,unavailable (no satellite pass / dataset error),
84.6,Excellent,,2026-08-30T09:10:10Z,Jervis Bay (Inside),2026-08-29T08:00:00Z,2026-08-29T18:00,3.4,65,15.8,0.0,0.98,6.3,155,1.02,0.08,,,,17.6,,unavailable (no satellite pass / dataset error),
87.9,Excellent,,2026-08-30T09:10:10Z,Jervis Bay (Inside),2026-08-29T09:00:00Z,2026-08-29T19:00,0.9,349,4.3,0.0,0.98,6.0,152,0.98,0.02,,,,17.6,,unavailable (no satellite pass / dataset error),
84.8,Excellent,,2026-08-30T09:10:10Z,Jervis Bay (Inside),2026-08-29T10:00:00Z,2026-08-29T20:00,3.6,288,4.7,0.0,0.96,6.1,153,0.98,0.02,,,,17.6,,unavailable (no satellite pass / dataset error),
83.7,Excellent,,2026-08-30T09:10:10Z,Jervis Bay (Inside),2026-08-29T11:00:00Z,2026-08-29T21:00,4.7,302,6.5,0.0,0.96,6.35,153,0.96,0.0,,,,17.5,,unavailable (no satellite pass / dataset error),
82.2,Excellent,,2026-08-30T09:10:10Z,Jervis Bay (Inside),2026-08-29T12:00:00Z,2026-08-29T22:00,6.0,303,11.9,0.0,0.94,6.6,154,0.96,0.0,,,,17.5,,unavailable (no satellite pass / dataset error),
78.7,Good,,2026-08-30T09:10:10Z,Jervis Bay (Inside),2026-08-29T13:00:00Z,2026-08-29T23:00,9.1,308,14.8,0.0,0.94,6.7,154,0.96,0.0,,,,17.5,,unavailable (no satellite pass / dataset error),
78.1,Good,,2026-08-30T09:10:10Z,Jervis Bay (Inside),2026-08-29T14:00:00Z,2026-08-30T00:00,9.6,313,16.9,0.0,0.94,6.8,155,0.96,0.02,,,,17.5,,unavailable (no satellite pass / dataset error),
77.3,Good,,2026-08-30T09:10:10Z,Jervis Bay (Inside),2026-08-29T15:00:00Z,2026-08-30T01:00,10.3,314,19.8,0.0,0.94,6.85,155,0.96,0.02,,,,17.5,,unavailable (no satellite pass / dataset error),
79.0,Good,,2026-08-30T09:10:10Z,Jervis Bay (Inside),2026-08-29T16:00:00Z,2026-08-30T02:00,8.8,314,19.1,0.0,0.94,6.9,156,0.96,0.02,,,,17.5,,unavailable (no satellite pass / dataset error),
79.4,Good,,2026-08-30T09:10:10Z,Jervis Bay (Inside),2026-08-29T17:00:00Z,2026-08-30T03:00,8.5,322,16.6,0.0,0.94,6.9,156,0.96,0.0,,,,17.5,,unavailable (no satellite pass / dataset error),
78.9,Good,,2026-08-30T09:10:10Z,Jervis Bay (Inside),2026-08-29T18:00:00Z,2026-08-30T04:00,8.9,317,17.3,0.0,0.94,6.9,157,0.96,0.0,,,,17.5,,unavailable (no satellite pass / dataset error),
79.0,Good,,2026-08-30T09:10:10Z,Jervis Bay (Inside),2026-08-29T19:00:00Z,2026-08-30T05:00,8.8,311,19.1,0.0,0.94,6.9,158,0.96,0.0,,,,17.5,,unavailable (no satellite pass / dataset error),
79.2,Good,,2026-08-30T09:10:10Z,Jervis Bay (Inside),2026-08-29T20:00:00Z,2026-08-30T06:00,8.5,302,18.4,0.0,0.94,6.95,158,0.98,0.0,,,,17.5,,unavailable (no satellite pass / dataset error),
80.8,Excellent,,2026-08-30T09:10:10Z,Jervis Bay (Inside),2026-08-29T21:00:00Z,2026-08-30T07:00,7.1,294,15.5,0.0,0.94,6.95,159,0.98,0.0,,,,17.5,,unavailable (no satellite pass / dataset error),
83.2,Excellent,,2026-08-30T09:10:10Z,Jervis Bay (Inside),2026-08-29T22:00:00Z,2026-08-30T08:00,5.0,272,14.8,0.0,0.94,7.0,159,0.98,0.0,,,,17.5,,unavailable (no satellite pass / dataset error),
86.6,Excellent,,2026-08-30T09:10:10Z,Jervis Bay (Inside),2026-08-29T23:00:00Z,2026-08-30T09:00,2.2,228,12.6,0.0,0.92,7.0,160,0.96,0.0,,,,17.5,,unavailable (no satellite pass / dataset error),
84.2,Excellent,,2026-08-30T09:10:10Z,Jervis Bay (Inside),2026-08-30T00:00:00Z,2026-08-30T10:00,4.3,180,13.0,0.0,0.92,7.05,160,0.96,0.0,,,,17.5,,unavailable (no satellite pass / dataset error),
81.4,Excellent,,2026-08-30T09:10:10Z,Jervis Bay (Inside),2026-08-30T01:00:00Z,2026-08-30T11:00,7.2,155,21.2,0.0,0.92,7.05,160,0.96,0.0,,,,17.6,,unavailable (no satellite pass / dataset error),
79.7,Good,,2026-08-30T09:10:10Z,Jervis Bay (Inside),2026-08-30T02:00:00Z,2026-08-30T12:00,8.8,129,25.2,0.0,0.92,7.05,161,0.96,0.02,,,,17.6,,unavailable (no satellite pass / dataset error),
79.1,Good,,2026-08-30T09:10:10Z,Jervis Bay (Inside),2026-08-30T03:00:00Z,2026-08-30T13:00,9.3,105,26.3,0.0,0.92,7.1,161,0.96,0.02,,,,17.6,,unavailable (no satellite pass / dataset error),
79.0,Good,,2026-08-30T09:10:10Z,Jervis Bay (Inside),2026-08-30T04:00:00Z,2026-08-30T14:00,9.4,83,26.3,0.0,0.9,7.35,164,0.96,0.02,,,,17.7,,unavailable (no satellite pass / dataset error),
79.6,Good,,2026-08-30T09:10:10Z,Jervis Bay (Inside),2026-08-30T05:00:00Z,2026-08-30T15:00,8.9,62,25.9,0.0,0.9,7.6,166,0.96,0.04,,,,17.7,,unavailable (no satellite pass / dataset error),
80.5,Excellent,,2026-08-30T09:10:10Z,Jervis Bay (Inside),2026-08-30T06:00:00Z,2026-08-30T16:00,8.1,47,24.1,0.0,0.88,7.75,169,0.96,0.04,,,,17.7,,unavailable (no satellite pass / dataset error),
80.6,Excellent,,2026-08-30T09:10:10Z,Jervis Bay (Inside),2026-08-30T07:00:00Z,2026-08-30T17:00,7.8,40,20.9,0.0,0.9,7.55,165,0.98,0.04,,,,17.7,,unavailable (no satellite pass / dataset error),
81.1,Excellent,,2026-08-30T09:10:10Z,Jervis Bay (Inside),2026-08-30T08:00:00Z,2026-08-30T18:00,7.4,26,15.8,0.0,0.92,7.2,162,0.98,0.04,,,,17.7,,unavailable (no satellite pass / dataset error),
81.4,Excellent,,2026-08-30T09:10:10Z,Jervis Bay (Inside),2026-08-30T09:00:00Z,2026-08-30T19:00,6.9,39,11.5,0.0,0.94,6.95,158,1.0,0.04,,,,17.7,,unavailable (no satellite pass / dataset error),
79.5,Good,,2026-08-30T09:10:10Z,Shellharbour,2026-08-27T14:00:00Z,2026-08-28T00:00,7.5,280,15.5,0.0,1.0,7.0,149,1.12,0.0,,,,17.8,,unavailable (no satellite pass / dataset error),
79.0,Good,,2026-08-30T09:10:10Z,Shellharbour,2026-08-27T15:00:00Z,2026-08-28T01:00,7.7,288,15.8,0.0,1.04,7.3,149,1.14,0.0,,,,17.8,,unavailable (no satellite pass / dataset error),
79.0,Good,,2026-08-30T09:10:10Z,Shellharbour,2026-08-27T16:00:00Z,2026-08-28T02:00,7.7,288,16.2,0.0,1.04,7.4,148,1.14,0.0,,,,17.8,,unavailable (no satellite pass / dataset error),
78.5,Good,,2026-08-30T09:10:10Z,Shellharbour,2026-08-27T17:00:00Z,2026-08-28T03:00,8.2,284,16.6,0.0,1.04,7.45,148,1.14,0.0,,,,17.8,,unavailable (no satellite pass / dataset error),
79.8,Good,,2026-08-30T09:10:10Z,Shellharbour,2026-08-27T18:00:00Z,2026-08-28T04:00,7.0,274,16.9,0.0,1.04,7.45,147,1.14,0.0,,,,17.8,,unavailable (no satellite pass / dataset error),
78.4,Good,,2026-08-30T09:10:10Z,Shellharbour,2026-08-27T19:00:00Z,2026-08-28T05:00,8.3,272,17.3,0.0,1.04,7.45,147,1.14,0.0,,,,17.8,,unavailable (no satellite pass / dataset error),
78.5,Good,,2026-08-30T09:10:10Z,Shellharbour,2026-08-27T20:00:00Z,2026-08-28T06:00,8.4,279,17.6,0.0,1.02,7.45,146,1.12,0.0,,,,17.8,,unavailable (no satellite pass / dataset error),
80.5,Excellent,,2026-08-30T09:10:10Z,Shellharbour,2026-08-27T21:00:00Z,2026-08-28T07:00,6.6,283,17.3,0.0,1.02,7.5,146,1.12,0.0,,,,17.8,,unavailable (no satellite pass / dataset error),
83.8,Excellent,,2026-08-30T09:10:10Z,Shellharbour,2026-08-27T22:00:00Z,2026-08-28T08:00,3.7,299,14.4,0.0,1.04,7.65,146,1.12,0.0,,,,17.8,,unavailable (no satellite pass / dataset error),
85.5,Excellent,,2026-08-30T09:10:10Z,Shellharbour,2026-08-27T23:00:00Z,2026-08-28T09:00,2.4,77,11.5,0.0,1.04,7.85,145,1.1,0.02,,,,17.8,,unavailable (no satellite pass / dataset error),
83.8,Excellent,,2026-08-30T09:10:10Z,Shellharbour,2026-08-28T00:00:00Z,2026-08-28T10:00,3.9,127,15.8,0.0,1.06,7.95,145,1.1,0.02,,,,17.8,,unavailable (no satellite pass / dataset error),
81.4,Excellent,,2026-08-30T09:10:10Z,Shellharbour,2026-08-28T01:00:00Z,2026-08-28T11:00,6.2,139,19.1,0.0,1.04,7.95,145,1.08,0.04,,,,17.8,,unavailable (no satellite pass / dataset error),
79.1,Good,,2026-08-30T09:10:10Z,Shellharbour,2026-08-28T02:00:00Z,2026-08-28T12:00,8.4,143,24.1,0.0,1.04,7.85,144,1.06,0.08,,,,17.9,,unavailable (no satellite pass / dataset error),
75.1,Good,,2026-08-30T09:10:10Z,Shellharbour,2026-08-28T03:00:00Z,2026-08-28T13:00,12.1,143,29.9,0.0,1.02,7.75,144,1.04,0.1,,,,17.9,,unavailable (no satellite pass / dataset error),
67.7,Good,,2026-08-30T09:10:10Z,Shellharbour,2026-08-28T04:00:00Z,2026-08-28T14:00,18.4,159,41.8,0.0,1.0,7.75,141,1.06,0.2,,,,17.9,,unavailable (no satellite pass / dataset error),
65.2,Good,,2026-08-30T09:10:10Z,Shellharbour,2026-08-28T05:00:00Z,2026-08-28T15:00,20.4,164,46.4,0.0,1.0,7.75,137,1.08,0.28,,,,17.9,,unavailable (no satellite pass / dataset error),
68.7,Good,,2026-08-30T09:10:10Z,Shellharbour,2026-08-28T06:00:00Z,2026-08-28T16:00,17.1,166,45.4,0.0,0.98,7.65,134,1.1,0.38,,,,17.9,,unavailable (no satellite pass / dataset error),
75.1,Good,,2026-08-30T09:10:10Z,Shellharbour,2026-08-28T07:00:00Z,2026-08-28T17:00,11.6,161,37.4,0.1,1.0,7.35,135,1.08,0.3,,,,17.9,,unavailable (no satellite pass / dataset error),
78.3,Good,,2026-08-30T09:10:10Z,Shellharbour,2026-08-28T08:00:00Z,2026-08-28T18:00,8.8,180,23.0,0.0,1.02,6.95,137,1.08,0.22,,,,17.9,,unavailable (no satellite pass / dataset error),
81.7,Excellent,,2026-08-30T09:10:10Z,Shellharbour,2026-08-28T09:00:00Z,2026-08-28T19:00,6.0,209,16.9,0.0,1.04,6.7,138,1.06,0.14,,,,17.9,,unavailable (no satellite pass / dataset error),
84.2,Excellent,,2026-08-30T09:10:10Z,Shellharbour,2026-08-28T10:00:00Z,2026-08-28T20:00,3.6,264,11.2,0.0,1.08,6.85,137,1.08,0.1,,,,17.9,,unavailable (no satellite pass / dataset error),
81.5,Excellent,,2026-08-30T09:10:10Z,Shellharbour,2026-08-28T11:00:00Z,2026-08-28T21:00,5.6,274,10.4,0.0,1.1,7.2,137,1.12,0.04,,,,17.8,,unavailable (no satellite pass / dataset error),
80.6,Excellent,,2026-08-30T09:10:10Z,Shellharbour,2026-08-28T12:00:00Z,2026-08-28T22:00,6.2,278,13.7,0.0,1.14,7.4,136,1.14,0.0,,,,17.8,,unavailable (no satellite pass / dataset error),
79.5,Good,,2026-08-30T09:10:10Z,Shellharbour,2026-08-28T13:00:00Z,2026-08-28T23:00,7.7,279,14.8,0.0,1.08,7.35,136,1.08,0.0,,,,17.8,,unavailable (no satellite pass / dataset error),
80.4,Excellent,,2026-08-30T09:10:10Z,Shellharbour,2026-08-28T14:00:00Z,2026-08-29T00:00,7.3,286,15.1,0.0,1.04,7.2,135,1.04,0.0,,,,17.8,,unavailable (no satellite pass / dataset error),
81.6,Excellent,,2026-08-30T09:10:10Z,Shellharbour,2026-08-28T15:00:00Z,2026-08-29T01:00,6.8,288,15.5,0.0,0.98,7.1,135,0.98,0.0,,,,17.8,,unavailable (no satellite pass / dataset error),
80.8,Excellent,,2026-08-30T09:10:10Z,Shellharbour,2026-08-28T16:00:00Z,2026-08-29T02:00,7.5,281,16.2,0.0,0.94,7.25,134,0.98,0.0,,,,17.8,,unavailable (no satellite pass / dataset error),
81.3,Excellent,,2026-08-30T09:10:10Z,Shellharbour,2026-08-28T17:00:00Z,2026-08-29T03:00,7.3,286,16.2,0.0,0.92,7.45,134,0.96,0.0,,,,17.8,,unavailable (no satellite pass / dataset error),
83.0,Excellent,,2026-08-30T09:10:10Z,Shellharbour,2026-08-28T18:00:00Z,2026-08-29T04:00,5.8,284,15.5,0.0,0.88,7.6,133,0.96,0.0,,,,17.8,,unavailable (no satellite pass / dataset error),
82.5,Excellent,,2026-08-30T09:10:10Z,Shellharbour,2026-08-28T19:00:00Z,2026-08-29T05:00,6.2,287,15.1,0.0,0.88,7.6,134,0.96,0.0,,,,17.8,,unavailable (no satellite pass / dataset error),
84.1,Excellent,,2026-08-30T09:10:10Z,Shellharbour,2026-08-28T20:00:00Z,2026-08-29T06:00,4.8,281,14.8,0.0,0.88,7.55,135,0.96,0.02,,,,17.8,,unavailable (no satellite pass / dataset error),
84.3,Excellent,,2026-08-30T09:10:10Z,Shellharbour,2026-08-28T21:00:00Z,2026-08-29T07:00,4.6,279,13.3,0.0,0.88,7.4,136,0.96,0.02,,,,17.8,,unavailable (no satellite pass / dataset error),
84.9,Excellent,,2026-08-30T09:10:10Z,Shellharbour,2026-08-28T22:00:00Z,2026-08-29T08:00,3.9,292,13.7,0.0,0.92,7.15,139,0.98,0.04,,,,17.8,,unavailable (no satellite pass / dataset error),
87.0,Excellent,,2026-08-30T09:10:10Z,Shellharbour,2026-08-28T23:00:00Z,2026-08-29T09:00,1.7,103,11.9,0.0,0.96,6.85,142,1.02,0.06,,,,17.8,,unavailable (no satellite pass / dataset error),
81.2,Excellent,,2026-08-30T09:10:10Z,Shellharbour,2026-08-29T00:00:00Z,2026-08-29T10:00,6.6,139,16.6,0.0,1.0,6.65,145,1.04,0.08,,,,17.8,,unavailable (no satellite pass / dataset error),
74.5,Good,,2026-08-30T09:10:10Z,Shellharbour,2026-08-29T01:00:00Z,2026-08-29T11:00,12.3,143,29.5,0.0,0.98,6.7,147,1.06,0.06,,,,17.9,,unavailable (no satellite pass / dataset error),
74.8,Good,,2026-08-30T09:10:10Z,Shellharbour,2026-08-29T02:00:00Z,2026-08-29T12:00,12.0,144,31.0,0.0,0.94,6.85,148,1.06,0.06,,,,17.9,,unavailable (no satellite pass / dataset error),
76.1,Good,,2026-08-30T09:10:10Z,Shellharbour,2026-08-29T03:00:00Z,2026-08-29T13:00,10.7,135,30.6,0.0,0.92,6.95,150,1.08,0.04,,,,17.9,,unavailable (no satellite pass / dataset error),
76.0,Good,,2026-08-30T09:10:10Z,Shellharbour,2026-08-29T04:00:00Z,2026-08-29T14:00,10.8,114,28.4,0.0,0.92,6.9,150,1.08,0.04,,,,18.0,,unavailable (no satellite pass / dataset error),
79.2,Good,,2026-08-30T09:10:10Z,Shellharbour,2026-08-29T05:00:00Z,2026-08-29T15:00,8.0,106,27.0,0.0,0.9,6.8,149,1.08,0.02,,,,18.0,,unavailable (no satellite pass / dataset error),
80.0,Excellent,,2026-08-30T09:10:10Z,Shellharbour,2026-08-29T06:00:00Z,2026-08-29T16:00,7.3,100,22.7,0.0,0.9,6.7,149,1.08,0.02,,,,18.0,,unavailable (no satellite pass / dataset error),
83.9,Excellent,,2026-08-30T09:10:10Z,Shellharbour,2026-08-29T07:00:00Z,2026-08-29T17:00,4.4,122,18.0,0.0,0.86,6.65,151,1.04,0.02,,,,18.0,,unavailable (no satellite pass / dataset error),
88.7,Excellent,,2026-08-30T09:10:10Z,Shellharbour,2026-08-29T08:00:00Z,2026-08-29T18:00,0.4,207,9.0,0.0,0.84,6.65,152,1.02,0.0,,,,18.0,,unavailable (no satellite pass / dataset error),
88.1,Excellent,,2026-08-30T09:10:10Z,Shellharbour,2026-08-29T09:00:00Z,2026-08-29T19:00,1.3,270,4.0,0.0,0.8,6.65,154,0.98,0.0,,,,18.0,,unavailable (no satellite pass / dataset error),
85.4,Excellent,,2026-08-30T09:10:10Z,Shellharbour,2026-08-29T10:00:00Z,2026-08-29T20:00,3.8,273,9.7,0.0,0.78,6.75,156,0.96,0.0,,,,17.9,,unavailable (no satellite pass / dataset error),
83.5,Excellent,,2026-08-30T09:10:10Z,Shellharbour,2026-08-29T11:00:00Z,2026-08-29T21:00,5.7,279,13.0,0.0,0.74,6.9,157,0.94,0.0,,,,17.9,,unavailable (no satellite pass / dataset error),
83.3,Excellent,,2026-08-30T09:10:10Z,Shellharbour,2026-08-29T12:00:00Z,2026-08-29T22:00,6.0,273,14.4,0.0,0.72,7.05,159,0.92,0.0,,,,17.9,,unavailable (no satellite pass / dataset error),
82.3,Excellent,,2026-08-30T09:10:10Z,Shellharbour,2026-08-29T13:00:00Z,2026-08-29T23:00,6.9,277,15.8,0.0,0.72,7.2,159,0.92,0.0,,,,17.9,,unavailable (no satellite pass / dataset error),
82.7,Excellent,,2026-08-30T09:10:10Z,Shellharbour,2026-08-29T14:00:00Z,2026-08-30T00:00,6.7,278,16.2,0.0,0.72,7.3,158,0.9,0.0,,,,17.8,,unavailable (no satellite pass / dataset error),
82.2,Excellent,,2026-08-30T09:10:10Z,Shellharbour,2026-08-29T15:00:00Z,2026-08-30T01:00,7.2,284,16.2,0.0,0.72,7.4,158,0.9,0.0,,,,17.8,,unavailable (no satellite pass / dataset error),
82.1,Excellent,,2026-08-30T09:10:10Z,Shellharbour,2026-08-29T16:00:00Z,2026-08-30T02:00,7.3,287,16.6,0.0,0.74,7.4,152,0.9,0.0,,,,17.8,,unavailable (no satellite pass / dataset error),
84.4,Excellent,,2026-08-30T09:10:10Z,Shellharbour,2026-08-29T17:00:00Z,2026-08-30T03:00,5.4,276,15.8,0.0,0.78,7.35,146,0.88,0.0,,,,17.8,,unavailable (no satellite pass / dataset error),
86.7,Excellent,,2026-08-30T09:10:10Z,Shellharbour,2026-08-29T18:00:00Z,2026-08-30T04:00,3.4,276,13.0,0.0,0.8,7.3,140,0.88,0.0,,,,17.8,,unavailable (no satellite pass / dataset error),
85.8,Excellent,,2026-08-30T09:10:10Z,Shellharbour,2026-08-29T19:00:00Z,2026-08-30T05:00,4.2,288,10.8,0.0,0.8,7.3,141,0.88,0.0,,,,17.8,,unavailable (no satellite pass / dataset error),
86.7,Excellent,,2026-08-30T09:10:10Z,Shellharbour,2026-08-29T20:00:00Z,2026-08-30T06:00,3.4,276,10.8,0.0,0.8,7.3,142,0.88,0.0,,,,17.8,,unavailable (no satellite pass / dataset error),
86.0,Excellent,,2026-08-30T09:10:10Z,Shellharbour,2026-08-29T21:00:00Z,2026-08-30T07:00,4.0,275,11.5,0.0,0.8,7.3,143,0.88,0.0,,,,17.8,,unavailable (no satellite pass / dataset error),
86.8,Excellent,,2026-08-30T09:10:10Z,Shellharbour,2026-08-29T22:00:00Z,2026-08-30T08:00,3.3,279,11.9,0.0,0.8,7.3,146,0.88,0.0,,,,17.8,,unavailable (no satellite pass / dataset error),
89.0,Excellent,,2026-08-30T09:10:10Z,Shellharbour,2026-08-29T23:00:00Z,2026-08-30T09:00,1.6,90,10.4,0.0,0.78,7.3,149,0.86,0.0,,,,17.9,,unavailable (no satellite pass / dataset error),
85.6,Excellent,,2026-08-30T09:10:10Z,Shellharbour,2026-08-30T00:00:00Z,2026-08-30T10:00,4.6,77,16.6,0.0,0.78,7.3,152,0.86,0.0,,,,17.9,,unavailable (no satellite pass / dataset error),
82.1,Excellent,,2026-08-30T09:10:10Z,Shellharbour,2026-08-30T01:00:00Z,2026-08-30T11:00,7.6,93,21.6,0.0,0.78,7.3,150,0.86,0.0,,,,17.9,,unavailable (no satellite pass / dataset error),
80.8,Excellent,,2026-08-30T09:10:10Z,Shellharbour,2026-08-30T02:00:00Z,2026-08-30T12:00,9.0,96,24.5,0.0,0.76,7.3,148,0.84,0.02,,,,18.0,,unavailable (no satellite pass / dataset error),
80.6,Excellent,,2026-08-30T09:10:10Z,Shellharbour,2026-08-30T03:00:00Z,2026-08-30T13:00,9.1,99,25.2,0.0,0.76,7.3,146,0.84,0.02,,,,18.0,,unavailable (no satellite pass / dataset error),
83.3,Excellent,,2026-08-30T09:10:10Z,Shellharbour,2026-08-30T04:00:00Z,2026-08-30T14:00,6.8,102,24.5,0.0,0.76,7.35,149,0.84,0.02,,,,18.1,,unavailable (no satellite pass / dataset error),
84.2,Excellent,,2026-08-30T09:10:10Z,Shellharbour,2026-08-30T05:00:00Z,2026-08-30T15:00,6.0,100,20.5,0.0,0.74,7.4,151,0.84,0.0,,,,18.2,,unavailable (no satellite pass / dataset error),
86.0,Excellent,,2026-08-30T09:10:10Z,Shellharbour,2026-08-30T06:00:00Z,2026-08-30T16:00,4.4,83,18.4,0.0,0.74,7.45,154,0.84,0.0,,,,18.2,,unavailable (no satellite pass / dataset error),
88.0,Excellent,,2026-08-30T09:10:10Z,Shellharbour,2026-08-30T07:00:00Z,2026-08-30T17:00,2.7,58,13.3,0.0,0.74,7.5,154,0.84,0.0,,,,18.2,,unavailable (no satellite pass / dataset error),
90.1,Excellent,,2026-08-30T09:10:10Z,Shellharbour,2026-08-30T08:00:00Z,2026-08-30T18:00,0.6,304,5.8,0.0,0.76,7.55,155,0.86,0.0,,,,18.1,,unavailable (no satellite pass / dataset error),
88.4,Excellent,,2026-08-30T09:10:10Z,Shellharbour,2026-08-30T09:00:00Z,2026-08-30T19:00,2.1,285,5.0,0.0,0.76,7.6,155,0.86,0.0,,,,18.1,,unavailable (no satellite pass / dataset error),
84.9,Excellent,,2026-08-30T09:10:10Z,Terrigal,2026-08-27T14:00:00Z,2026-08-28T00:00,2.2,318,4.0,0.0,0.92,8.65,160,1.18,0.0,,,,18.0,,unavailable (no satellite pass / dataset error),
79.8,Good,,2026-08-30T09:10:10Z,Terrigal,2026-08-27T15:00:00Z,2026-08-28T01:00,6.5,294,11.2,0.0,0.92,9.8,160,1.2,0.0,,,,18.0,,unavailable (no satellite pass / dataset error),
78.4,Good,,2026-08-30T09:10:10Z,Terrigal,2026-08-27T16:00:00Z,2026-08-28T02:00,7.5,290,13.0,0.0,1.02,9.7,160,1.22,0.0,,,,18.0,,unavailable (no satellite pass / dataset error),
78.2,Good,,2026-08-30T09:10:10Z,Terrigal,2026-08-27T17:00:00Z,2026-08-28T03:00,7.3,295,13.3,0.0,1.12,9.0,159,1.26,0.0,,,,18.0,,unavailable (no satellite pass / dataset error),
78.3,Good,,2026-08-30T09:10:10Z,Terrigal,2026-08-27T18:00:00Z,2026-08-28T04:00,7.0,291,14.0,0.0,1.22,8.45,159,1.28,0.0,,,,18.0,,unavailable (no satellite pass / dataset error),
77.0,Good,,2026-08-30T09:10:10Z,Terrigal,2026-08-27T19:00:00Z,2026-08-28T05:00,8.2,296,15.1,0.0,1.22,8.4,158,1.28,0.0,,,,18.0,,unavailable (no satellite pass / dataset error),
76.8,Good,,2026-08-30T09:10:10Z,Terrigal,2026-08-27T20:00:00Z,2026-08-28T06:00,8.2,302,15.5,0.0,1.2,8.55,158,1.3,0.0,,,,18.0,,unavailable (no satellite pass / dataset error),
76.6,Good,,2026-08-30T09:10:10Z,Terrigal,2026-08-27T21:00:00Z,2026-08-28T07:00,8.3,304,15.8,0.0,1.2,8.65,157,1.3,0.0,,,,18.0,,unavailable (no satellite pass / dataset error),
79.4,Good,,2026-08-30T09:10:10Z,Terrigal,2026-08-27T22:00:00Z,2026-08-28T08:00,5.9,305,16.2,0.0,1.22,8.65,156,1.3,0.0,,,,18.0,,unavailable (no satellite pass / dataset error),
82.5,Excellent,,2026-08-30T09:10:10Z,Terrigal,2026-08-27T23:00:00Z,2026-08-28T09:00,3.4,328,14.0,0.0,1.22,8.65,156,1.28,0.0,,,,18.0,,unavailable (no satellite pass / dataset error),
83.9,Excellent,,2026-08-30T09:10:10Z,Terrigal,2026-08-28T00:00:00Z,2026-08-28T10:00,2.1,38,13.3,0.0,1.24,8.6,155,1.28,0.0,,,,18.0,,unavailable (no satellite pass / dataset error),
81.7,Excellent,,2026-08-30T09:10:10Z,Terrigal,2026-08-28T01:00:00Z,2026-08-28T11:00,4.1,103,15.5,0.0,1.24,8.6,154,1.28,0.0,,,,18.1,,unavailable (no satellite pass / dataset error),
75.1,Good,,2026-08-30T09:10:10Z,Terrigal,2026-08-28T02:00:00Z,2026-08-28T12:00,10.0,113,27.0,0.0,1.22,8.55,154,1.26,0.02,,,,18.1,,unavailable (no satellite pass / dataset error),
73.1,Good,,2026-08-30T09:10:10Z,Terrigal,2026-08-28T03:00:00Z,2026-08-28T13:00,11.8,110,30.6,0.0,1.22,8.55,153,1.26,0.02,,,,18.2,,unavailable (no satellite pass / dataset error),
73.0,Good,,2026-08-30T09:10:10Z,Terrigal,2026-08-28T04:00:00Z,2026-08-28T14:00,11.9,112,31.3,0.0,1.2,8.5,153,1.26,0.08,,,,18.3,,unavailable (no satellite pass / dataset error),
75.7,Good,,2026-08-30T09:10:10Z,Terrigal,2026-08-28T05:00:00Z,2026-08-28T15:00,9.7,132,29.9,0.0,1.2,8.45,152,1.24,0.12,,,,18.4,,unavailable (no satellite pass / dataset error),
71.8,Good,,2026-08-30T09:10:10Z,Terrigal,2026-08-28T06:00:00Z,2026-08-28T16:00,13.1,142,29.5,0.0,1.18,8.4,152,1.24,0.18,,,,18.4,,unavailable (no satellite pass / dataset error),
72.5,Good,,2026-08-30T09:10:10Z,Terrigal,2026-08-28T07:00:00Z,2026-08-28T17:00,12.7,149,31.0,0.0,1.18,8.3,152,1.22,0.16,,,,18.4,,unavailable (no satellite pass / dataset error),
74.2,Good,,2026-08-30T09:10:10Z,Terrigal,2026-08-28T08:00:00Z,2026-08-28T18:00,11.2,156,25.6,0.0,1.16,8.2,151,1.22,0.16,,,,18.3,,unavailable (no satellite pass / dataset error),
76.9,Good,,2026-08-30T09:10:10Z,Terrigal,2026-08-28T09:00:00Z,2026-08-28T19:00,9.0,164,20.9,0.0,1.16,8.1,151,1.2,0.14,,,,18.3,,unavailable (no satellite pass / dataset error),
82.5,Excellent,,2026-08-30T09:10:10Z,Terrigal,2026-08-28T10:00:00Z,2026-08-28T20:00,4.1,221,15.5,0.0,1.16,8.0,151,1.2,0.12,,,,18.2,,unavailable (no satellite pass / dataset error),
79.9,Good,,2026-08-30T09:10:10Z,Terrigal,2026-08-28T11:00:00Z,2026-08-28T21:00,6.4,234,10.1,0.0,1.16,7.95,150,1.2,0.08,,,,18.1,,unavailable (no satellite pass / dataset error),
77.6,Good,,2026-08-30T09:10:10Z,Terrigal,2026-08-28T12:00:00Z,2026-08-28T22:00,8.4,215,13.7,0.0,1.16,7.95,150,1.2,0.06,,,,18.1,,unavailable (no satellite pass / dataset error),
77.1,Good,,2026-08-30T09:10:10Z,Terrigal,2026-08-28T13:00:00Z,2026-08-28T23:00,9.0,202,16.2,0.0,1.14,8.0,150,1.18,0.06,,,,18.0,,unavailable (no satellite pass / dataset error),
78.6,Good,,2026-08-30T09:10:10Z,Terrigal,2026-08-28T14:00:00Z,2026-08-29T00:00,7.7,205,15.8,0.0,1.14,8.15,149,1.18,0.04,,,,18.0,,unavailable (no satellite pass / dataset error),
78.1,Good,,2026-08-30T09:10:10Z,Terrigal,2026-08-28T15:00:00Z,2026-08-29T01:00,8.3,207,14.0,0.0,1.12,8.2,149,1.16,0.04,,,,18.0,,unavailable (no satellite pass / dataset error),
77.2,Good,,2026-08-30T09:10:10Z,Terrigal,2026-08-28T16:00:00Z,2026-08-29T02:00,9.3,236,16.2,0.0,1.1,8.2,149,1.14,0.02,,,,18.0,,unavailable (no satellite pass / dataset error),
75.3,Good,,2026-08-30T09:10:10Z,Terrigal,2026-08-28T17:00:00Z,2026-08-29T03:00,11.0,264,20.2,0.0,1.08,8.1,148,1.14,0.02,,,,18.0,,unavailable (no satellite pass / dataset error),
75.3,Good,,2026-08-30T09:10:10Z,Terrigal,2026-08-28T18:00:00Z,2026-08-29T04:00,11.2,267,20.2,0.0,1.06,8.05,148,1.12,0.0,,,,18.0,,unavailable (no satellite pass / dataset error),
76.3,Good,,2026-08-30T09:10:10Z,Terrigal,2026-08-28T19:00:00Z,2026-08-29T05:00,10.5,264,19.8,0.0,1.04,8.0,148,1.1,0.02,,,,18.0,,unavailable (no satellite pass / dataset error),
76.8,Good,,2026-08-30T09:10:10Z,Terrigal,2026-08-28T20:00:00Z,2026-08-29T06:00,10.0,257,18.7,0.0,1.04,7.95,148,1.1,0.02,,,,18.0,,unavailable (no satellite pass / dataset error),
77.1,Good,,2026-08-30T09:10:10Z,Terrigal,2026-08-28T21:00:00Z,2026-08-29T07:00,10.0,255,18.4,0.0,1.02,7.85,148,1.08,0.04,,,,18.0,,unavailable (no satellite pass / dataset error),
79.0,Good,,2026-08-30T09:10:10Z,Terrigal,2026-08-28T22:00:00Z,2026-08-29T08:00,8.1,245,19.4,0.0,1.04,7.75,149,1.1,0.06,,,,18.0,,unavailable (no satellite pass / dataset error),
77.4,Good,,2026-08-30T09:10:10Z,Terrigal,2026-08-28T23:00:00Z,2026-08-29T09:00,9.5,202,23.0,0.0,1.04,7.65,150,1.1,0.08,,,,18.1,,unavailable (no satellite pass / dataset error),
75.9,Good,,2026-08-30T09:10:10Z,Terrigal,2026-08-29T00:00:00Z,2026-08-29T10:00,10.3,174,30.6,0.2,1.06,7.55,151,1.12,0.1,,,,18.1,,unavailable (no satellite pass / dataset error),
74.1,Good,,2026-08-30T09:10:10Z,Terrigal,2026-08-29T01:00:00Z,2026-08-29T11:00,11.6,164,29.5,0.1,1.08,7.45,152,1.14,0.1,,,,18.1,,unavailable (no satellite pass / dataset error),
73.1,Good,,2026-08-30T09:10:10Z,Terrigal,2026-08-29T02:00:00Z,2026-08-29T12:00,12.3,159,31.0,0.1,1.08,7.3,152,1.14,0.08,,,,18.1,,unavailable (no satellite pass / dataset error),
72.0,Good,,2026-08-30T09:10:10Z,Terrigal,2026-08-29T03:00:00Z,2026-08-29T13:00,13.1,155,33.1,0.0,1.1,7.2,153,1.16,0.08,,,,18.2,,unavailable (no satellite pass / dataset error),
72.0,Good,,2026-08-30T09:10:10Z,Terrigal,2026-08-29T04:00:00Z,2026-08-29T14:00,12.7,153,33.1,0.0,1.14,7.1,153,1.2,0.06,,,,18.2,,unavailable (no satellite pass / dataset error),
75.3,Good,,2026-08-30T09:10:10Z,Terrigal,2026-08-29T05:00:00Z,2026-08-29T15:00,9.6,142,31.7,0.0,1.16,7.0,153,1.22,0.04,,,,18.2,,unavailable (no satellite pass / dataset error),
76.1,Good,,2026-08-30T09:10:10Z,Terrigal,2026-08-29T06:00:00Z,2026-08-29T16:00,8.6,127,24.5,0.0,1.2,6.85,153,1.26,0.02,,,,18.2,,unavailable (no satellite pass / dataset error),
75.3,Good,,2026-08-30T09:10:10Z,Terrigal,2026-08-29T07:00:00Z,2026-08-29T17:00,9.1,120,21.2,0.0,1.14,6.65,154,1.28,0.02,,,,18.2,,unavailable (no satellite pass / dataset error),
77.0,Good,,2026-08-30T09:10:10Z,Terrigal,2026-08-29T08:00:00Z,2026-08-29T18:00,7.2,109,18.0,0.0,1.1,6.4,155,1.32,0.0,,,,18.2,,unavailable (no satellite pass / dataset error),
79.9,Good,,2026-08-30T09:10:10Z,Terrigal,2026-08-29T09:00:00Z,2026-08-29T19:00,4.5,95,12.2,0.0,1.04,6.2,156,1.34,0.0,,,,18.2,,unavailable (no satellite pass / dataset error),
82.6,Excellent,,2026-08-30T09:10:10Z,Terrigal,2026-08-29T10:00:00Z,2026-08-29T20:00,2.7,90,7.2,0.0,1.0,6.05,156,1.28,0.0,,,,18.1,,unavailable (no satellite pass / dataset error),
85.1,Excellent,,2026-08-30T09:10:10Z,Terrigal,2026-08-29T11:00:00Z,2026-08-29T21:00,0.9,11,4.3,0.0,0.98,5.95,156,1.24,0.0,,,,18.1,,unavailable (no satellite pass / dataset error),
83.8,Excellent,,2026-08-30T09:10:10Z,Terrigal,2026-08-29T12:00:00Z,2026-08-29T22:00,2.6,286,2.9,0.0,0.94,5.9,156,1.18,0.0,,,,18.1,,unavailable (no satellite pass / dataset error),
80.1,Excellent,,2026-08-30T09:10:10Z,Terrigal,2026-08-29T13:00:00Z,2026-08-29T23:00,6.0,275,10.1,0.0,0.9,5.85,156,1.16,0.0,,,,18.1,,unavailable (no satellite pass / dataset error),
78.5,Good,,2026-08-30T09:10:10Z,Terrigal,2026-08-29T14:00:00Z,2026-08-30T00:00,7.8,266,13.3,0.0,0.88,5.8,157,1.12,0.0,,,,18.0,,unavailable (no satellite pass / dataset error),
79.1,Good,,2026-08-30T09:10:10Z,Terrigal,2026-08-29T15:00:00Z,2026-08-30T01:00,7.4,269,14.0,0.0,0.84,5.9,157,1.1,0.0,,,,18.0,,unavailable (no satellite pass / dataset error),
79.8,Good,,2026-08-30T09:10:10Z,Terrigal,2026-08-29T16:00:00Z,2026-08-30T02:00,7.0,274,13.0,0.0,0.84,6.25,159,1.08,0.0,,,,18.0,,unavailable (no satellite pass / dataset error),
80.4,Excellent,,2026-08-30T09:10:10Z,Terrigal,2026-08-29T17:00:00Z,2026-08-30T03:00,6.7,284,12.6,0.0,0.84,6.65,162,1.06,0.0,,,,18.0,,unavailable (no satellite pass / dataset error),
78.9,Good,,2026-08-30T09:10:10Z,Terrigal,2026-08-29T18:00:00Z,2026-08-30T04:00,8.2,280,12.2,0.0,0.84,7.0,164,1.04,0.0,,,,18.0,,unavailable (no satellite pass / dataset error),
77.7,Good,,2026-08-30T09:10:10Z,Terrigal,2026-08-29T19:00:00Z,2026-08-30T05:00,9.4,281,16.6,0.0,0.86,7.05,162,1.02,0.0,,,,18.0,,unavailable (no satellite pass / dataset error),
78.2,Good,,2026-08-30T09:10:10Z,Terrigal,2026-08-29T20:00:00Z,2026-08-30T06:00,9.2,286,17.3,0.0,0.9,7.0,159,1.0,0.02,,,,18.0,,unavailable (no satellite pass / dataset error),
79.9,Good,,2026-08-30T09:10:10Z,Terrigal,2026-08-29T21:00:00Z,2026-08-30T07:00,7.9,291,16.6,0.0,0.92,7.0,157,0.98,0.02,,,,18.0,,unavailable (no satellite pass / dataset error),
82.3,Excellent,,2026-08-30T09:10:10Z,Terrigal,2026-08-29T22:00:00Z,2026-08-30T08:00,5.8,286,15.5,0.0,0.9,7.1,160,0.98,0.02,,,,18.0,,unavailable (no satellite pass / dataset error),
85.3,Excellent,,2026-08-30T09:10:10Z,Terrigal,2026-08-29T23:00:00Z,2026-08-30T09:00,3.3,292,14.0,0.0,0.88,7.2,162,0.96,0.0,,,,18.1,,unavailable (no satellite pass / dataset error),
85.7,Excellent,,2026-08-30T09:10:10Z,Terrigal,2026-08-30T00:00:00Z,2026-08-30T10:00,3.3,319,13.0,0.0,0.86,7.3,165,0.96,0.0,,,,18.1,,unavailable (no satellite pass / dataset error),
88.0,Excellent,,2026-08-30T09:10:10Z,Terrigal,2026-08-30T01:00:00Z,2026-08-30T11:00,1.4,140,13.0,0.0,0.88,7.3,164,0.96,0.02,,,,18.1,,unavailable (no satellite pass / dataset error),
82.0,Excellent,,2026-08-30T09:10:10Z,Terrigal,2026-08-30T02:00:00Z,2026-08-30T12:00,7.0,119,20.5,0.0,0.88,7.2,162,0.94,0.02,,,,18.2,,unavailable (no satellite pass / dataset error),
77.5,Good,,2026-08-30T09:10:10Z,Terrigal,2026-08-30T03:00:00Z,2026-08-30T13:00,10.9,107,28.8,0.0,0.9,7.15,161,0.94,0.04,,,,18.2,,unavailable (no satellite pass / dataset error),
78.1,Good,,2026-08-30T09:10:10Z,Terrigal,2026-08-30T04:00:00Z,2026-08-30T14:00,10.4,105,29.2,0.0,0.9,7.15,161,0.94,0.04,,,,18.3,,unavailable (no satellite pass / dataset error),
79.5,Good,,2026-08-30T09:10:10Z,Terrigal,2026-08-30T05:00:00Z,2026-08-30T15:00,9.0,116,27.4,0.0,0.92,7.15,161,0.96,0.02,,,,18.4,,unavailable (no satellite pass / dataset error),
82.1,Excellent,,2026-08-30T09:10:10Z,Terrigal,2026-08-30T06:00:00Z,2026-08-30T16:00,6.7,114,23.4,0.0,0.92,7.15,161,0.96,0.02,,,,18.4,,unavailable (no satellite pass / dataset error),
85.2,Excellent,,2026-08-30T09:10:10Z,Terrigal,2026-08-30T07:00:00Z,2026-08-30T17:00,4.0,100,17.3,0.0,0.92,7.2,161,0.96,0.02,,,,18.4,,unavailable (no satellite pass / dataset error),
86.2,Excellent,,2026-08-30T09:10:10Z,Terrigal,2026-08-30T08:00:00Z,2026-08-30T18:00,3.1,77,7.6,0.0,0.92,7.3,162,0.96,0.02,,,,18.3,,unavailable (no satellite pass / dataset error),
85.0,Excellent,,2026-08-30T09:10:10Z,Terrigal,2026-08-30T09:00:00Z,2026-08-30T19:00,4.2,47,6.1,0.0,0.92,7.3,162,0.96,0.02,,,,18.3,,unavailable (no satellite pass / dataset error),
83.9,Excellent,,2026-08-30T09:10:10Z,Broughton Island,2026-08-27T14:00:00Z,2026-08-28T00:00,1.4,293,2.2,0.0,1.12,7.7,164,1.36,0.02,,,,18.6,,unavailable (no satellite pass / dataset error),
79.3,Good,,2026-08-30T09:10:10Z,Broughton Island,2026-08-27T15:00:00Z,2026-08-28T01:00,5.4,304,7.2,0.0,1.1,8.35,162,1.36,0.0,,,,18.6,,unavailable (no satellite pass / dataset error),
76.4,Good,,2026-08-30T09:10:10Z,Broughton Island,2026-08-27T16:00:00Z,2026-08-28T02:00,7.8,302,13.7,0.0,1.16,8.35,163,1.38,0.0,,,,18.6,,unavailable (no satellite pass / dataset error),
77.8,Good,,2026-08-30T09:10:10Z,Broughton Island,2026-08-27T17:00:00Z,2026-08-28T03:00,6.4,295,13.7,0.0,1.24,8.05,165,1.4,0.0,,,,18.6,,unavailable (no satellite pass / dataset error),
80.3,Excellent,,2026-08-30T09:10:10Z,Broughton Island,2026-08-27T18:00:00Z,2026-08-28T04:00,4.0,291,11.9,0.0,1.3,7.8,166,1.42,0.0,,,,18.6,,unavailable (no satellite pass / dataset error),
80.3,Excellent,,2026-08-30T09:10:10Z,Broughton Island,2026-08-27T19:00:00Z,2026-08-28T05:00,3.8,273,10.1,0.0,1.34,7.7,165,1.44,0.0,,,,18.6,,unavailable (no satellite pass / dataset error),
79.6,Good,,2026-08-30T09:10:10Z,Broughton Island,2026-08-27T20:00:00Z,2026-08-28T06:00,4.2,282,10.4,0.0,1.36,7.7,165,1.46,0.0,,,,18.6,,unavailable (no satellite pass / dataset error),
79.1,Good,,2026-08-30T09:10:10Z,Broughton Island,2026-08-27T21:00:00Z,2026-08-28T07:00,4.5,299,10.8,0.0,1.4,7.8,164,1.48,0.0,,,,18.6,,unavailable (no satellite pass / dataset error),
79.4,Good,,2026-08-30T09:10:10Z,Broughton Island,2026-08-27T22:00:00Z,2026-08-28T08:00,4.2,282,12.2,0.0,1.4,8.2,164,1.48,0.0,,,,18.6,,unavailable (no satellite pass / dataset error),
80.3,Excellent,,2026-08-30T09:10:10Z,Broughton Island,2026-08-27T23:00:00Z,2026-08-28T09:00,3.2,254,13.0,0.0,1.42,8.7,164,1.5,0.0,,,,18.6,,unavailable (no satellite pass / dataset error),
81.8,Excellent,,2026-08-30T09:10:10Z,Broughton Island,2026-08-28T00:00:00Z,2026-08-28T10:00,1.9,112,12.6,0.0,1.42,9.1,164,1.5,0.0,,,,18.7,,unavailable (no satellite pass / dataset error),
77.9,Good,,2026-08-30T09:10:10Z,Broughton Island,2026-08-28T01:00:00Z,2026-08-28T11:00,5.5,109,18.0,0.0,1.4,9.15,163,1.48,0.0,,,,18.7,,unavailable (no satellite pass / dataset error),
73.5,Good,,2026-08-30T09:10:10Z,Broughton Island,2026-08-28T02:00:00Z,2026-08-28T12:00,9.4,107,25.2,0.0,1.4,9.1,163,1.48,0.0,,,,18.8,,unavailable (no satellite pass / dataset error),
68.0,Good,,2026-08-30T09:10:10Z,Broughton Island,2026-08-28T03:00:00Z,2026-08-28T13:00,14.4,99,33.8,0.0,1.38,9.0,162,1.46,0.0,,,,18.8,,unavailable (no satellite pass / dataset error),
68.5,Good,,2026-08-30T09:10:10Z,Broughton Island,2026-08-28T04:00:00Z,2026-08-28T14:00,14.1,94,34.9,0.0,1.36,8.95,162,1.44,0.02,,,,18.9,,unavailable (no satellite pass / dataset error),
70.3,Good,,2026-08-30T09:10:10Z,Broughton Island,2026-08-28T05:00:00Z,2026-08-28T15:00,12.7,96,33.1,0.0,1.34,8.95,161,1.42,0.04,,,,19.0,,unavailable (no satellite pass / dataset error),
70.9,Good,,2026-08-30T09:10:10Z,Broughton Island,2026-08-28T06:00:00Z,2026-08-28T16:00,12.4,92,29.9,0.0,1.32,8.9,161,1.4,0.06,,,,19.0,,unavailable (no satellite pass / dataset error),
72.1,Good,,2026-08-30T09:10:10Z,Broughton Island,2026-08-28T07:00:00Z,2026-08-28T17:00,11.5,89,27.7,0.0,1.3,8.85,160,1.38,0.06,,,,19.0,,unavailable (no satellite pass / dataset error),
73.6,Good,,2026-08-30T09:10:10Z,Broughton Island,2026-08-28T08:00:00Z,2026-08-28T18:00,10.4,89,20.9,0.0,1.28,8.8,159,1.36,0.04,,,,18.9,,unavailable (no satellite pass / dataset error),
75.8,Good,,2026-08-30T09:10:10Z,Broughton Island,2026-08-28T09:00:00Z,2026-08-28T19:00,8.7,98,18.4,0.0,1.26,8.65,158,1.34,0.04,,,,18.9,,unavailable (no satellite pass / dataset error),
77.0,Good,,2026-08-30T09:10:10Z,Broughton Island,2026-08-28T10:00:00Z,2026-08-28T20:00,7.8,113,14.4,0.0,1.26,8.25,158,1.32,0.04,,,,18.8,,unavailable (no satellite pass / dataset error),
74.0,Good,,2026-08-30T09:10:10Z,Broughton Island,2026-08-28T11:00:00Z,2026-08-28T21:00,10.4,129,17.3,0.0,1.24,7.75,157,1.32,0.02,,,,18.8,,unavailable (no satellite pass / dataset error),
75.8,Good,,2026-08-30T09:10:10Z,Broughton Island,2026-08-28T12:00:00Z,2026-08-28T22:00,9.0,119,18.7,0.0,1.24,7.35,157,1.3,0.02,,,,18.7,,unavailable (no satellite pass / dataset error),
82.5,Excellent,,2026-08-30T09:10:10Z,Broughton Island,2026-08-28T13:00:00Z,2026-08-28T23:00,3.2,164,14.8,0.0,1.24,7.25,157,1.3,0.02,,,,18.7,,unavailable (no satellite pass / dataset error),
77.4,Good,,2026-08-30T09:10:10Z,Broughton Island,2026-08-28T14:00:00Z,2026-08-29T00:00,7.5,213,11.5,0.1,1.24,7.3,156,1.3,0.04,,,,18.7,,unavailable (no satellite pass / dataset error),
74.4,Good,,2026-08-30T09:10:10Z,Broughton Island,2026-08-28T15:00:00Z,2026-08-29T01:00,10.1,229,17.3,0.0,1.24,7.35,156,1.3,0.04,,,,18.7,,unavailable (no satellite pass / dataset error),
74.4,Good,,2026-08-30T09:10:10Z,Broughton Island,2026-08-28T16:00:00Z,2026-08-29T02:00,10.1,237,18.4,0.0,1.22,7.35,156,1.3,0.06,,,,18.6,,unavailable (no satellite pass / dataset error),
74.5,Good,,2026-08-30T09:10:10Z,Broughton Island,2026-08-28T17:00:00Z,2026-08-29T03:00,10.2,229,18.0,0.0,1.22,7.3,155,1.28,0.08,,,,18.6,,unavailable (no satellite pass / dataset error),
75.2,Good,,2026-08-30T09:10:10Z,Broughton Island,2026-08-28T18:00:00Z,2026-08-29T04:00,9.6,221,18.0,0.0,1.2,7.25,155,1.28,0.1,,,,18.6,,unavailable (no satellite pass / dataset error),
76.5,Good,,2026-08-30T09:10:10Z,Broughton Island,2026-08-28T19:00:00Z,2026-08-29T05:00,8.7,212,16.2,0.0,1.18,7.2,155,1.26,0.14,,,,18.6,,unavailable (no satellite pass / dataset error),
79.5,Good,,2026-08-30T09:10:10Z,Broughton Island,2026-08-28T20:00:00Z,2026-08-29T06:00,6.0,205,14.0,0.0,1.18,7.15,154,1.26,0.18,,,,18.6,,unavailable (no satellite pass / dataset error),
78.6,Good,,2026-08-30T09:10:10Z,Broughton Island,2026-08-28T21:00:00Z,2026-08-29T07:00,6.9,194,11.9,0.1,1.16,7.1,154,1.24,0.22,,,,18.6,,unavailable (no satellite pass / dataset error),
78.8,Good,,2026-08-30T09:10:10Z,Broughton Island,2026-08-28T22:00:00Z,2026-08-29T08:00,6.5,212,16.6,0.1,1.16,7.05,154,1.24,0.28,,,,18.6,,unavailable (no satellite pass / dataset error),
77.7,Good,,2026-08-30T09:10:10Z,Broughton Island,2026-08-28T23:00:00Z,2026-08-29T09:00,7.3,203,18.7,0.0,1.16,7.0,155,1.26,0.32,,,,18.6,,unavailable (no satellite pass / dataset error),
67.0,Good,,2026-08-30T09:10:10Z,Broughton Island,2026-08-29T00:00:00Z,2026-08-29T10:00,16.4,165,34.2,0.2,1.16,6.95,155,1.26,0.38,,,,18.6,,unavailable (no satellite pass / dataset error),
64.9,Good,,2026-08-30T09:10:10Z,Broughton Island,2026-08-29T01:00:00Z,2026-08-29T11:00,17.3,170,40.3,0.4,1.2,6.8,155,1.3,0.36,,,,18.6,,unavailable (no satellite pass / dataset error),
62.0,Good,,2026-08-30T09:10:10Z,Broughton Island,2026-08-29T02:00:00Z,2026-08-29T12:00,19.2,172,44.3,0.3,1.24,6.65,156,1.32,0.34,,,,18.7,,unavailable (no satellite pass / dataset error),
60.4,Good,,2026-08-30T09:10:10Z,Broughton Island,2026-08-29T03:00:00Z,2026-08-29T13:00,20.1,173,46.1,0.1,1.28,6.55,156,1.36,0.32,,,,18.7,,unavailable (no satellite pass / dataset error),
61.5,Good,,2026-08-30T09:10:10Z,Broughton Island,2026-08-29T04:00:00Z,2026-08-29T14:00,18.9,171,46.1,0.0,1.3,6.45,156,1.38,0.3,,,,18.7,,unavailable (no satellite pass / dataset error),
62.1,Good,,2026-08-30T09:10:10Z,Broughton Island,2026-08-29T05:00:00Z,2026-08-29T15:00,18.2,173,43.2,0.0,1.32,6.4,157,1.4,0.28,,,,18.8,,unavailable (no satellite pass / dataset error),
65.5,Good,,2026-08-30T09:10:10Z,Broughton Island,2026-08-29T06:00:00Z,2026-08-29T16:00,15.0,175,40.7,0.0,1.34,6.45,157,1.42,0.26,,,,18.8,,unavailable (no satellite pass / dataset error),
66.9,Good,,2026-08-30T09:10:10Z,Broughton Island,2026-08-29T07:00:00Z,2026-08-29T17:00,12.3,175,32.8,0.0,1.5,6.75,158,1.58,0.18,,,,18.8,,unavailable (no satellite pass / dataset error),
68.1,Good,,2026-08-30T09:10:10Z,Broughton Island,2026-08-29T08:00:00Z,2026-08-29T18:00,10.0,174,23.8,0.0,1.68,7.15,158,1.72,0.12,,,,18.8,,unavailable (no satellite pass / dataset error),
66.6,Good,,2026-08-30T09:10:10Z,Broughton Island,2026-08-29T09:00:00Z,2026-08-29T19:00,9.8,173,17.3,0.0,1.84,7.35,159,1.88,0.04,,,,18.7,,unavailable (no satellite pass / dataset error),
72.2,Good,,2026-08-30T09:10:10Z,Broughton Island,2026-08-29T10:00:00Z,2026-08-29T20:00,6.2,172,16.2,0.0,1.7,7.2,159,1.74,0.02,,,,18.7,,unavailable (no satellite pass / dataset error),
76.2,Good,,2026-08-30T09:10:10Z,Broughton Island,2026-08-29T11:00:00Z,2026-08-29T21:00,4.0,183,10.1,0.0,1.56,6.85,158,1.6,0.02,,,,18.7,,unavailable (no satellite pass / dataset error),
80.3,Excellent,,2026-08-30T09:10:10Z,Broughton Island,2026-08-29T12:00:00Z,2026-08-29T22:00,1.7,252,5.4,0.0,1.42,6.55,158,1.46,0.0,,,,18.7,,unavailable (no satellite pass / dataset error),
79.2,Good,,2026-08-30T09:10:10Z,Broughton Island,2026-08-29T13:00:00Z,2026-08-29T23:00,3.2,254,4.7,0.0,1.38,6.45,158,1.4,0.0,,,,18.7,,unavailable (no satellite pass / dataset error),
77.0,Good,,2026-08-30T09:10:10Z,Broughton Island,2026-08-29T14:00:00Z,2026-08-30T00:00,5.7,238,9.0,0.0,1.32,6.45,158,1.36,0.02,,,,18.7,,unavailable (no satellite pass / dataset error),
75.8,Good,,2026-08-30T09:10:10Z,Broughton Island,2026-08-29T15:00:00Z,2026-08-30T01:00,7.3,247,12.6,0.0,1.28,6.45,158,1.3,0.02,,,,18.6,,unavailable (no satellite pass / dataset error),
75.1,Good,,2026-08-30T09:10:10Z,Broughton Island,2026-08-29T16:00:00Z,2026-08-30T02:00,8.3,268,14.4,0.0,1.22,6.55,156,1.26,0.02,,,,18.6,,unavailable (no satellite pass / dataset error),
73.3,Good,,2026-08-30T09:10:10Z,Broughton Island,2026-08-29T17:00:00Z,2026-08-30T03:00,10.0,279,17.3,0.0,1.16,6.65,153,1.24,0.02,,,,18.6,,unavailable (no satellite pass / dataset error),
73.7,Good,,2026-08-30T09:10:10Z,Broughton Island,2026-08-29T18:00:00Z,2026-08-30T04:00,10.1,281,18.0,0.0,1.1,6.75,151,1.2,0.02,,,,18.6,,unavailable (no satellite pass / dataset error),
73.0,Good,,2026-08-30T09:10:10Z,Broughton Island,2026-08-29T19:00:00Z,2026-08-30T05:00,10.9,278,19.8,0.0,1.1,6.75,154,1.18,0.02,,,,18.6,,unavailable (no satellite pass / dataset error),
72.4,Good,,2026-08-30T09:10:10Z,Broughton Island,2026-08-29T20:00:00Z,2026-08-30T06:00,11.4,275,20.2,0.0,1.08,6.75,157,1.18,0.0,,,,18.6,,unavailable (no satellite pass / dataset error),
73.0,Good,,2026-08-30T09:10:10Z,Broughton Island,2026-08-29T21:00:00Z,2026-08-30T07:00,11.2,269,20.9,0.0,1.08,6.7,160,1.16,0.0,,,,18.6,,unavailable (no satellite pass / dataset error),
75.0,Good,,2026-08-30T09:10:10Z,Broughton Island,2026-08-29T22:00:00Z,2026-08-30T08:00,9.8,264,21.2,0.0,1.08,6.7,161,1.14,0.0,,,,18.6,,unavailable (no satellite pass / dataset error),
76.7,Good,,2026-08-30T09:10:10Z,Broughton Island,2026-08-29T23:00:00Z,2026-08-30T09:00,8.3,248,22.0,0.0,1.08,6.65,161,1.14,0.02,,,,18.6,,unavailable (no satellite pass / dataset error),
80.0,Excellent,,2026-08-30T09:10:10Z,Broughton Island,2026-08-30T00:00:00Z,2026-08-30T10:00,5.9,218,22.0,0.0,1.08,6.65,162,1.12,0.02,,,,18.6,,unavailable (no satellite pass / dataset error),
81.2,Excellent,,2026-08-30T09:10:10Z,Broughton Island,2026-08-30T01:00:00Z,2026-08-30T11:00,5.4,176,18.4,0.0,1.08,6.65,162,1.12,0.02,,,,18.7,,unavailable (no satellite pass / dataset error),
77.6,Good,,2026-08-30T09:10:10Z,Broughton Island,2026-08-30T02:00:00Z,2026-08-30T12:00,9.2,135,24.5,0.0,1.06,6.7,163,1.1,0.02,,,,18.7,,unavailable (no satellite pass / dataset error),
72.7,Good,,2026-08-30T09:10:10Z,Broughton Island,2026-08-30T03:00:00Z,2026-08-30T13:00,13.6,132,33.8,0.0,1.06,6.75,163,1.1,0.02,,,,18.8,,unavailable (no satellite pass / dataset error),
72.2,Good,,2026-08-30T09:10:10Z,Broughton Island,2026-08-30T04:00:00Z,2026-08-30T14:00,14.1,137,35.3,0.0,1.06,6.75,164,1.1,0.02,,,,18.8,,unavailable (no satellite pass / dataset error),
75.5,Good,,2026-08-30T09:10:10Z,Broughton Island,2026-08-30T05:00:00Z,2026-08-30T15:00,11.0,150,33.5,0.0,1.08,6.8,165,1.12,0.04,,,,18.9,,unavailable (no satellite pass / dataset error),
77.8,Good,,2026-08-30T09:10:10Z,Broughton Island,2026-08-30T06:00:00Z,2026-08-30T16:00,9.0,150,26.6,0.0,1.08,6.8,166,1.12,0.04,,,,18.9,,unavailable (no satellite pass / dataset error),
80.1,Excellent,,2026-08-30T09:10:10Z,Broughton Island,2026-08-30T07:00:00Z,2026-08-30T17:00,7.0,138,20.9,0.0,1.08,6.85,166,1.12,0.04,,,,18.9,,unavailable (no satellite pass / dataset error),
82.8,Excellent,,2026-08-30T09:10:10Z,Broughton Island,2026-08-30T08:00:00Z,2026-08-30T18:00,4.6,116,13.0,0.0,1.1,6.85,166,1.12,0.02,,,,18.9,,unavailable (no satellite pass / dataset error),
85.0,Excellent,,2026-08-30T09:10:10Z,Broughton Island,2026-08-30T09:00:00Z,2026-08-30T19:00,2.7,94,7.2,0.0,1.1,6.9,166,1.12,0.02,,,,18.9,,unavailable (no satellite pass / dataset error),
78.5,Good,,2026-08-30T09:10:10Z,Seal Rocks,2026-08-27T14:00:00Z,2026-08-28T00:00,1.3,225,4.0,0.0,1.46,5.85,172,1.88,0.08,,,,18.7,,unavailable (no satellite pass / dataset error),
78.3,Good,,2026-08-30T09:10:10Z,Seal Rocks,2026-08-27T15:00:00Z,2026-08-28T01:00,1.6,270,2.9,0.0,1.38,5.85,171,1.86,0.04,,,,18.7,,unavailable (no satellite pass / dataset error),
75.4,Good,,2026-08-30T09:10:10Z,Seal Rocks,2026-08-27T16:00:00Z,2026-08-28T02:00,4.0,278,6.1,0.0,1.56,6.55,170,1.88,0.02,,,,18.7,,unavailable (no satellite pass / dataset error),
73.7,Good,,2026-08-30T09:10:10Z,Seal Rocks,2026-08-27T17:00:00Z,2026-08-28T03:00,5.1,280,8.3,0.0,1.72,7.65,169,1.92,0.02,,,,18.7,,unavailable (no satellite pass / dataset error),
74.7,Good,,2026-08-30T09:10:10Z,Seal Rocks,2026-08-27T18:00:00Z,2026-08-28T04:00,4.0,280,8.3,0.0,1.9,8.45,168,1.94,0.0,,,,18.7,,unavailable (no satellite pass / dataset error),
74.1,Good,,2026-08-30T09:10:10Z,Seal Rocks,2026-08-27T19:00:00Z,2026-08-28T05:00,4.4,279,7.9,0.0,1.92,8.7,168,1.96,0.0,,,,18.7,,unavailable (no satellite pass / dataset error),
73.7,Good,,2026-08-30T09:10:10Z,Seal Rocks,2026-08-27T20:00:00Z,2026-08-28T06:00,4.5,277,7.9,0.0,1.92,8.7,167,1.98,0.0,,,,18.7,,unavailable (no satellite pass / dataset error),
73.1,Good,,2026-08-30T09:10:10Z,Seal Rocks,2026-08-27T21:00:00Z,2026-08-28T07:00,4.9,274,8.3,0.0,1.94,8.65,167,2.0,0.0,,,,18.8,,unavailable (no satellite pass / dataset error),
74.6,Good,,2026-08-30T09:10:10Z,Seal Rocks,2026-08-27T22:00:00Z,2026-08-28T08:00,3.4,267,10.8,0.0,1.98,8.7,166,2.02,0.0,,,,18.8,,unavailable (no satellite pass / dataset error),
76.5,Good,,2026-08-30T09:10:10Z,Seal Rocks,2026-08-27T23:00:00Z,2026-08-28T09:00,1.3,254,10.8,0.0,2.0,8.7,166,2.06,0.0,,,,18.8,,unavailable (no satellite pass / dataset error),
77.5,Good,,2026-08-30T09:10:10Z,Seal Rocks,2026-08-28T00:00:00Z,2026-08-28T10:00,0.3,135,12.2,0.0,2.04,8.7,165,2.08,0.0,,,,18.8,,unavailable (no satellite pass / dataset error),
73.8,Good,,2026-08-30T09:10:10Z,Seal Rocks,2026-08-28T01:00:00Z,2026-08-28T11:00,3.5,111,14.8,0.0,2.04,8.65,164,2.08,0.0,,,,18.9,,unavailable (no satellite pass / dataset error),
69.9,Good,,2026-08-30T09:10:10Z,Seal Rocks,2026-08-28T02:00:00Z,2026-08-28T12:00,7.1,106,21.2,0.0,2.06,8.6,163,2.06,0.02,,,,18.9,,unavailable (no satellite pass / dataset error),
64.3,Good,,2026-08-30T09:10:10Z,Seal Rocks,2026-08-28T03:00:00Z,2026-08-28T13:00,12.0,99,30.2,0.0,2.06,8.55,162,2.06,0.02,,,,19.0,,unavailable (no satellite pass / dataset error),
65.1,Good,,2026-08-30T09:10:10Z,Seal Rocks,2026-08-28T04:00:00Z,2026-08-28T14:00,11.7,94,31.3,0.0,2.02,8.5,162,2.02,0.06,,,,19.0,,unavailable (no satellite pass / dataset error),
65.5,Good,,2026-08-30T09:10:10Z,Seal Rocks,2026-08-28T05:00:00Z,2026-08-28T15:00,11.5,92,29.5,0.0,1.98,8.5,163,2.0,0.1,,,,19.1,,unavailable (no satellite pass / dataset error),
66.3,Good,,2026-08-30T09:10:10Z,Seal Rocks,2026-08-28T06:00:00Z,2026-08-28T16:00,11.2,89,28.4,0.0,1.94,8.45,163,1.96,0.14,,,,19.1,,unavailable (no satellite pass / dataset error),
67.2,Good,,2026-08-30T09:10:10Z,Seal Rocks,2026-08-28T07:00:00Z,2026-08-28T17:00,10.8,95,25.6,0.0,1.92,8.4,162,1.92,0.14,,,,19.1,,unavailable (no satellite pass / dataset error),
67.8,Good,,2026-08-30T09:10:10Z,Seal Rocks,2026-08-28T08:00:00Z,2026-08-28T18:00,10.4,104,19.8,0.0,1.88,8.3,162,1.9,0.14,,,,19.0,,unavailable (no satellite pass / dataset error),
70.1,Good,,2026-08-30T09:10:10Z,Seal Rocks,2026-08-28T09:00:00Z,2026-08-28T19:00,8.8,102,18.0,0.0,1.86,8.25,161,1.86,0.14,,,,19.0,,unavailable (no satellite pass / dataset error),
71.1,Good,,2026-08-30T09:10:10Z,Seal Rocks,2026-08-28T10:00:00Z,2026-08-28T20:00,8.1,107,14.8,0.0,1.84,8.2,161,1.84,0.14,,,,18.9,,unavailable (no satellite pass / dataset error),
68.9,Good,,2026-08-30T09:10:10Z,Seal Rocks,2026-08-28T11:00:00Z,2026-08-28T21:00,10.2,118,16.6,0.0,1.8,8.15,160,1.82,0.12,,,,18.9,,unavailable (no satellite pass / dataset error),
66.5,Good,,2026-08-30T09:10:10Z,Seal Rocks,2026-08-28T12:00:00Z,2026-08-28T22:00,12.5,127,19.4,0.0,1.78,8.15,160,1.8,0.12,,,,18.8,,unavailable (no satellite pass / dataset error),
69.5,Good,,2026-08-30T09:10:10Z,Seal Rocks,2026-08-28T13:00:00Z,2026-08-28T23:00,9.9,127,21.2,0.0,1.76,8.15,160,1.8,0.14,,,,18.8,,unavailable (no satellite pass / dataset error),
75.3,Good,,2026-08-30T09:10:10Z,Seal Rocks,2026-08-28T14:00:00Z,2026-08-29T00:00,5.0,159,15.8,0.0,1.76,8.15,159,1.78,0.16,,,,18.8,,unavailable (no satellite pass / dataset error),
74.0,Good,,2026-08-30T09:10:10Z,Seal Rocks,2026-08-28T15:00:00Z,2026-08-29T01:00,6.1,203,9.4,0.0,1.74,8.15,159,1.78,0.18,,,,18.8,,unavailable (no satellite pass / dataset error),
69.1,Good,,2026-08-30T09:10:10Z,Seal Rocks,2026-08-28T16:00:00Z,2026-08-29T02:00,10.5,231,15.5,0.1,1.72,8.15,158,1.76,0.2,,,,18.8,,unavailable (no satellite pass / dataset error),
65.7,Good,,2026-08-30T09:10:10Z,Seal Rocks,2026-08-28T17:00:00Z,2026-08-29T03:00,13.4,235,24.5,0.0,1.72,8.1,158,1.76,0.24,,,,18.8,,unavailable (no satellite pass / dataset error),
65.3,Good,,2026-08-30T09:10:10Z,Seal Rocks,2026-08-28T18:00:00Z,2026-08-29T04:00,14.0,235,26.3,0.0,1.7,8.1,157,1.74,0.26,,,,18.8,,unavailable (no satellite pass / dataset error),
67.4,Good,,2026-08-30T09:10:10Z,Seal Rocks,2026-08-28T19:00:00Z,2026-08-29T05:00,12.1,235,25.2,0.0,1.68,8.05,157,1.74,0.3,,,,18.8,,unavailable (no satellite pass / dataset error),
69.9,Good,,2026-08-30T09:10:10Z,Seal Rocks,2026-08-28T20:00:00Z,2026-08-29T06:00,10.1,227,22.0,0.0,1.66,8.0,156,1.72,0.36,,,,18.8,,unavailable (no satellite pass / dataset error),
70.5,Good,,2026-08-30T09:10:10Z,Seal Rocks,2026-08-28T21:00:00Z,2026-08-29T07:00,9.6,214,18.4,0.0,1.64,8.0,156,1.72,0.4,,,,18.8,,unavailable (no satellite pass / dataset error),
69.4,Good,,2026-08-30T09:10:10Z,Seal Rocks,2026-08-28T22:00:00Z,2026-08-29T08:00,9.9,202,22.7,0.1,1.68,8.1,155,1.78,0.48,,,,18.8,,unavailable (no satellite pass / dataset error),
67.9,Good,,2026-08-30T09:10:10Z,Seal Rocks,2026-08-28T23:00:00Z,2026-08-29T09:00,10.5,204,25.6,0.1,1.74,8.2,155,1.84,0.54,,,,18.8,,unavailable (no satellite pass / dataset error),
60.1,Good,,2026-08-30T09:10:10Z,Seal Rocks,2026-08-29T00:00:00Z,2026-08-29T10:00,16.6,176,36.0,0.1,1.78,8.2,154,1.9,0.62,,,,18.8,,unavailable (no satellite pass / dataset error),
58.1,Fair,,2026-08-30T09:10:10Z,Seal Rocks,2026-08-29T01:00:00Z,2026-08-29T11:00,18.2,171,42.5,0.2,1.76,8.0,154,1.88,0.62,,,,18.8,,unavailable (no satellite pass / dataset error),
55.8,Fair,,2026-08-30T09:10:10Z,Seal Rocks,2026-08-29T02:00:00Z,2026-08-29T12:00,19.6,173,44.6,0.6,1.74,7.7,155,1.86,0.62,,,,18.9,,unavailable (no satellite pass / dataset error),
54.6,Fair,,2026-08-30T09:10:10Z,Seal Rocks,2026-08-29T03:00:00Z,2026-08-29T13:00,20.2,175,46.4,0.4,1.72,7.5,155,1.84,0.62,,,,18.9,,unavailable (no satellite pass / dataset error),
54.5,Fair,,2026-08-30T09:10:10Z,Seal Rocks,2026-08-29T04:00:00Z,2026-08-29T14:00,20.0,175,46.4,0.1,1.7,7.5,153,1.86,0.64,,,,18.9,,unavailable (no satellite pass / dataset error),
55.2,Fair,,2026-08-30T09:10:10Z,Seal Rocks,2026-08-29T05:00:00Z,2026-08-29T15:00,19.2,175,46.1,0.0,1.66,7.6,151,1.88,0.64,,,,19.0,,unavailable (no satellite pass / dataset error),
56.9,Fair,,2026-08-30T09:10:10Z,Seal Rocks,2026-08-29T06:00:00Z,2026-08-29T16:00,17.5,179,43.9,0.0,1.64,7.65,149,1.9,0.66,,,,19.0,,unavailable (no satellite pass / dataset error),
58.4,Fair,,2026-08-30T09:10:10Z,Seal Rocks,2026-08-29T07:00:00Z,2026-08-29T17:00,15.1,181,38.9,0.0,1.84,7.65,154,2.02,0.54,,,,19.0,,unavailable (no satellite pass / dataset error),
60.5,Good,,2026-08-30T09:10:10Z,Seal Rocks,2026-08-29T08:00:00Z,2026-08-29T18:00,12.1,181,29.5,0.0,2.04,7.65,158,2.14,0.42,,,,19.0,,unavailable (no satellite pass / dataset error),
60.1,Good,,2026-08-30T09:10:10Z,Seal Rocks,2026-08-29T09:00:00Z,2026-08-29T19:00,11.3,181,22.3,0.0,2.24,7.6,163,2.26,0.3,,,,19.0,,unavailable (no satellite pass / dataset error),
62.2,Good,,2026-08-30T09:10:10Z,Seal Rocks,2026-08-29T10:00:00Z,2026-08-29T20:00,10.4,179,20.5,0.0,2.14,7.45,163,2.16,0.22,,,,19.0,,unavailable (no satellite pass / dataset error),
66.5,Good,,2026-08-30T09:10:10Z,Seal Rocks,2026-08-29T11:00:00Z,2026-08-29T21:00,7.6,181,18.4,0.0,2.06,7.3,164,2.06,0.12,,,,19.0,,unavailable (no satellite pass / dataset error),
71.1,Good,,2026-08-30T09:10:10Z,Seal Rocks,2026-08-29T12:00:00Z,2026-08-29T22:00,4.5,209,12.2,0.0,1.96,7.15,164,1.96,0.04,,,,19.0,,unavailable (no satellite pass / dataset error),
71.6,Good,,2026-08-30T09:10:10Z,Seal Rocks,2026-08-29T13:00:00Z,2026-08-29T23:00,4.6,234,9.4,0.0,1.9,7.1,164,1.9,0.06,,,,19.0,,unavailable (no satellite pass / dataset error),
71.0,Good,,2026-08-30T09:10:10Z,Seal Rocks,2026-08-29T14:00:00Z,2026-08-30T00:00,5.9,227,9.0,0.0,1.82,7.1,163,1.82,0.08,,,,19.0,,unavailable (no satellite pass / dataset error),
69.9,Good,,2026-08-30T09:10:10Z,Seal Rocks,2026-08-29T15:00:00Z,2026-08-30T01:00,7.4,231,11.9,0.0,1.76,7.1,163,1.76,0.1,,,,19.0,,unavailable (no satellite pass / dataset error),
68.6,Good,,2026-08-30T09:10:10Z,Seal Rocks,2026-08-29T16:00:00Z,2026-08-30T02:00,9.1,234,16.2,0.0,1.7,7.15,163,1.72,0.12,,,,19.0,,unavailable (no satellite pass / dataset error),
67.9,Good,,2026-08-30T09:10:10Z,Seal Rocks,2026-08-29T17:00:00Z,2026-08-30T03:00,10.3,258,17.6,0.0,1.62,7.2,163,1.66,0.16,,,,19.0,,unavailable (no satellite pass / dataset error),
68.4,Good,,2026-08-30T09:10:10Z,Seal Rocks,2026-08-29T18:00:00Z,2026-08-30T04:00,10.2,262,18.0,0.0,1.56,7.25,163,1.62,0.18,,,,19.0,,unavailable (no satellite pass / dataset error),
68.0,Good,,2026-08-30T09:10:10Z,Seal Rocks,2026-08-29T19:00:00Z,2026-08-30T05:00,10.7,263,18.4,0.0,1.54,7.25,163,1.6,0.18,,,,19.0,,unavailable (no satellite pass / dataset error),
68.2,Good,,2026-08-30T09:10:10Z,Seal Rocks,2026-08-29T20:00:00Z,2026-08-30T06:00,10.9,258,18.4,0.0,1.54,7.2,164,1.56,0.18,,,,19.0,,unavailable (no satellite pass / dataset error),
68.4,Good,,2026-08-30T09:10:10Z,Seal Rocks,2026-08-29T21:00:00Z,2026-08-30T07:00,10.9,251,19.4,0.0,1.52,7.2,164,1.54,0.18,,,,19.0,,unavailable (no satellite pass / dataset error),
70.4,Good,,2026-08-30T09:10:10Z,Seal Rocks,2026-08-29T22:00:00Z,2026-08-30T08:00,9.5,234,23.8,0.0,1.52,7.2,164,1.52,0.18,,,,19.0,,unavailable (no satellite pass / dataset error),
69.7,Good,,2026-08-30T09:10:10Z,Seal Rocks,2026-08-29T23:00:00Z,2026-08-30T09:00,10.3,220,25.6,0.0,1.5,7.2,165,1.52,0.16,,,,19.0,,unavailable (no satellite pass / dataset error),
71.4,Good,,2026-08-30T09:10:10Z,Seal Rocks,2026-08-30T00:00:00Z,2026-08-30T10:00,9.1,212,26.6,0.0,1.5,7.2,165,1.5,0.16,,,,19.0,,unavailable (no satellite pass / dataset error),
72.1,Good,,2026-08-30T09:10:10Z,Seal Rocks,2026-08-30T01:00:00Z,2026-08-30T11:00,8.8,195,25.2,0.0,1.5,7.25,166,1.5,0.14,,,,19.0,,unavailable (no satellite pass / dataset error),
73.9,Good,,2026-08-30T09:10:10Z,Seal Rocks,2026-08-30T02:00:00Z,2026-08-30T12:00,8.3,178,24.8,0.0,1.48,7.25,166,1.48,0.1,,,,19.1,,unavailable (no satellite pass / dataset error),
73.0,Good,,2026-08-30T09:10:10Z,Seal Rocks,2026-08-30T03:00:00Z,2026-08-30T13:00,9.7,152,26.6,0.0,1.48,7.3,167,1.48,0.08,,,,19.1,,unavailable (no satellite pass / dataset error),
71.3,Good,,2026-08-30T09:10:10Z,Seal Rocks,2026-08-30T04:00:00Z,2026-08-30T14:00,11.3,143,29.2,0.0,1.48,7.3,168,1.48,0.08,,,,19.1,,unavailable (no satellite pass / dataset error),
70.2,Good,,2026-08-30T09:10:10Z,Seal Rocks,2026-08-30T05:00:00Z,2026-08-30T15:00,12.1,155,30.2,0.0,1.5,7.3,168,1.5,0.08,,,,19.2,,unavailable (no satellite pass / dataset error),
71.9,Good,,2026-08-30T09:10:10Z,Seal Rocks,2026-08-30T06:00:00Z,2026-08-30T16:00,10.6,162,29.2,0.0,1.5,7.3,169,1.5,0.08,,,,19.2,,unavailable (no satellite pass / dataset error),
74.9,Good,,2026-08-30T09:10:10Z,Seal Rocks,2026-08-30T07:00:00Z,2026-08-30T17:00,7.8,158,24.5,0.0,1.5,7.3,169,1.52,0.08,,,,19.2,,unavailable (no satellite pass / dataset error),
78.1,Good,,2026-08-30T09:10:10Z,Seal Rocks,2026-08-30T08:00:00Z,2026-08-30T18:00,5.0,150,14.4,0.0,1.52,7.35,170,1.52,0.08,,,,19.2,,unavailable (no satellite pass / dataset error),
80.0,Excellent,,2026-08-30T09:10:10Z,Seal Rocks,2026-08-30T09:00:00Z,2026-08-30T19:00,3.1,152,8.3,0.0,1.52,7.4,170,1.54,0.08,,,,19.1,,unavailable (no satellite pass / dataset error),
81.5,Excellent,,2026-08-30T09:10:10Z,Forster,2026-08-27T14:00:00Z,2026-08-28T00:00,6.1,272,11.5,0.0,0.8,6.55,159,1.08,0.0,,,,19.2,,unavailable (no satellite pass / dataset error),
80.0,Excellent,,2026-08-30T09:10:10Z,Forster,2026-08-27T15:00:00Z,2026-08-28T01:00,7.4,274,12.2,0.0,0.72,6.85,160,1.08,0.0,,,,19.1,,unavailable (no satellite pass / dataset error),
79.6,Good,,2026-08-30T09:10:10Z,Forster,2026-08-27T16:00:00Z,2026-08-28T02:00,7.6,278,13.0,0.0,0.82,7.15,157,1.1,0.0,,,,19.1,,unavailable (no satellite pass / dataset error),
79.5,Good,,2026-08-30T09:10:10Z,Forster,2026-08-27T17:00:00Z,2026-08-28T03:00,7.7,279,12.6,0.0,0.92,7.5,153,1.1,0.0,,,,19.1,,unavailable (no satellite pass / dataset error),
81.7,Excellent,,2026-08-30T09:10:10Z,Forster,2026-08-27T18:00:00Z,2026-08-28T04:00,5.6,291,13.0,0.0,1.02,7.85,150,1.12,0.0,,,,19.1,,unavailable (no satellite pass / dataset error),
78.6,Good,,2026-08-30T09:10:10Z,Forster,2026-08-27T19:00:00Z,2026-08-28T05:00,8.1,282,13.7,0.0,1.02,8.3,151,1.14,0.0,,,,19.1,,unavailable (no satellite pass / dataset error),
79.2,Good,,2026-08-30T09:10:10Z,Forster,2026-08-27T20:00:00Z,2026-08-28T06:00,7.4,277,14.0,0.0,1.02,8.7,153,1.16,0.0,,,,19.1,,unavailable (no satellite pass / dataset error),
79.8,Good,,2026-08-30T09:10:10Z,Forster,2026-08-27T21:00:00Z,2026-08-28T07:00,6.7,276,14.0,0.0,1.02,8.95,154,1.18,0.0,,,,19.2,,unavailable (no satellite pass / dataset error),
80.5,Excellent,,2026-08-30T09:10:10Z,Forster,2026-08-27T22:00:00Z,2026-08-28T08:00,5.9,281,15.1,0.0,1.06,8.8,153,1.2,0.0,,,,19.2,,unavailable (no satellite pass / dataset error),
83.1,Excellent,,2026-08-30T09:10:10Z,Forster,2026-08-27T23:00:00Z,2026-08-28T09:00,3.6,273,15.1,0.0,1.12,8.4,151,1.2,0.0,,,,19.2,,unavailable (no satellite pass / dataset error),
86.0,Excellent,,2026-08-30T09:10:10Z,Forster,2026-08-28T00:00:00Z,2026-08-28T10:00,0.9,281,13.7,0.0,1.16,8.2,150,1.22,0.0,,,,19.2,,unavailable (no satellite pass / dataset error),
84.7,Excellent,,2026-08-30T09:10:10Z,Forster,2026-08-28T01:00:00Z,2026-08-28T11:00,2.0,117,11.9,0.0,1.14,8.35,151,1.22,0.0,,,,19.3,,unavailable (no satellite pass / dataset error),
82.8,Excellent,,2026-08-30T09:10:10Z,Forster,2026-08-28T02:00:00Z,2026-08-28T12:00,3.7,125,14.4,0.0,1.12,8.65,151,1.22,0.0,,,,19.3,,unavailable (no satellite pass / dataset error),
74.5,Good,,2026-08-30T09:10:10Z,Forster,2026-08-28T03:00:00Z,2026-08-28T13:00,10.9,97,27.7,0.0,1.1,8.9,152,1.22,0.0,,,,19.4,,unavailable (no satellite pass / dataset error),
72.6,Good,,2026-08-30T09:10:10Z,Forster,2026-08-28T04:00:00Z,2026-08-28T14:00,12.8,95,32.4,0.0,1.08,8.95,151,1.2,0.04,,,,19.4,,unavailable (no satellite pass / dataset error),
73.1,Good,,2026-08-30T09:10:10Z,Forster,2026-08-28T05:00:00Z,2026-08-28T15:00,12.5,97,32.8,0.0,1.06,8.9,150,1.18,0.08,,,,19.5,,unavailable (no satellite pass / dataset error),
76.5,Good,,2026-08-30T09:10:10Z,Forster,2026-08-28T06:00:00Z,2026-08-28T16:00,9.7,91,29.5,0.0,1.04,8.8,149,1.16,0.12,,,,19.5,,unavailable (no satellite pass / dataset error),
78.7,Good,,2026-08-30T09:10:10Z,Forster,2026-08-28T07:00:00Z,2026-08-28T17:00,7.8,97,22.0,0.0,1.06,8.5,148,1.16,0.12,,,,19.5,,unavailable (no satellite pass / dataset error),
79.8,Good,,2026-08-30T09:10:10Z,Forster,2026-08-28T08:00:00Z,2026-08-28T18:00,7.0,100,14.8,0.0,1.08,8.1,148,1.14,0.1,,,,19.4,,unavailable (no satellite pass / dataset error),
82.4,Excellent,,2026-08-30T09:10:10Z,Forster,2026-08-28T09:00:00Z,2026-08-28T19:00,4.8,101,11.2,0.0,1.1,7.9,147,1.14,0.1,,,,19.4,,unavailable (no satellite pass / dataset error),
83.7,Excellent,,2026-08-30T09:10:10Z,Forster,2026-08-28T10:00:00Z,2026-08-28T20:00,3.6,90,6.8,0.0,1.06,8.05,148,1.14,0.08,,,,19.3,,unavailable (no satellite pass / dataset error),
84.3,Excellent,,2026-08-30T09:10:10Z,Forster,2026-08-28T11:00:00Z,2026-08-28T21:00,3.3,103,5.0,0.0,1.02,8.35,149,1.12,0.06,,,,19.3,,unavailable (no satellite pass / dataset error),
84.5,Excellent,,2026-08-30T09:10:10Z,Forster,2026-08-28T12:00:00Z,2026-08-28T22:00,3.1,126,5.0,0.0,0.98,8.6,150,1.12,0.04,,,,19.3,,unavailable (no satellite pass / dataset error),
86.2,Excellent,,2026-08-30T09:10:10Z,Forster,2026-08-28T13:00:00Z,2026-08-28T23:00,1.8,191,4.3,0.0,0.96,8.65,150,1.1,0.04,,,,19.3,,unavailable (no satellite pass / dataset error),
85.2,Excellent,,2026-08-30T09:10:10Z,Forster,2026-08-28T14:00:00Z,2026-08-29T00:00,2.7,233,4.7,0.0,0.96,8.65,149,1.1,0.06,,,,19.2,,unavailable (no satellite pass / dataset error),
83.5,Excellent,,2026-08-30T09:10:10Z,Forster,2026-08-28T15:00:00Z,2026-08-29T01:00,4.4,251,6.5,0.0,0.94,8.55,149,1.08,0.06,,,,19.2,,unavailable (no satellite pass / dataset error),
80.2,Excellent,,2026-08-30T09:10:10Z,Forster,2026-08-28T16:00:00Z,2026-08-29T02:00,7.1,254,12.2,0.1,0.96,8.3,148,1.08,0.06,,,,19.2,,unavailable (no satellite pass / dataset error),
81.3,Excellent,,2026-08-30T09:10:10Z,Forster,2026-08-28T17:00:00Z,2026-08-29T03:00,6.3,257,11.9,0.0,1.0,8.0,147,1.06,0.04,,,,19.2,,unavailable (no satellite pass / dataset error),
79.8,Good,,2026-08-30T09:10:10Z,Forster,2026-08-28T18:00:00Z,2026-08-29T04:00,7.6,242,17.6,0.0,1.02,7.75,146,1.06,0.04,,,,19.2,,unavailable (no satellite pass / dataset error),
76.5,Good,,2026-08-30T09:10:10Z,Forster,2026-08-28T19:00:00Z,2026-08-29T05:00,10.5,235,18.4,0.0,1.02,7.65,146,1.06,0.08,,,,19.2,,unavailable (no satellite pass / dataset error),
77.3,Good,,2026-08-30T09:10:10Z,Forster,2026-08-28T20:00:00Z,2026-08-29T06:00,9.8,240,18.4,0.0,1.02,7.6,145,1.06,0.1,,,,19.2,,unavailable (no satellite pass / dataset error),
77.4,Good,,2026-08-30T09:10:10Z,Forster,2026-08-28T21:00:00Z,2026-08-29T07:00,9.7,255,17.6,0.0,1.02,7.6,145,1.06,0.14,,,,19.2,,unavailable (no satellite pass / dataset error),
78.2,Good,,2026-08-30T09:10:10Z,Forster,2026-08-28T22:00:00Z,2026-08-29T08:00,8.3,250,18.7,0.0,1.1,7.75,144,1.14,0.16,,,,19.2,,unavailable (no satellite pass / dataset error),
75.5,Good,,2026-08-30T09:10:10Z,Forster,2026-08-28T23:00:00Z,2026-08-29T09:00,9.6,203,23.8,0.1,1.18,7.9,142,1.24,0.2,,,,19.2,,unavailable (no satellite pass / dataset error),
72.6,Good,,2026-08-30T09:10:10Z,Forster,2026-08-29T00:00:00Z,2026-08-29T10:00,10.6,189,24.8,0.5,1.26,8.05,141,1.32,0.22,,,,19.2,,unavailable (no satellite pass / dataset error),
69.8,Good,,2026-08-30T09:10:10Z,Forster,2026-08-29T01:00:00Z,2026-08-29T11:00,13.5,176,32.8,0.1,1.16,8.05,143,1.26,0.26,,,,19.2,,unavailable (no satellite pass / dataset error),
68.8,Good,,2026-08-30T09:10:10Z,Forster,2026-08-29T02:00:00Z,2026-08-29T12:00,14.6,171,35.3,0.1,1.04,7.95,144,1.22,0.3,,,,19.3,,unavailable (no satellite pass / dataset error),
66.7,Good,,2026-08-30T09:10:10Z,Forster,2026-08-29T03:00:00Z,2026-08-29T13:00,17.0,170,39.6,0.0,0.94,7.9,146,1.16,0.34,,,,19.3,,unavailable (no satellite pass / dataset error),
66.6,Good,,2026-08-30T09:10:10Z,Forster,2026-08-29T04:00:00Z,2026-08-29T14:00,16.8,178,40.7,0.2,0.92,8.0,146,1.16,0.38,,,,19.3,,unavailable (no satellite pass / dataset error),
67.4,Good,,2026-08-30T09:10:10Z,Forster,2026-08-29T05:00:00Z,2026-08-29T15:00,15.8,173,38.2,0.1,0.9,8.1,147,1.18,0.44,,,,19.3,,unavailable (no satellite pass / dataset error),
68.5,Good,,2026-08-30T09:10:10Z,Forster,2026-08-29T06:00:00Z,2026-08-29T16:00,14.8,175,36.4,0.0,0.88,8.05,147,1.18,0.48,,,,19.3,,unavailable (no satellite pass / dataset error),
72.2,Good,,2026-08-30T09:10:10Z,Forster,2026-08-29T07:00:00Z,2026-08-29T17:00,11.2,180,33.8,0.0,1.0,7.6,148,1.22,0.4,,,,19.3,,unavailable (no satellite pass / dataset error),
73.8,Good,,2026-08-30T09:10:10Z,Forster,2026-08-29T08:00:00Z,2026-08-29T18:00,9.4,183,21.6,0.0,1.12,7.0,149,1.26,0.3,,,,19.3,,unavailable (no satellite pass / dataset error),
74.4,Good,,2026-08-30T09:10:10Z,Forster,2026-08-29T09:00:00Z,2026-08-29T19:00,8.5,193,15.8,0.0,1.24,6.65,150,1.3,0.22,,,,19.3,,unavailable (no satellite pass / dataset error),
75.9,Good,,2026-08-30T09:10:10Z,Forster,2026-08-29T10:00:00Z,2026-08-29T20:00,7.6,202,14.0,0.0,1.16,6.9,150,1.26,0.16,,,,19.3,,unavailable (no satellite pass / dataset error),
78.4,Good,,2026-08-30T09:10:10Z,Forster,2026-08-29T11:00:00Z,2026-08-29T21:00,5.6,230,12.2,0.0,1.08,7.35,149,1.24,0.08,,,,19.2,,unavailable (no satellite pass / dataset error),
76.7,Good,,2026-08-30T09:10:10Z,Forster,2026-08-29T12:00:00Z,2026-08-29T22:00,7.4,269,12.6,0.0,1.0,7.7,149,1.2,0.02,,,,19.2,,unavailable (no satellite pass / dataset error),
75.5,Good,,2026-08-30T09:10:10Z,Forster,2026-08-29T13:00:00Z,2026-08-29T23:00,8.9,276,15.1,0.0,0.96,7.65,149,1.16,0.02,,,,19.2,,unavailable (no satellite pass / dataset error),
77.5,Good,,2026-08-30T09:10:10Z,Forster,2026-08-29T14:00:00Z,2026-08-30T00:00,7.7,279,14.4,0.0,0.94,7.45,150,1.1,0.02,,,,19.2,,unavailable (no satellite pass / dataset error),
77.3,Good,,2026-08-30T09:10:10Z,Forster,2026-08-29T15:00:00Z,2026-08-30T01:00,8.2,279,12.6,0.0,0.9,7.2,150,1.06,0.02,,,,19.2,,unavailable (no satellite pass / dataset error),
77.8,Good,,2026-08-30T09:10:10Z,Forster,2026-08-29T16:00:00Z,2026-08-30T02:00,8.1,271,13.7,0.0,0.9,6.95,152,1.04,0.02,,,,19.2,,unavailable (no satellite pass / dataset error),
77.8,Good,,2026-08-30T09:10:10Z,Forster,2026-08-29T17:00:00Z,2026-08-30T03:00,8.5,272,14.0,0.0,0.88,6.75,154,1.0,0.04,,,,19.2,,unavailable (no satellite pass / dataset error),
79.8,Good,,2026-08-30T09:10:10Z,Forster,2026-08-29T18:00:00Z,2026-08-30T04:00,6.9,284,14.4,0.0,0.88,6.6,156,0.98,0.04,,,,19.2,,unavailable (no satellite pass / dataset error),
78.1,Good,,2026-08-30T09:10:10Z,Forster,2026-08-29T19:00:00Z,2026-08-30T05:00,8.6,282,14.4,0.0,0.86,6.7,156,0.96,0.04,,,,19.2,,unavailable (no satellite pass / dataset error),
78.3,Good,,2026-08-30T09:10:10Z,Forster,2026-08-29T20:00:00Z,2026-08-30T06:00,8.6,278,14.8,0.0,0.86,6.9,156,0.94,0.04,,,,19.2,,unavailable (no satellite pass / dataset error),
78.8,Good,,2026-08-30T09:10:10Z,Forster,2026-08-29T21:00:00Z,2026-08-30T07:00,8.4,277,16.6,0.0,0.84,6.9,156,0.92,0.04,,,,19.2,,unavailable (no satellite pass / dataset error),
80.6,Excellent,,2026-08-30T09:10:10Z,Forster,2026-08-29T22:00:00Z,2026-08-30T08:00,6.8,281,16.6,0.0,0.82,6.45,153,0.92,0.06,,,,19.2,,unavailable (no satellite pass / dataset error),
81.9,Excellent,,2026-08-30T09:10:10Z,Forster,2026-08-29T23:00:00Z,2026-08-30T09:00,6.0,267,18.0,0.0,0.78,5.8,150,0.9,0.08,,,,19.3,,unavailable (no satellite pass / dataset error),
81.9,Excellent,,2026-08-30T09:10:10Z,Forster,2026-08-30T00:00:00Z,2026-08-30T10:00,6.7,199,21.2,0.0,0.76,5.3,147,0.9,0.1,,,,19.3,,unavailable (no satellite pass / dataset error),
81.5,Excellent,,2026-08-30T09:10:10Z,Forster,2026-08-30T01:00:00Z,2026-08-30T11:00,7.2,184,20.5,0.0,0.76,5.2,147,0.9,0.08,,,,19.3,,unavailable (no satellite pass / dataset error),
81.7,Excellent,,2026-08-30T09:10:10Z,Forster,2026-08-30T02:00:00Z,2026-08-30T12:00,7.4,167,21.6,0.0,0.76,5.25,148,0.88,0.06,,,,19.3,,unavailable (no satellite pass / dataset error),
79.8,Good,,2026-08-30T09:10:10Z,Forster,2026-08-30T03:00:00Z,2026-08-30T13:00,9.0,143,23.8,0.0,0.76,5.3,148,0.88,0.04,,,,19.4,,unavailable (no satellite pass / dataset error),
76.2,Good,,2026-08-30T09:10:10Z,Forster,2026-08-30T04:00:00Z,2026-08-30T14:00,12.5,135,31.0,0.0,0.74,5.3,148,0.88,0.06,,,,19.4,,unavailable (no satellite pass / dataset error),
76.1,Good,,2026-08-30T09:10:10Z,Forster,2026-08-30T05:00:00Z,2026-08-30T15:00,12.9,127,31.7,0.0,0.74,5.35,147,0.86,0.06,,,,19.4,,unavailable (no satellite pass / dataset error),
78.9,Good,,2026-08-30T09:10:10Z,Forster,2026-08-30T06:00:00Z,2026-08-30T16:00,10.4,134,31.0,0.0,0.72,5.35,147,0.86,0.08,,,,19.4,,unavailable (no satellite pass / dataset error),
83.6,Excellent,,2026-08-30T09:10:10Z,Forster,2026-08-30T07:00:00Z,2026-08-30T17:00,6.3,143,23.8,0.0,0.72,5.35,146,0.86,0.06,,,,19.4,,unavailable (no satellite pass / dataset error),
85.8,Excellent,,2026-08-30T09:10:10Z,Forster,2026-08-30T08:00:00Z,2026-08-30T18:00,4.4,161,11.5,0.0,0.72,5.3,146,0.86,0.04,,,,19.4,,unavailable (no satellite pass / dataset error),
88.1,Excellent,,2026-08-30T09:10:10Z,Forster,2026-08-30T09:00:00Z,2026-08-30T19:00,2.4,222,6.1,0.0,0.72,5.3,145,0.86,0.02,,,,19.4,,unavailable (no satellite pass / dataset error),
91.5,Excellent,Great,2026-08-30T10:49:05Z,Williamstown,2026-08-30T10:00:00Z,2026-08-30T20:00,7.3,173,13.0,0.0,0.32,4.0,197,0.36,0.02,0.0,90,-0.33,13.4,,unavailable (no satellite pass / dataset error),
72.8,Good,Getting rough,2026-08-30T10:49:05Z,Robe,2026-08-30T10:00:00Z,2026-08-30T20:00,6.6,169,10.8,0.0,2.62,10.25,221,2.76,0.04,0.6,342,-0.43,14.3,,unavailable (no satellite pass / dataset error),
71.2,Good,Getting rough,2026-08-30T10:49:05Z,Cape Bridgewater,2026-08-30T10:00:00Z,2026-08-30T20:00,9.0,233,17.3,0.0,2.6,9.9,220,2.6,0.12,0.5,315,-0.4,15.0,,unavailable (no satellite pass / dataset error),
75.6,Good,Getting rough,2026-08-30T10:49:05Z,Portland Bay,2026-08-30T10:00:00Z,2026-08-30T20:00,5.2,254,9.0,0.0,2.32,9.85,217,2.34,0.12,0.4,333,-0.39,14.9,,unavailable (no satellite pass / dataset error),
65.5,Good,Getting rough,2026-08-30T10:49:05Z,Bay of Islands,2026-08-27T14:00:00Z,2026-08-28T00:00,14.7,321,24.8,0.0,1.68,8.35,248,2.0,0.48,0.6,108,-0.03,14.3,,unavailable (no satellite pass / dataset error),
64.1,Good,Getting rough,2026-08-30T10:49:05Z,Bay of Islands,2026-08-27T15:00:00Z,2026-08-28T01:00,15.6,320,25.2,0.0,1.72,8.35,248,2.06,0.48,0.6,124,-0.06,14.3,,unavailable (no satellite pass / dataset error),
62.2,Good,Getting rough,2026-08-30T10:49:05Z,Bay of Islands,2026-08-27T16:00:00Z,2026-08-28T02:00,16.7,324,27.0,0.0,1.74,8.25,248,2.1,0.48,0.8,117,-0.13,14.3,,unavailable (no satellite pass / dataset error),
61.3,Good,Getting rough,2026-08-30T10:49:05Z,Bay of Islands,2026-08-27T17:00:00Z,2026-08-28T03:00,17.0,330,27.7,0.0,1.74,8.15,249,2.16,0.5,0.8,117,-0.2,14.3,,unavailable (no satellite pass / dataset error),
59.6,Fair,Getting rough,2026-08-30T10:49:05Z,Bay of Islands,2026-08-27T18:00:00Z,2026-08-28T04:00,18.0,327,28.1,0.0,1.76,8.1,249,2.2,0.5,1.0,112,-0.28,14.3,,unavailable (no satellite pass / dataset error),
59.1,Fair,Getting rough,2026-08-30T10:49:05Z,Bay of Islands,2026-08-27T19:00:00Z,2026-08-28T05:00,18.1,322,29.9,0.0,1.78,8.05,249,2.24,0.48,1.0,112,-0.33,14.3,,unavailable (no satellite pass / dataset error),
59.3,Fair,Getting rough,2026-08-30T10:49:05Z,Bay of Islands,2026-08-27T20:00:00Z,2026-08-28T06:00,17.2,315,29.5,0.0,1.82,8.05,249,2.3,0.44,1.0,112,-0.33,14.3,,unavailable (no satellite pass / dataset error),
58.4,Fair,Getting rough,2026-08-30T10:49:05Z,Bay of Islands,2026-08-27T21:00:00Z,2026-08-28T07:00,18.5,310,29.9,0.0,1.84,8.15,249,2.34,0.42,0.7,104,-0.29,14.3,,unavailable (no satellite pass / dataset error),
56.4,Fair,Getting rough,2026-08-30T10:49:05Z,Bay of Islands,2026-08-27T22:00:00Z,2026-08-28T08:00,20.3,310,33.8,0.0,1.94,8.35,248,2.38,0.36,0.7,104,-0.19,14.3,,unavailable (no satellite pass / dataset error),
54.4,Fair,Getting rough,2026-08-30T10:49:05Z,Bay of Islands,2026-08-27T23:00:00Z,2026-08-28T09:00,22.3,291,36.4,0.1,2.06,8.7,247,2.44,0.32,0.5,90,-0.04,14.3,,unavailable (no satellite pass / dataset error),
55.0,Fair,Getting rough,2026-08-30T10:49:05Z,Bay of Islands,2026-08-28T00:00:00Z,2026-08-28T10:00,20.7,290,40.0,0.5,2.16,9.35,246,2.48,0.26,0.4,90,0.11,14.3,,unavailable (no satellite pass / dataset error),
60.4,Good,Getting rough,2026-08-30T10:49:05Z,Bay of Islands,2026-08-28T01:00:00Z,2026-08-28T11:00,13.6,262,35.3,0.8,2.14,10.6,246,2.5,0.24,0.3,45,0.23,14.3,,unavailable (no satellite pass / dataset error),
60.7,Good,Getting rough,2026-08-30T10:49:05Z,Bay of Islands,2026-08-28T02:00:00Z,2026-08-28T12:00,13.1,214,24.1,0.1,2.1,12.15,245,2.54,0.22,0.3,45,0.31,14.3,,unavailable (no satellite pass / dataset error),
60.9,Good,Getting rough,2026-08-30T10:49:05Z,Bay of Islands,2026-08-28T03:00:00Z,2026-08-28T13:00,12.9,212,25.9,0.0,2.08,13.05,245,2.56,0.2,0.3,45,0.31,14.4,,unavailable (no satellite pass / dataset error),
60.1,Good,Getting rough,2026-08-30T10:49:05Z,Bay of Islands,2026-08-28T04:00:00Z,2026-08-28T14:00,13.5,210,26.6,0.0,2.26,12.65,245,2.58,0.2,0.4,27,0.26,14.4,,unavailable (no satellite pass / dataset error),
59.8,Fair,Getting rough,2026-08-30T10:49:05Z,Bay of Islands,2026-08-28T05:00:00Z,2026-08-28T15:00,13.9,200,27.7,0.0,2.42,11.6,245,2.58,0.2,0.4,27,0.15,14.4,,unavailable (no satellite pass / dataset error),
59.9,Fair,Getting rough,2026-08-30T10:49:05Z,Bay of Islands,2026-08-28T06:00:00Z,2026-08-28T16:00,13.8,196,27.7,0.0,2.6,10.75,245,2.6,0.2,0.4,27,0.02,14.4,,unavailable (no satellite pass / dataset error),
63.7,Good,Getting rough,2026-08-30T10:49:05Z,Bay of Islands,2026-08-28T07:00:00Z,2026-08-28T17:00,9.8,208,25.9,0.0,2.6,10.5,245,2.6,0.18,0.3,45,-0.11,14.4,,unavailable (no satellite pass / dataset error),
67.7,Good,Getting rough,2026-08-30T10:49:05Z,Bay of Islands,2026-08-28T08:00:00Z,2026-08-28T18:00,5.5,232,17.3,0.0,2.58,10.5,244,2.58,0.16,0.2,90,-0.2,14.4,,unavailable (no satellite pass / dataset error),
67.7,Good,Getting rough,2026-08-30T10:49:05Z,Bay of Islands,2026-08-28T09:00:00Z,2026-08-28T19:00,5.6,253,9.0,0.0,2.58,10.5,244,2.58,0.14,0.2,90,-0.26,14.4,,unavailable (no satellite pass / dataset error),
66.7,Good,Getting rough,2026-08-30T10:49:05Z,Bay of Islands,2026-08-28T10:00:00Z,2026-08-28T20:00,6.7,236,10.8,0.0,2.56,10.45,243,2.58,0.12,0.2,90,-0.26,14.3,,unavailable (no satellite pass / dataset error),
66.3,Good,Getting rough,2026-08-30T10:49:05Z,Bay of Islands,2026-08-28T11:00:00Z,2026-08-28T21:00,7.6,227,12.6,0.0,2.56,10.35,243,2.56,0.1,0.0,90,-0.2,14.3,,unavailable (no satellite pass / dataset error),
67.7,Good,Getting rough,2026-08-30T10:49:05Z,Bay of Islands,2026-08-28T12:00:00Z,2026-08-28T22:00,6.1,251,12.2,0.0,2.54,10.3,242,2.56,0.08,0.0,90,-0.12,14.3,,unavailable (no satellite pass / dataset error),
67.0,Good,Getting rough,2026-08-30T10:49:05Z,Bay of Islands,2026-08-28T13:00:00Z,2026-08-28T23:00,6.9,261,11.2,0.0,2.54,10.25,241,2.54,0.1,0.0,90,-0.05,14.3,,unavailable (no satellite pass / dataset error),
65.3,Good,Getting rough,2026-08-30T10:49:05Z,Bay of Islands,2026-08-28T14:00:00Z,2026-08-29T00:00,8.8,251,14.0,0.0,2.52,10.15,241,2.54,0.14,0.0,90,-0.02,14.2,,unavailable (no satellite pass / dataset error),
64.0,Good,Getting rough,2026-08-30T10:49:05Z,Bay of Islands,2026-08-28T15:00:00Z,2026-08-29T01:00,10.2,244,16.6,0.0,2.52,10.0,240,2.52,0.16,0.0,90,-0.04,14.2,,unavailable (no satellite pass / dataset error),
62.9,Good,Getting rough,2026-08-30T10:49:05Z,Bay of Islands,2026-08-28T16:00:00Z,2026-08-29T02:00,10.9,243,17.6,0.0,2.42,9.6,238,2.5,0.2,0.2,90,-0.1,14.2,,unavailable (no satellite pass / dataset error),
61.2,Good,Getting rough,2026-08-30T10:49:05Z,Bay of Islands,2026-08-28T17:00:00Z,2026-08-29T03:00,12.3,239,20.2,0.0,2.3,9.05,237,2.5,0.24,0.4,90,-0.2,14.2,,unavailable (no satellite pass / dataset error),
61.4,Good,Getting rough,2026-08-30T10:49:05Z,Bay of Islands,2026-08-28T18:00:00Z,2026-08-29T04:00,12.3,233,22.7,0.0,2.2,8.75,235,2.48,0.28,0.4,90,-0.3,14.2,,unavailable (no satellite pass / dataset error),
62.1,Good,Getting rough,2026-08-30T10:49:05Z,Bay of Islands,2026-08-28T19:00:00Z,2026-08-29T05:00,11.8,231,21.2,0.0,2.26,8.85,235,2.46,0.28,0.4,90,-0.39,14.2,,unavailable (no satellite pass / dataset error),
63.9,Good,Getting rough,2026-08-30T10:49:05Z,Bay of Islands,2026-08-28T20:00:00Z,2026-08-29T06:00,9.9,238,19.8,0.0,2.32,9.1,236,2.42,0.28,0.5,90,-0.43,14.2,,unavailable (no satellite pass / dataset error),
63.7,Good,Getting rough,2026-08-30T10:49:05Z,Bay of Islands,2026-08-28T21:00:00Z,2026-08-29T07:00,10.6,244,17.3,0.0,2.38,9.3,236,2.4,0.28,0.4,90,-0.42,14.2,,unavailable (no satellite pass / dataset error),
62.4,Good,Getting rough,2026-08-30T10:49:05Z,Bay of Islands,2026-08-28T22:00:00Z,2026-08-29T08:00,12.3,241,20.5,0.0,2.36,9.3,236,2.38,0.28,0.4,63,-0.34,14.3,,unavailable (no satellite pass / dataset error),
61.2,Good,Getting rough,2026-08-30T10:49:05Z,Bay of Islands,2026-08-28T23:00:00Z,2026-08-29T09:00,14.0,241,25.9,0.0,2.34,9.2,235,2.36,0.26,0.4,63,-0.21,14.3,,unavailable (no satellite pass / dataset error),
62.4,Good,Getting rough,2026-08-30T10:49:05Z,Bay of Islands,2026-08-29T00:00:00Z,2026-08-29T10:00,13.9,247,27.4,0.0,2.32,9.15,235,2.34,0.26,0.3,45,-0.04,14.3,,unavailable (no satellite pass / dataset error),
63.0,Good,Getting rough,2026-08-30T10:49:05Z,Bay of Islands,2026-08-29T01:00:00Z,2026-08-29T11:00,14.3,249,27.4,0.0,2.32,9.1,235,2.34,0.28,0.3,45,0.11,14.3,,unavailable (no satellite pass / dataset error),
62.4,Good,Getting rough,2026-08-30T10:49:05Z,Bay of Islands,2026-08-29T02:00:00Z,2026-08-29T12:00,15.3,251,28.8,0.0,2.3,9.1,234,2.32,0.28,0.3,45,0.21,14.3,,unavailable (no satellite pass / dataset error),
61.4,Good,Getting rough,2026-08-30T10:49:05Z,Bay of Islands,2026-08-29T03:00:00Z,2026-08-29T13:00,16.7,246,32.0,0.0,2.3,9.1,234,2.32,0.3,0.2,0,0.24,14.3,,unavailable (no satellite pass / dataset error),
61.2,Good,Getting rough,2026-08-30T10:49:05Z,Bay of Islands,2026-08-29T04:00:00Z,2026-08-29T14:00,16.7,246,32.4,0.0,2.3,9.1,234,2.32,0.32,0.3,45,0.2,14.3,,unavailable (no satellite pass / dataset error),
61.3,Good,Getting rough,2026-08-30T10:49:05Z,Bay of Islands,2026-08-29T05:00:00Z,2026-08-29T15:00,16.3,251,31.7,0.0,2.3,9.1,233,2.34,0.34,0.3,45,0.1,14.3,,unavailable (no satellite pass / dataset error),
61.7,Good,Getting rough,2026-08-30T10:49:05Z,Bay of Islands,2026-08-29T06:00:00Z,2026-08-29T16:00,15.6,259,30.6,0.0,2.3,9.1,233,2.34,0.36,0.4,63,-0.03,14.3,,unavailable (no satellite pass / dataset error),
62.3,Good,Getting rough,2026-08-30T10:49:05Z,Bay of Islands,2026-08-29T07:00:00Z,2026-08-29T17:00,14.5,258,28.4,0.0,2.34,9.15,232,2.38,0.38,0.4,63,-0.17,14.3,,unavailable (no satellite pass / dataset error),
64.6,Good,Getting rough,2026-08-30T10:49:05Z,Bay of Islands,2026-08-29T08:00:00Z,2026-08-29T18:00,11.3,261,24.8,0.0,2.4,9.2,232,2.44,0.4,0.4,90,-0.27,14.3,,unavailable (no satellite pass / dataset error),
62.5,Good,Getting rough,2026-08-30T10:49:05Z,Bay of Islands,2026-08-29T09:00:00Z,2026-08-29T19:00,13.2,253,21.6,0.0,2.44,9.2,231,2.48,0.42,0.4,90,-0.32,14.3,,unavailable (no satellite pass / dataset error),
61.4,Good,Getting rough,2026-08-30T10:49:05Z,Bay of Islands,2026-08-29T10:00:00Z,2026-08-29T20:00,14.6,248,24.1,0.0,2.42,9.15,230,2.46,0.42,0.4,63,-0.3,14.3,,unavailable (no satellite pass / dataset error),
61.0,Good,Getting rough,2026-08-30T10:49:05Z,Bay of Islands,2026-08-29T11:00:00Z,2026-08-29T21:00,15.5,243,25.9,0.0,2.38,9.05,230,2.42,0.44,0.4,63,-0.23,14.3,,unavailable (no satellite pass / dataset error),
62.4,Good,Getting rough,2026-08-30T10:49:05Z,Bay of Islands,2026-08-29T12:00:00Z,2026-08-29T22:00,14.5,239,25.9,0.0,2.36,8.95,229,2.4,0.44,0.3,45,-0.13,14.3,,unavailable (no satellite pass / dataset error),
62.4,Good,Getting rough,2026-08-30T10:49:05Z,Bay of Islands,2026-08-29T13:00:00Z,2026-08-29T23:00,14.2,237,24.1,0.0,2.38,8.9,228,2.42,0.42,0.3,45,-0.02,14.3,,unavailable (no satellite pass / dataset error),
62.7,Good,Getting rough,2026-08-30T10:49:05Z,Bay of Islands,2026-08-29T14:00:00Z,2026-08-30T00:00,13.7,240,23.8,0.0,2.4,8.85,228,2.46,0.42,0.2,0,0.05,14.3,,unavailable (no satellite pass / dataset error),
62.4,Good,Getting rough,2026-08-30T10:49:05Z,Bay of Islands,2026-08-29T15:00:00Z,2026-08-30T01:00,13.8,241,23.4,0.0,2.42,8.8,227,2.48,0.4,0.2,0,0.06,14.2,,unavailable (no satellite pass / dataset error),
62.3,Good,Getting rough,2026-08-30T10:49:05Z,Bay of Islands,2026-08-29T16:00:00Z,2026-08-30T02:00,13.7,240,23.0,0.0,2.44,8.8,227,2.5,0.4,0.2,0,0.0,14.2,,unavailable (no satellite pass / dataset error),
61.9,Good,Getting rough,2026-08-30T10:49:05Z,Bay of Islands,2026-08-29T17:00:00Z,2026-08-30T03:00,13.9,240,23.0,0.0,2.46,8.8,226,2.5,0.4,0.3,45,-0.1,14.2,,unavailable (no satellite pass / dataset error),
62.2,Good,Getting rough,2026-08-30T10:49:05Z,Bay of Islands,2026-08-29T18:00:00Z,2026-08-30T04:00,13.3,247,23.4,0.0,2.48,8.85,226,2.52,0.4,0.4,90,-0.23,14.2,,unavailable (no satellite pass / dataset error),
61.1,Good,Getting rough,2026-08-30T10:49:05Z,Bay of Islands,2026-08-29T19:00:00Z,2026-08-30T05:00,14.5,242,23.8,0.0,2.52,8.9,226,2.56,0.36,0.4,90,-0.36,14.2,,unavailable (no satellite pass / dataset error),
60.9,Good,Getting rough,2026-08-30T10:49:05Z,Bay of Islands,2026-08-29T20:00:00Z,2026-08-30T06:00,14.5,240,24.8,0.0,2.54,8.95,225,2.58,0.3,0.5,90,-0.44,14.2,,unavailable (no satellite pass / dataset error),
61.9,Good,Getting rough,2026-08-30T10:49:05Z,Bay of Islands,2026-08-29T21:00:00Z,2026-08-30T07:00,13.4,241,24.1,0.0,2.58,9.0,225,2.62,0.26,0.5,90,-0.45,14.2,,unavailable (no satellite pass / dataset error),
62.8,Good,Getting rough,2026-08-30T10:49:05Z,Bay of Islands,2026-08-29T22:00:00Z,2026-08-30T08:00,12.4,244,22.3,0.0,2.62,9.1,225,2.64,0.24,0.5,90,-0.4,14.2,,unavailable (no satellite pass / dataset error),
62.4,Good,Getting rough,2026-08-30T10:49:05Z,Bay of Islands,2026-08-29T23:00:00Z,2026-08-30T09:00,13.1,247,24.8,0.0,2.64,9.25,224,2.68,0.22,0.4,63,-0.29,14.2,,unavailable (no satellite pass / dataset error),
63.2,Good,Getting rough,2026-08-30T10:49:05Z,Bay of Islands,2026-08-30T00:00:00Z,2026-08-30T10:00,12.2,250,25.2,0.0,2.68,9.35,224,2.7,0.2,0.4,63,-0.13,14.2,,unavailable (no satellite pass / dataset error),
63.1,Good,Getting rough,2026-08-30T10:49:05Z,Bay of Islands,2026-08-30T01:00:00Z,2026-08-30T11:00,12.5,252,24.5,0.0,2.7,9.4,224,2.7,0.2,0.3,45,0.03,14.2,,unavailable (no satellite pass / dataset error),
62.0,Good,Getting rough,2026-08-30T10:49:05Z,Bay of Islands,2026-08-30T02:00:00Z,2026-08-30T12:00,13.8,255,27.0,0.0,2.7,9.45,224,2.72,0.22,0.3,45,0.15,14.2,,unavailable (no satellite pass / dataset error),
61.2,Good,Getting rough,2026-08-30T10:49:05Z,Bay of Islands,2026-08-30T03:00:00Z,2026-08-30T13:00,14.9,257,29.5,0.0,2.72,9.5,224,2.72,0.22,0.2,0,0.2,14.3,,unavailable (no satellite pass / dataset error),
60.2,Good,Getting rough,2026-08-30T10:49:05Z,Bay of Islands,2026-08-30T04:00:00Z,2026-08-30T14:00,16.1,256,31.0,0.0,2.72,9.55,224,2.72,0.28,0.2,0,0.17,14.3,,unavailable (no satellite pass / dataset error),
59.7,Fair,Getting rough,2026-08-30T10:49:05Z,Bay of Islands,2026-08-30T05:00:00Z,2026-08-30T15:00,16.6,254,31.7,0.0,2.7,9.6,224,2.72,0.32,0.2,0,0.07,14.3,,unavailable (no satellite pass / dataset error),
59.4,Fair,Getting rough,2026-08-30T10:49:05Z,Bay of Islands,2026-08-30T06:00:00Z,2026-08-30T16:00,16.7,252,31.7,0.0,2.7,9.65,224,2.72,0.38,0.3,45,-0.07,14.3,,unavailable (no satellite pass / dataset error),
60.2,Good,Getting rough,2026-08-30T10:49:05Z,Bay of Islands,2026-08-30T07:00:00Z,2026-08-30T17:00,15.8,247,31.0,0.0,2.7,9.7,224,2.72,0.36,0.3,45,-0.22,14.3,,unavailable (no satellite pass / dataset error),
61.5,Good,Getting rough,2026-08-30T10:49:05Z,Bay of Islands,2026-08-30T08:00:00Z,2026-08-30T18:00,14.1,243,29.2,0.0,2.7,9.7,225,2.72,0.36,0.4,63,-0.34,14.3,,unavailable (no satellite pass / dataset error),
61.9,Good,Getting rough,2026-08-30T10:49:05Z,Bay of Islands,2026-08-30T09:00:00Z,2026-08-30T19:00,13.6,238,24.1,0.0,2.7,9.7,225,2.72,0.34,0.4,90,-0.4,14.3,,unavailable (no satellite pass / dataset error),
63.2,Good,Getting rough,2026-08-30T10:49:05Z,Bay of Islands,2026-08-30T10:00:00Z,2026-08-30T20:00,12.2,236,23.8,0.0,2.7,9.7,225,2.72,0.28,0.4,90,-0.38,14.2,,unavailable (no satellite pass / dataset error),
66.2,Good,Getting rough,2026-08-30T10:49:05Z,Cape Otway Lightstation,2026-08-30T10:00:00Z,2026-08-30T20:00,13.0,264,30.2,0.0,3.04,10.0,226,3.08,0.48,1.5,83,-0.44,14.2,,unavailable (no satellite pass / dataset error),
66.3,Good,Getting rough,2026-08-30T10:49:05Z,Apollo Bay,2026-08-30T10:00:00Z,2026-08-30T20:00,14.6,261,31.7,0.0,2.98,10.0,227,3.06,0.58,0.8,63,-0.49,14.1,,unavailable (no satellite pass / dataset error),
84.5,Excellent,Bit dodgy,2026-08-30T10:49:05Z,Torquay,2026-08-30T10:00:00Z,2026-08-30T20:00,3.2,236,14.4,0.0,1.3,9.6,214,1.46,0.2,0.4,0,-0.62,13.6,,unavailable (no satellite pass / dataset error),
76.0,Good,Bit dodgy,2026-08-30T10:49:05Z,Port Phillip Heads (J5 Submarine),2026-08-30T10:00:00Z,2026-08-30T20:00,12.7,210,24.5,0.0,1.48,9.55,216,1.6,0.26,0.5,0,-0.64,13.6,,unavailable (no satellite pass / dataset error),
70.4,Good,Getting rough,2026-08-30T10:49:05Z,Blairgowrie Back Beach,2026-08-30T10:00:00Z,2026-08-30T20:00,14.6,215,26.3,0.0,1.86,10.05,227,2.06,0.44,0.4,27,-0.65,13.5,,unavailable (no satellite pass / dataset error),
67.3,Good,Getting rough,2026-08-30T10:49:05Z,Cape Schanck,2026-08-30T10:00:00Z,2026-08-30T20:00,16.4,232,28.1,0.0,2.12,9.5,228,2.22,0.68,0.6,18,-0.66,13.6,,unavailable (no satellite pass / dataset error),
54.9,Fair,Bit dodgy,2026-08-30T10:49:05Z,Wilsons Prom (West - Norman Bay),2026-08-30T10:00:00Z,2026-08-30T20:00,38.3,256,48.6,0.0,1.34,10.05,229,2.08,1.2,0.6,56,-0.71,13.6,,unavailable (no satellite pass / dataset error),
71.0,Good,Doable,2026-08-30T10:49:05Z,Wilsons Prom (East - Sealers Cove),2026-08-30T10:00:00Z,2026-08-30T20:00,20.3,264,44.3,0.0,0.82,10.35,232,1.58,1.1,0.2,90,-0.55,13.1,,unavailable (no satellite pass / dataset error),
91.1,Excellent,,2026-08-30T10:49:05Z,Eden,2026-08-27T14:00:00Z,2026-08-28T00:00,6.4,262,10.1,0.0,,,,,,0.4,153,-0.41,16.0,,unavailable (no satellite pass / dataset error),
88.9,Excellent,,2026-08-30T10:49:05Z,Eden,2026-08-27T15:00:00Z,2026-08-28T01:00,8.3,248,14.0,0.0,,,,,,0.4,153,-0.59,16.0,,unavailable (no satellite pass / dataset error),
87.3,Excellent,,2026-08-30T10:49:05Z,Eden,2026-08-27T16:00:00Z,2026-08-28T02:00,9.6,250,16.9,0.0,,,,,,0.4,153,-0.63,16.0,,unavailable (no satellite pass / dataset error),
86.6,Excellent,,2026-08-30T10:49:05Z,Eden,2026-08-27T17:00:00Z,2026-08-28T03:00,10.2,253,18.7,0.0,,,,,,0.4,153,-0.54,16.0,,unavailable (no satellite pass / dataset error),
86.2,Excellent,,2026-08-30T10:49:05Z,Eden,2026-08-27T18:00:00Z,2026-08-28T04:00,10.5,251,19.4,0.0,,,,,,0.4,153,-0.34,16.0,,unavailable (no satellite pass / dataset error),
86.0,Excellent,,2026-08-30T10:49:05Z,Eden,2026-08-27T19:00:00Z,2026-08-28T05:00,10.7,262,19.4,0.0,,,,,,0.4,153,-0.09,16.0,,unavailable (no satellite pass / dataset error),
86.2,Excellent,,2026-08-30T10:49:05Z,Eden,2026-08-27T20:00:00Z,2026-08-28T06:00,10.5,267,19.4,0.0,,,,,,0.4,153,0.14,16.0,,unavailable (no satellite pass / dataset error),
86.2,Excellent,,2026-08-30T10:49:05Z,Eden,2026-08-27T21:00:00Z,2026-08-28T07:00,10.5,273,18.7,0.0,,,,,,0.4,153,0.3,16.1,,unavailable (no satellite pass / dataset error),
88.4,Excellent,,2026-08-30T10:49:05Z,Eden,2026-08-27T22:00:00Z,2026-08-28T08:00,8.7,287,19.8,0.0,,,,,,0.4,153,0.34,16.1,,unavailable (no satellite pass / dataset error),
90.8,Excellent,,2026-08-30T10:49:05Z,Eden,2026-08-27T23:00:00Z,2026-08-28T09:00,6.7,294,18.4,0.0,,,,,,0.4,153,0.26,16.1,,unavailable (no satellite pass / dataset error),
91.1,Excellent,,2026-08-30T10:49:05Z,Eden,2026-08-28T00:00:00Z,2026-08-28T10:00,6.4,288,19.1,0.0,,,,,,0.4,153,0.08,16.1,,unavailable (no satellite pass / dataset error),
92.3,Excellent,,2026-08-30T10:49:05Z,Eden,2026-08-28T01:00:00Z,2026-08-28T11:00,5.4,264,19.4,0.0,,,,,,0.4,153,-0.14,16.2,,unavailable (no satellite pass / dataset error),
92.4,Excellent,,2026-08-30T10:49:05Z,Eden,2026-08-28T02:00:00Z,2026-08-28T12:00,5.3,215,19.4,0.0,,,,,,0.4,153,-0.34,16.2,,unavailable (no satellite pass / dataset error),
92.9,Excellent,,2026-08-30T10:49:05Z,Eden,2026-08-28T03:00:00Z,2026-08-28T13:00,4.9,163,19.8,0.0,,,,,,0.4,180,-0.45,16.3,,unavailable (no satellite pass / dataset error),
95.3,Excellent,,2026-08-30T10:49:05Z,Eden,2026-08-28T04:00:00Z,2026-08-28T14:00,2.9,79,19.4,0.0,,,,,,0.4,180,-0.44,16.4,,unavailable (no satellite pass / dataset error),
95.3,Excellent,,2026-08-30T10:49:05Z,Eden,2026-08-28T05:00:00Z,2026-08-28T15:00,2.9,68,13.3,0.0,,,,,,0.4,180,-0.3,16.4,,unavailable (no satellite pass / dataset error),
95.3,Excellent,,2026-08-30T10:49:05Z,Eden,2026-08-28T06:00:00Z,2026-08-28T16:00,2.9,68,11.9,0.0,,,,,,0.4,180,-0.07,16.5,,unavailable (no satellite pass / dataset error),
97.8,Excellent,,2026-08-30T10:49:05Z,Eden,2026-08-28T07:00:00Z,2026-08-28T17:00,0.8,45,9.0,0.0,,,,,,0.4,180,0.21,16.5,,unavailable (no satellite pass / dataset error),
97.5,Excellent,,2026-08-30T10:49:05Z,Eden,2026-08-28T08:00:00Z,2026-08-28T18:00,1.6,174,4.3,0.0,,,,,,0.2,180,0.48,16.5,,unavailable (no satellite pass / dataset error),
92.8,Excellent,,2026-08-30T10:49:05Z,Eden,2026-08-28T09:00:00Z,2026-08-28T19:00,5.5,221,10.1,0.0,,,,,,0.2,180,0.65,16.5,,unavailable (no satellite pass / dataset error),
89.5,Excellent,,2026-08-30T10:49:05Z,Eden,2026-08-28T10:00:00Z,2026-08-28T20:00,8.3,259,14.0,0.0,,,,,,0.2,180,0.69,16.4,,unavailable (no satellite pass / dataset error),
92.9,Excellent,,2026-08-30T10:49:05Z,Eden,2026-08-28T11:00:00Z,2026-08-28T21:00,6.0,261,14.0,0.0,,,,,,0.0,90,0.58,16.4,,unavailable (no satellite pass / dataset error),
94.9,Excellent,,2026-08-30T10:49:05Z,Eden,2026-08-28T12:00:00Z,2026-08-28T22:00,4.3,272,14.8,0.0,,,,,,0.0,90,0.34,16.4,,unavailable (no satellite pass / dataset error),
91.0,Excellent,,2026-08-30T10:49:05Z,Eden,2026-08-28T13:00:00Z,2026-08-28T23:00,7.6,274,13.3,0.0,,,,,,0.0,90,0.03,16.4,,unavailable (no satellite pass / dataset error),
90.5,Excellent,,2026-08-30T10:49:05Z,Eden,2026-08-28T14:00:00Z,2026-08-29T00:00,8.0,265,14.0,0.0,,,,,,0.0,90,-0.28,16.4,,unavailable (no satellite pass / dataset error),
92.3,Excellent,,2026-08-30T10:49:05Z,Eden,2026-08-28T15:00:00Z,2026-08-29T01:00,6.5,284,13.7,0.0,,,,,,0.0,90,-0.51,16.3,,unavailable (no satellite pass / dataset error),
91.9,Excellent,,2026-08-30T10:49:05Z,Eden,2026-08-28T16:00:00Z,2026-08-29T02:00,6.3,265,11.5,0.0,,,,,,0.2,180,-0.62,16.3,,unavailable (no satellite pass / dataset error),
90.8,Excellent,,2026-08-30T10:49:05Z,Eden,2026-08-28T17:00:00Z,2026-08-29T03:00,7.2,242,13.0,0.0,,,,,,0.2,180,-0.59,16.3,,unavailable (no satellite pass / dataset error),
91.9,Excellent,,2026-08-30T10:49:05Z,Eden,2026-08-28T18:00:00Z,2026-08-29T04:00,6.3,243,16.6,0.0,,,,,,0.2,180,-0.42,16.3,,unavailable (no satellite pass / dataset error),
89.6,Excellent,,2026-08-30T10:49:05Z,Eden,2026-08-28T19:00:00Z,2026-08-29T05:00,8.2,247,14.4,0.0,,,,,,0.2,180,-0.18,16.3,,unavailable (no satellite pass / dataset error),
86.5,Excellent,,2026-08-30T10:49:05Z,Eden,2026-08-28T20:00:00Z,2026-08-29T06:00,10.8,237,21.6,0.0,,,,,,0.2,180,0.08,16.3,,unavailable (no satellite pass / dataset error),
85.6,Excellent,,2026-08-30T10:49:05Z,Eden,2026-08-28T21:00:00Z,2026-08-29T07:00,11.6,235,24.5,0.0,,,,,,0.2,180,0.31,16.3,,unavailable (no satellite pass / dataset error),
81.0,Excellent,,2026-08-30T10:49:05Z,Eden,2026-08-28T22:00:00Z,2026-08-29T08:00,15.2,237,33.8,0.0,,,,,,0.3,135,0.43,16.3,,unavailable (no satellite pass / dataset error),
79.4,Good,,2026-08-30T10:49:05Z,Eden,2026-08-28T23:00:00Z,2026-08-29T09:00,16.5,240,38.5,0.0,,,,,,0.3,135,0.42,16.4,,unavailable (no satellite pass / dataset error),
85.5,Excellent,,2026-08-30T10:49:05Z,Eden,2026-08-29T00:00:00Z,2026-08-29T10:00,11.4,245,37.4,0.0,,,,,,0.3,135,0.28,16.4,,unavailable (no satellite pass / dataset error),
89.7,Excellent,,2026-08-30T10:49:05Z,Eden,2026-08-29T01:00:00Z,2026-08-29T11:00,7.9,243,28.1,0.0,,,,,,0.3,135,0.07,16.4,,unavailable (no satellite pass / dataset error),
90.9,Excellent,,2026-08-30T10:49:05Z,Eden,2026-08-29T02:00:00Z,2026-08-29T12:00,7.1,218,23.0,0.0,,,,,,0.2,180,-0.17,16.5,,unavailable (no satellite pass / dataset error),
92.5,Excellent,,2026-08-30T10:49:05Z,Eden,2026-08-29T03:00:00Z,2026-08-29T13:00,5.8,200,22.0,0.0,,,,,,0.2,180,-0.35,16.5,,unavailable (no satellite pass / dataset error),
95.1,Excellent,,2026-08-30T10:49:05Z,Eden,2026-08-29T04:00:00Z,2026-08-29T14:00,3.6,198,20.5,0.0,,,,,,0.2,180,-0.43,16.6,,unavailable (no satellite pass / dataset error),
96.6,Excellent,,2026-08-30T10:49:05Z,Eden,2026-08-29T05:00:00Z,2026-08-29T15:00,1.8,354,16.9,0.0,,,,,,0.4,180,-0.38,16.6,,unavailable (no satellite pass / dataset error),
91.1,Excellent,,2026-08-30T10:49:05Z,Eden,2026-08-29T06:00:00Z,2026-08-29T16:00,6.4,22,10.1,0.0,,,,,,0.4,180,-0.21,16.7,,unavailable (no satellite pass / dataset error),
90.7,Excellent,,2026-08-30T10:49:05Z,Eden,2026-08-29T07:00:00Z,2026-08-29T17:00,6.8,27,16.9,0.0,,,,,,0.4,153,0.05,16.7,,unavailable (no satellite pass / dataset error),
98.5,Excellent,,2026-08-30T10:49:05Z,Eden,2026-08-29T08:00:00Z,2026-08-29T18:00,0.2,360,12.6,0.0,,,,,,0.4,153,0.33,16.7,,unavailable (no satellite pass / dataset error),
94.1,Excellent,,2026-08-30T10:49:05Z,Eden,2026-08-29T09:00:00Z,2026-08-29T19:00,3.9,202,6.8,0.0,,,,,,0.4,153,0.56,16.6,,unavailable (no satellite pass / dataset error),
92.0,Excellent,,2026-08-30T10:49:05Z,Eden,2026-08-29T10:00:00Z,2026-08-29T20:00,5.7,198,12.2,0.0,,,,,,0.4,153,0.69,16.6,,unavailable (no satellite pass / dataset error),
92.3,Excellent,,2026-08-30T10:49:05Z,Eden,2026-08-29T11:00:00Z,2026-08-29T21:00,5.4,236,10.1,0.0,,,,,,0.4,153,0.67,16.6,,unavailable (no satellite pass / dataset error),
92.3,Excellent,,2026-08-30T10:49:05Z,Eden,2026-08-29T12:00:00Z,2026-08-29T22:00,5.4,264,13.7,0.0,,,,,,0.4,153,0.5,16.6,,unavailable (no satellite pass / dataset error),
88.0,Excellent,,2026-08-30T10:49:05Z,Eden,2026-08-29T13:00:00Z,2026-08-29T23:00,9.0,276,14.8,0.0,,,,,,0.4,153,0.22,16.6,,unavailable (no satellite pass / dataset error),
89.2,Excellent,,2026-08-30T10:49:05Z,Eden,2026-08-29T14:00:00Z,2026-08-30T00:00,8.3,274,14.4,0.0,,,,,,0.3,135,-0.1,16.5,,unavailable (no satellite pass / dataset error),
90.0,Excellent,,2026-08-30T10:49:05Z,Eden,2026-08-29T15:00:00Z,2026-08-30T01:00,7.6,263,13.7,0.0,,,,,,0.3,135,-0.39,16.5,,unavailable (no satellite pass / dataset error),
89.2,Excellent,,2026-08-30T10:49:05Z,Eden,2026-08-29T16:00:00Z,2026-08-30T02:00,8.3,266,14.8,0.0,,,,,,0.3,135,-0.57,16.5,,unavailable (no satellite pass / dataset error),
88.9,Excellent,,2026-08-30T10:49:05Z,Eden,2026-08-29T17:00:00Z,2026-08-30T03:00,8.5,276,15.5,0.0,,,,,,0.3,135,-0.62,16.5,,unavailable (no satellite pass / dataset error),
88.7,Excellent,,2026-08-30T10:49:05Z,Eden,2026-08-29T18:00:00Z,2026-08-30T04:00,8.7,276,15.8,0.0,,,,,,0.3,135,-0.52,16.5,,unavailable (no satellite pass / dataset error),
88.6,Excellent,,2026-08-30T10:49:05Z,Eden,2026-08-29T19:00:00Z,2026-08-30T05:00,8.8,282,16.2,0.0,,,,,,0.3,135,-0.3,16.5,,unavailable (no satellite pass / dataset error),
89.8,Excellent,,2026-08-30T10:49:05Z,Eden,2026-08-29T20:00:00Z,2026-08-30T06:00,7.8,275,16.2,0.0,,,,,,0.3,135,-0.03,16.5,,unavailable (no satellite pass / dataset error),
90.5,Excellent,,2026-08-30T10:49:05Z,Eden,2026-08-29T21:00:00Z,2026-08-30T07:00,7.2,266,14.0,0.0,,,,,,0.3,135,0.24,16.6,,unavailable (no satellite pass / dataset error),
90.7,Excellent,,2026-08-30T10:49:05Z,Eden,2026-08-29T22:00:00Z,2026-08-30T08:00,7.0,273,17.3,0.0,,,,,,0.3,135,0.43,16.6,,unavailable (no satellite pass / dataset error),
90.3,Excellent,,2026-08-30T10:49:05Z,Eden,2026-08-29T23:00:00Z,2026-08-30T09:00,7.4,264,19.4,0.0,,,,,,0.3,135,0.51,16.6,,unavailable (no satellite pass / dataset error),
91.0,Excellent,,2026-08-30T10:49:05Z,Eden,2026-08-30T00:00:00Z,2026-08-30T10:00,6.5,264,22.0,0.0,,,,,,0.4,153,0.44,16.6,,unavailable (no satellite pass / dataset error),
92.9,Excellent,,2026-08-30T10:49:05Z,Eden,2026-08-30T01:00:00Z,2026-08-30T11:00,4.9,231,19.4,0.0,,,,,,0.4,153,0.25,16.7,,unavailable (no satellite pass / dataset error),
93.0,Excellent,,2026-08-30T10:49:05Z,Eden,2026-08-30T02:00:00Z,2026-08-30T12:00,4.8,193,19.4,0.0,,,,,,0.4,180,-0.01,16.7,,unavailable (no satellite pass / dataset error),
94.6,Excellent,,2026-08-30T10:49:05Z,Eden,2026-08-30T03:00:00Z,2026-08-30T13:00,3.5,171,19.4,0.0,,,,,,0.4,180,-0.25,16.8,,unavailable (no satellite pass / dataset error),
94.5,Excellent,,2026-08-30T10:49:05Z,Eden,2026-08-30T04:00:00Z,2026-08-30T14:00,3.3,41,16.9,0.0,,,,,,0.5,180,-0.42,16.8,,unavailable (no satellite pass / dataset error),
91.4,Excellent,,2026-08-30T10:49:05Z,Eden,2026-08-30T05:00:00Z,2026-08-30T15:00,5.9,35,18.0,0.0,,,,,,0.5,180,-0.47,16.9,,unavailable (no satellite pass / dataset error),
90.5,Excellent,,2026-08-30T10:49:05Z,Eden,2026-08-30T06:00:00Z,2026-08-30T16:00,6.4,18,19.1,0.0,,,,,,0.6,162,-0.38,16.9,,unavailable (no satellite pass / dataset error),
92.9,Excellent,,2026-08-30T10:49:05Z,Eden,2026-08-30T07:00:00Z,2026-08-30T17:00,4.9,10,17.6,0.0,,,,,,0.4,153,-0.19,16.9,,unavailable (no satellite pass / dataset error),
98.3,Excellent,,2026-08-30T10:49:05Z,Eden,2026-08-30T08:00:00Z,2026-08-30T18:00,0.4,333,10.1,0.0,,,,,,0.4,153,0.08,16.9,,unavailable (no satellite pass / dataset error),
93.9,Excellent,,2026-08-30T10:49:05Z,Eden,2026-08-30T09:00:00Z,2026-08-30T19:00,4.1,203,6.8,0.0,,,,,,0.4,153,0.34,16.8,,unavailable (no satellite pass / dataset error),
94.4,Excellent,,2026-08-30T10:49:05Z,Eden,2026-08-30T10:00:00Z,2026-08-30T20:00,3.9,227,7.9,0.0,,,,,,0.3,135,0.54,16.8,,unavailable (no satellite pass / dataset error),
80.5,Excellent,Doable,2026-08-30T10:49:05Z,Green Cape,2026-08-30T10:00:00Z,2026-08-30T20:00,10.5,241,22.0,0.0,1.02,5.15,194,1.28,0.2,0.4,117,0.53,17.0,,unavailable (no satellite pass / dataset error),
83.7,Excellent,Doable,2026-08-30T10:49:05Z,Tathra,2026-08-27T14:00:00Z,2026-08-28T00:00,4.5,272,8.6,0.0,0.96,8.4,126,1.06,0.0,0.7,194,-0.41,17.4,,unavailable (no satellite pass / dataset error),
82.6,Excellent,Doable,2026-08-30T10:49:05Z,Tathra,2026-08-27T15:00:00Z,2026-08-28T01:00,5.6,272,9.7,0.0,0.98,8.4,126,1.08,0.0,0.7,194,-0.59,17.4,,unavailable (no satellite pass / dataset error),
81.8,Excellent,Doable,2026-08-30T10:49:05Z,Tathra,2026-08-27T16:00:00Z,2026-08-28T02:00,6.4,278,11.9,0.0,1.0,8.25,125,1.08,0.0,0.7,194,-0.63,17.4,,unavailable (no satellite pass / dataset error),
81.8,Excellent,Doable,2026-08-30T10:49:05Z,Tathra,2026-08-27T17:00:00Z,2026-08-28T03:00,6.5,276,11.9,0.0,1.0,8.05,125,1.08,0.02,0.7,194,-0.53,17.4,,unavailable (no satellite pass / dataset error),
81.0,Excellent,Doable,2026-08-30T10:49:05Z,Tathra,2026-08-27T18:00:00Z,2026-08-28T04:00,7.4,267,12.2,0.0,1.02,7.95,124,1.08,0.02,0.7,194,-0.33,17.4,,unavailable (no satellite pass / dataset error),
81.0,Excellent,Doable,2026-08-30T10:49:05Z,Tathra,2026-08-27T19:00:00Z,2026-08-28T05:00,7.3,279,13.7,0.0,1.0,8.05,123,1.08,0.02,0.7,194,-0.08,17.4,,unavailable (no satellite pass / dataset error),
80.8,Excellent,Doable,2026-08-30T10:49:05Z,Tathra,2026-08-27T20:00:00Z,2026-08-28T06:00,7.6,284,14.0,0.0,0.96,8.25,123,1.08,0.02,0.7,194,0.15,17.4,,unavailable (no satellite pass / dataset error),
80.1,Excellent,Doable,2026-08-30T10:49:05Z,Tathra,2026-08-27T21:00:00Z,2026-08-28T07:00,8.3,290,14.8,0.0,0.94,8.35,122,1.08,0.02,0.7,194,0.31,17.4,,unavailable (no satellite pass / dataset error),
81.4,Excellent,Doable,2026-08-30T10:49:05Z,Tathra,2026-08-27T22:00:00Z,2026-08-28T08:00,6.9,295,16.9,0.0,0.96,8.2,122,1.08,0.02,0.7,194,0.35,17.4,,unavailable (no satellite pass / dataset error),
81.8,Excellent,Doable,2026-08-30T10:49:05Z,Tathra,2026-08-27T23:00:00Z,2026-08-28T09:00,6.1,298,16.9,0.0,0.96,7.95,121,1.06,0.0,0.9,191,0.27,17.4,,unavailable (no satellite pass / dataset error),
81.8,Excellent,Doable,2026-08-30T10:49:05Z,Tathra,2026-08-28T00:00:00Z,2026-08-28T10:00,6.1,310,19.8,0.0,0.98,7.85,121,1.06,0.0,0.9,191,0.09,17.4,,unavailable (no satellite pass / dataset error),
84.1,Excellent,Doable,2026-08-30T10:49:05Z,Tathra,2026-08-28T01:00:00Z,2026-08-28T11:00,3.8,329,18.7,0.0,0.92,8.0,125,1.04,0.0,0.9,191,-0.14,17.4,,unavailable (no satellite pass / dataset error),
84.4,Excellent,Doable,2026-08-30T10:49:05Z,Tathra,2026-08-28T02:00:00Z,2026-08-28T12:00,3.5,35,15.1,0.0,0.86,8.25,129,1.04,0.0,0.9,191,-0.34,17.4,,unavailable (no satellite pass / dataset error),
80.6,Excellent,Great,2026-08-30T10:49:05Z,Tathra,2026-08-28T03:00:00Z,2026-08-28T13:00,7.4,61,20.9,0.0,0.8,8.45,133,1.02,0.0,1.1,189,-0.46,17.5,,unavailable (no satellite pass / dataset error),
76.5,Good,Great,2026-08-30T10:49:05Z,Tathra,2026-08-28T04:00:00Z,2026-08-28T14:00,12.2,62,29.9,0.0,0.78,8.5,133,1.0,0.0,1.1,189,-0.45,17.5,,unavailable (no satellite pass / dataset error),
77.4,Good,Great,2026-08-30T10:49:05Z,Tathra,2026-08-28T05:00:00Z,2026-08-28T15:00,11.2,58,30.6,0.0,0.76,8.55,133,1.0,0.0,1.1,189,-0.31,17.5,,unavailable (no satellite pass / dataset error),
81.3,Excellent,Great,2026-08-30T10:49:05Z,Tathra,2026-08-28T06:00:00Z,2026-08-28T16:00,7.1,60,25.6,0.0,0.74,8.45,133,0.98,0.0,1.1,189,-0.08,17.5,,unavailable (no satellite pass / dataset error),
82.8,Excellent,Great,2026-08-30T10:49:05Z,Tathra,2026-08-28T07:00:00Z,2026-08-28T17:00,5.9,70,15.5,0.0,0.78,8.2,129,0.98,0.0,0.9,180,0.2,17.5,,unavailable (no satellite pass / dataset error),
84.6,Excellent,Doable,2026-08-30T10:49:05Z,Tathra,2026-08-28T08:00:00Z,2026-08-28T18:00,4.1,13,10.8,0.0,0.84,7.9,124,0.96,0.0,0.9,180,0.47,17.5,,unavailable (no satellite pass / dataset error),
87.4,Excellent,Doable,2026-08-30T10:49:05Z,Tathra,2026-08-28T09:00:00Z,2026-08-28T19:00,1.5,256,5.8,0.0,0.88,7.65,120,0.96,0.0,0.7,180,0.65,17.5,,unavailable (no satellite pass / dataset error),
85.7,Excellent,Doable,2026-08-30T10:49:05Z,Tathra,2026-08-28T10:00:00Z,2026-08-28T20:00,3.9,223,6.5,0.0,0.9,7.5,119,0.96,0.0,0.5,180,0.69,17.4,,unavailable (no satellite pass / dataset error),
85.0,Excellent,Doable,2026-08-30T10:49:05Z,Tathra,2026-08-28T11:00:00Z,2026-08-28T21:00,4.5,227,7.6,0.0,0.92,7.45,118,0.98,0.0,0.5,180,0.58,17.4,,unavailable (no satellite pass / dataset error),
86.2,Excellent,Doable,2026-08-30T10:49:05Z,Tathra,2026-08-28T12:00:00Z,2026-08-28T22:00,3.4,270,7.6,0.0,0.94,7.45,117,0.98,0.0,0.4,180,0.34,17.4,,unavailable (no satellite pass / dataset error),
83.8,Excellent,Doable,2026-08-30T10:49:05Z,Tathra,2026-08-28T13:00:00Z,2026-08-28T23:00,6.3,283,11.2,0.0,0.9,7.6,118,0.96,0.0,0.4,153,0.03,17.4,,unavailable (no satellite pass / dataset error),
82.4,Excellent,Doable,2026-08-30T10:49:05Z,Tathra,2026-08-28T14:00:00Z,2026-08-29T00:00,8.4,289,15.1,0.0,0.86,7.85,119,0.92,0.0,0.4,153,-0.28,17.3,,unavailable (no satellite pass / dataset error),
82.3,Excellent,Doable,2026-08-30T10:49:05Z,Tathra,2026-08-28T15:00:00Z,2026-08-29T01:00,9.0,285,16.2,0.0,0.82,7.95,120,0.9,0.0,0.3,135,-0.52,17.3,,unavailable (no satellite pass / dataset error),
81.7,Excellent,Doable,2026-08-30T10:49:05Z,Tathra,2026-08-28T16:00:00Z,2026-08-29T02:00,9.9,275,18.0,0.0,0.82,7.8,119,0.88,0.0,0.3,135,-0.63,17.3,,unavailable (no satellite pass / dataset error),
81.2,Excellent,Doable,2026-08-30T10:49:05Z,Tathra,2026-08-28T17:00:00Z,2026-08-29T03:00,10.4,272,18.7,0.0,0.82,7.6,119,0.88,0.02,0.3,135,-0.59,17.3,,unavailable (no satellite pass / dataset error),
80.4,Excellent,Doable,2026-08-30T10:49:05Z,Tathra,2026-08-28T18:00:00Z,2026-08-29T04:00,11.5,261,19.4,0.0,0.82,7.4,118,0.86,0.02,0.3,135,-0.42,17.3,,unavailable (no satellite pass / dataset error),
81.7,Excellent,Doable,2026-08-30T10:49:05Z,Tathra,2026-08-28T19:00:00Z,2026-08-29T05:00,10.3,265,20.2,0.0,0.82,7.35,118,0.84,0.02,0.3,135,-0.18,17.3,,unavailable (no satellite pass / dataset error),
82.7,Excellent,Great,2026-08-30T10:49:05Z,Tathra,2026-08-28T20:00:00Z,2026-08-29T06:00,9.2,267,18.7,0.0,0.8,7.4,118,0.84,0.0,0.3,135,0.09,17.3,,unavailable (no satellite pass / dataset error),
82.4,Excellent,Great,2026-08-30T10:49:05Z,Tathra,2026-08-28T21:00:00Z,2026-08-29T07:00,9.7,260,17.3,0.0,0.8,7.4,118,0.82,0.0,0.3,135,0.32,17.3,,unavailable (no satellite pass / dataset error),
84.3,Excellent,Great,2026-08-30T10:49:05Z,Tathra,2026-08-28T22:00:00Z,2026-08-29T08:00,7.6,265,18.7,0.0,0.78,7.4,118,0.82,0.0,0.3,135,0.44,17.3,,unavailable (no satellite pass / dataset error),
85.8,Excellent,Great,2026-08-30T10:49:05Z,Tathra,2026-08-28T23:00:00Z,2026-08-29T09:00,6.2,255,18.0,0.0,0.78,7.45,117,0.8,0.0,0.3,135,0.43,17.4,,unavailable (no satellite pass / dataset error),
85.5,Excellent,Great,2026-08-30T10:49:05Z,Tathra,2026-08-29T00:00:00Z,2026-08-29T10:00,6.5,278,18.4,0.0,0.76,7.45,117,0.8,0.0,0.3,135,0.29,17.4,,unavailable (no satellite pass / dataset error),
86.2,Excellent,Great,2026-08-30T10:49:05Z,Tathra,2026-08-29T01:00:00Z,2026-08-29T11:00,6.2,322,19.8,0.0,0.74,7.4,117,0.78,0.0,0.2,180,0.07,17.4,,unavailable (no satellite pass / dataset error),
88.8,Excellent,Great,2026-08-30T10:49:05Z,Tathra,2026-08-29T02:00:00Z,2026-08-29T12:00,3.5,351,19.8,0.0,0.72,7.35,117,0.76,0.0,0.2,180,-0.17,17.4,,unavailable (no satellite pass / dataset error),
85.6,Excellent,Great,2026-08-30T10:49:05Z,Tathra,2026-08-29T03:00:00Z,2026-08-29T13:00,7.3,83,20.5,0.0,0.7,7.25,117,0.74,0.0,0.2,180,-0.36,17.5,,unavailable (no satellite pass / dataset error),
79.7,Good,Great,2026-08-30T10:49:05Z,Tathra,2026-08-29T04:00:00Z,2026-08-29T14:00,14.2,89,34.6,0.0,0.68,7.15,116,0.72,0.0,0.2,180,-0.44,17.5,,unavailable (no satellite pass / dataset error),
83.0,Excellent,Great,2026-08-30T10:49:05Z,Tathra,2026-08-29T05:00:00Z,2026-08-29T15:00,9.9,75,34.6,0.0,0.68,7.0,116,0.72,0.0,0.4,180,-0.39,17.5,,unavailable (no satellite pass / dataset error),
84.8,Excellent,Great,2026-08-30T10:49:05Z,Tathra,2026-08-29T06:00:00Z,2026-08-29T16:00,8.1,45,24.5,0.0,0.66,6.9,115,0.7,0.0,0.4,180,-0.21,17.5,,unavailable (no satellite pass / dataset error),
88.6,Excellent,Great,2026-08-30T10:49:05Z,Tathra,2026-08-29T07:00:00Z,2026-08-29T17:00,3.9,37,18.4,0.0,0.68,6.8,115,0.7,0.0,0.4,180,0.05,17.5,,unavailable (no satellite pass / dataset error),
89.9,Excellent,Great,2026-08-30T10:49:05Z,Tathra,2026-08-29T08:00:00Z,2026-08-29T18:00,2.2,360,6.1,0.0,0.68,6.75,115,0.72,0.0,0.4,180,0.33,17.5,,unavailable (no satellite pass / dataset error),
91.2,Excellent,Great,2026-08-30T10:49:05Z,Tathra,2026-08-29T09:00:00Z,2026-08-29T19:00,0.7,284,4.0,0.0,0.7,6.8,115,0.72,0.0,0.4,180,0.56,17.5,,unavailable (no satellite pass / dataset error),
92.1,Excellent,Great,2026-08-30T10:49:05Z,Tathra,2026-08-29T10:00:00Z,2026-08-29T20:00,0.5,225,2.9,0.0,0.64,7.2,116,0.7,0.0,0.2,180,0.7,17.4,,unavailable (no satellite pass / dataset error),
90.9,Excellent,Great,2026-08-30T10:49:05Z,Tathra,2026-08-29T11:00:00Z,2026-08-29T21:00,1.8,233,4.3,0.0,0.58,7.75,116,0.7,0.0,0.2,180,0.68,17.4,,unavailable (no satellite pass / dataset error),
89.5,Excellent,Great,2026-08-30T10:49:05Z,Tathra,2026-08-29T12:00:00Z,2026-08-29T22:00,3.6,270,6.1,0.0,0.52,7.95,117,0.68,0.0,0.2,180,0.51,17.4,,unavailable (no satellite pass / dataset error),
88.0,Excellent,Great,2026-08-30T10:49:05Z,Tathra,2026-08-29T13:00:00Z,2026-08-29T23:00,5.5,283,10.4,0.0,0.5,7.55,117,0.66,0.0,0.2,180,0.23,17.4,,unavailable (no satellite pass / dataset error),
86.8,Excellent,Great,2026-08-30T10:49:05Z,Tathra,2026-08-29T14:00:00Z,2026-08-30T00:00,6.9,290,13.0,0.0,0.5,6.8,117,0.66,0.0,0.2,180,-0.09,17.3,,unavailable (no satellite pass / dataset error),
86.8,Excellent,Great,2026-08-30T10:49:05Z,Tathra,2026-08-29T15:00:00Z,2026-08-30T01:00,7.1,289,13.7,0.0,0.48,6.25,117,0.64,0.0,0.2,180,-0.38,17.3,,unavailable (no satellite pass / dataset error),
86.4,Excellent,Great,2026-08-30T10:49:05Z,Tathra,2026-08-29T16:00:00Z,2026-08-30T02:00,7.5,285,14.0,0.0,0.46,6.05,117,0.64,0.0,0.2,180,-0.57,17.3,,unavailable (no satellite pass / dataset error),
86.4,Excellent,Great,2026-08-30T10:49:05Z,Tathra,2026-08-29T17:00:00Z,2026-08-30T03:00,7.8,283,14.8,0.0,0.46,6.05,117,0.62,0.0,0.2,180,-0.62,17.3,,unavailable (no satellite pass / dataset error),
86.5,Excellent,Great,2026-08-30T10:49:05Z,Tathra,2026-08-29T18:00:00Z,2026-08-30T04:00,7.7,291,14.8,0.0,0.44,6.2,117,0.62,0.0,0.2,180,-0.52,17.3,,unavailable (no satellite pass / dataset error),
84.8,Excellent,Great,2026-08-30T10:49:05Z,Tathra,2026-08-29T19:00:00Z,2026-08-30T05:00,9.2,291,16.9,0.0,0.44,6.75,117,0.6,0.0,0.4,180,-0.3,17.3,,unavailable (no satellite pass / dataset error),
85.6,Excellent,Great,2026-08-30T10:49:05Z,Tathra,2026-08-29T20:00:00Z,2026-08-30T06:00,8.4,289,16.9,0.0,0.42,7.45,117,0.6,0.0,0.4,180,-0.03,17.3,,unavailable (no satellite pass / dataset error),
85.8,Excellent,Great,2026-08-30T10:49:05Z,Tathra,2026-08-29T21:00:00Z,2026-08-30T07:00,8.4,279,15.5,0.0,0.42,7.8,117,0.58,0.0,0.4,180,0.24,17.3,,unavailable (no satellite pass / dataset error),
89.1,Excellent,Great,2026-08-30T10:49:05Z,Tathra,2026-08-29T22:00:00Z,2026-08-30T08:00,4.7,277,16.2,0.0,0.42,7.4,117,0.58,0.0,0.4,180,0.44,17.3,,unavailable (no satellite pass / dataset error),
92.4,Excellent,Great,2026-08-30T10:49:05Z,Tathra,2026-08-29T23:00:00Z,2026-08-30T09:00,1.0,329,13.3,0.0,0.4,6.65,118,0.58,0.0,0.4,180,0.51,17.3,,unavailable (no satellite pass / dataset error),
91.0,Excellent,Great,2026-08-30T10:49:05Z,Tathra,2026-08-30T00:00:00Z,2026-08-30T10:00,2.5,82,13.7,0.0,0.4,6.1,118,0.58,0.0,0.4,180,0.44,17.3,,unavailable (no satellite pass / dataset error),
88.8,Excellent,Great,2026-08-30T10:49:05Z,Tathra,2026-08-30T01:00:00Z,2026-08-30T11:00,5.0,71,17.3,0.0,0.4,6.0,118,0.58,0.0,0.4,207,0.25,17.4,,unavailable (no satellite pass / dataset error),
87.5,Excellent,Great,2026-08-30T10:49:05Z,Tathra,2026-08-30T02:00:00Z,2026-08-30T12:00,6.4,82,20.2,0.0,0.4,6.05,119,0.58,0.0,0.4,207,-0.01,17.4,,unavailable (no satellite pass / dataset error),
85.2,Excellent,Great,2026-08-30T10:49:05Z,Tathra,2026-08-30T03:00:00Z,2026-08-30T13:00,9.0,92,25.2,0.0,0.4,6.15,119,0.58,0.0,0.4,207,-0.25,17.4,,unavailable (no satellite pass / dataset error),
84.3,Excellent,Great,2026-08-30T10:49:05Z,Tathra,2026-08-30T04:00:00Z,2026-08-30T14:00,10.0,75,27.4,0.0,0.4,6.2,120,0.58,0.0,0.4,207,-0.42,17.5,,unavailable (no satellite pass / dataset error),
83.9,Excellent,Great,2026-08-30T10:49:05Z,Tathra,2026-08-30T05:00:00Z,2026-08-30T15:00,10.0,72,26.3,0.0,0.42,6.3,121,0.58,0.02,0.6,198,-0.48,17.5,,unavailable (no satellite pass / dataset error),
84.1,Excellent,Great,2026-08-30T10:49:05Z,Tathra,2026-08-30T06:00:00Z,2026-08-30T16:00,9.7,74,25.6,0.0,0.42,6.4,122,0.58,0.02,0.6,198,-0.39,17.5,,unavailable (no satellite pass / dataset error),
86.1,Excellent,Great,2026-08-30T10:49:05Z,Tathra,2026-08-30T07:00:00Z,2026-08-30T17:00,7.3,52,23.0,0.0,0.42,6.5,123,0.6,0.02,0.6,198,-0.19,17.5,,unavailable (no satellite pass / dataset error),
87.7,Excellent,Great,2026-08-30T10:49:05Z,Tathra,2026-08-30T08:00:00Z,2026-08-30T18:00,5.5,27,13.7,0.0,0.44,6.65,124,0.62,0.0,0.5,180,0.08,17.5,,unavailable (no satellite pass / dataset error),
87.8,Excellent,Great,2026-08-30T10:49:05Z,Tathra,2026-08-30T09:00:00Z,2026-08-30T19:00,5.5,347,9.0,0.0,0.44,6.5,125,0.64,0.0,0.4,180,0.34,17.5,,unavailable (no satellite pass / dataset error),
89.0,Excellent,Great,2026-08-30T10:49:05Z,Tathra,2026-08-30T10:00:00Z,2026-08-30T20:00,4.1,319,8.6,0.0,0.44,5.9,121,0.64,0.0,0.4,180,0.55,17.4,,unavailable (no satellite pass / dataset error),
82.8,Excellent,Bit dodgy,2026-08-30T10:49:05Z,Bermagui,2026-08-30T10:00:00Z,2026-08-30T20:00,7.3,335,10.8,0.0,1.28,7.05,149,1.34,0.0,0.2,180,0.55,17.5,,unavailable (no satellite pass / dataset error),
86.0,Excellent,Doable,2026-08-30T10:49:05Z,Narooma,2026-08-30T10:00:00Z,2026-08-30T20:00,5.3,12,11.2,0.0,1.04,7.7,151,1.1,0.0,0.4,153,0.55,17.3,,unavailable (no satellite pass / dataset error),
85.0,Excellent,Bit dodgy,2026-08-30T10:49:05Z,Batemans Bay (Outside),2026-08-30T10:00:00Z,2026-08-30T20:00,2.6,295,6.1,0.0,1.34,7.5,147,1.34,0.0,0.9,191,0.56,17.3,,unavailable (no satellite pass / dataset error),
86.5,Excellent,Doable,2026-08-30T10:49:05Z,Ulladulla,2026-08-30T10:00:00Z,2026-08-30T20:00,4.5,331,9.7,0.0,1.04,7.5,151,1.06,0.0,0.6,198,0.57,17.3,,unavailable (no satellite pass / dataset error),
73.2,Good,Getting rough,2026-08-30T10:49:05Z,Jervis Bay (Outside - Point Perpendicular),2026-08-27T14:00:00Z,2026-08-28T00:00,9.2,339,15.5,0.0,1.64,9.05,160,1.72,0.02,0.6,198,-0.36,17.5,,unavailable (no satellite pass / dataset error),
70.2,Good,Getting rough,2026-08-30T10:49:05Z,Jervis Bay (Outside - Point Perpendicular),2026-08-27T15:00:00Z,2026-08-28T01:00,12.3,346,18.7,0.0,1.7,8.95,158,1.74,0.02,0.6,198,-0.54,17.5,,unavailable (no satellite pass / dataset error),
67.6,Good,Getting rough,2026-08-30T10:49:05Z,Jervis Bay (Outside - Point Perpendicular),2026-08-27T16:00:00Z,2026-08-28T02:00,15.8,348,23.0,0.0,1.62,8.9,159,1.74,0.04,0.4,207,-0.58,17.5,,unavailable (no satellite pass / dataset error),
64.3,Good,Getting rough,2026-08-30T10:49:05Z,Jervis Bay (Outside - Point Perpendicular),2026-08-27T17:00:00Z,2026-08-28T03:00,18.9,336,27.0,0.0,1.54,8.85,159,1.74,0.08,0.6,198,-0.46,17.4,,unavailable (no satellite pass / dataset error),
63.4,Good,Bit dodgy,2026-08-30T10:49:05Z,Jervis Bay (Outside - Point Perpendicular),2026-08-27T18:00:00Z,2026-08-28T04:00,19.9,327,27.7,0.0,1.46,8.8,160,1.74,0.1,0.6,198,-0.25,17.4,,unavailable (no satellite pass / dataset error),
66.2,Good,Bit dodgy,2026-08-30T10:49:05Z,Jervis Bay (Outside - Point Perpendicular),2026-08-27T19:00:00Z,2026-08-28T05:00,17.0,312,29.2,0.0,1.48,8.8,160,1.72,0.14,0.6,198,0.01,17.4,,unavailable (no satellite pass / dataset error),
70.9,Good,Getting rough,2026-08-30T10:49:05Z,Jervis Bay (Outside - Point Perpendicular),2026-08-27T20:00:00Z,2026-08-28T06:00,11.7,273,25.6,0.0,1.52,8.75,161,1.72,0.16,0.6,214,0.25,17.4,,unavailable (no satellite pass / dataset error),
68.5,Good,Getting rough,2026-08-30T10:49:05Z,Jervis Bay (Outside - Point Perpendicular),2026-08-27T21:00:00Z,2026-08-28T07:00,14.7,243,22.3,0.0,1.54,8.75,161,1.7,0.2,0.6,214,0.41,17.4,,unavailable (no satellite pass / dataset error),
65.9,Good,Getting rough,2026-08-30T10:49:05Z,Jervis Bay (Outside - Point Perpendicular),2026-08-27T22:00:00Z,2026-08-28T08:00,17.8,242,26.3,0.0,1.56,8.7,160,1.68,0.2,0.6,214,0.44,17.4,,unavailable (no satellite pass / dataset error),
65.9,Good,Getting rough,2026-08-30T10:49:05Z,Jervis Bay (Outside - Point Perpendicular),2026-08-27T23:00:00Z,2026-08-28T09:00,18.6,253,26.6,0.0,1.56,8.65,158,1.66,0.22,0.4,207,0.34,17.4,,unavailable (no satellite pass / dataset error),
60.9,Good,Getting rough,2026-08-30T10:49:05Z,Jervis Bay (Outside - Point Perpendicular),2026-08-28T00:00:00Z,2026-08-28T10:00,24.4,224,31.7,0.0,1.58,8.55,157,1.64,0.22,0.4,207,0.15,17.4,,unavailable (no satellite pass / dataset error),
57.2,Fair,Getting rough,2026-08-30T10:49:05Z,Jervis Bay (Outside - Point Perpendicular),2026-08-28T01:00:00Z,2026-08-28T11:00,29.2,217,38.9,0.0,1.54,8.45,156,1.6,0.26,0.3,225,-0.09,17.4,,unavailable (no satellite pass / dataset error),
57.0,Fair,Getting rough,2026-08-30T10:49:05Z,Jervis Bay (Outside - Point Perpendicular),2026-08-28T02:00:00Z,2026-08-28T12:00,29.9,207,39.6,0.0,1.52,8.3,155,1.58,0.3,0.2,270,-0.31,17.5,,unavailable (no satellite pass / dataset error),
57.7,Fair,Bit dodgy,2026-08-30T10:49:05Z,Jervis Bay (Outside - Point Perpendicular),2026-08-28T03:00:00Z,2026-08-28T13:00,29.1,199,40.3,0.0,1.48,8.2,154,1.54,0.34,0.4,297,-0.43,17.5,,unavailable (no satellite pass / dataset error),
57.4,Fair,Bit dodgy,2026-08-30T10:49:05Z,Jervis Bay (Outside - Point Perpendicular),2026-08-28T04:00:00Z,2026-08-28T14:00,29.3,179,39.2,0.0,1.44,8.1,154,1.5,0.32,0.6,288,-0.42,17.5,,unavailable (no satellite pass / dataset error),
61.3,Good,Bit dodgy,2026-08-30T10:49:05Z,Jervis Bay (Outside - Point Perpendicular),2026-08-28T05:00:00Z,2026-08-28T15:00,25.2,163,38.9,0.0,1.4,7.95,153,1.46,0.32,0.7,284,-0.28,17.6,,unavailable (no satellite pass / dataset error),
66.7,Good,Bit dodgy,2026-08-30T10:49:05Z,Jervis Bay (Outside - Point Perpendicular),2026-08-28T06:00:00Z,2026-08-28T16:00,19.0,157,33.5,0.0,1.36,7.85,153,1.42,0.3,0.9,270,-0.03,17.6,,unavailable (no satellite pass / dataset error),
69.0,Good,Bit dodgy,2026-08-30T10:49:05Z,Jervis Bay (Outside - Point Perpendicular),2026-08-28T07:00:00Z,2026-08-28T17:00,16.9,144,25.9,0.0,1.34,7.7,152,1.38,0.22,0.9,259,0.26,17.6,,unavailable (no satellite pass / dataset error),
74.1,Good,Bit dodgy,2026-08-30T10:49:05Z,Jervis Bay (Outside - Point Perpendicular),2026-08-28T08:00:00Z,2026-08-28T18:00,11.1,130,23.4,0.0,1.34,7.55,151,1.36,0.16,1.0,239,0.53,17.6,,unavailable (no satellite pass / dataset error),
81.3,Excellent,Bit dodgy,2026-08-30T10:49:05Z,Jervis Bay (Outside - Point Perpendicular),2026-08-28T09:00:00Z,2026-08-28T19:00,3.0,107,16.2,0.0,1.32,7.5,150,1.32,0.08,1.2,231,0.7,17.6,,unavailable (no satellite pass / dataset error),
82.9,Excellent,Bit dodgy,2026-08-30T10:49:05Z,Jervis Bay (Outside - Point Perpendicular),2026-08-28T10:00:00Z,2026-08-28T20:00,1.0,135,6.8,0.0,1.34,7.6,150,1.34,0.06,1.2,231,0.74,17.5,,unavailable (no satellite pass / dataset error),
77.3,Good,Bit dodgy,2026-08-30T10:49:05Z,Jervis Bay (Outside - Point Perpendicular),2026-08-28T11:00:00Z,2026-08-28T21:00,7.0,316,9.7,0.0,1.36,7.8,150,1.36,0.02,1.2,219,0.62,17.5,,unavailable (no satellite pass / dataset error),
76.2,Good,Bit dodgy,2026-08-30T10:49:05Z,Jervis Bay (Outside - Point Perpendicular),2026-08-28T12:00:00Z,2026-08-28T22:00,8.1,309,16.2,0.0,1.38,7.9,150,1.38,0.0,1.2,219,0.36,17.5,,unavailable (no satellite pass / dataset error),
78.1,Good,Bit dodgy,2026-08-30T10:49:05Z,Jervis Bay (Outside - Point Perpendicular),2026-08-28T13:00:00Z,2026-08-28T23:00,6.7,304,13.7,0.0,1.36,7.85,150,1.36,0.0,1.0,211,0.03,17.5,,unavailable (no satellite pass / dataset error),
78.2,Good,Bit dodgy,2026-08-30T10:49:05Z,Jervis Bay (Outside - Point Perpendicular),2026-08-28T14:00:00Z,2026-08-29T00:00,7.0,291,12.6,0.0,1.32,7.75,150,1.32,0.0,1.0,211,-0.29,17.5,,unavailable (no satellite pass / dataset error),
77.3,Good,Bit dodgy,2026-08-30T10:49:05Z,Jervis Bay (Outside - Point Perpendicular),2026-08-28T15:00:00Z,2026-08-29T01:00,8.8,305,15.1,0.0,1.3,7.65,150,1.3,0.0,0.8,207,-0.54,17.5,,unavailable (no satellite pass / dataset error),
76.9,Good,Bit dodgy,2026-08-30T10:49:05Z,Jervis Bay (Outside - Point Perpendicular),2026-08-28T16:00:00Z,2026-08-29T02:00,9.7,313,16.2,0.0,1.3,7.6,151,1.3,0.0,0.6,214,-0.66,17.5,,unavailable (no satellite pass / dataset error),
77.7,Good,Bit dodgy,2026-08-30T10:49:05Z,Jervis Bay (Outside - Point Perpendicular),2026-08-28T17:00:00Z,2026-08-29T03:00,8.8,309,16.6,0.0,1.3,7.55,151,1.3,0.02,0.6,214,-0.61,17.5,,unavailable (no satellite pass / dataset error),
80.3,Excellent,Bit dodgy,2026-08-30T10:49:05Z,Jervis Bay (Outside - Point Perpendicular),2026-08-28T18:00:00Z,2026-08-29T04:00,5.9,281,15.8,0.0,1.3,7.45,152,1.3,0.02,0.6,214,-0.44,17.5,,unavailable (no satellite pass / dataset error),
79.6,Good,Bit dodgy,2026-08-30T10:49:05Z,Jervis Bay (Outside - Point Perpendicular),2026-08-28T19:00:00Z,2026-08-29T05:00,6.5,226,12.6,0.0,1.28,7.2,152,1.32,0.02,0.6,214,-0.18,17.5,,unavailable (no satellite pass / dataset error),
78.5,Good,Bit dodgy,2026-08-30T10:49:05Z,Jervis Bay (Outside - Point Perpendicular),2026-08-28T20:00:00Z,2026-08-29T06:00,7.7,233,13.7,0.0,1.26,6.95,152,1.32,0.04,0.6,214,0.1,17.5,,unavailable (no satellite pass / dataset error),
74.7,Good,Bit dodgy,2026-08-30T10:49:05Z,Jervis Bay (Outside - Point Perpendicular),2026-08-28T21:00:00Z,2026-08-29T07:00,11.8,223,18.0,0.0,1.24,6.8,152,1.34,0.04,0.6,236,0.33,17.5,,unavailable (no satellite pass / dataset error),
72.2,Good,Bit dodgy,2026-08-30T10:49:05Z,Jervis Bay (Outside - Point Perpendicular),2026-08-28T22:00:00Z,2026-08-29T08:00,13.9,227,21.2,0.0,1.34,6.95,154,1.42,0.1,0.5,225,0.45,17.5,,unavailable (no satellite pass / dataset error),
69.4,Good,Bit dodgy,2026-08-30T10:49:05Z,Jervis Bay (Outside - Point Perpendicular),2026-08-28T23:00:00Z,2026-08-29T09:00,16.2,223,23.4,0.0,1.46,7.25,155,1.5,0.16,0.5,225,0.43,17.5,,unavailable (no satellite pass / dataset error),
66.7,Good,Getting rough,2026-08-30T10:49:05Z,Jervis Bay (Outside - Point Perpendicular),2026-08-29T00:00:00Z,2026-08-29T10:00,18.5,204,23.4,0.0,1.56,7.4,157,1.58,0.22,0.4,243,0.28,17.5,,unavailable (no satellite pass / dataset error),
67.0,Good,Getting rough,2026-08-30T10:49:05Z,Jervis Bay (Outside - Point Perpendicular),2026-08-29T01:00:00Z,2026-08-29T11:00,18.3,193,26.3,0.1,1.54,7.3,157,1.56,0.24,0.4,243,0.04,17.6,,unavailable (no satellite pass / dataset error),
71.3,Good,Getting rough,2026-08-30T10:49:05Z,Jervis Bay (Outside - Point Perpendicular),2026-08-29T02:00:00Z,2026-08-29T12:00,13.7,180,25.6,0.0,1.52,7.1,158,1.54,0.28,0.4,243,-0.21,17.6,,unavailable (no satellite pass / dataset error),
75.3,Good,Bit dodgy,2026-08-30T10:49:05Z,Jervis Bay (Outside - Point Perpendicular),2026-08-29T03:00:00Z,2026-08-29T13:00,9.2,157,20.2,0.0,1.5,6.95,158,1.52,0.3,0.5,270,-0.4,17.6,,unavailable (no satellite pass / dataset error),
72.2,Good,Bit dodgy,2026-08-30T10:49:05Z,Jervis Bay (Outside - Point Perpendicular),2026-08-29T04:00:00Z,2026-08-29T14:00,13.1,119,17.6,0.0,1.44,7.0,160,1.48,0.3,0.5,270,-0.48,17.7,,unavailable (no satellite pass / dataset error),
65.1,Good,Bit dodgy,2026-08-30T10:49:05Z,Jervis Bay (Outside - Point Perpendicular),2026-08-29T05:00:00Z,2026-08-29T15:00,20.8,108,27.7,0.0,1.38,7.1,161,1.46,0.28,0.7,270,-0.41,17.7,,unavailable (no satellite pass / dataset error),
65.4,Good,Bit dodgy,2026-08-30T10:49:05Z,Jervis Bay (Outside - Point Perpendicular),2026-08-29T06:00:00Z,2026-08-29T16:00,20.9,109,28.8,0.0,1.32,7.15,163,1.42,0.28,0.7,270,-0.22,17.7,,unavailable (no satellite pass / dataset error),
70.4,Good,Bit dodgy,2026-08-30T10:49:05Z,Jervis Bay (Outside - Point Perpendicular),2026-08-29T07:00:00Z,2026-08-29T17:00,15.7,105,28.1,0.0,1.3,7.05,162,1.38,0.2,0.7,256,0.06,17.7,,unavailable (no satellite pass / dataset error),
76.4,Good,Bit dodgy,2026-08-30T10:49:05Z,Jervis Bay (Outside - Point Perpendicular),2026-08-29T08:00:00Z,2026-08-29T18:00,9.4,92,22.0,0.0,1.26,6.9,162,1.32,0.12,0.8,243,0.35,17.7,,unavailable (no satellite pass / dataset error),
82.1,Excellent,Bit dodgy,2026-08-30T10:49:05Z,Jervis Bay (Outside - Point Perpendicular),2026-08-29T09:00:00Z,2026-08-29T19:00,3.5,78,14.8,0.0,1.24,6.8,161,1.28,0.04,0.8,243,0.6,17.7,,unavailable (no satellite pass / dataset error),
81.0,Excellent,Bit dodgy,2026-08-30T10:49:05Z,Jervis Bay (Outside - Point Perpendicular),2026-08-29T10:00:00Z,2026-08-29T20:00,4.7,342,8.3,0.0,1.24,6.9,160,1.28,0.02,0.8,225,0.74,17.6,,unavailable (no satellite pass / dataset error),
80.6,Excellent,Bit dodgy,2026-08-30T10:49:05Z,Jervis Bay (Outside - Point Perpendicular),2026-08-29T11:00:00Z,2026-08-29T21:00,5.9,333,11.2,0.0,1.26,7.05,159,1.26,0.02,0.6,214,0.72,17.6,,unavailable (no satellite pass / dataset error),
79.4,Good,Bit dodgy,2026-08-30T10:49:05Z,Jervis Bay (Outside - Point Perpendicular),2026-08-29T12:00:00Z,2026-08-29T22:00,7.3,330,11.5,0.0,1.26,7.2,158,1.26,0.0,0.6,214,0.54,17.6,,unavailable (no satellite pass / dataset error),
77.7,Good,Bit dodgy,2026-08-30T10:49:05Z,Jervis Bay (Outside - Point Perpendicular),2026-08-29T13:00:00Z,2026-08-29T23:00,9.1,330,14.8,0.0,1.26,7.3,158,1.26,0.0,0.6,198,0.25,17.6,,unavailable (no satellite pass / dataset error),
75.6,Good,Bit dodgy,2026-08-30T10:49:05Z,Jervis Bay (Outside - Point Perpendicular),2026-08-29T14:00:00Z,2026-08-30T00:00,11.8,324,18.4,0.0,1.28,7.35,159,1.28,0.02,0.4,180,-0.09,17.5,,unavailable (no satellite pass / dataset error),
75.2,Good,Bit dodgy,2026-08-30T10:49:05Z,Jervis Bay (Outside - Point Perpendicular),2026-08-29T15:00:00Z,2026-08-30T01:00,12.3,323,19.8,0.0,1.28,7.4,159,1.28,0.02,0.4,180,-0.39,17.5,,unavailable (no satellite pass / dataset error),
77.2,Good,Bit dodgy,2026-08-30T10:49:05Z,Jervis Bay (Outside - Point Perpendicular),2026-08-29T16:00:00Z,2026-08-30T02:00,10.5,335,19.8,0.0,1.28,7.4,159,1.28,0.02,0.2,180,-0.58,17.5,,unavailable (no satellite pass / dataset error),
78.3,Good,Bit dodgy,2026-08-30T10:49:05Z,Jervis Bay (Outside - Point Perpendicular),2026-08-29T17:00:00Z,2026-08-30T03:00,9.3,345,17.6,0.0,1.28,7.4,160,1.28,0.0,0.2,180,-0.62,17.5,,unavailable (no satellite pass / dataset error),
78.2,Good,Bit dodgy,2026-08-30T10:49:05Z,Jervis Bay (Outside - Point Perpendicular),2026-08-29T18:00:00Z,2026-08-30T04:00,9.9,331,16.9,0.0,1.28,7.4,160,1.28,0.0,0.0,90,-0.51,17.5,,unavailable (no satellite pass / dataset error),
79.3,Good,Bit dodgy,2026-08-30T10:49:05Z,Jervis Bay (Outside - Point Perpendicular),2026-08-29T19:00:00Z,2026-08-30T05:00,8.2,319,17.3,0.0,1.28,7.4,161,1.28,0.0,0.2,270,-0.28,17.5,,unavailable (no satellite pass / dataset error),
81.1,Excellent,Bit dodgy,2026-08-30T10:49:05Z,Jervis Bay (Outside - Point Perpendicular),2026-08-29T20:00:00Z,2026-08-30T06:00,5.9,301,15.1,0.0,1.3,7.45,161,1.3,0.0,0.2,270,0.01,17.5,,unavailable (no satellite pass / dataset error),
82.2,Excellent,Bit dodgy,2026-08-30T10:49:05Z,Jervis Bay (Outside - Point Perpendicular),2026-08-29T21:00:00Z,2026-08-30T07:00,4.5,241,12.6,0.0,1.3,7.45,162,1.3,0.0,0.3,225,0.29,17.5,,unavailable (no satellite pass / dataset error),
81.4,Excellent,Bit dodgy,2026-08-30T10:49:05Z,Jervis Bay (Outside - Point Perpendicular),2026-08-29T22:00:00Z,2026-08-30T08:00,5.1,216,11.2,0.0,1.3,7.45,162,1.3,0.0,0.4,243,0.49,17.5,,unavailable (no satellite pass / dataset error),
82.5,Excellent,Bit dodgy,2026-08-30T10:49:05Z,Jervis Bay (Outside - Point Perpendicular),2026-08-29T23:00:00Z,2026-08-30T09:00,3.9,236,11.5,0.0,1.28,7.4,163,1.3,0.0,0.4,243,0.56,17.6,,unavailable (no satellite pass / dataset error),
78.5,Good,Bit dodgy,2026-08-30T10:49:05Z,Jervis Bay (Outside - Point Perpendicular),2026-08-30T00:00:00Z,2026-08-30T10:00,8.1,198,9.7,0.0,1.28,7.4,163,1.3,0.0,0.5,225,0.48,17.6,,unavailable (no satellite pass / dataset error),
78.7,Good,Bit dodgy,2026-08-30T10:49:05Z,Jervis Bay (Outside - Point Perpendicular),2026-08-30T01:00:00Z,2026-08-30T11:00,8.2,172,14.4,0.0,1.28,7.4,163,1.3,0.02,0.4,207,0.27,17.6,,unavailable (no satellite pass / dataset error),
79.0,Good,Bit dodgy,2026-08-30T10:49:05Z,Jervis Bay (Outside - Point Perpendicular),2026-08-30T02:00:00Z,2026-08-30T12:00,8.1,141,14.0,0.0,1.26,7.4,163,1.28,0.02,0.4,207,0.0,17.7,,unavailable (no satellite pass / dataset error),
77.0,Good,Bit dodgy,2026-08-30T10:49:05Z,Jervis Bay (Outside - Point Perpendicular),2026-08-30T03:00:00Z,2026-08-30T13:00,10.1,107,15.1,0.0,1.26,7.45,163,1.28,0.04,0.5,225,-0.26,17.7,,unavailable (no satellite pass / dataset error),
74.6,Good,Bit dodgy,2026-08-30T10:49:05Z,Jervis Bay (Outside - Point Perpendicular),2026-08-30T04:00:00Z,2026-08-30T14:00,12.8,85,18.0,0.0,1.26,7.6,163,1.28,0.04,0.5,225,-0.43,17.8,,unavailable (no satellite pass / dataset error),
72.1,Good,Bit dodgy,2026-08-30T10:49:05Z,Jervis Bay (Outside - Point Perpendicular),2026-08-30T05:00:00Z,2026-08-30T15:00,15.4,64,20.9,0.0,1.26,7.75,163,1.3,0.06,0.5,225,-0.48,17.8,,unavailable (no satellite pass / dataset error),
70.0,Good,Bit dodgy,2026-08-30T10:49:05Z,Jervis Bay (Outside - Point Perpendicular),2026-08-30T06:00:00Z,2026-08-30T16:00,17.5,51,23.0,0.0,1.26,7.85,163,1.3,0.06,0.6,236,-0.39,17.8,,unavailable (no satellite pass / dataset error),
69.9,Good,Bit dodgy,2026-08-30T10:49:05Z,Jervis Bay (Outside - Point Perpendicular),2026-08-30T07:00:00Z,2026-08-30T17:00,17.3,43,23.8,0.0,1.28,7.85,163,1.32,0.06,0.6,236,-0.17,17.8,,unavailable (no satellite pass / dataset error),
72.3,Good,Bit dodgy,2026-08-30T10:49:05Z,Jervis Bay (Outside - Point Perpendicular),2026-08-30T08:00:00Z,2026-08-30T18:00,14.4,41,23.4,0.0,1.32,7.85,163,1.34,0.04,0.6,236,0.11,17.8,,unavailable (no satellite pass / dataset error),
72.6,Good,Bit dodgy,2026-08-30T10:49:05Z,Jervis Bay (Outside - Point Perpendicular),2026-08-30T09:00:00Z,2026-08-30T19:00,13.3,38,20.2,0.0,1.34,7.75,163,1.36,0.04,0.8,225,0.38,17.7,,unavailable (no satellite pass / dataset error),
73.5,Good,Bit dodgy,2026-08-30T10:49:05Z,Jervis Bay (Outside - Point Perpendicular),2026-08-30T10:00:00Z,2026-08-30T20:00,12.1,38,18.7,0.0,1.32,7.6,163,1.38,0.02,0.8,225,0.59,17.7,,unavailable (no satellite pass / dataset error),
91.7,Excellent,Great,2026-08-30T10:49:05Z,Shellharbour,2026-08-30T10:00:00Z,2026-08-30T20:00,0.9,270,4.7,0.0,0.76,7.65,155,0.86,0.0,0.2,180,0.62,18.0,,unavailable (no satellite pass / dataset error),
86.2,Excellent,Doable,2026-08-30T10:49:05Z,Terrigal,2026-08-30T10:00:00Z,2026-08-30T20:00,6.8,348,9.4,0.0,0.9,7.2,162,0.96,0.02,0.3,225,0.66,18.2,,unavailable (no satellite pass / dataset error),
79.2,Good,Bit dodgy,2026-08-30T10:49:05Z,Fingal Bay,2026-08-27T14:00:00Z,2026-08-28T00:00,2.3,328,4.0,0.0,1.36,6.5,170,1.76,0.04,0.5,225,-0.35,19.0,,unavailable (no satellite pass / dataset error),
76.4,Good,Bit dodgy,2026-08-30T10:49:05Z,Fingal Bay,2026-08-27T15:00:00Z,2026-08-28T01:00,5.4,320,8.6,0.0,1.3,6.75,170,1.76,0.0,0.5,225,-0.54,19.0,,unavailable (no satellite pass / dataset error),
75.3,Good,Bit dodgy,2026-08-30T10:49:05Z,Fingal Bay,2026-08-27T16:00:00Z,2026-08-28T02:00,6.7,322,11.9,0.0,1.46,7.35,169,1.78,0.0,0.4,207,-0.57,19.0,,unavailable (no satellite pass / dataset error),
76.1,Good,Getting rough,2026-08-30T10:49:05Z,Fingal Bay,2026-08-27T17:00:00Z,2026-08-28T03:00,5.3,315,11.9,0.0,1.6,8.15,167,1.82,0.0,0.4,207,-0.44,19.0,,unavailable (no satellite pass / dataset error),
77.8,Good,Getting rough,2026-08-30T10:49:05Z,Fingal Bay,2026-08-27T18:00:00Z,2026-08-28T04:00,3.5,305,10.4,0.0,1.76,8.75,166,1.84,0.0,0.3,225,-0.21,19.0,,unavailable (no satellite pass / dataset error),
77.7,Good,Getting rough,2026-08-30T10:49:05Z,Fingal Bay,2026-08-27T19:00:00Z,2026-08-28T05:00,3.4,288,9.4,0.0,1.8,8.9,166,1.86,0.0,0.3,225,0.07,19.0,,unavailable (no satellite pass / dataset error),
76.9,Good,Getting rough,2026-08-30T10:49:05Z,Fingal Bay,2026-08-27T20:00:00Z,2026-08-28T06:00,4.0,300,9.7,0.0,1.82,8.8,166,1.88,0.0,0.3,225,0.32,19.0,,unavailable (no satellite pass / dataset error),
75.5,Good,Getting rough,2026-08-30T10:49:05Z,Fingal Bay,2026-08-27T21:00:00Z,2026-08-28T07:00,5.4,296,12.2,0.0,1.86,8.7,166,1.9,0.0,0.3,225,0.48,19.0,,unavailable (no satellite pass / dataset error),
76.1,Good,Getting rough,2026-08-30T10:49:05Z,Fingal Bay,2026-08-27T22:00:00Z,2026-08-28T08:00,5.0,285,13.7,0.0,1.86,8.75,166,1.9,0.0,0.2,270,0.51,19.0,,unavailable (no satellite pass / dataset error),
77.9,Good,Getting rough,2026-08-30T10:49:05Z,Fingal Bay,2026-08-27T23:00:00Z,2026-08-28T09:00,3.0,284,13.7,0.0,1.88,8.75,165,1.9,0.0,0.2,270,0.39,19.0,,unavailable (no satellite pass / dataset error),
79.2,Good,Getting rough,2026-08-30T10:49:05Z,Fingal Bay,2026-08-28T00:00:00Z,2026-08-28T10:00,1.5,76,12.6,0.0,1.88,8.8,165,1.9,0.0,0.2,270,0.17,19.0,,unavailable (no satellite pass / dataset error),
78.4,Good,Getting rough,2026-08-30T10:49:05Z,Fingal Bay,2026-08-28T01:00:00Z,2026-08-28T11:00,2.6,102,13.3,0.0,1.86,8.8,164,1.88,0.0,0.2,270,-0.09,19.1,,unavailable (no satellite pass / dataset error),
76.4,Good,Getting rough,2026-08-30T10:49:05Z,Fingal Bay,2026-08-28T02:00:00Z,2026-08-28T12:00,4.5,127,15.5,0.0,1.84,8.8,164,1.86,0.02,0.4,297,-0.32,19.2,,unavailable (no satellite pass / dataset error),
71.4,Good,Getting rough,2026-08-30T10:49:05Z,Fingal Bay,2026-08-28T03:00:00Z,2026-08-28T13:00,9.8,120,26.6,0.0,1.82,8.75,163,1.84,0.02,0.6,288,-0.45,19.2,,unavailable (no satellite pass / dataset error),
70.1,Good,Getting rough,2026-08-30T10:49:05Z,Fingal Bay,2026-08-28T04:00:00Z,2026-08-28T14:00,11.3,108,29.2,0.0,1.8,8.75,163,1.82,0.04,0.7,284,-0.43,19.3,,unavailable (no satellite pass / dataset error),
69.9,Good,Getting rough,2026-08-30T10:49:05Z,Fingal Bay,2026-08-28T05:00:00Z,2026-08-28T15:00,11.4,102,29.2,0.0,1.76,8.7,162,1.78,0.08,0.9,270,-0.26,19.4,,unavailable (no satellite pass / dataset error),
69.3,Good,Getting rough,2026-08-30T10:49:05Z,Fingal Bay,2026-08-28T06:00:00Z,2026-08-28T16:00,12.3,93,28.1,0.0,1.74,8.65,162,1.76,0.1,0.9,270,0.03,19.4,,unavailable (no satellite pass / dataset error),
72.4,Good,Getting rough,2026-08-30T10:49:05Z,Fingal Bay,2026-08-28T07:00:00Z,2026-08-28T17:00,9.1,81,27.0,0.0,1.72,8.6,161,1.74,0.1,0.9,259,0.35,19.4,,unavailable (no satellite pass / dataset error),
71.7,Good,Getting rough,2026-08-30T10:49:05Z,Fingal Bay,2026-08-28T08:00:00Z,2026-08-28T18:00,10.3,89,17.3,0.0,1.7,8.5,161,1.7,0.12,0.9,259,0.64,19.4,,unavailable (no satellite pass / dataset error),
74.9,Good,Getting rough,2026-08-30T10:49:05Z,Fingal Bay,2026-08-28T09:00:00Z,2026-08-28T19:00,6.7,96,16.2,0.0,1.68,8.4,160,1.68,0.12,1.0,248,0.83,19.4,,unavailable (no satellite pass / dataset error),
74.8,Good,Getting rough,2026-08-30T10:49:05Z,Fingal Bay,2026-08-28T10:00:00Z,2026-08-28T20:00,6.8,115,10.1,0.0,1.68,8.3,159,1.68,0.1,1.0,248,0.87,19.3,,unavailable (no satellite pass / dataset error),
73.9,Good,Getting rough,2026-08-30T10:49:05Z,Fingal Bay,2026-08-28T11:00:00Z,2026-08-28T21:00,8.0,132,13.0,0.0,1.66,8.25,159,1.66,0.1,1.0,248,0.74,19.3,,unavailable (no satellite pass / dataset error),
77.0,Good,Getting rough,2026-08-30T10:49:05Z,Fingal Bay,2026-08-28T12:00:00Z,2026-08-28T22:00,4.8,105,12.6,0.0,1.66,8.2,158,1.66,0.08,0.9,233,0.47,19.3,,unavailable (no satellite pass / dataset error),
79.6,Good,Getting rough,2026-08-30T10:49:05Z,Fingal Bay,2026-08-28T13:00:00Z,2026-08-28T23:00,2.1,211,6.1,0.0,1.64,8.15,158,1.66,0.1,0.8,243,0.11,19.3,,unavailable (no satellite pass / dataset error),
76.4,Good,Getting rough,2026-08-30T10:49:05Z,Fingal Bay,2026-08-28T14:00:00Z,2026-08-29T00:00,6.3,239,10.8,0.1,1.64,8.15,158,1.64,0.12,0.6,236,-0.24,19.2,,unavailable (no satellite pass / dataset error),
74.9,Good,Getting rough,2026-08-30T10:49:05Z,Fingal Bay,2026-08-28T15:00:00Z,2026-08-29T01:00,8.3,252,13.0,0.0,1.62,8.15,158,1.64,0.14,0.5,225,-0.5,19.2,,unavailable (no satellite pass / dataset error),
75.5,Good,Getting rough,2026-08-30T10:49:05Z,Fingal Bay,2026-08-28T16:00:00Z,2026-08-29T02:00,8.1,246,14.4,0.0,1.6,8.15,158,1.62,0.16,0.4,243,-0.62,19.2,,unavailable (no satellite pass / dataset error),
75.3,Good,Getting rough,2026-08-30T10:49:05Z,Fingal Bay,2026-08-28T17:00:00Z,2026-08-29T03:00,8.3,229,13.0,0.0,1.6,8.1,157,1.62,0.18,0.4,243,-0.56,19.2,,unavailable (no satellite pass / dataset error),
77.6,Good,Getting rough,2026-08-30T10:49:05Z,Fingal Bay,2026-08-28T18:00:00Z,2026-08-29T04:00,6.0,226,12.6,0.0,1.58,8.1,157,1.6,0.2,0.4,243,-0.37,19.2,,unavailable (no satellite pass / dataset error),
79.7,Good,Getting rough,2026-08-30T10:49:05Z,Fingal Bay,2026-08-28T19:00:00Z,2026-08-29T05:00,3.6,229,8.3,0.0,1.56,8.05,157,1.58,0.24,0.5,270,-0.08,19.2,,unavailable (no satellite pass / dataset error),
81.2,Excellent,Getting rough,2026-08-30T10:49:05Z,Fingal Bay,2026-08-28T20:00:00Z,2026-08-29T06:00,2.1,232,5.0,0.0,1.52,8.0,156,1.56,0.3,0.5,270,0.21,19.2,,unavailable (no satellite pass / dataset error),
79.3,Good,Bit dodgy,2026-08-30T10:49:05Z,Fingal Bay,2026-08-28T21:00:00Z,2026-08-29T07:00,4.2,223,4.7,0.0,1.5,7.95,156,1.54,0.34,0.6,288,0.44,19.2,,unavailable (no satellite pass / dataset error),
79.6,Good,Bit dodgy,2026-08-30T10:49:05Z,Fingal Bay,2026-08-28T22:00:00Z,2026-08-29T08:00,3.4,264,11.2,0.0,1.48,7.95,156,1.56,0.4,0.7,284,0.55,19.2,,unavailable (no satellite pass / dataset error),
79.0,Good,Bit dodgy,2026-08-30T10:49:05Z,Fingal Bay,2026-08-28T23:00:00Z,2026-08-29T09:00,4.1,180,13.7,0.0,1.48,7.9,155,1.56,0.44,0.7,284,0.51,19.2,,unavailable (no satellite pass / dataset error),
70.3,Good,Bit dodgy,2026-08-30T10:49:05Z,Fingal Bay,2026-08-29T00:00:00Z,2026-08-29T10:00,13.2,158,29.5,0.3,1.46,7.85,155,1.58,0.5,0.7,284,0.32,19.2,,unavailable (no satellite pass / dataset error),
67.5,Good,Getting rough,2026-08-30T10:49:05Z,Fingal Bay,2026-08-29T01:00:00Z,2026-08-29T11:00,14.8,170,34.9,0.2,1.52,7.7,155,1.62,0.46,1.0,292,0.05,19.2,,unavailable (no satellite pass / dataset error),
65.6,Good,Getting rough,2026-08-30T10:49:05Z,Fingal Bay,2026-08-29T02:00:00Z,2026-08-29T12:00,16.6,171,38.9,0.1,1.56,7.45,156,1.64,0.44,1.0,292,-0.23,19.3,,unavailable (no satellite pass / dataset error),
64.3,Good,Getting rough,2026-08-30T10:49:05Z,Fingal Bay,2026-08-29T03:00:00Z,2026-08-29T13:00,17.2,173,40.7,0.1,1.62,7.3,156,1.68,0.4,1.1,288,-0.45,19.3,,unavailable (no satellite pass / dataset error),
65.2,Good,Getting rough,2026-08-30T10:49:05Z,Fingal Bay,2026-08-29T04:00:00Z,2026-08-29T14:00,15.9,170,40.3,0.0,1.66,7.2,157,1.7,0.36,1.1,288,-0.53,19.4,,unavailable (no satellite pass / dataset error),
65.1,Good,Getting rough,2026-08-30T10:49:05Z,Fingal Bay,2026-08-29T05:00:00Z,2026-08-29T15:00,15.3,171,37.1,0.0,1.68,7.15,158,1.72,0.3,1.3,278,-0.45,19.4,,unavailable (no satellite pass / dataset error),
67.6,Good,Getting rough,2026-08-30T10:49:05Z,Fingal Bay,2026-08-29T06:00:00Z,2026-08-29T16:00,12.3,170,34.9,0.0,1.72,7.15,159,1.74,0.26,1.3,270,-0.23,19.4,,unavailable (no satellite pass / dataset error),
69.6,Good,Getting rough,2026-08-30T10:49:05Z,Fingal Bay,2026-08-29T07:00:00Z,2026-08-29T17:00,8.7,176,26.6,0.0,1.86,7.35,160,1.86,0.18,1.3,262,0.08,19.4,,unavailable (no satellite pass / dataset error),
70.0,Good,Getting rough,2026-08-30T10:49:05Z,Fingal Bay,2026-08-29T08:00:00Z,2026-08-29T18:00,6.7,180,16.9,0.0,1.98,7.6,160,2.0,0.12,1.3,254,0.4,19.4,,unavailable (no satellite pass / dataset error),
69.5,Good,Getting rough,2026-08-30T10:49:05Z,Fingal Bay,2026-08-29T09:00:00Z,2026-08-29T19:00,5.9,162,10.4,0.0,2.12,7.75,161,2.12,0.04,1.3,254,0.67,19.4,,unavailable (no satellite pass / dataset error),
71.7,Good,Getting rough,2026-08-30T10:49:05Z,Fingal Bay,2026-08-29T10:00:00Z,2026-08-29T20:00,4.8,149,10.8,0.0,2.02,7.6,161,2.02,0.02,1.2,243,0.81,19.4,,unavailable (no satellite pass / dataset error),
75.4,Good,Getting rough,2026-08-30T10:49:05Z,Fingal Bay,2026-08-29T11:00:00Z,2026-08-29T21:00,1.3,164,6.5,0.0,1.94,7.3,161,1.94,0.02,1.3,236,0.78,19.4,,unavailable (no satellite pass / dataset error),
77.3,Good,Getting rough,2026-08-30T10:49:05Z,Fingal Bay,2026-08-29T12:00:00Z,2026-08-29T22:00,0.6,304,2.2,0.0,1.84,7.1,161,1.84,0.0,1.2,231,0.58,19.4,,unavailable (no satellite pass / dataset error),
75.5,Good,Getting rough,2026-08-30T10:49:05Z,Fingal Bay,2026-08-29T13:00:00Z,2026-08-29T23:00,3.8,289,6.5,0.0,1.76,7.05,161,1.78,0.02,1.0,225,0.26,19.3,,unavailable (no satellite pass / dataset error),
74.2,Good,Getting rough,2026-08-30T10:49:05Z,Fingal Bay,2026-08-29T14:00:00Z,2026-08-30T00:00,6.2,277,10.1,0.0,1.68,7.05,161,1.7,0.02,1.0,225,-0.11,19.3,,unavailable (no satellite pass / dataset error),
74.7,Good,Getting rough,2026-08-30T10:49:05Z,Fingal Bay,2026-08-29T15:00:00Z,2026-08-30T01:00,6.9,279,10.8,0.0,1.6,7.05,161,1.64,0.04,0.8,225,-0.43,19.3,,unavailable (no satellite pass / dataset error),
74.3,Good,Bit dodgy,2026-08-30T10:49:05Z,Fingal Bay,2026-08-29T16:00:00Z,2026-08-30T02:00,8.6,296,14.4,0.0,1.5,6.9,160,1.6,0.04,0.5,225,-0.63,19.2,,unavailable (no satellite pass / dataset error),
74.3,Good,Bit dodgy,2026-08-30T10:49:05Z,Fingal Bay,2026-08-29T17:00:00Z,2026-08-30T03:00,9.0,301,15.5,0.0,1.42,6.7,158,1.56,0.04,0.5,225,-0.67,19.2,,unavailable (no satellite pass / dataset error),
74.7,Good,Bit dodgy,2026-08-30T10:49:05Z,Fingal Bay,2026-08-29T18:00:00Z,2026-08-30T04:00,9.3,299,16.6,0.0,1.32,6.6,157,1.52,0.04,0.4,243,-0.53,19.2,,unavailable (no satellite pass / dataset error),
73.7,Good,Bit dodgy,2026-08-30T10:49:05Z,Fingal Bay,2026-08-29T19:00:00Z,2026-08-30T05:00,10.6,293,18.7,0.0,1.36,6.75,159,1.5,0.02,0.4,270,-0.28,19.2,,unavailable (no satellite pass / dataset error),
74.5,Good,Bit dodgy,2026-08-30T10:49:05Z,Fingal Bay,2026-08-29T20:00:00Z,2026-08-30T06:00,10.2,291,18.7,0.0,1.4,7.0,161,1.46,0.02,0.4,270,0.03,19.2,,unavailable (no satellite pass / dataset error),
75.6,Good,Bit dodgy,2026-08-30T10:49:05Z,Fingal Bay,2026-08-29T21:00:00Z,2026-08-30T07:00,9.2,287,18.0,0.0,1.44,7.2,163,1.44,0.0,0.4,270,0.33,19.2,,unavailable (no satellite pass / dataset error),
77.6,Good,Bit dodgy,2026-08-30T10:49:05Z,Fingal Bay,2026-08-29T22:00:00Z,2026-08-30T08:00,7.1,280,17.3,0.0,1.42,7.3,164,1.42,0.0,0.4,270,0.53,19.2,,unavailable (no satellite pass / dataset error),
78.7,Good,Bit dodgy,2026-08-30T10:49:05Z,Fingal Bay,2026-08-29T23:00:00Z,2026-08-30T09:00,5.9,259,17.6,0.0,1.42,7.3,164,1.42,0.02,0.4,297,0.6,19.2,,unavailable (no satellite pass / dataset error),
81.1,Excellent,Bit dodgy,2026-08-30T10:49:05Z,Fingal Bay,2026-08-30T00:00:00Z,2026-08-30T10:00,3.9,208,18.0,0.0,1.4,7.35,165,1.4,0.02,0.4,297,0.5,19.2,,unavailable (no satellite pass / dataset error),
81.0,Excellent,Bit dodgy,2026-08-30T10:49:05Z,Fingal Bay,2026-08-30T01:00:00Z,2026-08-30T11:00,4.0,190,15.8,0.0,1.4,7.4,166,1.4,0.02,0.5,315,0.26,19.3,,unavailable (no satellite pass / dataset error),
79.3,Good,Bit dodgy,2026-08-30T10:49:05Z,Fingal Bay,2026-08-30T02:00:00Z,2026-08-30T12:00,6.0,171,18.7,0.0,1.4,7.4,166,1.4,0.0,0.5,315,-0.04,19.3,,unavailable (no satellite pass / dataset error),
75.7,Good,Bit dodgy,2026-08-30T10:49:05Z,Fingal Bay,2026-08-30T03:00:00Z,2026-08-30T13:00,9.4,157,24.8,0.0,1.4,7.45,167,1.4,0.0,0.8,315,-0.31,19.4,,unavailable (no satellite pass / dataset error),
72.3,Good,Bit dodgy,2026-08-30T10:49:05Z,Fingal Bay,2026-08-30T04:00:00Z,2026-08-30T14:00,13.0,143,32.4,0.0,1.4,7.45,167,1.4,0.02,0.9,307,-0.49,19.4,,unavailable (no satellite pass / dataset error),
73.7,Good,Bit dodgy,2026-08-30T10:49:05Z,Fingal Bay,2026-08-30T05:00:00Z,2026-08-30T15:00,10.9,146,32.4,0.0,1.42,7.5,168,1.42,0.02,1.0,292,-0.52,19.5,,unavailable (no satellite pass / dataset error),
76.2,Good,Bit dodgy,2026-08-30T10:49:05Z,Fingal Bay,2026-08-30T06:00:00Z,2026-08-30T16:00,7.9,141,26.3,0.0,1.42,7.5,168,1.42,0.04,1.1,288,-0.4,19.5,,unavailable (no satellite pass / dataset error),
78.2,Good,Bit dodgy,2026-08-30T10:49:05Z,Fingal Bay,2026-08-30T07:00:00Z,2026-08-30T17:00,5.6,112,18.7,0.0,1.42,7.55,168,1.42,0.06,1.1,279,-0.15,19.5,,unavailable (no satellite pass / dataset error),
78.5,Good,Bit dodgy,2026-08-30T10:49:05Z,Fingal Bay,2026-08-30T08:00:00Z,2026-08-30T18:00,5.1,84,10.4,0.0,1.44,7.6,169,1.44,0.06,1.1,270,0.17,19.5,,unavailable (no satellite pass / dataset error),
79.7,Good,Bit dodgy,2026-08-30T10:49:05Z,Fingal Bay,2026-08-30T09:00:00Z,2026-08-30T19:00,3.7,55,7.6,0.0,1.44,7.65,169,1.44,0.08,1.1,261,0.47,19.5,,unavailable (no satellite pass / dataset error),
79.4,Good,Bit dodgy,2026-08-30T10:49:05Z,Fingal Bay,2026-08-30T10:00:00Z,2026-08-30T20:00,4.1,13,5.8,0.0,1.44,7.75,169,1.44,0.06,1.1,252,0.69,19.4,,unavailable (no satellite pass / dataset error),
87.8,Excellent,Doable,2026-08-30T10:49:05Z,Broughton Island,2026-08-30T10:00:00Z,2026-08-30T20:00,1.9,29,4.0,0.0,1.1,7.0,166,1.12,0.02,0.7,256,0.69,18.8,,unavailable (no satellite pass / dataset error),
89.9,Excellent,Great,2026-08-30T10:49:05Z,Forster,2026-08-30T10:00:00Z,2026-08-30T20:00,2.7,270,5.0,0.0,0.72,5.3,145,0.86,0.02,0.4,270,0.7,19.4,,unavailable (no satellite pass / dataset error),
72.3,Good,Getting rough,2026-08-30T10:49:05Z,South West Rocks,2026-08-27T14:00:00Z,2026-08-28T00:00,6.4,245,12.2,0.0,1.78,6.8,163,1.96,0.16,1.0,202,-0.3,20.2,,unavailable (no satellite pass / dataset error),
73.2,Good,Getting rough,2026-08-30T10:49:05Z,South West Rocks,2026-08-27T15:00:00Z,2026-08-28T01:00,6.9,245,12.2,0.0,1.7,6.7,163,1.9,0.14,0.7,194,-0.5,20.2,,unavailable (no satellite pass / dataset error),
72.8,Good,Getting rough,2026-08-30T10:49:05Z,South West Rocks,2026-08-27T16:00:00Z,2026-08-28T02:00,7.6,248,12.6,0.0,1.66,6.6,163,1.88,0.14,0.7,180,-0.52,20.2,,unavailable (no satellite pass / dataset error),
72.6,Good,Getting rough,2026-08-30T10:49:05Z,South West Rocks,2026-08-27T17:00:00Z,2026-08-28T03:00,8.2,244,14.0,0.0,1.62,6.55,162,1.84,0.12,0.7,166,-0.38,20.2,,unavailable (no satellite pass / dataset error),
74.1,Good,Getting rough,2026-08-30T10:49:05Z,South West Rocks,2026-08-27T18:00:00Z,2026-08-28T04:00,7.0,244,14.4,0.0,1.58,6.6,162,1.82,0.12,0.6,162,-0.13,20.2,,unavailable (no satellite pass / dataset error),
73.4,Good,Getting rough,2026-08-30T10:49:05Z,South West Rocks,2026-08-27T19:00:00Z,2026-08-28T05:00,7.8,248,13.0,0.0,1.64,6.9,162,1.82,0.1,0.6,162,0.15,20.2,,unavailable (no satellite pass / dataset error),
73.1,Good,Getting rough,2026-08-30T10:49:05Z,South West Rocks,2026-08-27T20:00:00Z,2026-08-28T06:00,8.0,250,13.0,0.0,1.68,7.35,161,1.84,0.08,0.6,162,0.4,20.2,,unavailable (no satellite pass / dataset error),
72.5,Good,Getting rough,2026-08-30T10:49:05Z,South West Rocks,2026-08-27T21:00:00Z,2026-08-28T07:00,8.4,251,15.5,0.0,1.74,7.7,161,1.84,0.06,0.7,180,0.55,20.3,,unavailable (no satellite pass / dataset error),
74.8,Good,Getting rough,2026-08-30T10:49:05Z,South West Rocks,2026-08-27T22:00:00Z,2026-08-28T08:00,5.6,249,16.2,0.0,1.76,7.85,161,1.86,0.04,0.7,180,0.56,20.3,,unavailable (no satellite pass / dataset error),
75.2,Good,Getting rough,2026-08-30T10:49:05Z,South West Rocks,2026-08-27T23:00:00Z,2026-08-28T09:00,4.4,261,16.6,0.0,1.8,7.9,160,1.88,0.04,0.9,191,0.43,20.3,,unavailable (no satellite pass / dataset error),
75.1,Good,Getting rough,2026-08-30T10:49:05Z,South West Rocks,2026-08-28T00:00:00Z,2026-08-28T10:00,4.0,275,15.1,0.0,1.82,7.95,160,1.9,0.02,1.0,202,0.18,20.3,,unavailable (no satellite pass / dataset error),
78.1,Good,Getting rough,2026-08-30T10:49:05Z,South West Rocks,2026-08-28T01:00:00Z,2026-08-28T11:00,0.6,18,14.4,0.0,1.8,7.95,160,1.9,0.04,1.0,202,-0.09,20.4,,unavailable (no satellite pass / dataset error),
75.2,Good,Getting rough,2026-08-30T10:49:05Z,South West Rocks,2026-08-28T02:00:00Z,2026-08-28T12:00,4.1,90,14.8,0.0,1.8,7.95,161,1.88,0.06,1.0,202,-0.33,20.4,,unavailable (no satellite pass / dataset error),
70.6,Good,Getting rough,2026-08-30T10:49:05Z,South West Rocks,2026-08-28T03:00:00Z,2026-08-28T13:00,9.2,96,25.2,0.0,1.78,7.95,161,1.88,0.08,1.0,202,-0.46,20.4,,unavailable (no satellite pass / dataset error),
68.2,Good,Getting rough,2026-08-30T10:49:05Z,South West Rocks,2026-08-28T04:00:00Z,2026-08-28T14:00,11.9,94,31.0,0.0,1.78,7.95,161,1.88,0.12,1.0,202,-0.42,20.5,,unavailable (no satellite pass / dataset error),
67.1,Good,Getting rough,2026-08-30T10:49:05Z,South West Rocks,2026-08-28T05:00:00Z,2026-08-28T15:00,13.2,97,32.4,0.0,1.8,7.95,161,1.9,0.14,0.9,191,-0.23,20.5,,unavailable (no satellite pass / dataset error),
68.4,Good,Getting rough,2026-08-30T10:49:05Z,South West Rocks,2026-08-28T06:00:00Z,2026-08-28T16:00,11.8,107,32.0,0.0,1.8,7.95,161,1.9,0.18,0.9,191,0.08,20.5,,unavailable (no satellite pass / dataset error),
71.1,Good,Getting rough,2026-08-30T10:49:05Z,South West Rocks,2026-08-28T07:00:00Z,2026-08-28T17:00,9.0,113,26.6,0.0,1.8,8.0,161,1.88,0.16,0.9,180,0.43,20.5,,unavailable (no satellite pass / dataset error),
75.9,Good,Getting rough,2026-08-30T10:49:05Z,South West Rocks,2026-08-28T08:00:00Z,2026-08-28T18:00,3.8,121,17.6,0.0,1.78,8.05,161,1.86,0.12,0.9,180,0.74,20.5,,unavailable (no satellite pass / dataset error),
77.7,Good,Getting rough,2026-08-30T10:49:05Z,South West Rocks,2026-08-28T09:00:00Z,2026-08-28T19:00,1.5,210,6.8,0.0,1.78,8.05,161,1.84,0.1,1.1,180,0.93,20.5,,unavailable (no satellite pass / dataset error),
76.1,Good,Getting rough,2026-08-30T10:49:05Z,South West Rocks,2026-08-28T10:00:00Z,2026-08-28T20:00,3.5,246,6.5,0.0,1.76,8.05,161,1.82,0.08,1.1,180,0.97,20.4,,unavailable (no satellite pass / dataset error),
74.2,Good,Getting rough,2026-08-30T10:49:05Z,South West Rocks,2026-08-28T11:00:00Z,2026-08-28T21:00,5.5,238,9.0,0.0,1.72,8.0,160,1.78,0.06,1.3,188,0.83,20.4,,unavailable (no satellite pass / dataset error),
75.3,Good,Getting rough,2026-08-30T10:49:05Z,South West Rocks,2026-08-28T12:00:00Z,2026-08-28T22:00,4.5,233,10.1,0.0,1.7,7.95,160,1.76,0.04,1.3,196,0.54,20.4,,unavailable (no satellite pass / dataset error),
73.9,Good,Getting rough,2026-08-30T10:49:05Z,South West Rocks,2026-08-28T13:00:00Z,2026-08-28T23:00,6.3,235,11.5,0.0,1.68,7.9,160,1.74,0.04,1.3,196,0.17,20.4,,unavailable (no satellite pass / dataset error),
74.7,Good,Getting rough,2026-08-30T10:49:05Z,South West Rocks,2026-08-28T14:00:00Z,2026-08-29T00:00,5.7,229,10.4,0.0,1.66,7.9,159,1.72,0.04,1.3,196,-0.19,20.3,,unavailable (no satellite pass / dataset error),
72.8,Good,Getting rough,2026-08-30T10:49:05Z,South West Rocks,2026-08-28T15:00:00Z,2026-08-29T01:00,8.0,224,13.3,0.0,1.64,7.85,159,1.7,0.04,1.3,188,-0.46,20.3,,unavailable (no satellite pass / dataset error),
72.6,Good,Getting rough,2026-08-30T10:49:05Z,South West Rocks,2026-08-28T16:00:00Z,2026-08-29T02:00,9.0,223,16.2,0.0,1.62,7.85,159,1.68,0.04,1.1,189,-0.57,20.3,,unavailable (no satellite pass / dataset error),
72.8,Good,Getting rough,2026-08-30T10:49:05Z,South West Rocks,2026-08-28T17:00:00Z,2026-08-29T03:00,8.8,224,16.6,0.0,1.6,7.85,159,1.68,0.04,1.1,180,-0.5,20.3,,unavailable (no satellite pass / dataset error),
74.1,Good,Getting rough,2026-08-30T10:49:05Z,South West Rocks,2026-08-28T18:00:00Z,2026-08-29T04:00,8.0,239,16.2,0.0,1.58,7.85,159,1.66,0.04,0.9,169,-0.29,20.3,,unavailable (no satellite pass / dataset error),
73.6,Good,Getting rough,2026-08-30T10:49:05Z,South West Rocks,2026-08-28T19:00:00Z,2026-08-29T05:00,8.6,231,14.8,0.0,1.58,7.85,159,1.66,0.06,0.9,169,0.01,20.3,,unavailable (no satellite pass / dataset error),
74.5,Good,Getting rough,2026-08-30T10:49:05Z,South West Rocks,2026-08-28T20:00:00Z,2026-08-29T06:00,7.8,218,14.4,0.0,1.56,7.85,158,1.64,0.08,0.9,169,0.3,20.3,,unavailable (no satellite pass / dataset error),
73.8,Good,Getting rough,2026-08-30T10:49:05Z,South West Rocks,2026-08-28T21:00:00Z,2026-08-29T07:00,8.6,219,16.6,0.0,1.56,7.85,158,1.64,0.1,0.9,169,0.53,20.3,,unavailable (no satellite pass / dataset error),
74.5,Good,Getting rough,2026-08-30T10:49:05Z,South West Rocks,2026-08-28T22:00:00Z,2026-08-29T08:00,7.4,219,17.6,0.0,1.6,7.9,158,1.68,0.12,0.9,180,0.63,20.4,,unavailable (no satellite pass / dataset error),
73.0,Good,Getting rough,2026-08-30T10:49:05Z,South West Rocks,2026-08-28T23:00:00Z,2026-08-29T09:00,8.1,198,22.0,0.0,1.64,8.0,157,1.72,0.16,1.1,189,0.58,20.4,,unavailable (no satellite pass / dataset error),
72.7,Good,Getting rough,2026-08-30T10:49:05Z,South West Rocks,2026-08-29T00:00:00Z,2026-08-29T10:00,7.8,217,27.0,0.1,1.68,8.05,157,1.76,0.18,1.1,198,0.38,20.4,,unavailable (no satellite pass / dataset error),
70.8,Good,Getting rough,2026-08-30T10:49:05Z,South West Rocks,2026-08-29T01:00:00Z,2026-08-29T11:00,9.2,196,25.2,0.2,1.7,8.15,157,1.8,0.3,1.1,198,0.09,20.4,,unavailable (no satellite pass / dataset error),
68.4,Good,Getting rough,2026-08-30T10:49:05Z,South West Rocks,2026-08-29T02:00:00Z,2026-08-29T12:00,10.9,189,28.4,0.2,1.7,8.2,157,1.84,0.4,1.2,207,-0.2,20.4,,unavailable (no satellite pass / dataset error),
66.3,Good,Getting rough,2026-08-30T10:49:05Z,South West Rocks,2026-08-29T03:00:00Z,2026-08-29T13:00,12.4,181,31.0,0.3,1.72,8.25,157,1.88,0.52,1.2,207,-0.41,20.4,,unavailable (no satellite pass / dataset error),
63.6,Good,Getting rough,2026-08-30T10:49:05Z,South West Rocks,2026-08-29T04:00:00Z,2026-08-29T14:00,15.6,163,36.0,0.4,1.62,8.25,156,1.86,0.68,1.0,202,-0.48,20.4,,unavailable (no satellite pass / dataset error),
62.1,Good,Getting rough,2026-08-30T10:49:05Z,South West Rocks,2026-08-29T05:00:00Z,2026-08-29T15:00,16.6,164,37.4,0.7,1.54,8.15,155,1.86,0.86,0.9,191,-0.39,20.4,,unavailable (no satellite pass / dataset error),
62.8,Good,Bit dodgy,2026-08-30T10:49:05Z,South West Rocks,2026-08-29T06:00:00Z,2026-08-29T16:00,16.3,173,37.4,0.2,1.44,8.05,154,1.84,1.02,0.7,194,-0.14,20.4,,unavailable (no satellite pass / dataset error),
62.6,Good,Bit dodgy,2026-08-30T10:49:05Z,South West Rocks,2026-08-29T07:00:00Z,2026-08-29T17:00,16.0,166,35.3,0.0,1.5,7.85,154,1.88,0.98,0.7,180,0.19,20.4,,unavailable (no satellite pass / dataset error),
62.9,Good,Getting rough,2026-08-30T10:49:05Z,South West Rocks,2026-08-29T08:00:00Z,2026-08-29T18:00,15.5,167,34.9,0.0,1.58,7.6,153,1.9,0.92,0.7,180,0.53,20.4,,unavailable (no satellite pass / dataset error),
66.0,Good,Getting rough,2026-08-30T10:49:05Z,South West Rocks,2026-08-29T09:00:00Z,2026-08-29T19:00,11.1,189,32.0,0.0,1.64,7.35,153,1.94,0.88,0.9,180,0.8,20.4,,unavailable (no satellite pass / dataset error),
66.9,Good,Getting rough,2026-08-30T10:49:05Z,South West Rocks,2026-08-29T10:00:00Z,2026-08-29T20:00,10.5,233,22.7,0.0,1.66,7.15,154,1.9,0.78,0.9,180,0.94,20.4,,unavailable (no satellite pass / dataset error),
66.2,Good,Getting rough,2026-08-30T10:49:05Z,South West Rocks,2026-08-29T11:00:00Z,2026-08-29T21:00,11.0,246,21.6,0.0,1.68,6.95,154,1.88,0.66,1.1,189,0.9,20.3,,unavailable (no satellite pass / dataset error),
66.0,Good,Getting rough,2026-08-30T10:49:05Z,South West Rocks,2026-08-29T12:00:00Z,2026-08-29T22:00,11.6,244,23.0,0.0,1.7,6.85,155,1.84,0.56,1.1,198,0.69,20.3,,unavailable (no satellite pass / dataset error),
66.1,Good,Getting rough,2026-08-30T10:49:05Z,South West Rocks,2026-08-29T13:00:00Z,2026-08-29T23:00,11.2,235,22.7,0.0,1.7,6.8,156,1.82,0.46,1.3,196,0.35,20.3,,unavailable (no satellite pass / dataset error),
65.9,Good,Getting rough,2026-08-30T10:49:05Z,South West Rocks,2026-08-29T14:00:00Z,2026-08-30T00:00,11.7,226,23.0,0.0,1.72,6.85,156,1.8,0.36,1.3,196,-0.03,20.3,,unavailable (no satellite pass / dataset error),
66.8,Good,Getting rough,2026-08-30T10:49:05Z,South West Rocks,2026-08-29T15:00:00Z,2026-08-30T01:00,10.9,230,22.7,0.0,1.72,6.85,157,1.78,0.26,1.3,196,-0.36,20.3,,unavailable (no satellite pass / dataset error),
67.9,Good,Getting rough,2026-08-30T10:49:05Z,South West Rocks,2026-08-29T16:00:00Z,2026-08-30T02:00,10.1,237,20.9,0.0,1.68,6.85,157,1.74,0.26,1.3,188,-0.55,20.3,,unavailable (no satellite pass / dataset error),
69.0,Good,Getting rough,2026-08-30T10:49:05Z,South West Rocks,2026-08-29T17:00:00Z,2026-08-30T03:00,9.9,237,19.4,0.0,1.64,6.9,157,1.7,0.28,1.1,180,-0.58,20.3,,unavailable (no satellite pass / dataset error),
69.9,Good,Getting rough,2026-08-30T10:49:05Z,South West Rocks,2026-08-29T18:00:00Z,2026-08-30T04:00,9.3,236,18.7,0.0,1.6,6.9,157,1.66,0.28,1.1,180,-0.44,20.3,,unavailable (no satellite pass / dataset error),
69.6,Good,Getting rough,2026-08-30T10:49:05Z,South West Rocks,2026-08-29T19:00:00Z,2026-08-30T05:00,10.1,231,19.4,0.0,1.58,6.9,157,1.62,0.3,1.1,171,-0.17,20.3,,unavailable (no satellite pass / dataset error),
70.1,Good,Getting rough,2026-08-30T10:49:05Z,South West Rocks,2026-08-29T20:00:00Z,2026-08-30T06:00,10.3,235,20.2,0.0,1.54,6.85,158,1.6,0.3,0.9,169,0.15,20.3,,unavailable (no satellite pass / dataset error),
70.3,Good,Getting rough,2026-08-30T10:49:05Z,South West Rocks,2026-08-29T21:00:00Z,2026-08-30T07:00,10.0,242,21.2,0.0,1.52,6.85,158,1.56,0.32,1.1,171,0.44,20.3,,unavailable (no satellite pass / dataset error),
70.1,Good,Bit dodgy,2026-08-30T10:49:05Z,South West Rocks,2026-08-29T22:00:00Z,2026-08-30T08:00,10.4,240,22.7,0.0,1.5,6.9,157,1.54,0.36,1.1,171,0.63,20.3,,unavailable (no satellite pass / dataset error),
68.3,Good,Bit dodgy,2026-08-30T10:49:05Z,South West Rocks,2026-08-29T23:00:00Z,2026-08-30T09:00,11.9,229,28.4,0.0,1.46,6.95,157,1.54,0.42,1.3,180,0.67,20.3,,unavailable (no satellite pass / dataset error),
69.1,Good,Bit dodgy,2026-08-30T10:49:05Z,South West Rocks,2026-08-30T00:00:00Z,2026-08-30T10:00,11.4,218,32.4,0.0,1.44,6.95,156,1.52,0.46,1.3,188,0.56,20.3,,unavailable (no satellite pass / dataset error),
70.4,Good,Bit dodgy,2026-08-30T10:49:05Z,South West Rocks,2026-08-30T01:00:00Z,2026-08-30T11:00,9.9,192,28.4,0.0,1.44,6.9,157,1.5,0.4,1.5,194,0.3,20.3,,unavailable (no satellite pass / dataset error),
70.5,Good,Bit dodgy,2026-08-30T10:49:05Z,South West Rocks,2026-08-30T02:00:00Z,2026-08-30T12:00,10.3,177,26.6,0.0,1.42,6.85,158,1.48,0.36,1.5,194,-0.01,20.3,,unavailable (no satellite pass / dataset error),
71.1,Good,Bit dodgy,2026-08-30T10:49:05Z,South West Rocks,2026-08-30T03:00:00Z,2026-08-30T13:00,10.3,174,28.1,0.0,1.42,6.8,159,1.46,0.3,1.5,201,-0.3,20.4,,unavailable (no satellite pass / dataset error),
70.8,Good,Bit dodgy,2026-08-30T10:49:05Z,South West Rocks,2026-08-30T04:00:00Z,2026-08-30T14:00,11.1,148,27.7,0.0,1.4,6.85,159,1.46,0.34,1.5,194,-0.48,20.4,,unavailable (no satellite pass / dataset error),
70.0,Good,Bit dodgy,2026-08-30T10:49:05Z,South West Rocks,2026-08-30T05:00:00Z,2026-08-30T15:00,13.2,141,32.4,0.0,1.38,6.9,160,1.44,0.36,1.5,194,-0.5,20.4,,unavailable (no satellite pass / dataset error),
70.9,Good,Bit dodgy,2026-08-30T10:49:05Z,South West Rocks,2026-08-30T06:00:00Z,2026-08-30T16:00,13.1,143,32.4,0.0,1.36,6.95,160,1.44,0.4,1.3,188,-0.36,20.4,,unavailable (no satellite pass / dataset error),
74.0,Good,Bit dodgy,2026-08-30T10:49:05Z,South West Rocks,2026-08-30T07:00:00Z,2026-08-30T17:00,9.8,144,29.9,0.0,1.36,6.9,160,1.42,0.32,1.3,180,-0.09,20.4,,unavailable (no satellite pass / dataset error),
76.5,Good,Bit dodgy,2026-08-30T10:49:05Z,South West Rocks,2026-08-30T08:00:00Z,2026-08-30T18:00,7.5,153,19.4,0.0,1.36,6.8,161,1.42,0.26,1.1,180,0.24,20.4,,unavailable (no satellite pass / dataset error),
79.1,Good,Bit dodgy,2026-08-30T10:49:05Z,South West Rocks,2026-08-30T09:00:00Z,2026-08-30T19:00,4.3,178,13.7,0.0,1.36,6.75,161,1.4,0.18,1.3,180,0.54,20.4,,unavailable (no satellite pass / dataset error),
78.2,Good,Bit dodgy,2026-08-30T10:49:05Z,South West Rocks,2026-08-30T10:00:00Z,2026-08-30T20:00,5.3,235,9.0,0.0,1.36,6.75,161,1.4,0.14,1.3,180,0.76,20.3,,unavailable (no satellite pass / dataset error),
93.1,Excellent,Great,2026-08-30T11:19:34Z,Williamstown,2026-08-30T11:00:00Z,2026-08-30T21:00,5.2,166,11.2,0.0,0.32,4.0,198,0.36,0.02,0.0,90,-0.28,13.3,,unavailable (no satellite pass / dataset error),
73.3,Good,Getting rough,2026-08-30T11:19:34Z,Robe,2026-08-30T11:00:00Z,2026-08-30T21:00,6.0,155,10.8,0.0,2.5,9.75,219,2.76,0.02,0.6,326,-0.37,14.2,,unavailable (no satellite pass / dataset error),
63.9,Good,Getting rough,2026-08-30T11:19:34Z,Port MacDonnell,2026-08-27T14:00:00Z,2026-08-28T00:00,11.4,334,20.2,0.0,2.38,10.05,250,2.72,0.26,0.4,117,-0.01,14.9,,unavailable (no satellite pass / dataset error),
63.5,Good,Getting rough,2026-08-30T11:19:34Z,Port MacDonnell,2026-08-27T15:00:00Z,2026-08-28T01:00,11.8,334,19.1,0.0,2.52,10.65,250,2.76,0.26,0.4,117,-0.03,14.8,,unavailable (no satellite pass / dataset error),
63.1,Good,Getting rough,2026-08-30T11:19:34Z,Port MacDonnell,2026-08-27T16:00:00Z,2026-08-28T02:00,12.3,331,20.2,0.0,2.62,11.1,250,2.8,0.28,0.4,117,-0.09,14.8,,unavailable (no satellite pass / dataset error),
61.7,Good,Getting rough,2026-08-30T11:19:34Z,Port MacDonnell,2026-08-27T17:00:00Z,2026-08-28T03:00,13.8,331,22.3,0.0,2.74,11.45,249,2.86,0.28,0.4,117,-0.17,14.8,,unavailable (no satellite pass / dataset error),
61.1,Good,Getting rough,2026-08-30T11:19:34Z,Port MacDonnell,2026-08-27T18:00:00Z,2026-08-28T04:00,14.5,332,24.8,0.0,2.84,11.75,249,2.9,0.3,0.4,117,-0.26,14.8,,unavailable (no satellite pass / dataset error),
61.7,Good,Getting rough,2026-08-30T11:19:34Z,Port MacDonnell,2026-08-27T19:00:00Z,2026-08-28T05:00,13.8,327,24.5,0.0,2.92,11.95,248,2.96,0.28,0.4,117,-0.33,14.8,,unavailable (no satellite pass / dataset error),
62.1,Good,Getting rough,2026-08-30T11:19:34Z,Port MacDonnell,2026-08-27T20:00:00Z,2026-08-28T06:00,13.4,323,23.0,0.0,2.98,12.05,248,3.04,0.24,0.4,90,-0.36,14.8,,unavailable (no satellite pass / dataset error),
62.4,Good,Getting rough,2026-08-30T11:19:34Z,Port MacDonnell,2026-08-27T21:00:00Z,2026-08-28T07:00,13.1,327,22.0,0.0,3.06,12.15,247,3.1,0.22,0.4,90,-0.33,14.8,,unavailable (no satellite pass / dataset error),
64.3,Good,Getting rough,2026-08-30T11:19:34Z,Port MacDonnell,2026-08-27T22:00:00Z,2026-08-28T08:00,11.5,312,21.6,0.0,3.2,12.25,248,3.24,0.2,0.2,90,-0.23,14.8,,unavailable (no satellite pass / dataset error),
65.9,Good,Getting rough,2026-08-30T11:19:34Z,Port MacDonnell,2026-08-27T23:00:00Z,2026-08-28T09:00,9.7,305,19.1,0.0,3.34,12.4,248,3.36,0.16,0.2,90,-0.08,14.8,,unavailable (no satellite pass / dataset error),
67.4,Good,Getting rough,2026-08-30T11:19:34Z,Port MacDonnell,2026-08-28T00:00:00Z,2026-08-28T10:00,7.7,267,17.3,0.0,3.48,12.45,249,3.5,0.14,0.3,45,0.09,14.8,,unavailable (no satellite pass / dataset error),
62.8,Good,Getting rough,2026-08-30T11:19:34Z,Port MacDonnell,2026-08-28T01:00:00Z,2026-08-28T11:00,13.1,207,26.6,0.0,3.46,12.45,249,3.48,0.14,0.2,0,0.23,14.9,,unavailable (no satellite pass / dataset error),
62.5,Good,Getting rough,2026-08-30T11:19:34Z,Port MacDonnell,2026-08-28T02:00:00Z,2026-08-28T12:00,13.5,181,28.4,0.0,3.46,12.35,248,3.46,0.14,0.2,0,0.32,14.9,,unavailable (no satellite pass / dataset error),
64.6,Good,Getting rough,2026-08-30T11:19:34Z,Port MacDonnell,2026-08-28T03:00:00Z,2026-08-28T13:00,11.1,173,27.7,0.0,3.44,12.3,248,3.44,0.14,0.2,0,0.34,14.9,,unavailable (no satellite pass / dataset error),
64.9,Good,Getting rough,2026-08-30T11:19:34Z,Port MacDonnell,2026-08-28T04:00:00Z,2026-08-28T14:00,10.5,176,24.1,0.0,3.44,12.25,248,3.44,0.14,0.3,315,0.29,15.0,,unavailable (no satellite pass / dataset error),
65.9,Good,Getting rough,2026-08-30T11:19:34Z,Port MacDonnell,2026-08-28T05:00:00Z,2026-08-28T15:00,9.4,173,23.4,0.0,3.42,12.15,247,3.42,0.12,0.3,315,0.17,15.0,,unavailable (no satellite pass / dataset error),
64.5,Good,Getting rough,2026-08-30T11:19:34Z,Port MacDonnell,2026-08-28T06:00:00Z,2026-08-28T16:00,10.7,157,23.0,0.0,3.42,12.05,247,3.42,0.12,0.4,297,0.02,15.0,,unavailable (no satellite pass / dataset error),
65.0,Good,Getting rough,2026-08-30T11:19:34Z,Port MacDonnell,2026-08-28T07:00:00Z,2026-08-28T17:00,10.1,155,22.7,0.0,3.4,11.95,247,3.4,0.1,0.4,270,-0.13,15.0,,unavailable (no satellite pass / dataset error),
67.6,Good,Getting rough,2026-08-30T11:19:34Z,Port MacDonnell,2026-08-28T08:00:00Z,2026-08-28T18:00,7.2,148,20.2,0.0,3.38,11.9,246,3.38,0.08,0.4,270,-0.25,15.0,,unavailable (no satellite pass / dataset error),
69.7,Good,Getting rough,2026-08-30T11:19:34Z,Port MacDonnell,2026-08-28T09:00:00Z,2026-08-28T19:00,4.9,147,12.6,0.0,3.36,11.75,246,3.36,0.06,0.4,270,-0.32,15.0,,unavailable (no satellite pass / dataset error),
71.5,Good,Getting rough,2026-08-30T11:19:34Z,Port MacDonnell,2026-08-28T10:00:00Z,2026-08-28T20:00,2.9,158,6.8,0.0,3.26,11.5,244,3.3,0.04,0.4,270,-0.32,14.9,,unavailable (no satellite pass / dataset error),
70.2,Good,Getting rough,2026-08-30T11:19:34Z,Port MacDonnell,2026-08-28T11:00:00Z,2026-08-28T21:00,4.3,185,5.0,0.0,3.14,11.15,243,3.24,0.02,0.4,270,-0.26,14.9,,unavailable (no satellite pass / dataset error),
68.7,Good,Getting rough,2026-08-30T11:19:34Z,Port MacDonnell,2026-08-28T12:00:00Z,2026-08-28T22:00,6.0,183,9.4,0.0,3.04,10.9,241,3.18,0.0,0.4,270,-0.17,14.9,,unavailable (no satellite pass / dataset error),
68.4,Good,Getting rough,2026-08-30T11:19:34Z,Port MacDonnell,2026-08-28T13:00:00Z,2026-08-28T23:00,6.3,185,9.4,0.0,3.02,10.75,241,3.12,0.02,0.4,270,-0.09,14.9,,unavailable (no satellite pass / dataset error),
69.2,Good,Getting rough,2026-08-30T11:19:34Z,Port MacDonnell,2026-08-28T14:00:00Z,2026-08-29T00:00,5.5,193,9.4,0.0,3.0,10.7,241,3.04,0.02,0.4,270,-0.03,14.8,,unavailable (no satellite pass / dataset error),
69.5,Good,Getting rough,2026-08-30T11:19:34Z,Port MacDonnell,2026-08-28T15:00:00Z,2026-08-29T01:00,5.6,205,7.6,0.0,2.98,10.65,241,2.98,0.04,0.2,270,-0.03,14.8,,unavailable (no satellite pass / dataset error),
69.8,Good,Getting rough,2026-08-30T11:19:34Z,Port MacDonnell,2026-08-28T16:00:00Z,2026-08-29T02:00,5.3,208,7.6,0.0,2.94,10.55,240,2.94,0.04,0.2,270,-0.08,14.8,,unavailable (no satellite pass / dataset error),
68.4,Good,Getting rough,2026-08-30T11:19:34Z,Port MacDonnell,2026-08-28T17:00:00Z,2026-08-29T03:00,6.9,203,9.4,0.0,2.9,10.5,240,2.9,0.06,0.2,270,-0.17,14.8,,unavailable (no satellite pass / dataset error),
69.1,Good,Getting rough,2026-08-30T11:19:34Z,Port MacDonnell,2026-08-28T18:00:00Z,2026-08-29T04:00,6.1,192,11.5,0.0,2.86,10.4,239,2.86,0.06,0.2,270,-0.28,14.8,,unavailable (no satellite pass / dataset error),
69.7,Good,Getting rough,2026-08-30T11:19:34Z,Port MacDonnell,2026-08-28T19:00:00Z,2026-08-29T05:00,5.1,198,8.3,0.0,2.84,10.35,239,2.84,0.06,0.3,315,-0.39,14.8,,unavailable (no satellite pass / dataset error),
73.3,Good,Getting rough,2026-08-30T11:19:34Z,Port MacDonnell,2026-08-28T20:00:00Z,2026-08-29T06:00,1.1,252,6.5,0.0,2.8,10.3,239,2.82,0.06,0.3,315,-0.45,14.8,,unavailable (no satellite pass / dataset error),
73.0,Good,Getting rough,2026-08-30T11:19:34Z,Port MacDonnell,2026-08-28T21:00:00Z,2026-08-29T07:00,1.5,330,2.2,0.0,2.78,10.25,239,2.8,0.06,0.3,315,-0.46,14.8,,unavailable (no satellite pass / dataset error),
70.2,Good,Getting rough,2026-08-30T11:19:34Z,Port MacDonnell,2026-08-28T22:00:00Z,2026-08-29T08:00,4.6,339,9.7,0.0,2.74,10.15,239,2.76,0.04,0.3,315,-0.38,14.8,,unavailable (no satellite pass / dataset error),
69.3,Good,Getting rough,2026-08-30T11:19:34Z,Port MacDonnell,2026-08-28T23:00:00Z,2026-08-29T09:00,5.6,339,14.0,0.0,2.7,10.1,238,2.72,0.04,0.3,315,-0.25,14.9,,unavailable (no satellite pass / dataset error),
68.0,Good,Getting rough,2026-08-30T11:19:34Z,Port MacDonnell,2026-08-29T00:00:00Z,2026-08-29T10:00,7.1,243,16.2,0.0,2.66,10.0,238,2.68,0.02,0.3,315,-0.08,14.9,,unavailable (no satellite pass / dataset error),
66.1,Good,Getting rough,2026-08-30T11:19:34Z,Port MacDonnell,2026-08-29T01:00:00Z,2026-08-29T11:00,9.2,235,20.9,0.0,2.64,9.95,238,2.64,0.02,0.3,315,0.08,14.9,,unavailable (no satellite pass / dataset error),
65.0,Good,Getting rough,2026-08-30T11:19:34Z,Port MacDonnell,2026-08-29T02:00:00Z,2026-08-29T12:00,10.4,226,23.4,0.0,2.6,9.9,237,2.62,0.04,0.3,315,0.2,14.9,,unavailable (no satellite pass / dataset error),
63.7,Good,Getting rough,2026-08-30T11:19:34Z,Port MacDonnell,2026-08-29T03:00:00Z,2026-08-29T13:00,11.3,222,25.2,0.0,2.58,9.85,237,2.58,0.04,0.5,315,0.25,15.0,,unavailable (no satellite pass / dataset error),
62.9,Good,Getting rough,2026-08-30T11:19:34Z,Port MacDonnell,2026-08-29T04:00:00Z,2026-08-29T14:00,12.2,218,26.3,0.0,2.56,9.8,237,2.56,0.04,0.5,315,0.22,15.0,,unavailable (no satellite pass / dataset error),
62.9,Good,Getting rough,2026-08-30T11:19:34Z,Port MacDonnell,2026-08-29T05:00:00Z,2026-08-29T15:00,12.5,212,26.6,0.0,2.52,9.8,236,2.54,0.06,0.4,297,0.12,15.1,,unavailable (no satellite pass / dataset error),
64.7,Good,Getting rough,2026-08-30T11:19:34Z,Port MacDonnell,2026-08-29T06:00:00Z,2026-08-29T16:00,10.5,211,25.9,0.0,2.5,9.75,236,2.52,0.06,0.4,297,-0.02,15.1,,unavailable (no satellite pass / dataset error),
66.2,Good,Getting rough,2026-08-30T11:19:34Z,Port MacDonnell,2026-08-29T07:00:00Z,2026-08-29T17:00,8.8,221,21.2,0.0,2.5,9.7,235,2.52,0.08,0.4,297,-0.17,15.1,,unavailable (no satellite pass / dataset error),
69.3,Good,Getting rough,2026-08-30T11:19:34Z,Port MacDonnell,2026-08-29T08:00:00Z,2026-08-29T18:00,5.3,237,15.8,0.0,2.5,9.7,234,2.52,0.08,0.4,297,-0.3,15.1,,unavailable (no satellite pass / dataset error),
69.2,Good,Getting rough,2026-08-30T11:19:34Z,Port MacDonnell,2026-08-29T09:00:00Z,2026-08-29T19:00,6.0,249,8.6,0.0,2.5,9.65,233,2.52,0.1,0.2,270,-0.37,15.0,,unavailable (no satellite pass / dataset error),
68.9,Good,Getting rough,2026-08-30T11:19:34Z,Port MacDonnell,2026-08-29T10:00:00Z,2026-08-29T20:00,6.3,252,9.0,0.0,2.5,9.6,232,2.52,0.12,0.2,270,-0.36,15.0,,unavailable (no satellite pass / dataset error),
68.4,Good,Getting rough,2026-08-30T11:19:34Z,Port MacDonnell,2026-08-29T11:00:00Z,2026-08-29T21:00,6.9,245,10.1,0.0,2.48,9.5,231,2.5,0.12,0.2,270,-0.29,15.0,,unavailable (no satellite pass / dataset error),
68.3,Good,Getting rough,2026-08-30T11:19:34Z,Port MacDonnell,2026-08-29T12:00:00Z,2026-08-29T22:00,7.0,241,11.9,0.0,2.48,9.45,230,2.5,0.14,0.2,270,-0.18,15.0,,unavailable (no satellite pass / dataset error),
67.6,Good,Getting rough,2026-08-30T11:19:34Z,Port MacDonnell,2026-08-29T13:00:00Z,2026-08-29T23:00,7.5,233,12.2,0.0,2.48,9.4,229,2.5,0.16,0.3,315,-0.07,15.0,,unavailable (no satellite pass / dataset error),
67.2,Good,Getting rough,2026-08-30T11:19:34Z,Port MacDonnell,2026-08-29T14:00:00Z,2026-08-30T00:00,7.9,231,13.0,0.0,2.48,9.4,229,2.52,0.16,0.3,315,0.02,15.0,,unavailable (no satellite pass / dataset error),
67.6,Good,Getting rough,2026-08-30T11:19:34Z,Port MacDonnell,2026-08-29T15:00:00Z,2026-08-30T01:00,7.5,230,13.3,0.0,2.48,9.4,228,2.52,0.18,0.3,315,0.06,14.9,,unavailable (no satellite pass / dataset error),
67.7,Good,Getting rough,2026-08-30T11:19:34Z,Port MacDonnell,2026-08-29T16:00:00Z,2026-08-30T02:00,7.4,227,12.2,0.0,2.5,9.4,227,2.54,0.18,0.3,315,0.02,14.9,,unavailable (no satellite pass / dataset error),
67.2,Good,Getting rough,2026-08-30T11:19:34Z,Port MacDonnell,2026-08-29T17:00:00Z,2026-08-30T03:00,7.9,223,13.3,0.0,2.5,9.4,227,2.56,0.16,0.3,315,-0.07,14.9,,unavailable (no satellite pass / dataset error),
67.8,Good,Getting rough,2026-08-30T11:19:34Z,Port MacDonnell,2026-08-29T18:00:00Z,2026-08-30T04:00,7.3,222,13.3,0.0,2.52,9.45,226,2.58,0.16,0.3,315,-0.2,14.9,,unavailable (no satellite pass / dataset error),
68.6,Good,Getting rough,2026-08-30T11:19:34Z,Port MacDonnell,2026-08-29T19:00:00Z,2026-08-30T05:00,6.4,223,11.2,0.0,2.58,9.6,226,2.62,0.14,0.3,315,-0.33,14.9,,unavailable (no satellite pass / dataset error),
69.6,Good,Getting rough,2026-08-30T11:19:34Z,Port MacDonnell,2026-08-29T20:00:00Z,2026-08-30T06:00,5.3,225,8.6,0.0,2.62,9.8,225,2.64,0.1,0.3,315,-0.43,14.9,,unavailable (no satellite pass / dataset error),
70.5,Good,Getting rough,2026-08-30T11:19:34Z,Port MacDonnell,2026-08-29T21:00:00Z,2026-08-30T07:00,4.2,223,6.8,0.0,2.68,9.95,225,2.68,0.08,0.3,315,-0.47,14.9,,unavailable (no satellite pass / dataset error),
70.8,Good,Getting rough,2026-08-30T11:19:34Z,Port MacDonnell,2026-08-29T22:00:00Z,2026-08-30T08:00,3.9,223,5.8,0.0,2.72,10.05,225,2.72,0.06,0.3,315,-0.44,14.9,,unavailable (no satellite pass / dataset error),
69.1,Good,Getting rough,2026-08-30T11:19:34Z,Port MacDonnell,2026-08-29T23:00:00Z,2026-08-30T09:00,5.8,214,12.2,0.0,2.74,10.1,224,2.74,0.02,0.3,315,-0.34,14.9,,unavailable (no satellite pass / dataset error),
67.8,Good,Getting rough,2026-08-30T11:19:34Z,Port MacDonnell,2026-08-30T00:00:00Z,2026-08-30T10:00,7.3,210,18.7,0.0,2.78,10.15,224,2.78,0.0,0.3,315,-0.18,14.9,,unavailable (no satellite pass / dataset error),
68.1,Good,Getting rough,2026-08-30T11:19:34Z,Port MacDonnell,2026-08-30T01:00:00Z,2026-08-30T11:00,6.9,219,17.6,0.0,2.8,10.2,224,2.8,0.0,0.3,315,-0.02,15.0,,unavailable (no satellite pass / dataset error),
67.8,Good,Getting rough,2026-08-30T11:19:34Z,Port MacDonnell,2026-08-30T02:00:00Z,2026-08-30T12:00,7.3,210,19.1,0.0,2.84,10.25,224,2.84,0.0,0.3,315,0.11,15.0,,unavailable (no satellite pass / dataset error),
67.5,Good,Getting rough,2026-08-30T11:19:34Z,Port MacDonnell,2026-08-30T03:00:00Z,2026-08-30T13:00,7.6,208,19.8,0.0,2.86,10.3,224,2.86,0.0,0.3,315,0.18,15.0,,unavailable (no satellite pass / dataset error),
66.3,Good,Getting rough,2026-08-30T11:19:34Z,Port MacDonnell,2026-08-30T04:00:00Z,2026-08-30T14:00,9.0,217,21.6,0.0,2.86,10.3,224,2.86,0.0,0.3,315,0.18,15.1,,unavailable (no satellite pass / dataset error),
65.5,Good,Getting rough,2026-08-30T11:19:34Z,Port MacDonnell,2026-08-30T05:00:00Z,2026-08-30T15:00,9.8,223,22.3,0.0,2.88,10.35,224,2.88,0.0,0.3,315,0.09,15.1,,unavailable (no satellite pass / dataset error),
65.3,Good,Getting rough,2026-08-30T11:19:34Z,Port MacDonnell,2026-08-30T06:00:00Z,2026-08-30T16:00,10.1,224,22.3,0.0,2.88,10.35,224,2.88,0.0,0.3,315,-0.05,15.1,,unavailable (no satellite pass / dataset error),
65.6,Good,Getting rough,2026-08-30T11:19:34Z,Port MacDonnell,2026-08-30T07:00:00Z,2026-08-30T17:00,9.7,223,21.2,0.0,2.88,10.4,224,2.88,0.02,0.3,315,-0.2,15.1,,unavailable (no satellite pass / dataset error),
68.9,Good,Getting rough,2026-08-30T11:19:34Z,Port MacDonnell,2026-08-30T08:00:00Z,2026-08-30T18:00,6.3,219,19.1,0.0,2.88,10.45,224,2.88,0.02,0.2,270,-0.33,15.1,,unavailable (no satellite pass / dataset error),
68.9,Good,Getting rough,2026-08-30T11:19:34Z,Port MacDonnell,2026-08-30T09:00:00Z,2026-08-30T19:00,6.3,215,10.8,0.0,2.88,10.5,224,2.88,0.04,0.2,270,-0.41,15.1,,unavailable (no satellite pass / dataset error),
69.8,Good,Getting rough,2026-08-30T11:19:34Z,Port MacDonnell,2026-08-30T10:00:00Z,2026-08-30T20:00,5.3,213,10.1,0.0,2.88,10.55,225,2.88,0.02,0.2,270,-0.41,15.0,,unavailable (no satellite pass / dataset error),
71.7,Good,Getting rough,2026-08-30T11:19:34Z,Port MacDonnell,2026-08-30T11:00:00Z,2026-08-30T21:00,3.2,214,7.2,0.0,2.88,10.6,225,2.88,0.02,0.2,270,-0.34,15.0,,unavailable (no satellite pass / dataset error),
71.9,Good,Getting rough,2026-08-30T11:19:34Z,Cape Bridgewater,2026-08-30T11:00:00Z,2026-08-30T21:00,8.0,228,15.5,0.0,2.6,9.95,221,2.6,0.1,0.5,315,-0.33,15.0,,unavailable (no satellite pass / dataset error),
76.0,Good,Getting rough,2026-08-30T11:19:34Z,Portland Bay,2026-08-30T11:00:00Z,2026-08-30T21:00,4.6,249,6.8,0.0,2.32,9.85,218,2.32,0.1,0.4,333,-0.33,14.8,,unavailable (no satellite pass / dataset error),
69.6,Good,Getting rough,2026-08-30T11:19:34Z,Bay of Islands,2026-08-30T11:00:00Z,2026-08-30T21:00,10.8,232,21.2,0.0,2.68,9.7,225,2.7,0.24,0.4,90,-0.3,14.2,,unavailable (no satellite pass / dataset error),
66.4,Good,Getting rough,2026-08-30T11:19:34Z,Cape Otway Lightstation,2026-08-30T11:00:00Z,2026-08-30T21:00,12.5,258,27.4,0.0,3.04,9.95,227,3.06,0.44,1.6,84,-0.3,14.2,,unavailable (no satellite pass / dataset error),
66.4,Good,Getting rough,2026-08-30T11:19:34Z,Apollo Bay,2026-08-30T11:00:00Z,2026-08-30T21:00,14.2,258,29.9,0.0,3.0,9.95,228,3.04,0.52,0.9,53,-0.33,14.1,,unavailable (no satellite pass / dataset error),
77.6,Good,Doable,2026-08-30T11:19:34Z,Kennett River,2026-08-27T14:00:00Z,2026-08-28T00:00,10.4,314,22.0,0.0,0.88,8.65,237,1.1,0.08,0.9,233,0.04,13.8,,unavailable (no satellite pass / dataset error),
76.6,Good,Doable,2026-08-30T11:19:34Z,Kennett River,2026-08-27T15:00:00Z,2026-08-28T01:00,11.1,304,23.0,0.0,0.9,8.8,237,1.14,0.1,0.9,233,-0.12,13.8,,unavailable (no satellite pass / dataset error),
75.3,Good,Doable,2026-08-30T11:19:34Z,Kennett River,2026-08-27T16:00:00Z,2026-08-28T02:00,12.4,313,25.6,0.0,0.96,8.8,236,1.18,0.14,0.8,225,-0.3,13.8,,unavailable (no satellite pass / dataset error),
74.4,Good,Doable,2026-08-30T11:19:34Z,Kennett River,2026-08-27T17:00:00Z,2026-08-28T03:00,14.0,301,27.0,0.0,1.0,8.8,235,1.22,0.18,0.4,207,-0.47,13.8,,unavailable (no satellite pass / dataset error),
73.3,Good,Doable,2026-08-30T11:19:34Z,Kennett River,2026-08-27T18:00:00Z,2026-08-28T04:00,15.0,309,28.4,0.0,1.06,8.75,234,1.26,0.22,0.3,135,-0.56,13.8,,unavailable (no satellite pass / dataset error),
71.3,Good,Doable,2026-08-30T11:19:34Z,Kennett River,2026-08-27T19:00:00Z,2026-08-28T05:00,16.0,308,31.3,0.0,1.08,8.7,234,1.3,0.24,0.6,72,-0.52,13.8,,unavailable (no satellite pass / dataset error),
70.9,Good,Doable,2026-08-30T11:19:34Z,Kennett River,2026-08-27T20:00:00Z,2026-08-28T06:00,15.0,303,31.7,0.0,1.12,8.65,235,1.34,0.28,1.0,68,-0.41,13.8,,unavailable (no satellite pass / dataset error),
69.4,Good,Doable,2026-08-30T11:19:34Z,Kennett River,2026-08-27T21:00:00Z,2026-08-28T07:00,16.2,299,32.8,0.0,1.14,8.75,235,1.38,0.3,1.0,68,-0.27,13.8,,unavailable (no satellite pass / dataset error),
68.3,Good,Bit dodgy,2026-08-30T11:19:34Z,Kennett River,2026-08-27T22:00:00Z,2026-08-28T08:00,16.5,295,34.9,0.0,1.26,9.05,235,1.46,0.3,1.0,68,-0.08,13.8,,unavailable (no satellite pass / dataset error),
69.1,Good,Bit dodgy,2026-08-30T11:19:34Z,Kennett River,2026-08-27T23:00:00Z,2026-08-28T09:00,15.0,294,41.4,0.0,1.38,9.45,236,1.56,0.32,0.8,63,0.17,13.8,,unavailable (no satellite pass / dataset error),
71.2,Good,Bit dodgy,2026-08-30T11:19:34Z,Kennett River,2026-08-28T00:00:00Z,2026-08-28T10:00,12.3,276,39.2,0.0,1.5,9.8,236,1.64,0.32,0.6,56,0.39,13.8,,unavailable (no satellite pass / dataset error),
69.2,Good,Getting rough,2026-08-30T11:19:34Z,Kennett River,2026-08-28T01:00:00Z,2026-08-28T11:00,15.3,258,36.0,0.0,1.52,10.1,235,1.64,0.32,0.3,45,0.49,13.8,,unavailable (no satellite pass / dataset error),
70.2,Good,Getting rough,2026-08-30T11:19:34Z,Kennett River,2026-08-28T02:00:00Z,2026-08-28T12:00,14.2,240,36.7,0.2,1.52,10.4,235,1.64,0.34,0.2,0,0.47,13.9,,unavailable (no satellite pass / dataset error),
69.1,Good,Getting rough,2026-08-30T11:19:34Z,Kennett River,2026-08-28T03:00:00Z,2026-08-28T13:00,15.2,214,36.0,0.2,1.54,10.6,234,1.64,0.34,0.2,270,0.36,13.9,,unavailable (no satellite pass / dataset error),
68.8,Good,Getting rough,2026-08-30T11:19:34Z,Kennett River,2026-08-28T04:00:00Z,2026-08-28T14:00,14.7,209,36.7,0.2,1.54,10.6,234,1.66,0.36,0.3,315,0.18,13.9,,unavailable (no satellite pass / dataset error),
67.3,Good,Getting rough,2026-08-30T11:19:34Z,Kennett River,2026-08-28T05:00:00Z,2026-08-28T15:00,16.0,204,38.5,0.1,1.56,10.5,233,1.66,0.38,0.4,333,-0.03,13.9,,unavailable (no satellite pass / dataset error),
67.8,Good,Getting rough,2026-08-30T11:19:34Z,Kennett River,2026-08-28T06:00:00Z,2026-08-28T16:00,15.2,217,38.9,0.0,1.56,10.35,233,1.68,0.4,0.4,0,-0.21,13.9,,unavailable (no satellite pass / dataset error),
69.8,Good,Getting rough,2026-08-30T11:19:34Z,Kennett River,2026-08-28T07:00:00Z,2026-08-28T17:00,12.4,230,36.0,0.0,1.56,10.25,233,1.68,0.36,0.6,18,-0.29,13.9,,unavailable (no satellite pass / dataset error),
71.2,Good,Getting rough,2026-08-30T11:19:34Z,Kennett River,2026-08-28T08:00:00Z,2026-08-28T18:00,10.9,241,26.6,0.0,1.58,10.1,232,1.68,0.3,0.6,34,-0.29,13.9,,unavailable (no satellite pass / dataset error),
72.4,Good,Getting rough,2026-08-30T11:19:34Z,Kennett River,2026-08-28T09:00:00Z,2026-08-28T19:00,9.5,268,21.2,0.0,1.58,10.0,232,1.68,0.26,0.6,34,-0.25,13.9,,unavailable (no satellite pass / dataset error),
72.1,Good,Getting rough,2026-08-30T11:19:34Z,Kennett River,2026-08-28T10:00:00Z,2026-08-28T20:00,9.9,274,18.7,0.0,1.6,9.95,232,1.68,0.24,0.6,34,-0.16,13.9,,unavailable (no satellite pass / dataset error),
71.3,Good,Getting rough,2026-08-30T11:19:34Z,Kennett River,2026-08-28T11:00:00Z,2026-08-28T21:00,11.3,272,22.0,0.0,1.6,9.95,232,1.68,0.2,0.4,27,-0.01,13.8,,unavailable (no satellite pass / dataset error),
71.9,Good,Getting rough,2026-08-30T11:19:34Z,Kennett River,2026-08-28T12:00:00Z,2026-08-28T22:00,11.1,300,22.3,0.0,1.62,9.95,232,1.68,0.18,0.2,0,0.15,13.8,,unavailable (no satellite pass / dataset error),
72.1,Good,Getting rough,2026-08-30T11:19:34Z,Kennett River,2026-08-28T13:00:00Z,2026-08-28T23:00,10.9,294,21.6,0.0,1.62,10.05,231,1.68,0.2,0.2,270,0.23,13.8,,unavailable (no satellite pass / dataset error),
70.8,Good,Getting rough,2026-08-30T11:19:34Z,Kennett River,2026-08-28T14:00:00Z,2026-08-29T00:00,11.1,299,22.0,0.0,1.62,10.15,231,1.7,0.2,0.6,252,0.19,13.8,,unavailable (no satellite pass / dataset error),
70.9,Good,Getting rough,2026-08-30T11:19:34Z,Kennett River,2026-08-28T15:00:00Z,2026-08-29T01:00,11.0,293,22.3,0.0,1.62,10.1,230,1.7,0.22,0.6,236,0.04,13.8,,unavailable (no satellite pass / dataset error),
70.8,Good,Getting rough,2026-08-30T11:19:34Z,Kennett River,2026-08-28T16:00:00Z,2026-08-29T02:00,10.6,288,22.3,0.0,1.62,9.75,229,1.7,0.26,0.8,243,-0.16,13.8,,unavailable (no satellite pass / dataset error),
70.6,Good,Getting rough,2026-08-30T11:19:34Z,Kennett River,2026-08-28T17:00:00Z,2026-08-29T03:00,11.1,277,22.7,0.0,1.64,9.2,229,1.72,0.28,0.6,252,-0.37,13.8,,unavailable (no satellite pass / dataset error),
71.6,Good,Getting rough,2026-08-30T11:19:34Z,Kennett River,2026-08-28T18:00:00Z,2026-08-29T04:00,11.0,256,23.4,0.0,1.64,8.85,228,1.72,0.32,0.2,270,-0.56,13.8,,unavailable (no satellite pass / dataset error),
71.1,Good,Getting rough,2026-08-30T11:19:34Z,Kennett River,2026-08-28T19:00:00Z,2026-08-29T05:00,11.6,252,23.0,0.0,1.66,8.8,228,1.72,0.32,0.2,0,-0.66,13.8,,unavailable (no satellite pass / dataset error),
71.1,Good,Getting rough,2026-08-30T11:19:34Z,Kennett River,2026-08-28T20:00:00Z,2026-08-29T06:00,10.8,255,23.0,0.0,1.66,8.95,227,1.72,0.32,0.5,45,-0.63,13.8,,unavailable (no satellite pass / dataset error),
70.9,Good,Getting rough,2026-08-30T11:19:34Z,Kennett River,2026-08-28T21:00:00Z,2026-08-29T07:00,10.3,259,21.2,0.0,1.68,9.0,227,1.72,0.32,0.8,45,-0.5,13.8,,unavailable (no satellite pass / dataset error),
69.5,Good,Getting rough,2026-08-30T11:19:34Z,Kennett River,2026-08-28T22:00:00Z,2026-08-29T08:00,11.8,249,29.2,0.0,1.64,8.8,227,1.7,0.32,0.9,53,-0.32,13.8,,unavailable (no satellite pass / dataset error),
68.9,Good,Getting rough,2026-08-30T11:19:34Z,Kennett River,2026-08-28T23:00:00Z,2026-08-29T09:00,12.9,240,31.7,0.0,1.6,8.55,226,1.66,0.32,0.9,53,-0.09,13.8,,unavailable (no satellite pass / dataset error),
69.9,Good,Getting rough,2026-08-30T11:19:34Z,Kennett River,2026-08-29T00:00:00Z,2026-08-29T10:00,12.3,236,32.4,0.0,1.56,8.4,226,1.64,0.32,0.8,45,0.19,13.8,,unavailable (no satellite pass / dataset error),
70.9,Good,Getting rough,2026-08-30T11:19:34Z,Kennett River,2026-08-29T01:00:00Z,2026-08-29T11:00,11.7,229,31.0,0.0,1.56,8.45,226,1.64,0.34,0.6,34,0.41,13.8,,unavailable (no satellite pass / dataset error),
71.2,Good,Getting rough,2026-08-30T11:19:34Z,Kennett River,2026-08-29T02:00:00Z,2026-08-29T12:00,12.1,222,32.0,0.0,1.58,8.6,225,1.64,0.38,0.4,27,0.48,13.8,,unavailable (no satellite pass / dataset error),
69.4,Good,Getting rough,2026-08-30T11:19:34Z,Kennett River,2026-08-29T03:00:00Z,2026-08-29T13:00,14.7,222,36.7,0.0,1.58,8.7,225,1.64,0.4,0.3,315,0.4,13.9,,unavailable (no satellite pass / dataset error),
69.3,Good,Getting rough,2026-08-30T11:19:34Z,Kennett River,2026-08-29T04:00:00Z,2026-08-29T14:00,14.9,227,38.2,0.0,1.6,8.7,225,1.66,0.42,0.3,315,0.24,13.9,,unavailable (no satellite pass / dataset error),
70.5,Good,Getting rough,2026-08-30T11:19:34Z,Kennett River,2026-08-29T05:00:00Z,2026-08-29T15:00,13.4,233,37.1,0.0,1.6,8.7,224,1.68,0.46,0.3,315,0.03,13.9,,unavailable (no satellite pass / dataset error),
71.7,Good,Getting rough,2026-08-30T11:19:34Z,Kennett River,2026-08-29T06:00:00Z,2026-08-29T16:00,11.9,239,33.5,0.0,1.62,8.7,224,1.7,0.48,0.3,315,-0.21,13.9,,unavailable (no satellite pass / dataset error),
71.6,Good,Getting rough,2026-08-30T11:19:34Z,Kennett River,2026-08-29T07:00:00Z,2026-08-29T17:00,11.3,245,29.2,0.0,1.66,8.75,224,1.74,0.48,0.4,0,-0.39,13.9,,unavailable (no satellite pass / dataset error),
71.3,Good,Getting rough,2026-08-30T11:19:34Z,Kennett River,2026-08-29T08:00:00Z,2026-08-29T18:00,10.6,259,24.5,0.0,1.7,8.75,223,1.78,0.48,0.6,18,-0.45,13.9,,unavailable (no satellite pass / dataset error),
70.5,Good,Getting rough,2026-08-30T11:19:34Z,Kennett River,2026-08-29T09:00:00Z,2026-08-29T19:00,10.5,274,20.9,0.0,1.74,8.75,223,1.82,0.48,0.8,45,-0.4,13.9,,unavailable (no satellite pass / dataset error),
70.8,Good,Getting rough,2026-08-30T11:19:34Z,Kennett River,2026-08-29T10:00:00Z,2026-08-29T20:00,10.4,278,20.9,0.0,1.7,8.6,223,1.78,0.46,0.9,37,-0.29,13.8,,unavailable (no satellite pass / dataset error),
71.0,Good,Getting rough,2026-08-30T11:19:34Z,Kennett River,2026-08-29T11:00:00Z,2026-08-29T21:00,10.6,273,21.2,0.0,1.68,8.35,222,1.74,0.44,0.9,37,-0.13,13.8,,unavailable (no satellite pass / dataset error),
71.8,Good,Getting rough,2026-08-30T11:19:34Z,Kennett River,2026-08-29T12:00:00Z,2026-08-29T22:00,11.0,273,23.8,0.0,1.64,8.25,222,1.7,0.42,0.6,34,0.07,13.8,,unavailable (no satellite pass / dataset error),
70.9,Good,Getting rough,2026-08-30T11:19:34Z,Kennett River,2026-08-29T13:00:00Z,2026-08-29T23:00,11.8,254,23.0,0.0,1.7,8.3,222,1.76,0.42,0.4,27,0.26,13.8,,unavailable (no satellite pass / dataset error),
70.9,Good,Getting rough,2026-08-30T11:19:34Z,Kennett River,2026-08-29T14:00:00Z,2026-08-30T00:00,11.7,252,23.4,0.0,1.74,8.45,221,1.8,0.4,0.3,315,0.34,13.8,,unavailable (no satellite pass / dataset error),
70.6,Good,Getting rough,2026-08-30T11:19:34Z,Kennett River,2026-08-29T15:00:00Z,2026-08-30T01:00,11.1,253,23.0,0.0,1.8,8.6,221,1.86,0.4,0.4,270,0.26,13.8,,unavailable (no satellite pass / dataset error),
69.4,Good,Getting rough,2026-08-30T11:19:34Z,Kennett River,2026-08-29T16:00:00Z,2026-08-30T02:00,11.6,252,23.0,0.0,1.82,8.65,221,1.88,0.4,0.6,252,0.07,13.8,,unavailable (no satellite pass / dataset error),
69.3,Good,Getting rough,2026-08-30T11:19:34Z,Kennett River,2026-08-29T17:00:00Z,2026-08-30T03:00,11.5,256,24.5,0.0,1.82,8.7,220,1.9,0.42,0.6,252,-0.16,13.8,,unavailable (no satellite pass / dataset error),
71.4,Good,Getting rough,2026-08-30T11:19:34Z,Kennett River,2026-08-29T18:00:00Z,2026-08-30T04:00,9.0,275,23.4,0.0,1.84,8.75,220,1.92,0.42,0.6,252,-0.41,13.8,,unavailable (no satellite pass / dataset error),
70.3,Good,Getting rough,2026-08-30T11:19:34Z,Kennett River,2026-08-29T19:00:00Z,2026-08-30T05:00,11.0,251,22.0,0.0,1.88,8.8,220,1.94,0.38,0.2,270,-0.62,13.8,,unavailable (no satellite pass / dataset error),
69.1,Good,Getting rough,2026-08-30T11:19:34Z,Kennett River,2026-08-29T20:00:00Z,2026-08-30T06:00,12.1,247,24.8,0.0,1.9,8.8,220,1.96,0.34,0.2,0,-0.71,13.8,,unavailable (no satellite pass / dataset error),
69.2,Good,Getting rough,2026-08-30T11:19:34Z,Kennett River,2026-08-29T21:00:00Z,2026-08-30T07:00,11.0,251,24.8,0.0,1.94,8.85,220,1.98,0.3,0.5,45,-0.65,13.8,,unavailable (no satellite pass / dataset error),
68.6,Good,Getting rough,2026-08-30T11:19:34Z,Kennett River,2026-08-29T22:00:00Z,2026-08-30T08:00,10.7,254,24.8,0.0,1.96,8.95,220,2.0,0.3,0.8,45,-0.49,13.8,,unavailable (no satellite pass / dataset error),
66.9,Good,Getting rough,2026-08-30T11:19:34Z,Kennett River,2026-08-29T23:00:00Z,2026-08-30T09:00,12.1,247,30.6,0.0,1.98,9.1,220,2.0,0.3,1.0,45,-0.27,13.8,,unavailable (no satellite pass / dataset error),
67.9,Good,Getting rough,2026-08-30T11:19:34Z,Kennett River,2026-08-30T00:00:00Z,2026-08-30T10:00,10.7,243,30.2,0.0,2.0,9.25,220,2.02,0.3,1.0,45,0.01,13.8,,unavailable (no satellite pass / dataset error),
68.7,Good,Getting rough,2026-08-30T11:19:34Z,Kennett River,2026-08-30T01:00:00Z,2026-08-30T11:00,9.6,236,28.4,0.0,1.98,9.35,220,2.04,0.36,1.0,45,0.3,13.8,,unavailable (no satellite pass / dataset error),
70.2,Good,Getting rough,2026-08-30T11:19:34Z,Kennett River,2026-08-30T02:00:00Z,2026-08-30T12:00,8.9,216,26.3,0.0,1.98,9.4,220,2.04,0.42,0.6,34,0.49,13.8,,unavailable (no satellite pass / dataset error),
69.3,Good,Getting rough,2026-08-30T11:19:34Z,Kennett River,2026-08-30T03:00:00Z,2026-08-30T13:00,10.3,213,28.1,0.0,1.96,9.5,220,2.06,0.48,0.4,0,0.51,13.8,,unavailable (no satellite pass / dataset error),
67.6,Good,Getting rough,2026-08-30T11:19:34Z,Kennett River,2026-08-30T04:00:00Z,2026-08-30T14:00,12.2,216,31.3,0.0,1.96,9.6,220,2.06,0.5,0.4,297,0.35,13.8,,unavailable (no satellite pass / dataset error),
65.1,Good,Getting rough,2026-08-30T11:19:34Z,Kennett River,2026-08-30T05:00:00Z,2026-08-30T15:00,14.5,218,35.6,0.0,1.96,9.7,220,2.08,0.54,0.5,270,0.11,13.9,,unavailable (no satellite pass / dataset error),
65.0,Good,Getting rough,2026-08-30T11:19:34Z,Kennett River,2026-08-30T06:00:00Z,2026-08-30T16:00,14.6,224,36.0,0.0,1.96,9.75,220,2.08,0.56,0.5,270,-0.18,13.9,,unavailable (no satellite pass / dataset error),
66.5,Good,Getting rough,2026-08-30T11:19:34Z,Kennett River,2026-08-30T07:00:00Z,2026-08-30T17:00,13.2,230,34.9,0.0,1.98,9.7,220,2.08,0.48,0.4,297,-0.44,13.9,,unavailable (no satellite pass / dataset error),
68.5,Good,Getting rough,2026-08-30T11:19:34Z,Kennett River,2026-08-30T08:00:00Z,2026-08-30T18:00,11.4,243,30.6,0.0,2.02,9.55,221,2.06,0.4,0.3,315,-0.62,13.9,,unavailable (no satellite pass / dataset error),
69.2,Good,Getting rough,2026-08-30T11:19:34Z,Kennett River,2026-08-30T09:00:00Z,2026-08-30T19:00,10.4,260,22.7,0.0,2.04,9.5,221,2.06,0.32,0.4,0,-0.63,13.9,,unavailable (no satellite pass / dataset error),
69.6,Good,Getting rough,2026-08-30T11:19:34Z,Kennett River,2026-08-30T10:00:00Z,2026-08-30T20:00,9.4,263,20.5,0.0,1.98,9.6,224,2.06,0.3,0.6,34,-0.53,13.8,,unavailable (no satellite pass / dataset error),
69.4,Good,Getting rough,2026-08-30T11:19:34Z,Kennett River,2026-08-30T11:00:00Z,2026-08-30T21:00,9.3,260,19.4,0.0,1.9,9.8,226,2.04,0.28,0.8,27,-0.35,13.8,,unavailable (no satellite pass / dataset error),
83.0,Excellent,Bit dodgy,2026-08-30T11:19:34Z,Torquay,2026-08-30T11:00:00Z,2026-08-30T21:00,5.6,295,8.6,0.0,1.32,9.25,213,1.42,0.16,0.4,27,-0.41,13.6,,unavailable (no satellite pass / dataset error),
78.8,Good,Bit dodgy,2026-08-30T11:19:34Z,Port Phillip Heads (J5 Submarine),2026-08-30T11:00:00Z,2026-08-30T21:00,8.7,246,22.0,0.0,1.46,9.5,216,1.6,0.22,0.6,18,-0.42,13.6,,unavailable (no satellite pass / dataset error),
80.8,Excellent,Great,2026-08-30T11:19:34Z,Queenscliff,2026-08-27T14:00:00Z,2026-08-28T00:00,12.0,328,20.5,0.0,0.64,8.35,225,0.78,0.08,0.3,225,0.09,13.4,,unavailable (no satellite pass / dataset error),
80.6,Excellent,Great,2026-08-30T11:19:34Z,Queenscliff,2026-08-27T15:00:00Z,2026-08-28T01:00,12.2,322,21.6,0.0,0.64,8.45,225,0.78,0.08,0.3,225,-0.13,13.4,,unavailable (no satellite pass / dataset error),
79.7,Good,Great,2026-08-30T11:19:34Z,Queenscliff,2026-08-27T16:00:00Z,2026-08-28T02:00,12.7,293,21.6,0.0,0.66,8.55,225,0.8,0.1,0.4,180,-0.38,13.4,,unavailable (no satellite pass / dataset error),
78.8,Good,Great,2026-08-30T11:19:34Z,Queenscliff,2026-08-27T17:00:00Z,2026-08-28T03:00,13.6,296,23.4,0.0,0.7,8.6,226,0.84,0.1,0.3,135,-0.62,13.4,,unavailable (no satellite pass / dataset error),
78.6,Good,Great,2026-08-30T11:19:34Z,Queenscliff,2026-08-27T18:00:00Z,2026-08-28T04:00,13.3,302,24.1,0.0,0.72,8.65,226,0.86,0.12,0.4,90,-0.73,13.4,,unavailable (no satellite pass / dataset error),
78.1,Good,Great,2026-08-30T11:19:34Z,Queenscliff,2026-08-27T19:00:00Z,2026-08-28T05:00,13.6,306,23.8,0.0,0.74,8.6,226,0.88,0.12,0.4,90,-0.67,13.4,,unavailable (no satellite pass / dataset error),
77.7,Good,Great,2026-08-30T11:19:34Z,Queenscliff,2026-08-27T20:00:00Z,2026-08-28T06:00,13.4,305,24.5,0.0,0.78,8.5,225,0.92,0.14,0.5,90,-0.52,13.4,,unavailable (no satellite pass / dataset error),
79.0,Good,Great,2026-08-30T11:19:34Z,Queenscliff,2026-08-27T21:00:00Z,2026-08-28T07:00,11.1,292,23.0,0.0,0.8,8.45,225,0.94,0.14,0.7,76,-0.33,13.4,,unavailable (no satellite pass / dataset error),
76.3,Good,Doable,2026-08-30T11:19:34Z,Queenscliff,2026-08-27T22:00:00Z,2026-08-28T08:00,13.7,286,23.8,0.0,0.82,8.4,225,0.98,0.16,0.7,76,-0.07,13.5,,unavailable (no satellite pass / dataset error),
74.6,Good,Doable,2026-08-30T11:19:34Z,Queenscliff,2026-08-27T23:00:00Z,2026-08-28T09:00,15.4,291,28.8,0.0,0.86,8.4,226,1.0,0.18,0.7,76,0.23,13.5,,unavailable (no satellite pass / dataset error),
76.9,Good,Doable,2026-08-30T11:19:34Z,Queenscliff,2026-08-28T00:00:00Z,2026-08-28T10:00,12.9,289,29.2,0.0,0.88,8.55,226,1.04,0.2,0.5,90,0.5,13.5,,unavailable (no satellite pass / dataset error),
77.8,Good,Doable,2026-08-30T11:19:34Z,Queenscliff,2026-08-28T01:00:00Z,2026-08-28T11:00,11.2,265,26.3,0.0,0.96,8.95,226,1.1,0.2,0.5,90,0.62,13.5,,unavailable (no satellite pass / dataset error),
76.3,Good,Doable,2026-08-30T11:19:34Z,Queenscliff,2026-08-28T02:00:00Z,2026-08-28T12:00,12.3,259,24.8,0.3,1.04,9.55,227,1.14,0.22,0.4,63,0.57,13.5,,unavailable (no satellite pass / dataset error),
75.9,Good,Doable,2026-08-30T11:19:34Z,Queenscliff,2026-08-28T03:00:00Z,2026-08-28T13:00,12.3,236,25.6,0.2,1.12,10.0,227,1.2,0.22,0.2,90,0.42,13.5,,unavailable (no satellite pass / dataset error),
73.8,Good,Doable,2026-08-30T11:19:34Z,Queenscliff,2026-08-28T04:00:00Z,2026-08-28T14:00,14.3,203,27.0,0.1,1.16,10.25,227,1.22,0.24,0.2,90,0.19,13.5,,unavailable (no satellite pass / dataset error),
73.3,Good,Doable,2026-08-30T11:19:34Z,Queenscliff,2026-08-28T05:00:00Z,2026-08-28T15:00,15.0,203,30.6,0.0,1.2,10.4,226,1.26,0.24,0.0,90,-0.08,13.5,,unavailable (no satellite pass / dataset error),
72.8,Good,Bit dodgy,2026-08-30T11:19:34Z,Queenscliff,2026-08-28T06:00:00Z,2026-08-28T16:00,14.5,205,29.2,0.0,1.24,10.4,226,1.28,0.26,0.3,45,-0.3,13.5,,unavailable (no satellite pass / dataset error),
72.3,Good,Bit dodgy,2026-08-30T11:19:34Z,Queenscliff,2026-08-28T07:00:00Z,2026-08-28T17:00,14.6,210,27.4,0.0,1.26,10.2,225,1.3,0.26,0.4,27,-0.39,13.5,,unavailable (no satellite pass / dataset error),
74.3,Good,Bit dodgy,2026-08-30T11:19:34Z,Queenscliff,2026-08-28T08:00:00Z,2026-08-28T18:00,12.3,214,25.2,0.0,1.26,9.85,224,1.3,0.28,0.4,27,-0.36,13.5,,unavailable (no satellite pass / dataset error),
75.9,Good,Bit dodgy,2026-08-30T11:19:34Z,Queenscliff,2026-08-28T09:00:00Z,2026-08-28T19:00,10.1,207,20.9,0.0,1.28,9.55,223,1.32,0.28,0.5,45,-0.27,13.5,,unavailable (no satellite pass / dataset error),
78.0,Good,Bit dodgy,2026-08-30T11:19:34Z,Queenscliff,2026-08-28T10:00:00Z,2026-08-28T20:00,7.4,221,16.9,0.0,1.28,9.45,223,1.32,0.28,0.6,34,-0.13,13.5,,unavailable (no satellite pass / dataset error),
75.3,Good,Bit dodgy,2026-08-30T11:19:34Z,Queenscliff,2026-08-28T11:00:00Z,2026-08-28T21:00,10.5,215,17.3,0.0,1.28,9.4,222,1.32,0.26,0.6,34,0.07,13.5,,unavailable (no satellite pass / dataset error),
74.3,Good,Bit dodgy,2026-08-30T11:19:34Z,Queenscliff,2026-08-28T12:00:00Z,2026-08-28T22:00,12.1,223,19.8,0.0,1.28,9.35,222,1.32,0.26,0.4,27,0.28,13.5,,unavailable (no satellite pass / dataset error),
75.0,Good,Bit dodgy,2026-08-30T11:19:34Z,Queenscliff,2026-08-28T13:00:00Z,2026-08-28T23:00,11.9,256,21.6,0.0,1.28,9.25,222,1.32,0.24,0.2,0,0.37,13.5,,unavailable (no satellite pass / dataset error),
75.6,Good,Bit dodgy,2026-08-30T11:19:34Z,Queenscliff,2026-08-28T14:00:00Z,2026-08-29T00:00,11.5,261,20.2,0.0,1.3,9.2,221,1.34,0.22,0.0,90,0.31,13.5,,unavailable (no satellite pass / dataset error),
74.7,Good,Bit dodgy,2026-08-30T11:19:34Z,Queenscliff,2026-08-28T15:00:00Z,2026-08-29T01:00,12.0,263,20.5,0.0,1.3,9.25,221,1.34,0.2,0.2,270,0.12,13.4,,unavailable (no satellite pass / dataset error),
74.1,Good,Bit dodgy,2026-08-30T11:19:34Z,Queenscliff,2026-08-28T16:00:00Z,2026-08-29T02:00,12.4,269,21.2,0.0,1.24,9.6,224,1.34,0.18,0.3,225,-0.15,13.4,,unavailable (no satellite pass / dataset error),
73.3,Good,Doable,2026-08-30T11:19:34Z,Queenscliff,2026-08-28T17:00:00Z,2026-08-29T03:00,13.0,276,22.3,0.0,1.18,10.05,226,1.34,0.14,0.4,207,-0.45,13.4,,unavailable (no satellite pass / dataset error),
73.8,Good,Doable,2026-08-30T11:19:34Z,Queenscliff,2026-08-28T18:00:00Z,2026-08-29T04:00,13.0,271,24.1,0.0,1.12,10.3,229,1.34,0.12,0.2,180,-0.7,13.4,,unavailable (no satellite pass / dataset error),
73.0,Good,Bit dodgy,2026-08-30T11:19:34Z,Queenscliff,2026-08-28T19:00:00Z,2026-08-29T05:00,13.2,272,22.7,0.0,1.22,10.1,226,1.38,0.12,0.3,45,-0.82,13.4,,unavailable (no satellite pass / dataset error),
72.5,Good,Bit dodgy,2026-08-30T11:19:34Z,Queenscliff,2026-08-28T20:00:00Z,2026-08-29T06:00,13.0,280,22.7,0.0,1.32,9.6,222,1.42,0.14,0.4,63,-0.77,13.4,,unavailable (no satellite pass / dataset error),
71.7,Good,Bit dodgy,2026-08-30T11:19:34Z,Queenscliff,2026-08-28T21:00:00Z,2026-08-29T07:00,13.2,282,22.7,0.0,1.42,9.1,219,1.46,0.14,0.5,45,-0.61,13.4,,unavailable (no satellite pass / dataset error),
71.7,Good,Bit dodgy,2026-08-30T11:19:34Z,Queenscliff,2026-08-28T22:00:00Z,2026-08-29T08:00,13.4,274,23.8,0.0,1.32,8.55,216,1.42,0.16,0.6,56,-0.38,13.4,,unavailable (no satellite pass / dataset error),
70.8,Good,Bit dodgy,2026-08-30T11:19:34Z,Queenscliff,2026-08-28T23:00:00Z,2026-08-29T09:00,14.0,269,26.3,0.0,1.24,7.95,214,1.38,0.18,0.9,53,-0.08,13.4,,unavailable (no satellite pass / dataset error),
70.6,Good,Doable,2026-08-30T11:19:34Z,Queenscliff,2026-08-29T00:00:00Z,2026-08-29T10:00,15.5,269,29.2,0.0,1.14,7.5,211,1.34,0.2,0.6,56,0.26,13.4,,unavailable (no satellite pass / dataset error),
72.2,Good,Doable,2026-08-30T11:19:34Z,Queenscliff,2026-08-29T01:00:00Z,2026-08-29T11:00,14.5,243,31.0,0.0,1.12,7.3,211,1.32,0.18,0.4,63,0.53,13.5,,unavailable (no satellite pass / dataset error),
73.9,Good,Doable,2026-08-30T11:19:34Z,Queenscliff,2026-08-29T02:00:00Z,2026-08-29T12:00,13.2,238,29.9,0.0,1.12,7.3,211,1.3,0.18,0.4,90,0.61,13.5,,unavailable (no satellite pass / dataset error),
76.8,Good,Doable,2026-08-30T11:19:34Z,Queenscliff,2026-08-29T03:00:00Z,2026-08-29T13:00,10.7,224,27.4,0.0,1.1,7.4,211,1.28,0.16,0.3,45,0.52,13.5,,unavailable (no satellite pass / dataset error),
78.6,Good,Doable,2026-08-30T11:19:34Z,Queenscliff,2026-08-29T04:00:00Z,2026-08-29T14:00,9.1,189,23.8,0.0,1.16,7.65,213,1.28,0.14,0.2,0,0.31,13.6,,unavailable (no satellite pass / dataset error),
74.7,Good,Bit dodgy,2026-08-30T11:19:34Z,Queenscliff,2026-08-29T05:00:00Z,2026-08-29T15:00,13.3,189,27.7,0.0,1.24,8.05,216,1.3,0.14,0.2,0,0.03,13.6,,unavailable (no satellite pass / dataset error),
78.9,Good,Bit dodgy,2026-08-30T11:19:34Z,Queenscliff,2026-08-29T06:00:00Z,2026-08-29T16:00,8.5,192,27.4,0.0,1.3,8.35,218,1.3,0.12,0.2,0,-0.27,13.6,,unavailable (no satellite pass / dataset error),
77.6,Good,Bit dodgy,2026-08-30T11:19:34Z,Queenscliff,2026-08-29T07:00:00Z,2026-08-29T17:00,9.3,207,18.0,0.0,1.3,8.5,219,1.32,0.12,0.4,27,-0.49,13.6,,unavailable (no satellite pass / dataset error),
78.0,Good,Bit dodgy,2026-08-30T11:19:34Z,Queenscliff,2026-08-29T08:00:00Z,2026-08-29T18:00,7.8,217,16.9,0.0,1.3,8.55,219,1.36,0.12,0.6,18,-0.55,13.6,,unavailable (no satellite pass / dataset error),
78.7,Good,Bit dodgy,2026-08-30T11:19:34Z,Queenscliff,2026-08-29T09:00:00Z,2026-08-29T19:00,6.8,222,13.7,0.0,1.3,8.55,220,1.38,0.12,0.6,18,-0.48,13.6,,unavailable (no satellite pass / dataset error),
78.3,Good,Bit dodgy,2026-08-30T11:19:34Z,Queenscliff,2026-08-29T10:00:00Z,2026-08-29T20:00,7.0,220,12.6,0.0,1.36,8.45,219,1.4,0.12,0.6,18,-0.33,13.6,,unavailable (no satellite pass / dataset error),
79.6,Good,Bit dodgy,2026-08-30T11:19:34Z,Queenscliff,2026-08-29T11:00:00Z,2026-08-29T21:00,5.2,276,12.2,0.0,1.4,8.3,217,1.44,0.1,0.6,34,-0.13,13.5,,unavailable (no satellite pass / dataset error),
74.3,Good,Bit dodgy,2026-08-30T11:19:34Z,Queenscliff,2026-08-29T12:00:00Z,2026-08-29T22:00,11.1,284,17.3,0.0,1.46,8.2,216,1.46,0.1,0.5,45,0.14,13.5,,unavailable (no satellite pass / dataset error),
74.9,Good,Bit dodgy,2026-08-30T11:19:34Z,Queenscliff,2026-08-29T13:00:00Z,2026-08-29T23:00,11.0,267,19.1,0.0,1.44,8.15,216,1.46,0.1,0.3,45,0.39,13.5,,unavailable (no satellite pass / dataset error),
75.8,Good,Bit dodgy,2026-08-30T11:19:34Z,Queenscliff,2026-08-29T14:00:00Z,2026-08-30T00:00,11.0,268,19.1,0.0,1.44,8.15,216,1.44,0.08,0.0,90,0.48,13.5,,unavailable (no satellite pass / dataset error),
75.2,Good,Bit dodgy,2026-08-30T11:19:34Z,Queenscliff,2026-08-29T15:00:00Z,2026-08-30T01:00,11.6,276,19.4,0.0,1.42,8.2,216,1.44,0.08,0.0,90,0.38,13.5,,unavailable (no satellite pass / dataset error),
74.0,Good,Bit dodgy,2026-08-30T11:19:34Z,Queenscliff,2026-08-29T16:00:00Z,2026-08-30T02:00,12.8,273,21.6,0.0,1.44,8.3,216,1.46,0.1,0.0,90,0.15,13.5,,unavailable (no satellite pass / dataset error),
72.6,Good,Bit dodgy,2026-08-30T11:19:34Z,Queenscliff,2026-08-29T17:00:00Z,2026-08-30T03:00,13.3,272,22.7,0.0,1.46,8.4,216,1.48,0.1,0.3,225,-0.15,13.5,,unavailable (no satellite pass / dataset error),
72.1,Good,Bit dodgy,2026-08-30T11:19:34Z,Queenscliff,2026-08-29T18:00:00Z,2026-08-30T04:00,13.9,275,23.4,0.0,1.48,8.5,216,1.5,0.12,0.2,180,-0.48,13.5,,unavailable (no satellite pass / dataset error),
72.9,Good,Bit dodgy,2026-08-30T11:19:34Z,Queenscliff,2026-08-29T19:00:00Z,2026-08-30T05:00,12.8,271,24.1,0.0,1.5,8.55,216,1.52,0.12,0.2,90,-0.76,13.5,,unavailable (no satellite pass / dataset error),
72.5,Good,Getting rough,2026-08-30T11:19:34Z,Queenscliff,2026-08-29T20:00:00Z,2026-08-30T06:00,12.8,265,22.0,0.0,1.52,8.6,216,1.54,0.12,0.3,45,-0.87,13.5,,unavailable (no satellite pass / dataset error),
71.6,Good,Getting rough,2026-08-30T11:19:34Z,Queenscliff,2026-08-29T21:00:00Z,2026-08-30T07:00,13.3,268,22.3,0.0,1.54,8.65,216,1.56,0.12,0.4,63,-0.79,13.5,,unavailable (no satellite pass / dataset error),
71.0,Good,Getting rough,2026-08-30T11:19:34Z,Queenscliff,2026-08-29T22:00:00Z,2026-08-30T08:00,13.7,269,25.2,0.0,1.56,8.7,216,1.58,0.12,0.4,63,-0.6,13.5,,unavailable (no satellite pass / dataset error),
71.0,Good,Getting rough,2026-08-30T11:19:34Z,Queenscliff,2026-08-29T23:00:00Z,2026-08-30T09:00,13.0,275,25.2,0.0,1.56,8.8,216,1.6,0.12,0.6,72,-0.33,13.5,,unavailable (no satellite pass / dataset error),
72.4,Good,Getting rough,2026-08-30T11:19:34Z,Queenscliff,2026-08-30T00:00:00Z,2026-08-30T10:00,11.2,249,25.9,0.0,1.58,8.9,216,1.62,0.12,0.6,56,0.02,13.5,,unavailable (no satellite pass / dataset error),
73.6,Good,Getting rough,2026-08-30T11:19:34Z,Queenscliff,2026-08-30T01:00:00Z,2026-08-30T11:00,9.9,245,23.4,0.0,1.6,9.05,216,1.62,0.08,0.6,56,0.39,13.5,,unavailable (no satellite pass / dataset error),
74.5,Good,Getting rough,2026-08-30T11:19:34Z,Queenscliff,2026-08-30T02:00:00Z,2026-08-30T12:00,8.9,246,22.3,0.0,1.62,9.2,217,1.64,0.06,0.5,45,0.65,13.5,,unavailable (no satellite pass / dataset error),
77.8,Good,Getting rough,2026-08-30T11:19:34Z,Queenscliff,2026-08-30T03:00:00Z,2026-08-30T13:00,5.4,256,20.9,0.0,1.64,9.3,217,1.64,0.02,0.4,27,0.67,13.6,,unavailable (no satellite pass / dataset error),
80.2,Excellent,Getting rough,2026-08-30T11:19:34Z,Queenscliff,2026-08-30T04:00:00Z,2026-08-30T14:00,2.3,225,16.2,0.0,1.64,9.35,217,1.66,0.1,0.5,0,0.5,13.6,,unavailable (no satellite pass / dataset error),
74.7,Good,Getting rough,2026-08-30T11:19:34Z,Queenscliff,2026-08-30T05:00:00Z,2026-08-30T15:00,8.7,146,20.2,0.0,1.62,9.35,217,1.66,0.18,0.4,333,0.2,13.7,,unavailable (no satellite pass / dataset error),
72.4,Good,Getting rough,2026-08-30T11:19:34Z,Queenscliff,2026-08-30T06:00:00Z,2026-08-30T16:00,11.0,159,23.8,0.0,1.62,9.35,217,1.68,0.26,0.4,297,-0.17,13.7,,unavailable (no satellite pass / dataset error),
70.1,Good,Getting rough,2026-08-30T11:19:34Z,Queenscliff,2026-08-30T07:00:00Z,2026-08-30T17:00,13.9,190,25.6,0.0,1.62,9.45,217,1.7,0.28,0.2,270,-0.52,13.7,,unavailable (no satellite pass / dataset error),
70.4,Good,Getting rough,2026-08-30T11:19:34Z,Queenscliff,2026-08-30T08:00:00Z,2026-08-30T18:00,13.1,187,26.6,0.0,1.62,9.55,217,1.72,0.28,0.3,315,-0.74,13.6,,unavailable (no satellite pass / dataset error),
71.4,Good,Getting rough,2026-08-30T11:19:34Z,Queenscliff,2026-08-30T09:00:00Z,2026-08-30T19:00,11.5,188,22.0,0.0,1.62,9.6,217,1.74,0.3,0.4,0,-0.77,13.6,,unavailable (no satellite pass / dataset error),
70.1,Good,Getting rough,2026-08-30T11:19:34Z,Queenscliff,2026-08-30T10:00:00Z,2026-08-30T20:00,12.9,199,22.0,0.0,1.6,9.55,217,1.74,0.3,0.4,0,-0.65,13.6,,unavailable (no satellite pass / dataset error),
69.4,Good,Getting rough,2026-08-30T11:19:34Z,Queenscliff,2026-08-30T11:00:00Z,2026-08-30T21:00,13.7,213,23.0,0.0,1.6,9.4,217,1.72,0.28,0.5,45,-0.43,13.5,,unavailable (no satellite pass / dataset error),
69.6,Good,Getting rough,2026-08-30T11:19:34Z,Blairgowrie Back Beach,2026-08-30T11:00:00Z,2026-08-30T21:00,15.4,222,27.7,0.0,1.86,10.1,228,2.08,0.5,0.4,27,-0.43,13.5,,unavailable (no satellite pass / dataset error),
66.8,Good,Getting rough,2026-08-30T11:19:34Z,Cape Schanck,2026-08-30T11:00:00Z,2026-08-30T21:00,17.1,231,29.5,0.0,2.1,9.6,228,2.24,0.7,0.5,45,-0.43,13.6,,unavailable (no satellite pass / dataset error),
73.3,Good,Doable,2026-08-30T11:19:34Z,Cape Paterson,2026-08-27T14:00:00Z,2026-08-28T00:00,15.4,314,26.3,0.0,0.98,8.4,246,1.22,0.42,0.3,45,0.19,13.6,,unavailable (no satellite pass / dataset error),
73.0,Good,Doable,2026-08-30T11:19:34Z,Cape Paterson,2026-08-27T15:00:00Z,2026-08-28T01:00,15.6,334,25.9,0.0,1.02,8.5,246,1.26,0.42,0.2,0,-0.1,13.6,,unavailable (no satellite pass / dataset error),
71.8,Good,Doable,2026-08-30T11:19:34Z,Cape Paterson,2026-08-27T16:00:00Z,2026-08-28T02:00,16.8,330,27.7,0.0,0.98,9.3,247,1.32,0.42,0.0,90,-0.41,13.6,,unavailable (no satellite pass / dataset error),
68.9,Good,Doable,2026-08-30T11:19:34Z,Cape Paterson,2026-08-27T17:00:00Z,2026-08-28T03:00,18.8,330,31.3,0.0,0.92,10.35,247,1.38,0.42,0.2,90,-0.67,13.6,,unavailable (no satellite pass / dataset error),
66.4,Good,Doable,2026-08-30T11:19:34Z,Cape Paterson,2026-08-27T18:00:00Z,2026-08-28T04:00,20.4,329,33.5,0.0,0.88,11.0,248,1.44,0.42,0.4,117,-0.81,13.6,,unavailable (no satellite pass / dataset error),
65.4,Good,Doable,2026-08-30T11:19:34Z,Cape Paterson,2026-08-27T19:00:00Z,2026-08-28T05:00,20.9,327,34.9,0.0,1.02,10.7,248,1.5,0.46,0.4,117,-0.78,13.6,,unavailable (no satellite pass / dataset error),
63.8,Good,Doable,2026-08-30T11:19:34Z,Cape Paterson,2026-08-27T20:00:00Z,2026-08-28T06:00,21.3,320,36.0,0.0,1.14,9.9,248,1.58,0.5,0.6,108,-0.6,13.6,,unavailable (no satellite pass / dataset error),
62.1,Good,Bit dodgy,2026-08-30T11:19:34Z,Cape Paterson,2026-08-27T21:00:00Z,2026-08-28T07:00,22.0,317,37.1,0.0,1.28,9.3,248,1.64,0.54,0.8,117,-0.34,13.6,,unavailable (no satellite pass / dataset error),
60.8,Good,Bit dodgy,2026-08-30T11:19:34Z,Cape Paterson,2026-08-27T22:00:00Z,2026-08-28T08:00,22.3,319,38.5,0.0,1.38,9.15,248,1.74,0.58,0.8,117,-0.05,13.6,,unavailable (no satellite pass / dataset error),
60.7,Good,Bit dodgy,2026-08-30T11:19:34Z,Cape Paterson,2026-08-27T23:00:00Z,2026-08-28T09:00,20.8,317,38.5,0.0,1.48,9.2,247,1.86,0.62,0.9,101,0.26,13.6,,unavailable (no satellite pass / dataset error),
58.9,Fair,Getting rough,2026-08-30T11:19:34Z,Cape Paterson,2026-08-28T00:00:00Z,2026-08-28T10:00,21.7,302,39.6,0.0,1.58,9.4,247,1.96,0.66,0.9,101,0.53,13.6,,unavailable (no satellite pass / dataset error),
57.8,Fair,Getting rough,2026-08-30T11:19:34Z,Cape Paterson,2026-08-28T01:00:00Z,2026-08-28T11:00,22.5,298,41.0,0.0,1.7,9.8,247,2.0,0.66,0.9,101,0.67,13.6,,unavailable (no satellite pass / dataset error),
59.7,Fair,Getting rough,2026-08-30T11:19:34Z,Cape Paterson,2026-08-28T02:00:00Z,2026-08-28T12:00,19.3,286,41.4,0.3,1.8,10.35,248,2.06,0.66,0.9,90,0.63,13.6,,unavailable (no satellite pass / dataset error),
61.0,Good,Getting rough,2026-08-30T11:19:34Z,Cape Paterson,2026-08-28T03:00:00Z,2026-08-28T13:00,17.0,236,34.6,0.3,1.92,10.65,248,2.1,0.66,0.9,79,0.43,13.6,,unavailable (no satellite pass / dataset error),
61.4,Good,Getting rough,2026-08-30T11:19:34Z,Cape Paterson,2026-08-28T04:00:00Z,2026-08-28T14:00,16.5,234,35.3,0.0,1.96,10.5,247,2.1,0.62,0.9,79,0.17,13.6,,unavailable (no satellite pass / dataset error),
61.2,Good,Getting rough,2026-08-30T11:19:34Z,Cape Paterson,2026-08-28T05:00:00Z,2026-08-28T15:00,16.5,241,33.8,0.0,2.0,10.1,246,2.12,0.56,0.9,79,-0.1,13.6,,unavailable (no satellite pass / dataset error),
59.3,Fair,Getting rough,2026-08-30T11:19:34Z,Cape Paterson,2026-08-28T06:00:00Z,2026-08-28T16:00,18.6,243,33.1,0.0,2.04,9.9,245,2.12,0.52,0.9,79,-0.33,13.6,,unavailable (no satellite pass / dataset error),
60.3,Good,Getting rough,2026-08-30T11:19:34Z,Cape Paterson,2026-08-28T07:00:00Z,2026-08-28T17:00,17.3,246,36.0,0.0,2.0,10.15,247,2.12,0.56,1.0,68,-0.44,13.6,,unavailable (no satellite pass / dataset error),
61.6,Good,Getting rough,2026-08-30T11:19:34Z,Cape Paterson,2026-08-28T08:00:00Z,2026-08-28T18:00,15.3,254,30.2,0.0,1.96,10.55,248,2.14,0.58,1.1,72,-0.39,13.6,,unavailable (no satellite pass / dataset error),
61.1,Good,Getting rough,2026-08-30T11:19:34Z,Cape Paterson,2026-08-28T09:00:00Z,2026-08-28T19:00,15.9,256,27.4,0.0,1.92,10.9,250,2.14,0.62,1.1,72,-0.24,13.6,,unavailable (no satellite pass / dataset error),
62.8,Good,Getting rough,2026-08-30T11:19:34Z,Cape Paterson,2026-08-28T10:00:00Z,2026-08-28T20:00,14.2,257,27.4,0.0,1.9,11.05,250,2.14,0.66,1.0,68,-0.06,13.6,,unavailable (no satellite pass / dataset error),
62.6,Good,Getting rough,2026-08-30T11:19:34Z,Cape Paterson,2026-08-28T11:00:00Z,2026-08-28T21:00,14.5,253,24.5,0.0,1.9,11.15,249,2.14,0.72,1.0,68,0.15,13.6,,unavailable (no satellite pass / dataset error),
60.8,Good,Getting rough,2026-08-30T11:19:34Z,Cape Paterson,2026-08-28T12:00:00Z,2026-08-28T22:00,16.7,250,26.3,0.0,1.88,11.2,249,2.14,0.76,0.9,53,0.35,13.6,,unavailable (no satellite pass / dataset error),
61.0,Good,Getting rough,2026-08-30T11:19:34Z,Cape Paterson,2026-08-28T13:00:00Z,2026-08-28T23:00,16.8,252,28.8,0.0,1.82,11.35,251,2.14,0.74,0.8,45,0.47,13.6,,unavailable (no satellite pass / dataset error),
60.8,Good,Getting rough,2026-08-30T11:19:34Z,Cape Paterson,2026-08-28T14:00:00Z,2026-08-29T00:00,17.0,249,28.8,0.0,1.74,11.45,254,2.14,0.74,0.8,45,0.41,13.6,,unavailable (no satellite pass / dataset error),
61.0,Good,Getting rough,2026-08-30T11:19:34Z,Cape Paterson,2026-08-28T15:00:00Z,2026-08-29T01:00,17.3,245,31.0,0.0,1.68,11.45,256,2.14,0.72,0.6,34,0.19,13.6,,unavailable (no satellite pass / dataset error),
61.9,Good,Getting rough,2026-08-30T11:19:34Z,Cape Paterson,2026-08-28T16:00:00Z,2026-08-29T02:00,16.5,246,31.0,0.0,1.74,11.25,253,2.12,0.7,0.6,34,-0.12,13.6,,unavailable (no satellite pass / dataset error),
62.8,Good,Getting rough,2026-08-30T11:19:34Z,Cape Paterson,2026-08-28T17:00:00Z,2026-08-29T03:00,15.5,252,29.5,0.0,1.78,10.9,250,2.12,0.7,0.6,34,-0.44,13.6,,unavailable (no satellite pass / dataset error),
61.5,Good,Getting rough,2026-08-30T11:19:34Z,Cape Paterson,2026-08-28T18:00:00Z,2026-08-29T04:00,17.2,249,27.4,0.0,1.84,10.65,247,2.1,0.68,0.6,34,-0.73,13.6,,unavailable (no satellite pass / dataset error),
60.4,Good,Getting rough,2026-08-30T11:19:34Z,Cape Paterson,2026-08-28T19:00:00Z,2026-08-29T05:00,18.1,245,32.0,0.0,1.82,10.55,247,2.08,0.68,0.8,45,-0.88,13.6,,unavailable (no satellite pass / dataset error),
62.8,Good,Getting rough,2026-08-30T11:19:34Z,Cape Paterson,2026-08-28T20:00:00Z,2026-08-29T06:00,15.7,248,31.7,0.0,1.78,10.5,246,2.06,0.68,0.8,45,-0.86,13.6,,unavailable (no satellite pass / dataset error),
64.4,Good,Getting rough,2026-08-30T11:19:34Z,Cape Paterson,2026-08-28T21:00:00Z,2026-08-29T07:00,14.1,256,27.0,0.0,1.76,10.45,246,2.04,0.68,0.8,63,-0.67,13.6,,unavailable (no satellite pass / dataset error),
65.2,Good,Getting rough,2026-08-30T11:19:34Z,Cape Paterson,2026-08-28T22:00:00Z,2026-08-29T08:00,13.9,260,24.8,0.0,1.68,10.3,246,1.98,0.68,0.8,63,-0.4,13.6,,unavailable (no satellite pass / dataset error),
63.6,Good,Getting rough,2026-08-30T11:19:34Z,Cape Paterson,2026-08-28T23:00:00Z,2026-08-29T09:00,16.6,254,32.4,0.0,1.62,10.1,245,1.9,0.66,0.8,63,-0.08,13.6,,unavailable (no satellite pass / dataset error),
62.5,Good,Getting rough,2026-08-30T11:19:34Z,Cape Paterson,2026-08-29T00:00:00Z,2026-08-29T10:00,18.5,260,37.4,0.0,1.54,9.95,245,1.84,0.66,0.8,63,0.26,13.6,,unavailable (no satellite pass / dataset error),
59.7,Fair,Getting rough,2026-08-30T11:19:34Z,Cape Paterson,2026-08-29T01:00:00Z,2026-08-29T11:00,21.6,257,41.4,0.0,1.54,9.9,245,1.84,0.68,0.8,63,0.55,13.6,,unavailable (no satellite pass / dataset error),
60.2,Good,Getting rough,2026-08-30T11:19:34Z,Cape Paterson,2026-08-29T02:00:00Z,2026-08-29T12:00,21.5,259,41.8,0.0,1.52,9.9,244,1.84,0.7,0.8,63,0.67,13.6,,unavailable (no satellite pass / dataset error),
60.9,Good,Getting rough,2026-08-30T11:19:34Z,Cape Paterson,2026-08-29T03:00:00Z,2026-08-29T13:00,20.9,259,41.4,0.1,1.52,9.9,244,1.84,0.72,0.8,63,0.58,13.6,,unavailable (no satellite pass / dataset error),
60.0,Good,Getting rough,2026-08-30T11:19:34Z,Cape Paterson,2026-08-29T04:00:00Z,2026-08-29T14:00,21.6,257,40.7,0.1,1.52,9.9,244,1.86,0.76,0.8,63,0.36,13.6,,unavailable (no satellite pass / dataset error),
60.0,Good,Bit dodgy,2026-08-30T11:19:34Z,Cape Paterson,2026-08-29T05:00:00Z,2026-08-29T15:00,21.2,260,41.4,0.1,1.5,9.95,244,1.88,0.78,0.8,63,0.05,13.7,,unavailable (no satellite pass / dataset error),
60.2,Good,Bit dodgy,2026-08-30T11:19:34Z,Cape Paterson,2026-08-29T06:00:00Z,2026-08-29T16:00,20.8,265,40.3,0.0,1.5,10.0,244,1.9,0.82,0.8,63,-0.26,13.7,,unavailable (no satellite pass / dataset error),
62.8,Good,Getting rough,2026-08-30T11:19:34Z,Cape Paterson,2026-08-29T07:00:00Z,2026-08-29T17:00,17.6,264,40.3,0.0,1.52,10.05,243,1.92,0.84,0.8,63,-0.51,13.7,,unavailable (no satellite pass / dataset error),
62.8,Good,Getting rough,2026-08-30T11:19:34Z,Cape Paterson,2026-08-29T08:00:00Z,2026-08-29T18:00,17.2,263,30.6,0.0,1.52,10.05,243,1.96,0.84,0.8,63,-0.6,13.7,,unavailable (no satellite pass / dataset error),
61.3,Good,Getting rough,2026-08-30T11:19:34Z,Cape Paterson,2026-08-29T09:00:00Z,2026-08-29T19:00,18.1,255,31.3,0.0,1.54,10.05,242,1.98,0.86,1.0,68,-0.52,13.7,,unavailable (no satellite pass / dataset error),
61.2,Good,Bit dodgy,2026-08-30T11:19:34Z,Cape Paterson,2026-08-29T10:00:00Z,2026-08-29T20:00,18.5,249,31.7,0.0,1.48,10.05,244,1.96,0.86,1.0,68,-0.33,13.6,,unavailable (no satellite pass / dataset error),
60.2,Good,Bit dodgy,2026-08-30T11:19:34Z,Cape Paterson,2026-08-29T11:00:00Z,2026-08-29T21:00,20.1,245,35.3,0.0,1.4,10.0,247,1.96,0.84,0.8,63,-0.09,13.6,,unavailable (no satellite pass / dataset error),
61.7,Good,Bit dodgy,2026-08-30T11:19:34Z,Cape Paterson,2026-08-29T12:00:00Z,2026-08-29T22:00,18.6,250,35.3,0.0,1.34,9.95,249,1.94,0.84,0.8,63,0.19,13.6,,unavailable (no satellite pass / dataset error),
61.7,Good,Bit dodgy,2026-08-30T11:19:34Z,Cape Paterson,2026-08-29T13:00:00Z,2026-08-29T23:00,18.6,258,32.0,0.0,1.34,9.9,249,1.94,0.82,0.8,45,0.45,13.6,,unavailable (no satellite pass / dataset error),
62.4,Good,Bit dodgy,2026-08-30T11:19:34Z,Cape Paterson,2026-08-29T14:00:00Z,2026-08-30T00:00,18.2,262,32.4,0.0,1.36,9.85,248,1.96,0.78,0.6,56,0.57,13.6,,unavailable (no satellite pass / dataset error),
62.7,Good,Bit dodgy,2026-08-30T11:19:34Z,Cape Paterson,2026-08-29T15:00:00Z,2026-08-30T01:00,17.8,264,31.7,0.0,1.36,9.8,248,1.96,0.76,0.6,56,0.49,13.6,,unavailable (no satellite pass / dataset error),
62.6,Good,Bit dodgy,2026-08-30T11:19:34Z,Cape Paterson,2026-08-29T16:00:00Z,2026-08-30T02:00,18.0,262,31.3,0.0,1.36,9.75,248,1.98,0.8,0.5,45,0.25,13.6,,unavailable (no satellite pass / dataset error),
62.2,Good,Bit dodgy,2026-08-30T11:19:34Z,Cape Paterson,2026-08-29T17:00:00Z,2026-08-30T03:00,18.4,267,32.0,0.0,1.38,9.7,249,1.98,0.84,0.5,45,-0.1,13.6,,unavailable (no satellite pass / dataset error),
61.0,Good,Bit dodgy,2026-08-30T11:19:34Z,Cape Paterson,2026-08-29T18:00:00Z,2026-08-30T04:00,19.5,275,33.5,0.0,1.38,9.65,249,2.0,0.88,0.5,45,-0.46,13.6,,unavailable (no satellite pass / dataset error),
61.9,Good,Bit dodgy,2026-08-30T11:19:34Z,Cape Paterson,2026-08-29T19:00:00Z,2026-08-30T05:00,18.4,272,33.8,0.1,1.38,9.65,249,2.0,0.8,0.5,45,-0.77,13.6,,unavailable (no satellite pass / dataset error),
61.9,Good,Bit dodgy,2026-08-30T11:19:34Z,Cape Paterson,2026-08-29T20:00:00Z,2026-08-30T06:00,18.0,261,32.0,0.1,1.4,9.6,249,2.0,0.7,0.6,56,-0.92,13.6,,unavailable (no satellite pass / dataset error),
61.3,Good,Bit dodgy,2026-08-30T11:19:34Z,Cape Paterson,2026-08-29T21:00:00Z,2026-08-30T07:00,18.5,259,32.4,0.1,1.4,9.5,249,2.0,0.62,0.6,56,-0.88,13.6,,unavailable (no satellite pass / dataset error),
61.3,Good,Bit dodgy,2026-08-30T11:19:34Z,Cape Paterson,2026-08-29T22:00:00Z,2026-08-30T08:00,18.5,263,32.0,0.0,1.44,9.1,238,2.0,0.64,0.6,56,-0.67,13.6,,unavailable (no satellite pass / dataset error),
60.3,Good,Bit dodgy,2026-08-30T11:19:34Z,Cape Paterson,2026-08-29T23:00:00Z,2026-08-30T09:00,19.4,264,36.0,0.0,1.48,8.65,228,1.98,0.64,0.8,63,-0.36,13.6,,unavailable (no satellite pass / dataset error),
59.4,Fair,Getting rough,2026-08-30T11:19:34Z,Cape Paterson,2026-08-30T00:00:00Z,2026-08-30T10:00,20.3,264,38.9,0.0,1.52,8.35,217,1.98,0.66,0.8,63,0.02,13.6,,unavailable (no satellite pass / dataset error),
59.7,Fair,Getting rough,2026-08-30T11:19:34Z,Cape Paterson,2026-08-30T01:00:00Z,2026-08-30T11:00,20.0,267,38.9,0.0,1.52,8.45,227,1.98,0.66,0.8,63,0.4,13.6,,unavailable (no satellite pass / dataset error),
59.3,Fair,Getting rough,2026-08-30T11:19:34Z,Cape Paterson,2026-08-30T02:00:00Z,2026-08-30T12:00,20.5,268,38.9,0.1,1.52,8.75,238,1.96,0.66,0.8,63,0.68,13.6,,unavailable (no satellite pass / dataset error),
59.0,Fair,Getting rough,2026-08-30T11:19:34Z,Cape Paterson,2026-08-30T03:00:00Z,2026-08-30T13:00,20.9,270,40.0,0.1,1.52,9.0,248,1.96,0.66,0.8,63,0.76,13.7,,unavailable (no satellite pass / dataset error),
58.9,Fair,Bit dodgy,2026-08-30T11:19:34Z,Cape Paterson,2026-08-30T04:00:00Z,2026-08-30T14:00,21.0,265,40.3,0.1,1.48,9.15,248,1.96,0.66,0.8,63,0.6,13.7,,unavailable (no satellite pass / dataset error),
59.6,Fair,Bit dodgy,2026-08-30T11:19:34Z,Cape Paterson,2026-08-30T05:00:00Z,2026-08-30T15:00,20.9,257,40.3,0.0,1.44,9.3,248,1.96,0.64,0.6,56,0.27,13.7,,unavailable (no satellite pass / dataset error),
61.0,Good,Bit dodgy,2026-08-30T11:19:34Z,Cape Paterson,2026-08-30T06:00:00Z,2026-08-30T16:00,19.3,250,39.2,0.0,1.4,9.45,248,1.96,0.64,0.6,56,-0.12,13.7,,unavailable (no satellite pass / dataset error),
62.3,Good,Bit dodgy,2026-08-30T11:19:34Z,Cape Paterson,2026-08-30T07:00:00Z,2026-08-30T17:00,17.9,246,37.1,0.0,1.42,9.6,247,1.96,0.66,0.6,56,-0.49,13.7,,unavailable (no satellite pass / dataset error),
62.1,Good,Bit dodgy,2026-08-30T11:19:34Z,Cape Paterson,2026-08-30T08:00:00Z,2026-08-30T18:00,17.5,251,31.3,0.0,1.44,9.75,247,1.96,0.7,0.8,45,-0.75,13.7,,unavailable (no satellite pass / dataset error),
61.4,Good,Bit dodgy,2026-08-30T11:19:34Z,Cape Paterson,2026-08-30T09:00:00Z,2026-08-30T19:00,18.3,254,31.7,0.0,1.46,9.85,246,1.96,0.72,0.8,45,-0.83,13.7,,unavailable (no satellite pass / dataset error),
61.8,Good,Bit dodgy,2026-08-30T11:19:34Z,Cape Paterson,2026-08-30T10:00:00Z,2026-08-30T20:00,18.2,253,32.0,0.0,1.46,9.95,246,1.98,0.76,0.6,56,-0.71,13.6,,unavailable (no satellite pass / dataset error),
61.8,Good,Bit dodgy,2026-08-30T11:19:34Z,Cape Paterson,2026-08-30T11:00:00Z,2026-08-30T21:00,18.0,250,31.7,0.0,1.46,10.0,245,2.0,0.78,0.6,56,-0.46,13.6,,unavailable (no satellite pass / dataset error),
54.9,Fair,Bit dodgy,2026-08-30T11:19:34Z,Wilsons Prom (West - Norman Bay),2026-08-30T11:00:00Z,2026-08-30T21:00,36.8,254,48.6,0.0,1.32,10.05,229,2.08,1.22,0.6,56,-0.45,13.6,,unavailable (no satellite pass / dataset error),
71.0,Good,Doable,2026-08-30T11:19:34Z,Wilsons Prom (East - Sealers Cove),2026-08-30T11:00:00Z,2026-08-30T21:00,20.4,261,44.6,0.0,0.82,10.45,232,1.58,1.12,0.2,90,-0.36,13.1,,unavailable (no satellite pass / dataset error),
77.4,Good,Doable,2026-08-30T11:19:34Z,Mallacoota,2026-08-30T10:00:00Z,2026-08-30T20:00,13.3,262,27.0,0.0,1.0,9.3,172,1.32,0.28,0.6,34,0.49,14.8,,unavailable (no satellite pass / dataset error),
78.5,Good,Doable,2026-08-30T11:19:34Z,Mallacoota,2026-08-30T11:00:00Z,2026-08-30T21:00,12.6,274,25.2,0.0,1.0,9.25,172,1.3,0.2,0.4,27,0.56,14.8,,unavailable (no satellite pass / dataset error),
95.8,Excellent,,2026-08-30T11:19:34Z,Eden,2026-08-30T11:00:00Z,2026-08-30T21:00,3.6,264,7.2,0.0,,,,,,0.3,135,0.63,16.8,,unavailable (no satellite pass / dataset error),
82.2,Excellent,Doable,2026-08-30T11:19:34Z,Green Cape,2026-08-30T11:00:00Z,2026-08-30T21:00,8.7,256,20.2,0.0,0.98,5.1,193,1.24,0.14,0.4,117,0.62,17.0,,unavailable (no satellite pass / dataset error),
90.4,Excellent,Great,2026-08-30T11:19:34Z,Tathra,2026-08-30T11:00:00Z,2026-08-30T21:00,5.1,297,7.9,0.0,0.46,5.1,118,0.64,0.0,0.2,180,0.63,17.4,,unavailable (no satellite pass / dataset error),
80.7,Excellent,Bit dodgy,2026-08-30T11:19:34Z,Bermagui,2026-08-30T11:00:00Z,2026-08-30T21:00,9.6,317,14.0,0.0,1.26,7.05,147,1.34,0.02,0.3,135,0.64,17.4,,unavailable (no satellite pass / dataset error),
85.4,Excellent,Doable,2026-08-30T11:19:34Z,Narooma,2026-08-30T11:00:00Z,2026-08-30T21:00,6.1,346,9.4,0.0,1.04,7.7,150,1.1,0.0,0.4,153,0.64,17.3,,unavailable (no satellite pass / dataset error),
75.9,Good,Getting rough,2026-08-30T11:19:34Z,Batemans Bay (Inside),2026-08-27T14:00:00Z,2026-08-28T00:00,5.9,301,12.2,0.0,1.72,8.6,147,1.74,0.0,0.6,198,-0.38,17.3,,unavailable (no satellite pass / dataset error),
77.0,Good,Getting rough,2026-08-30T11:19:34Z,Batemans Bay (Inside),2026-08-27T15:00:00Z,2026-08-28T01:00,4.2,290,11.2,0.0,1.76,8.6,147,1.78,0.0,0.6,198,-0.56,17.3,,unavailable (no satellite pass / dataset error),
76.4,Good,Getting rough,2026-08-30T11:19:34Z,Batemans Bay (Inside),2026-08-27T16:00:00Z,2026-08-28T02:00,4.9,268,10.4,0.0,1.76,8.6,147,1.78,0.0,0.6,214,-0.59,17.3,,unavailable (no satellite pass / dataset error),
75.1,Good,Getting rough,2026-08-30T11:19:34Z,Batemans Bay (Inside),2026-08-27T17:00:00Z,2026-08-28T03:00,6.4,254,13.0,0.0,1.76,8.6,147,1.78,0.0,0.6,214,-0.49,17.2,,unavailable (no satellite pass / dataset error),
73.3,Good,Getting rough,2026-08-30T11:19:34Z,Batemans Bay (Inside),2026-08-27T18:00:00Z,2026-08-28T04:00,8.4,247,16.2,0.0,1.76,8.55,147,1.78,0.0,0.6,214,-0.28,17.2,,unavailable (no satellite pass / dataset error),
72.1,Good,Getting rough,2026-08-30T11:19:34Z,Batemans Bay (Inside),2026-08-27T19:00:00Z,2026-08-28T05:00,9.7,245,18.4,0.0,1.76,8.5,147,1.78,0.0,0.6,214,-0.02,17.2,,unavailable (no satellite pass / dataset error),
72.6,Good,Getting rough,2026-08-30T11:19:34Z,Batemans Bay (Inside),2026-08-27T20:00:00Z,2026-08-28T06:00,9.4,253,19.8,0.0,1.74,8.4,146,1.76,0.02,0.6,214,0.21,17.2,,unavailable (no satellite pass / dataset error),
71.9,Good,Getting rough,2026-08-30T11:19:34Z,Batemans Bay (Inside),2026-08-27T21:00:00Z,2026-08-28T07:00,10.2,257,20.5,0.0,1.74,8.35,146,1.76,0.02,0.6,198,0.37,17.2,,unavailable (no satellite pass / dataset error),
72.2,Good,Getting rough,2026-08-30T11:19:34Z,Batemans Bay (Inside),2026-08-27T22:00:00Z,2026-08-28T08:00,10.3,257,20.9,0.0,1.72,8.3,146,1.72,0.06,0.6,198,0.41,17.2,,unavailable (no satellite pass / dataset error),
74.7,Good,Getting rough,2026-08-30T11:19:34Z,Batemans Bay (Inside),2026-08-27T23:00:00Z,2026-08-28T09:00,7.7,242,21.2,0.0,1.68,8.2,145,1.7,0.1,0.6,198,0.32,17.2,,unavailable (no satellite pass / dataset error),
76.0,Good,Getting rough,2026-08-30T11:19:34Z,Batemans Bay (Inside),2026-08-28T00:00:00Z,2026-08-28T10:00,6.7,204,20.2,0.0,1.66,8.15,145,1.66,0.14,0.6,214,0.13,17.2,,unavailable (no satellite pass / dataset error),
78.6,Good,Getting rough,2026-08-30T11:19:34Z,Batemans Bay (Inside),2026-08-28T01:00:00Z,2026-08-28T11:00,4.2,173,18.0,0.0,1.62,8.05,145,1.62,0.14,0.6,214,-0.1,17.2,,unavailable (no satellite pass / dataset error),
79.6,Good,Getting rough,2026-08-30T11:19:34Z,Batemans Bay (Inside),2026-08-28T02:00:00Z,2026-08-28T12:00,3.6,135,14.8,0.0,1.56,7.95,144,1.58,0.14,0.6,214,-0.32,17.3,,unavailable (no satellite pass / dataset error),
76.2,Good,Getting rough,2026-08-30T11:19:34Z,Batemans Bay (Inside),2026-08-28T03:00:00Z,2026-08-28T13:00,7.3,115,21.6,0.0,1.52,7.85,144,1.54,0.14,0.8,225,-0.44,17.3,,unavailable (no satellite pass / dataset error),
74.1,Good,Bit dodgy,2026-08-30T11:19:34Z,Batemans Bay (Inside),2026-08-28T04:00:00Z,2026-08-28T14:00,10.1,107,27.0,0.0,1.48,7.75,143,1.5,0.12,0.8,225,-0.43,17.3,,unavailable (no satellite pass / dataset error),
74.1,Good,Bit dodgy,2026-08-30T11:19:34Z,Batemans Bay (Inside),2026-08-28T05:00:00Z,2026-08-28T15:00,10.0,105,27.4,0.0,1.46,7.65,143,1.46,0.1,1.0,225,-0.29,17.4,,unavailable (no satellite pass / dataset error),
75.0,Good,Bit dodgy,2026-08-30T11:19:34Z,Batemans Bay (Inside),2026-08-28T06:00:00Z,2026-08-28T16:00,9.0,105,25.6,0.0,1.42,7.6,142,1.42,0.08,1.2,219,-0.05,17.4,,unavailable (no satellite pass / dataset error),
79.6,Good,Bit dodgy,2026-08-30T11:19:34Z,Batemans Bay (Inside),2026-08-28T07:00:00Z,2026-08-28T17:00,4.0,60,20.5,0.0,1.4,7.6,142,1.4,0.06,1.2,219,0.23,17.4,,unavailable (no satellite pass / dataset error),
78.6,Good,Bit dodgy,2026-08-30T11:19:34Z,Batemans Bay (Inside),2026-08-28T08:00:00Z,2026-08-28T18:00,5.6,354,10.4,0.0,1.36,7.6,141,1.36,0.02,1.2,207,0.49,17.3,,unavailable (no satellite pass / dataset error),
81.0,Excellent,Bit dodgy,2026-08-30T11:19:34Z,Batemans Bay (Inside),2026-08-28T09:00:00Z,2026-08-28T19:00,3.1,336,9.0,0.0,1.34,7.65,141,1.34,0.0,1.2,207,0.66,17.3,,unavailable (no satellite pass / dataset error),
75.4,Good,Bit dodgy,2026-08-30T11:19:34Z,Batemans Bay (Inside),2026-08-28T10:00:00Z,2026-08-28T20:00,9.7,331,14.0,0.0,1.34,7.7,141,1.34,0.0,1.1,198,0.7,17.3,,unavailable (no satellite pass / dataset error),
77.1,Good,Bit dodgy,2026-08-30T11:19:34Z,Batemans Bay (Inside),2026-08-28T11:00:00Z,2026-08-28T21:00,7.5,314,17.3,0.0,1.36,7.75,141,1.36,0.0,1.1,198,0.59,17.2,,unavailable (no satellite pass / dataset error),
80.8,Excellent,Bit dodgy,2026-08-30T11:19:34Z,Batemans Bay (Inside),2026-08-28T12:00:00Z,2026-08-28T22:00,3.7,293,11.5,0.0,1.36,7.75,141,1.36,0.0,1.0,202,0.33,17.2,,unavailable (no satellite pass / dataset error),
79.3,Good,Bit dodgy,2026-08-30T11:19:34Z,Batemans Bay (Inside),2026-08-28T13:00:00Z,2026-08-28T23:00,5.8,272,9.7,0.0,1.36,7.75,141,1.36,0.0,0.8,207,0.01,17.2,,unavailable (no satellite pass / dataset error),
77.5,Good,Bit dodgy,2026-08-30T11:19:34Z,Batemans Bay (Inside),2026-08-28T14:00:00Z,2026-08-29T00:00,7.6,271,14.0,0.0,1.38,7.7,142,1.38,0.0,0.8,207,-0.31,17.2,,unavailable (no satellite pass / dataset error),
76.3,Good,Bit dodgy,2026-08-30T11:19:34Z,Batemans Bay (Inside),2026-08-28T15:00:00Z,2026-08-29T01:00,9.5,280,16.9,0.0,1.38,7.6,142,1.38,0.0,0.6,214,-0.55,17.2,,unavailable (no satellite pass / dataset error),
76.2,Good,Bit dodgy,2026-08-30T11:19:34Z,Batemans Bay (Inside),2026-08-28T16:00:00Z,2026-08-29T02:00,9.6,278,18.0,0.0,1.36,7.4,143,1.38,0.0,0.6,214,-0.66,17.2,,unavailable (no satellite pass / dataset error),
77.1,Good,Bit dodgy,2026-08-30T11:19:34Z,Batemans Bay (Inside),2026-08-28T17:00:00Z,2026-08-29T03:00,8.8,266,17.6,0.0,1.32,7.15,143,1.36,0.0,0.6,214,-0.62,17.2,,unavailable (no satellite pass / dataset error),
78.9,Good,Bit dodgy,2026-08-30T11:19:34Z,Batemans Bay (Inside),2026-08-28T18:00:00Z,2026-08-29T04:00,6.8,267,16.2,0.0,1.3,7.1,144,1.36,0.0,0.6,214,-0.44,17.2,,unavailable (no satellite pass / dataset error),
77.2,Good,Bit dodgy,2026-08-30T11:19:34Z,Batemans Bay (Inside),2026-08-28T19:00:00Z,2026-08-29T05:00,7.2,248,15.5,0.0,1.44,7.45,144,1.5,0.02,0.6,198,-0.19,17.2,,unavailable (no satellite pass / dataset error),
75.8,Good,Getting rough,2026-08-30T11:19:34Z,Batemans Bay (Inside),2026-08-28T20:00:00Z,2026-08-29T06:00,7.4,252,16.2,0.0,1.56,7.95,145,1.62,0.02,0.6,198,0.09,17.2,,unavailable (no satellite pass / dataset error),
73.8,Good,Getting rough,2026-08-30T11:19:34Z,Batemans Bay (Inside),2026-08-28T21:00:00Z,2026-08-29T07:00,8.1,275,16.2,0.0,1.7,8.2,145,1.76,0.04,0.6,198,0.32,17.2,,unavailable (no satellite pass / dataset error),
76.6,Good,Getting rough,2026-08-30T11:19:34Z,Batemans Bay (Inside),2026-08-28T22:00:00Z,2026-08-29T08:00,6.3,277,16.2,0.0,1.62,8.0,145,1.68,0.06,0.4,207,0.45,17.2,,unavailable (no satellite pass / dataset error),
79.2,Good,Getting rough,2026-08-30T11:19:34Z,Batemans Bay (Inside),2026-08-28T23:00:00Z,2026-08-29T09:00,4.5,233,15.1,0.0,1.56,7.55,146,1.58,0.1,0.4,207,0.43,17.2,,unavailable (no satellite pass / dataset error),
78.3,Good,Bit dodgy,2026-08-30T11:19:34Z,Batemans Bay (Inside),2026-08-29T00:00:00Z,2026-08-29T10:00,6.5,161,15.8,0.0,1.48,7.2,146,1.5,0.12,0.4,207,0.29,17.2,,unavailable (no satellite pass / dataset error),
82.4,Excellent,Bit dodgy,2026-08-30T11:19:34Z,Batemans Bay (Inside),2026-08-29T01:00:00Z,2026-08-29T11:00,2.3,122,18.7,0.0,1.44,7.05,146,1.46,0.12,0.4,207,0.06,17.2,,unavailable (no satellite pass / dataset error),
79.2,Good,Bit dodgy,2026-08-30T11:19:34Z,Batemans Bay (Inside),2026-08-29T02:00:00Z,2026-08-29T12:00,6.1,90,19.8,0.0,1.4,7.0,146,1.42,0.14,0.5,225,-0.18,17.3,,unavailable (no satellite pass / dataset error),
75.4,Good,Bit dodgy,2026-08-30T11:19:34Z,Batemans Bay (Inside),2026-08-29T03:00:00Z,2026-08-29T13:00,10.8,85,29.2,0.0,1.36,6.95,146,1.38,0.14,0.5,225,-0.37,17.3,,unavailable (no satellite pass / dataset error),
73.3,Good,Bit dodgy,2026-08-30T11:19:34Z,Batemans Bay (Inside),2026-08-29T04:00:00Z,2026-08-29T14:00,13.3,89,33.1,0.0,1.32,6.9,146,1.34,0.16,0.6,236,-0.45,17.3,,unavailable (no satellite pass / dataset error),
73.0,Good,Bit dodgy,2026-08-30T11:19:34Z,Batemans Bay (Inside),2026-08-29T05:00:00Z,2026-08-29T15:00,13.3,93,33.8,0.0,1.3,6.85,146,1.32,0.16,0.8,225,-0.4,17.4,,unavailable (no satellite pass / dataset error),
75.6,Good,Bit dodgy,2026-08-30T11:19:34Z,Batemans Bay (Inside),2026-08-29T06:00:00Z,2026-08-29T16:00,10.9,99,32.4,0.0,1.26,6.8,146,1.28,0.18,0.8,225,-0.22,17.4,,unavailable (no satellite pass / dataset error),
80.7,Excellent,Bit dodgy,2026-08-30T11:19:34Z,Batemans Bay (Inside),2026-08-29T07:00:00Z,2026-08-29T17:00,5.2,86,24.5,0.0,1.26,6.8,146,1.28,0.14,0.8,207,0.05,17.4,,unavailable (no satellite pass / dataset error),
84.4,Excellent,Bit dodgy,2026-08-30T11:19:34Z,Batemans Bay (Inside),2026-08-29T08:00:00Z,2026-08-29T18:00,1.3,360,10.4,0.0,1.26,6.85,145,1.26,0.08,0.8,207,0.33,17.3,,unavailable (no satellite pass / dataset error),
80.9,Excellent,Bit dodgy,2026-08-30T11:19:34Z,Batemans Bay (Inside),2026-08-29T09:00:00Z,2026-08-29T19:00,5.2,333,7.9,0.0,1.26,6.9,145,1.26,0.04,0.8,207,0.58,17.3,,unavailable (no satellite pass / dataset error),
79.6,Good,Bit dodgy,2026-08-30T11:19:34Z,Batemans Bay (Inside),2026-08-29T10:00:00Z,2026-08-29T20:00,7.1,333,11.9,0.0,1.24,6.95,145,1.24,0.02,0.7,194,0.72,17.3,,unavailable (no satellite pass / dataset error),
81.2,Excellent,Bit dodgy,2026-08-30T11:19:34Z,Batemans Bay (Inside),2026-08-29T11:00:00Z,2026-08-29T21:00,5.3,332,11.5,0.0,1.22,7.05,146,1.24,0.02,0.7,194,0.7,17.2,,unavailable (no satellite pass / dataset error),
82.1,Excellent,Doable,2026-08-30T11:19:34Z,Batemans Bay (Inside),2026-08-29T12:00:00Z,2026-08-29T22:00,4.6,309,11.2,0.0,1.2,7.1,146,1.22,0.0,0.7,194,0.53,17.2,,unavailable (no satellite pass / dataset error),
79.1,Good,Doable,2026-08-30T11:19:34Z,Batemans Bay (Inside),2026-08-29T13:00:00Z,2026-08-29T23:00,8.2,289,14.0,0.0,1.2,7.15,146,1.22,0.0,0.6,198,0.24,17.2,,unavailable (no satellite pass / dataset error),
80.1,Excellent,Doable,2026-08-30T11:19:34Z,Batemans Bay (Inside),2026-08-29T14:00:00Z,2026-08-30T00:00,7.3,280,14.8,0.0,1.2,7.2,146,1.22,0.0,0.5,180,-0.09,17.2,,unavailable (no satellite pass / dataset error),
81.0,Excellent,Doable,2026-08-30T11:19:34Z,Batemans Bay (Inside),2026-08-29T15:00:00Z,2026-08-30T01:00,6.6,283,14.0,0.0,1.2,7.25,146,1.22,0.0,0.4,180,-0.39,17.2,,unavailable (no satellite pass / dataset error),
81.1,Excellent,Doable,2026-08-30T11:19:34Z,Batemans Bay (Inside),2026-08-29T16:00:00Z,2026-08-30T02:00,6.5,276,13.7,0.0,1.2,7.25,147,1.22,0.0,0.4,180,-0.58,17.2,,unavailable (no satellite pass / dataset error),
81.3,Excellent,Doable,2026-08-30T11:19:34Z,Batemans Bay (Inside),2026-08-29T17:00:00Z,2026-08-30T03:00,6.7,275,13.7,0.0,1.2,7.2,147,1.2,0.0,0.3,225,-0.62,17.2,,unavailable (no satellite pass / dataset error),
80.8,Excellent,Doable,2026-08-30T11:19:34Z,Batemans Bay (Inside),2026-08-29T18:00:00Z,2026-08-30T04:00,7.3,281,14.0,0.0,1.2,7.2,148,1.2,0.0,0.3,225,-0.51,17.2,,unavailable (no satellite pass / dataset error),
79.4,Good,Doable,2026-08-30T11:19:34Z,Batemans Bay (Inside),2026-08-29T19:00:00Z,2026-08-30T05:00,8.6,270,17.6,0.0,1.2,7.2,148,1.2,0.0,0.4,207,-0.29,17.2,,unavailable (no satellite pass / dataset error),
79.3,Good,Doable,2026-08-30T11:19:34Z,Batemans Bay (Inside),2026-08-29T20:00:00Z,2026-08-30T06:00,8.7,274,17.3,0.0,1.2,7.15,148,1.2,0.0,0.4,207,-0.01,17.2,,unavailable (no satellite pass / dataset error),
80.4,Excellent,Doable,2026-08-30T11:19:34Z,Batemans Bay (Inside),2026-08-29T21:00:00Z,2026-08-30T07:00,7.5,280,16.2,0.0,1.2,7.15,148,1.2,0.0,0.4,207,0.27,17.2,,unavailable (no satellite pass / dataset error),
82.7,Excellent,Doable,2026-08-30T11:19:34Z,Batemans Bay (Inside),2026-08-29T22:00:00Z,2026-08-30T08:00,4.4,282,15.1,0.0,1.2,7.15,148,1.2,0.0,0.6,198,0.47,17.2,,unavailable (no satellite pass / dataset error),
85.7,Excellent,Doable,2026-08-30T11:19:34Z,Batemans Bay (Inside),2026-08-29T23:00:00Z,2026-08-30T09:00,1.2,243,12.2,0.0,1.18,7.1,149,1.18,0.0,0.6,198,0.54,17.2,,unavailable (no satellite pass / dataset error),
83.8,Excellent,Doable,2026-08-30T11:19:34Z,Batemans Bay (Inside),2026-08-30T00:00:00Z,2026-08-30T10:00,3.3,139,14.8,0.0,1.18,7.1,149,1.18,0.0,0.6,198,0.46,17.2,,unavailable (no satellite pass / dataset error),
81.5,Excellent,Doable,2026-08-30T11:19:34Z,Batemans Bay (Inside),2026-08-30T01:00:00Z,2026-08-30T11:00,5.9,125,19.1,0.0,1.18,7.1,149,1.18,0.0,0.6,214,0.26,17.3,,unavailable (no satellite pass / dataset error),
78.7,Good,Doable,2026-08-30T11:19:34Z,Batemans Bay (Inside),2026-08-30T02:00:00Z,2026-08-30T12:00,8.5,114,24.1,0.0,1.18,7.1,150,1.18,0.0,0.8,207,0.0,17.3,,unavailable (no satellite pass / dataset error),
78.1,Good,Doable,2026-08-30T11:19:34Z,Batemans Bay (Inside),2026-08-30T03:00:00Z,2026-08-30T13:00,9.2,102,25.9,0.0,1.18,7.1,150,1.18,0.0,0.8,207,-0.26,17.4,,unavailable (no satellite pass / dataset error),
77.5,Good,Doable,2026-08-30T11:19:34Z,Batemans Bay (Inside),2026-08-30T04:00:00Z,2026-08-30T14:00,9.4,86,25.9,0.0,1.2,7.2,150,1.2,0.02,0.9,217,-0.43,17.4,,unavailable (no satellite pass / dataset error),
77.4,Good,Doable,2026-08-30T11:19:34Z,Batemans Bay (Inside),2026-08-30T05:00:00Z,2026-08-30T15:00,9.0,80,25.6,0.0,1.2,7.3,151,1.22,0.06,1.0,211,-0.48,17.5,,unavailable (no satellite pass / dataset error),
76.9,Good,Bit dodgy,2026-08-30T11:19:34Z,Batemans Bay (Inside),2026-08-30T06:00:00Z,2026-08-30T16:00,9.4,85,24.1,0.0,1.22,7.4,151,1.24,0.08,1.0,211,-0.4,17.5,,unavailable (no satellite pass / dataset error),
78.2,Good,Bit dodgy,2026-08-30T11:19:34Z,Batemans Bay (Inside),2026-08-30T07:00:00Z,2026-08-30T17:00,7.7,93,22.7,0.0,1.24,7.45,151,1.26,0.06,1.0,202,-0.19,17.5,,unavailable (no satellite pass / dataset error),
82.6,Excellent,Bit dodgy,2026-08-30T11:19:34Z,Batemans Bay (Inside),2026-08-30T08:00:00Z,2026-08-30T18:00,2.5,90,15.1,0.0,1.28,7.5,151,1.28,0.02,1.0,202,0.09,17.4,,unavailable (no satellite pass / dataset error),
83.6,Excellent,Bit dodgy,2026-08-30T11:19:34Z,Batemans Bay (Inside),2026-08-30T09:00:00Z,2026-08-30T19:00,1.4,310,3.6,0.0,1.3,7.55,151,1.3,0.0,0.9,191,0.36,17.4,,unavailable (no satellite pass / dataset error),
82.4,Excellent,Bit dodgy,2026-08-30T11:19:34Z,Batemans Bay (Inside),2026-08-30T10:00:00Z,2026-08-30T20:00,2.6,295,6.1,0.0,1.32,7.65,151,1.32,0.0,0.9,191,0.56,17.3,,unavailable (no satellite pass / dataset error),
80.0,Excellent,Bit dodgy,2026-08-30T11:19:34Z,Batemans Bay (Inside),2026-08-30T11:00:00Z,2026-08-30T21:00,5.2,295,8.6,0.0,1.32,7.7,150,1.32,0.0,0.9,191,0.65,17.3,,unavailable (no satellite pass / dataset error),
83.0,Excellent,Bit dodgy,2026-08-30T11:19:34Z,Batemans Bay (Outside),2026-08-30T11:00:00Z,2026-08-30T21:00,5.2,295,8.6,0.0,1.34,7.6,147,1.34,0.0,0.9,191,0.65,17.3,,unavailable (no satellite pass / dataset error),
87.3,Excellent,Doable,2026-08-30T11:19:34Z,Ulladulla,2026-08-30T11:00:00Z,2026-08-30T21:00,3.2,297,7.2,0.0,1.06,7.5,152,1.08,0.0,0.6,198,0.66,17.3,,unavailable (no satellite pass / dataset error),
86.5,Excellent,Doable,2026-08-30T11:19:34Z,Jervis Bay (Inside),2026-08-30T10:00:00Z,2026-08-30T20:00,5.2,27,10.8,0.0,0.94,6.9,159,1.02,0.02,0.5,225,0.59,17.6,,unavailable (no satellite pass / dataset error),
88.9,Excellent,Doable,2026-08-30T11:19:34Z,Jervis Bay (Inside),2026-08-30T11:00:00Z,2026-08-30T21:00,2.3,29,9.0,0.0,0.96,6.9,160,1.02,0.02,0.4,207,0.67,17.6,,unavailable (no satellite pass / dataset error),
78.9,Good,Bit dodgy,2026-08-30T11:19:34Z,Jervis Bay (Outside - Point Perpendicular),2026-08-30T11:00:00Z,2026-08-30T21:00,10.3,49,17.3,0.0,1.3,7.45,163,1.38,0.02,0.9,217,0.67,17.7,,unavailable (no satellite pass / dataset error),
90.3,Excellent,Great,2026-08-30T11:19:34Z,Shellharbour,2026-08-30T11:00:00Z,2026-08-30T21:00,2.5,266,8.6,0.0,0.78,7.7,156,0.88,0.0,0.2,180,0.69,18.0,,unavailable (no satellite pass / dataset error),
90.4,Excellent,Doable,2026-08-30T11:19:34Z,Terrigal,2026-08-30T11:00:00Z,2026-08-30T21:00,1.5,277,11.5,0.0,0.86,7.0,161,0.96,0.0,0.2,180,0.73,18.2,,unavailable (no satellite pass / dataset error),
82.2,Excellent,Bit dodgy,2026-08-30T11:19:34Z,Fingal Bay,2026-08-30T11:00:00Z,2026-08-30T21:00,4.7,356,7.9,0.0,1.46,7.8,168,1.46,0.02,1.0,239,0.77,19.4,,unavailable (no satellite pass / dataset error),
87.3,Excellent,Doable,2026-08-30T11:19:34Z,Broughton Island,2026-08-30T11:00:00Z,2026-08-30T21:00,2.3,360,3.6,0.0,1.12,7.1,165,1.14,0.0,0.7,256,0.76,18.8,,unavailable (no satellite pass / dataset error),
85.6,Excellent,Getting rough,2026-08-30T11:19:34Z,Seal Rocks,2026-08-30T10:00:00Z,2026-08-30T20:00,0.8,153,4.3,0.0,1.52,7.45,170,1.54,0.06,0.4,243,0.69,19.1,,unavailable (no satellite pass / dataset error),
85.7,Excellent,Getting rough,2026-08-30T11:19:34Z,Seal Rocks,2026-08-30T11:00:00Z,2026-08-30T21:00,0.5,315,1.4,0.0,1.52,7.55,170,1.54,0.02,0.5,225,0.77,19.1,,unavailable (no satellite pass / dataset error),
87.0,Excellent,Great,2026-08-30T11:19:34Z,Forster,2026-08-30T11:00:00Z,2026-08-30T21:00,6.9,284,10.8,0.0,0.72,5.35,144,0.86,0.0,0.3,225,0.78,19.3,,unavailable (no satellite pass / dataset error),
78.4,Good,Bit dodgy,2026-08-30T11:19:34Z,South West Rocks,2026-08-30T11:00:00Z,2026-08-30T21:00,9.5,249,15.5,0.0,1.34,6.85,160,1.38,0.08,1.3,180,0.82,20.3,,unavailable (no satellite pass / dataset error),
92.3,Excellent,Great,2026-08-30T12:04:38Z,Williamstown,2026-08-30T12:00:00Z,2026-08-30T22:00,5.4,165,8.6,0.0,0.34,4.0,198,0.38,0.02,0.2,0,-0.16,13.3,,unavailable (no satellite pass / dataset error),
72.9,Good,Getting rough,2026-08-30T12:04:38Z,Robe,2026-08-30T12:00:00Z,2026-08-30T22:00,5.3,135,9.4,0.0,2.82,10.7,222,2.82,0.0,0.8,315,-0.26,14.1,,unavailable (no satellite pass / dataset error),
77.3,Good,Getting rough,2026-08-30T12:04:38Z,Port MacDonnell,2026-08-30T12:00:00Z,2026-08-30T22:00,1.7,221,4.3,0.0,2.62,9.9,221,2.94,0.0,0.2,270,-0.22,15.0,,unavailable (no satellite pass / dataset error),
72.8,Good,Getting rough,2026-08-30T12:04:38Z,Cape Bridgewater,2026-08-30T12:00:00Z,2026-08-30T22:00,6.9,223,13.7,0.0,2.66,9.95,221,2.66,0.04,0.5,315,-0.21,15.0,,unavailable (no satellite pass / dataset error),
76.4,Good,Getting rough,2026-08-30T12:04:38Z,Portland Bay,2026-08-30T12:00:00Z,2026-08-30T22:00,3.6,243,5.8,0.0,2.36,9.85,218,2.36,0.06,0.4,297,-0.2,14.8,,unavailable (no satellite pass / dataset error),
70.5,Good,Getting rough,2026-08-30T12:04:38Z,Bay of Islands,2026-08-30T12:00:00Z,2026-08-30T22:00,9.7,230,18.7,0.0,2.76,9.65,226,2.76,0.14,0.4,90,-0.17,14.2,,unavailable (no satellite pass / dataset error),
67.0,Good,Getting rough,2026-08-30T12:04:38Z,Cape Otway Lightstation,2026-08-30T12:00:00Z,2026-08-30T22:00,11.4,258,25.9,0.0,3.12,9.9,227,3.14,0.38,1.7,77,-0.11,14.2,,unavailable (no satellite pass / dataset error),
67.2,Good,Getting rough,2026-08-30T12:04:38Z,Apollo Bay,2026-08-30T12:00:00Z,2026-08-30T22:00,13.1,258,28.8,0.0,3.06,9.9,228,3.1,0.5,0.9,53,-0.1,14.1,,unavailable (no satellite pass / dataset error),
73.8,Good,Getting rough,2026-08-30T12:04:38Z,Kennett River,2026-08-30T12:00:00Z,2026-08-30T22:00,9.0,257,18.7,0.0,2.06,9.55,222,2.08,0.26,0.9,37,-0.09,13.8,,unavailable (no satellite pass / dataset error),
81.5,Excellent,Bit dodgy,2026-08-30T12:04:38Z,Torquay,2026-08-30T12:00:00Z,2026-08-30T22:00,7.4,292,12.6,0.0,1.38,9.05,213,1.44,0.1,0.4,27,-0.11,13.6,,unavailable (no satellite pass / dataset error),
78.2,Good,Bit dodgy,2026-08-30T12:04:38Z,Port Phillip Heads (J5 Submarine),2026-08-30T12:00:00Z,2026-08-30T22:00,9.0,286,15.5,0.0,1.46,9.4,217,1.64,0.16,0.6,18,-0.11,13.6,,unavailable (no satellite pass / dataset error),
75.1,Good,Getting rough,2026-08-30T12:04:38Z,Queenscliff,2026-08-30T12:00:00Z,2026-08-30T22:00,11.6,246,23.0,0.0,1.68,9.25,218,1.78,0.28,0.6,34,-0.11,13.6,,unavailable (no satellite pass / dataset error),
68.6,Good,Getting rough,2026-08-30T12:04:38Z,Blairgowrie Back Beach,2026-08-30T12:00:00Z,2026-08-30T22:00,16.0,227,28.8,0.0,2.06,9.5,222,2.14,0.58,0.4,27,-0.12,13.5,,unavailable (no satellite pass / dataset error),
66.3,Good,Getting rough,2026-08-30T12:04:38Z,Cape Schanck,2026-08-30T12:00:00Z,2026-08-30T22:00,17.0,234,29.9,0.0,2.18,9.55,228,2.32,0.74,0.5,45,-0.12,13.6,,unavailable (no satellite pass / dataset error),
67.3,Good,Bit dodgy,2026-08-30T12:04:38Z,Cape Paterson,2026-08-30T12:00:00Z,2026-08-30T22:00,17.8,248,31.7,0.0,1.48,10.35,245,2.08,0.78,0.6,56,-0.11,13.7,,unavailable (no satellite pass / dataset error),
54.2,Fair,Bit dodgy,2026-08-30T12:04:38Z,Wilsons Prom (West - Norman Bay),2026-08-30T12:00:00Z,2026-08-30T22:00,35.2,255,46.8,0.0,1.3,10.35,229,2.16,1.22,0.6,56,-0.1,13.6,,unavailable (no satellite pass / dataset error),
70.7,Good,Doable,2026-08-30T12:04:38Z,Wilsons Prom (East - Sealers Cove),2026-08-30T12:00:00Z,2026-08-30T22:00,19.6,262,44.3,0.0,0.84,9.7,233,1.68,1.16,0.2,90,-0.09,13.1,,unavailable (no satellite pass / dataset error),
79.1,Good,Doable,2026-08-30T12:04:38Z,Mallacoota,2026-08-30T12:00:00Z,2026-08-30T22:00,12.1,280,24.1,0.0,1.02,9.0,174,1.3,0.18,0.3,45,0.5,14.8,,unavailable (no satellite pass / dataset error),
94.9,Excellent,,2026-08-30T12:04:38Z,Eden,2026-08-30T12:00:00Z,2026-08-30T22:00,4.6,257,7.6,0.0,,,,,,0.3,135,0.57,16.8,,unavailable (no satellite pass / dataset error),
82.6,Excellent,Doable,2026-08-30T12:04:38Z,Green Cape,2026-08-30T12:00:00Z,2026-08-30T22:00,8.0,250,16.2,0.0,0.98,5.35,194,1.24,0.1,0.5,135,0.56,16.9,,unavailable (no satellite pass / dataset error),
89.9,Excellent,Great,2026-08-30T12:04:38Z,Tathra,2026-08-30T12:00:00Z,2026-08-30T22:00,5.5,287,9.4,0.0,0.46,6.55,126,0.66,0.0,0.2,180,0.57,17.4,,unavailable (no satellite pass / dataset error),
80.0,Excellent,Bit dodgy,2026-08-30T12:04:38Z,Bermagui,2026-08-30T12:00:00Z,2026-08-30T22:00,9.9,303,17.6,0.0,1.28,6.95,145,1.4,0.02,0.3,135,0.58,17.4,,unavailable (no satellite pass / dataset error),
84.0,Excellent,Doable,2026-08-30T12:04:38Z,Narooma,2026-08-30T12:00:00Z,2026-08-30T22:00,7.3,318,11.2,0.0,1.06,7.5,150,1.14,0.0,0.3,135,0.58,17.2,,unavailable (no satellite pass / dataset error),
82.0,Excellent,Bit dodgy,2026-08-30T12:04:38Z,Batemans Bay (Inside),2026-08-30T12:00:00Z,2026-08-30T22:00,6.4,286,10.8,0.0,1.36,7.7,150,1.36,0.0,0.9,191,0.58,17.3,,unavailable (no satellite pass / dataset error),
81.8,Excellent,Bit dodgy,2026-08-30T12:04:38Z,Batemans Bay (Outside),2026-08-30T12:00:00Z,2026-08-30T22:00,6.4,286,10.8,0.0,1.38,7.5,147,1.38,0.0,0.9,191,0.58,17.3,,unavailable (no satellite pass / dataset error),
86.3,Excellent,Doable,2026-08-30T12:04:38Z,Ulladulla,2026-08-30T12:00:00Z,2026-08-30T22:00,4.3,292,9.4,0.0,1.1,7.55,152,1.1,0.0,0.6,198,0.59,17.3,,unavailable (no satellite pass / dataset error),
88.1,Excellent,Doable,2026-08-30T12:04:38Z,Jervis Bay (Inside),2026-08-30T12:00:00Z,2026-08-30T22:00,2.9,349,3.6,0.0,0.98,7.0,161,1.04,0.0,0.4,207,0.6,17.5,,unavailable (no satellite pass / dataset error),
78.9,Good,Bit dodgy,2026-08-30T12:04:38Z,Jervis Bay (Outside - Point Perpendicular),2026-08-30T12:00:00Z,2026-08-30T22:00,9.8,44,15.1,0.0,1.36,7.5,163,1.44,0.0,0.8,207,0.6,17.6,,unavailable (no satellite pass / dataset error),
89.6,Excellent,Great,2026-08-30T12:04:38Z,Shellharbour,2026-08-30T12:00:00Z,2026-08-30T22:00,3.2,254,10.1,0.0,0.8,7.8,156,0.9,0.0,0.2,180,0.62,17.9,,unavailable (no satellite pass / dataset error),
90.3,Excellent,Doable,2026-08-30T12:04:38Z,Terrigal,2026-08-30T12:00:00Z,2026-08-30T22:00,1.3,270,3.2,0.0,0.96,7.8,163,0.98,0.0,0.2,180,0.65,18.1,,unavailable (no satellite pass / dataset error),
80.7,Excellent,Getting rough,2026-08-30T12:04:38Z,Fingal Bay,2026-08-30T12:00:00Z,2026-08-30T22:00,6.3,347,9.7,0.0,1.52,8.05,170,1.52,0.0,0.9,217,0.68,19.4,,unavailable (no satellite pass / dataset error),
86.6,Excellent,Doable,2026-08-30T12:04:38Z,Broughton Island,2026-08-30T12:00:00Z,2026-08-30T22:00,3.2,357,4.3,0.0,1.12,7.3,167,1.16,0.0,0.6,214,0.67,18.8,,unavailable (no satellite pass / dataset error),
84.2,Excellent,Getting rough,2026-08-30T12:04:38Z,Seal Rocks,2026-08-30T12:00:00Z,2026-08-30T22:00,2.0,315,3.6,0.0,1.56,7.85,172,1.56,0.0,0.6,198,0.68,19.1,,unavailable (no satellite pass / dataset error),
85.2,Excellent,Great,2026-08-30T12:04:38Z,Forster,2026-08-30T12:00:00Z,2026-08-30T22:00,9.2,287,14.8,0.0,0.7,5.3,145,0.86,0.0,0.3,225,0.68,19.4,,unavailable (no satellite pass / dataset error),
78.0,Good,Bit dodgy,2026-08-30T12:04:38Z,South West Rocks,2026-08-30T12:00:00Z,2026-08-30T22:00,10.0,253,17.3,0.0,1.32,7.15,161,1.34,0.0,1.5,187,0.71,20.3,,unavailable (no satellite pass / dataset error),
96.1,Excellent,Great,2026-08-30T18:04:16Z,Williamstown,2026-08-30T13:00:00Z,2026-08-30T23:00,0.4,153,6.5,0.0,0.34,4.0,198,0.38,0.02,0.2,0,-0.04,13.2,,unavailable (no satellite pass / dataset error),
95.3,Excellent,Great,2026-08-30T18:04:16Z,Williamstown,2026-08-30T14:00:00Z,2026-08-31T00:00,1.3,270,4.0,0.0,0.36,3.95,198,0.4,0.04,0.2,0,0.02,13.2,,unavailable (no satellite pass / dataset error),
94.1,Excellent,Great,2026-08-30T18:04:16Z,Williamstown,2026-08-30T15:00:00Z,2026-08-31T01:00,2.9,292,5.8,0.0,0.36,3.95,198,0.4,0.04,0.2,90,0.02,13.2,,unavailable (no satellite pass / dataset error),
91.2,Excellent,Great,2026-08-30T18:04:16Z,Williamstown,2026-08-30T16:00:00Z,2026-08-31T02:00,6.5,267,10.1,0.1,0.36,3.9,198,0.4,0.04,0.2,90,0.0,13.2,,unavailable (no satellite pass / dataset error),
89.8,Excellent,Great,2026-08-30T18:04:16Z,Williamstown,2026-08-30T17:00:00Z,2026-08-31T03:00,8.7,262,13.7,0.0,0.34,3.85,198,0.38,0.04,0.2,90,-0.05,13.2,,unavailable (no satellite pass / dataset error),
90.1,Excellent,Great,2026-08-30T18:04:16Z,Williamstown,2026-08-30T18:00:00Z,2026-08-31T04:00,8.3,271,13.7,0.0,0.34,3.85,198,0.38,0.04,0.2,90,-0.16,13.2,,unavailable (no satellite pass / dataset error),
73.2,Good,Getting rough,2026-08-30T18:04:16Z,Robe,2026-08-30T13:00:00Z,2026-08-30T23:00,5.0,125,8.6,0.0,2.82,10.75,223,2.82,0.0,0.8,333,-0.11,14.1,,unavailable (no satellite pass / dataset error),
72.7,Good,Getting rough,2026-08-30T18:04:16Z,Robe,2026-08-30T14:00:00Z,2026-08-31T00:00,4.6,101,7.9,0.0,2.82,10.85,223,2.82,0.0,0.9,323,0.02,14.0,,unavailable (no satellite pass / dataset error),
72.7,Good,Getting rough,2026-08-30T18:04:16Z,Robe,2026-08-30T15:00:00Z,2026-08-31T01:00,4.7,92,7.6,0.0,2.82,10.9,224,2.82,0.0,0.9,307,0.11,14.0,,unavailable (no satellite pass / dataset error),
71.8,Good,Getting rough,2026-08-30T18:04:16Z,Robe,2026-08-30T16:00:00Z,2026-08-31T02:00,5.1,86,8.3,0.0,2.84,10.95,224,2.84,0.0,0.9,281,0.12,13.9,,unavailable (no satellite pass / dataset error),
71.3,Good,Getting rough,2026-08-30T18:04:16Z,Robe,2026-08-30T17:00:00Z,2026-08-31T03:00,5.8,81,9.7,0.0,2.84,11.05,225,2.84,0.0,0.9,259,0.06,13.9,,unavailable (no satellite pass / dataset error),
70.3,Good,Getting rough,2026-08-30T18:04:16Z,Robe,2026-08-30T18:00:00Z,2026-08-31T04:00,7.4,84,12.6,0.0,2.86,11.1,225,2.86,0.0,0.8,243,-0.06,13.9,,unavailable (no satellite pass / dataset error),
77.7,Good,Getting rough,2026-08-30T18:04:16Z,Port MacDonnell,2026-08-30T13:00:00Z,2026-08-30T23:00,1.2,243,2.5,0.0,2.74,10.1,223,2.96,0.0,0.2,270,-0.08,15.0,,unavailable (no satellite pass / dataset error),
78.3,Good,Getting rough,2026-08-30T18:04:16Z,Port MacDonnell,2026-08-30T14:00:00Z,2026-08-31T00:00,0.4,333,2.2,0.0,2.86,10.45,225,2.96,0.0,0.2,270,0.04,15.0,,unavailable (no satellite pass / dataset error),
78.0,Good,Getting rough,2026-08-30T18:04:16Z,Port MacDonnell,2026-08-30T15:00:00Z,2026-08-31T01:00,0.7,346,1.4,0.0,2.98,10.75,227,2.98,0.0,0.2,270,0.11,15.0,,unavailable (no satellite pass / dataset error),
77.7,Good,Getting rough,2026-08-30T18:04:16Z,Port MacDonnell,2026-08-30T16:00:00Z,2026-08-31T02:00,1.1,360,3.2,0.0,2.98,10.9,228,2.98,0.0,0.2,270,0.11,15.0,,unavailable (no satellite pass / dataset error),
76.4,Good,Getting rough,2026-08-30T18:04:16Z,Port MacDonnell,2026-08-30T17:00:00Z,2026-08-31T03:00,2.9,4,7.9,0.0,3.0,10.95,228,3.0,0.0,0.2,270,0.04,15.0,,unavailable (no satellite pass / dataset error),
76.2,Good,Getting rough,2026-08-30T18:04:16Z,Port MacDonnell,2026-08-30T18:00:00Z,2026-08-31T04:00,3.1,7,8.6,0.0,3.0,11.0,229,3.0,0.0,0.2,270,-0.08,15.0,,unavailable (no satellite pass / dataset error),
74.4,Good,Getting rough,2026-08-30T18:04:16Z,Cape Bridgewater,2026-08-30T13:00:00Z,2026-08-30T23:00,4.8,233,7.9,0.0,2.66,10.0,221,2.66,0.02,0.5,315,-0.07,15.0,,unavailable (no satellite pass / dataset error),
75.3,Good,Getting rough,2026-08-30T18:04:16Z,Cape Bridgewater,2026-08-30T14:00:00Z,2026-08-31T00:00,3.6,233,6.5,0.0,2.64,10.0,222,2.64,0.02,0.5,315,0.05,15.0,,unavailable (no satellite pass / dataset error),
75.8,Good,Getting rough,2026-08-30T18:04:16Z,Cape Bridgewater,2026-08-30T15:00:00Z,2026-08-31T01:00,3.2,232,5.0,0.0,2.64,10.05,222,2.64,0.0,0.4,333,0.11,15.0,,unavailable (no satellite pass / dataset error),
76.6,Good,Getting rough,2026-08-30T18:04:16Z,Cape Bridgewater,2026-08-30T16:00:00Z,2026-08-31T02:00,2.1,239,4.7,0.0,2.64,10.1,222,2.64,0.0,0.4,333,0.1,15.0,,unavailable (no satellite pass / dataset error),
77.0,Good,Getting rough,2026-08-30T18:04:16Z,Cape Bridgewater,2026-08-30T17:00:00Z,2026-08-31T03:00,1.5,256,3.6,0.0,2.62,10.15,223,2.62,0.0,0.4,333,0.03,15.0,,unavailable (no satellite pass / dataset error),
76.8,Good,Getting rough,2026-08-30T18:04:16Z,Cape Bridgewater,2026-08-30T18:00:00Z,2026-08-31T04:00,1.8,264,2.9,0.0,2.62,10.1,223,2.62,0.0,0.4,333,-0.08,15.0,,unavailable (no satellite pass / dataset error),
77.4,Good,Getting rough,2026-08-30T18:04:16Z,Portland Bay,2026-08-30T13:00:00Z,2026-08-30T23:00,2.5,274,4.0,0.0,2.36,9.85,218,2.36,0.04,0.3,315,-0.07,14.8,,unavailable (no satellite pass / dataset error),
77.7,Good,Getting rough,2026-08-30T18:04:16Z,Portland Bay,2026-08-30T14:00:00Z,2026-08-31T00:00,2.1,285,3.6,0.0,2.34,9.9,219,2.34,0.02,0.4,297,0.04,14.8,,unavailable (no satellite pass / dataset error),
77.8,Good,Getting rough,2026-08-30T18:04:16Z,Portland Bay,2026-08-30T15:00:00Z,2026-08-31T01:00,1.9,287,3.2,0.0,2.34,9.95,219,2.34,0.0,0.4,297,0.11,14.8,,unavailable (no satellite pass / dataset error),
78.1,Good,Getting rough,2026-08-30T18:04:16Z,Portland Bay,2026-08-30T16:00:00Z,2026-08-31T02:00,1.5,306,2.9,0.0,2.34,10.0,219,2.34,0.0,0.4,270,0.1,14.8,,unavailable (no satellite pass / dataset error),
78.2,Good,Getting rough,2026-08-30T18:04:16Z,Portland Bay,2026-08-30T17:00:00Z,2026-08-31T03:00,1.9,319,2.9,0.0,2.34,10.05,220,2.34,0.0,0.2,270,0.03,14.8,,unavailable (no satellite pass / dataset error),
77.7,Good,Getting rough,2026-08-30T18:04:16Z,Portland Bay,2026-08-30T18:00:00Z,2026-08-31T04:00,2.6,326,4.0,0.0,2.34,10.1,220,2.34,0.0,0.2,270,-0.09,14.8,,unavailable (no satellite pass / dataset error),
72.1,Good,Getting rough,2026-08-30T18:04:16Z,Bay of Islands,2026-08-30T13:00:00Z,2026-08-30T23:00,8.1,231,13.3,0.0,2.76,9.7,226,2.76,0.12,0.2,90,-0.03,14.2,,unavailable (no satellite pass / dataset error),
72.4,Good,Getting rough,2026-08-30T18:04:16Z,Bay of Islands,2026-08-30T14:00:00Z,2026-08-31T00:00,8.2,229,14.0,0.0,2.74,9.75,226,2.74,0.08,0.0,90,0.08,14.2,,unavailable (no satellite pass / dataset error),
72.4,Good,Getting rough,2026-08-30T18:04:16Z,Bay of Islands,2026-08-30T15:00:00Z,2026-08-31T01:00,8.1,227,14.4,0.0,2.74,9.75,226,2.74,0.06,0.0,90,0.13,14.2,,unavailable (no satellite pass / dataset error),
73.1,Good,Getting rough,2026-08-30T18:04:16Z,Bay of Islands,2026-08-30T16:00:00Z,2026-08-31T02:00,7.3,224,14.4,0.0,2.7,9.75,226,2.74,0.06,0.0,90,0.1,14.2,,unavailable (no satellite pass / dataset error),
74.9,Good,Getting rough,2026-08-30T18:04:16Z,Bay of Islands,2026-08-30T17:00:00Z,2026-08-31T03:00,4.9,234,12.2,0.0,2.68,9.7,226,2.72,0.04,0.0,90,0.01,14.2,,unavailable (no satellite pass / dataset error),
75.4,Good,Getting rough,2026-08-30T18:04:16Z,Bay of Islands,2026-08-30T18:00:00Z,2026-08-31T04:00,4.2,258,8.3,0.0,2.64,9.55,226,2.72,0.04,0.0,90,-0.12,14.2,,unavailable (no satellite pass / dataset error),
68.5,Good,Getting rough,2026-08-30T18:04:16Z,Cape Otway Lightstation,2026-08-30T13:00:00Z,2026-08-30T23:00,10.2,261,22.3,0.0,3.1,9.9,227,3.12,0.34,1.4,67,0.1,14.2,,unavailable (no satellite pass / dataset error),
70.0,Good,Getting rough,2026-08-30T18:04:16Z,Cape Otway Lightstation,2026-08-30T14:00:00Z,2026-08-31T00:00,9.8,256,20.9,0.0,3.1,9.9,227,3.1,0.3,0.8,45,0.25,14.2,,unavailable (no satellite pass / dataset error),
70.5,Good,Getting rough,2026-08-30T18:04:16Z,Cape Otway Lightstation,2026-08-30T15:00:00Z,2026-08-31T01:00,9.7,252,20.2,0.0,3.08,9.9,227,3.08,0.26,0.6,326,0.29,14.2,,unavailable (no satellite pass / dataset error),
69.6,Good,Getting rough,2026-08-30T18:04:16Z,Cape Otway Lightstation,2026-08-30T16:00:00Z,2026-08-31T02:00,9.3,255,20.2,0.0,3.06,9.95,227,3.06,0.26,1.2,297,0.2,14.2,,unavailable (no satellite pass / dataset error),
70.0,Good,Getting rough,2026-08-30T18:04:16Z,Cape Otway Lightstation,2026-08-30T17:00:00Z,2026-08-31T03:00,8.5,268,19.4,0.0,3.06,10.0,228,3.06,0.24,1.3,286,0.03,14.2,,unavailable (no satellite pass / dataset error),
69.9,Good,Getting rough,2026-08-30T18:04:16Z,Cape Otway Lightstation,2026-08-30T18:00:00Z,2026-08-31T04:00,8.6,272,18.4,0.0,3.04,10.05,228,3.04,0.24,1.3,278,-0.17,14.2,,unavailable (no satellite pass / dataset error),
68.6,Good,Getting rough,2026-08-30T18:04:16Z,Apollo Bay,2026-08-30T13:00:00Z,2026-08-30T23:00,12.0,256,25.2,0.0,3.06,9.9,228,3.08,0.44,0.6,56,0.15,14.1,,unavailable (no satellite pass / dataset error),
69.7,Good,Getting rough,2026-08-30T18:04:16Z,Apollo Bay,2026-08-30T14:00:00Z,2026-08-31T00:00,11.3,253,24.1,0.0,3.04,9.9,228,3.08,0.38,0.3,45,0.34,14.1,,unavailable (no satellite pass / dataset error),
69.9,Good,Getting rough,2026-08-30T18:04:16Z,Apollo Bay,2026-08-30T15:00:00Z,2026-08-31T01:00,11.1,248,23.0,0.0,3.04,9.9,228,3.06,0.32,0.3,225,0.38,14.1,,unavailable (no satellite pass / dataset error),
69.0,Good,Getting rough,2026-08-30T18:04:16Z,Apollo Bay,2026-08-30T16:00:00Z,2026-08-31T02:00,10.9,254,23.0,0.0,3.02,9.95,228,3.04,0.32,0.8,225,0.27,14.1,,unavailable (no satellite pass / dataset error),
69.5,Good,Getting rough,2026-08-30T18:04:16Z,Apollo Bay,2026-08-30T17:00:00Z,2026-08-31T03:00,9.8,264,22.3,0.0,3.02,10.05,229,3.04,0.3,1.0,225,0.06,14.1,,unavailable (no satellite pass / dataset error),
69.7,Good,Getting rough,2026-08-30T18:04:16Z,Apollo Bay,2026-08-30T18:00:00Z,2026-08-31T04:00,9.5,269,20.2,0.0,3.0,10.05,229,3.02,0.3,1.0,225,-0.19,14.1,,unavailable (no satellite pass / dataset error),
74.2,Good,Getting rough,2026-08-30T18:04:16Z,Kennett River,2026-08-30T13:00:00Z,2026-08-30T23:00,9.4,259,18.7,0.0,2.02,9.5,223,2.06,0.24,0.6,34,0.18,13.8,,unavailable (no satellite pass / dataset error),
74.9,Good,Getting rough,2026-08-30T18:04:16Z,Kennett River,2026-08-30T14:00:00Z,2026-08-31T00:00,9.0,250,18.7,0.0,1.98,9.4,223,2.06,0.2,0.4,27,0.4,13.8,,unavailable (no satellite pass / dataset error),
75.7,Good,Getting rough,2026-08-30T18:04:16Z,Kennett River,2026-08-30T15:00:00Z,2026-08-31T01:00,8.5,242,18.0,0.0,1.94,9.35,224,2.04,0.18,0.3,315,0.46,13.8,,unavailable (no satellite pass / dataset error),
75.0,Good,Getting rough,2026-08-30T18:04:16Z,Kennett River,2026-08-30T16:00:00Z,2026-08-31T02:00,8.9,243,20.5,0.0,1.94,9.3,223,2.02,0.16,0.6,252,0.33,13.8,,unavailable (no satellite pass / dataset error),
75.9,Good,Getting rough,2026-08-30T18:04:16Z,Kennett River,2026-08-30T17:00:00Z,2026-08-31T03:00,7.1,260,18.0,0.0,1.94,9.3,223,2.02,0.14,0.8,243,0.09,13.8,,unavailable (no satellite pass / dataset error),
76.5,Good,Getting rough,2026-08-30T18:04:16Z,Kennett River,2026-08-30T18:00:00Z,2026-08-31T04:00,6.5,273,14.8,0.0,1.94,9.25,222,2.0,0.12,0.8,243,-0.19,13.8,,unavailable (no satellite pass / dataset error),
82.5,Excellent,Bit dodgy,2026-08-30T18:04:16Z,Torquay,2026-08-30T13:00:00Z,2026-08-30T23:00,6.3,294,16.2,0.0,1.36,9.0,213,1.42,0.08,0.4,27,0.23,13.6,,unavailable (no satellite pass / dataset error),
83.9,Excellent,Bit dodgy,2026-08-30T18:04:16Z,Torquay,2026-08-30T14:00:00Z,2026-08-31T00:00,5.4,270,10.4,0.0,1.34,9.05,213,1.38,0.04,0.2,0,0.51,13.6,,unavailable (no satellite pass / dataset error),
84.6,Excellent,Bit dodgy,2026-08-30T18:04:16Z,Torquay,2026-08-30T15:00:00Z,2026-08-31T01:00,5.2,264,9.0,0.0,1.32,9.1,213,1.36,0.02,0.0,90,0.59,13.6,,unavailable (no satellite pass / dataset error),
84.0,Excellent,Bit dodgy,2026-08-30T18:04:16Z,Torquay,2026-08-30T16:00:00Z,2026-08-31T02:00,5.5,261,9.0,0.0,1.3,9.1,213,1.34,0.02,0.3,225,0.44,13.6,,unavailable (no satellite pass / dataset error),
83.3,Excellent,Bit dodgy,2026-08-30T18:04:16Z,Torquay,2026-08-30T17:00:00Z,2026-08-31T03:00,6.2,282,10.4,0.0,1.28,9.1,213,1.34,0.0,0.4,243,0.15,13.6,,unavailable (no satellite pass / dataset error),
82.7,Excellent,Bit dodgy,2026-08-30T18:04:16Z,Torquay,2026-08-30T18:00:00Z,2026-08-31T04:00,6.9,295,11.9,0.0,1.26,9.05,213,1.32,0.0,0.5,225,-0.19,13.6,,unavailable (no satellite pass / dataset error),
78.7,Good,Bit dodgy,2026-08-30T18:04:16Z,Port Phillip Heads (J5 Submarine),2026-08-30T13:00:00Z,2026-08-30T23:00,9.4,315,17.6,0.0,1.48,9.15,216,1.6,0.12,0.4,27,0.24,13.6,,unavailable (no satellite pass / dataset error),
81.3,Excellent,Bit dodgy,2026-08-30T18:04:16Z,Port Phillip Heads (J5 Submarine),2026-08-30T14:00:00Z,2026-08-31T00:00,6.1,294,16.2,0.0,1.48,8.9,216,1.58,0.08,0.4,0,0.53,13.6,,unavailable (no satellite pass / dataset error),
82.2,Excellent,Bit dodgy,2026-08-30T18:04:16Z,Port Phillip Heads (J5 Submarine),2026-08-30T15:00:00Z,2026-08-31T01:00,5.4,278,10.4,0.0,1.5,8.7,215,1.54,0.04,0.4,0,0.61,13.6,,unavailable (no satellite pass / dataset error),
81.6,Excellent,Bit dodgy,2026-08-30T18:04:16Z,Port Phillip Heads (J5 Submarine),2026-08-30T16:00:00Z,2026-08-31T02:00,6.7,272,11.2,0.0,1.46,8.6,215,1.52,0.04,0.3,315,0.47,13.6,,unavailable (no satellite pass / dataset error),
80.9,Excellent,Bit dodgy,2026-08-30T18:04:16Z,Port Phillip Heads (J5 Submarine),2026-08-30T17:00:00Z,2026-08-31T03:00,7.6,288,13.0,0.0,1.42,8.5,214,1.5,0.02,0.4,297,0.17,13.6,,unavailable (no satellite pass / dataset error),
80.3,Excellent,Bit dodgy,2026-08-30T18:04:16Z,Port Phillip Heads (J5 Submarine),2026-08-30T18:00:00Z,2026-08-31T04:00,8.6,300,14.8,0.0,1.38,8.55,214,1.48,0.02,0.4,297,-0.18,13.6,,unavailable (no satellite pass / dataset error),
77.8,Good,Getting rough,2026-08-30T18:04:16Z,Queenscliff,2026-08-30T13:00:00Z,2026-08-30T23:00,8.3,283,13.7,0.0,1.66,9.2,218,1.76,0.2,0.6,34,0.24,13.6,,unavailable (no satellite pass / dataset error),
77.1,Good,Getting rough,2026-08-30T18:04:16Z,Queenscliff,2026-08-30T14:00:00Z,2026-08-31T00:00,10.1,290,18.0,0.0,1.64,9.2,219,1.72,0.14,0.4,27,0.53,13.5,,unavailable (no satellite pass / dataset error),
79.0,Good,Getting rough,2026-08-30T18:04:16Z,Queenscliff,2026-08-30T15:00:00Z,2026-08-31T01:00,8.1,275,18.4,0.0,1.62,9.15,219,1.7,0.06,0.3,45,0.62,13.5,,unavailable (no satellite pass / dataset error),
79.4,Good,Getting rough,2026-08-30T18:04:16Z,Queenscliff,2026-08-30T16:00:00Z,2026-08-31T02:00,8.1,267,15.5,0.0,1.56,9.0,218,1.68,0.06,0.2,0,0.47,13.5,,unavailable (no satellite pass / dataset error),
78.9,Good,Getting rough,2026-08-30T18:04:16Z,Queenscliff,2026-08-30T17:00:00Z,2026-08-31T03:00,9.2,277,15.8,0.0,1.52,8.85,217,1.64,0.04,0.2,270,0.18,13.5,,unavailable (no satellite pass / dataset error),
77.5,Good,Bit dodgy,2026-08-30T18:04:16Z,Queenscliff,2026-08-30T18:00:00Z,2026-08-31T04:00,10.7,290,18.0,0.0,1.46,8.75,216,1.62,0.04,0.4,243,-0.18,13.5,,unavailable (no satellite pass / dataset error),
69.1,Good,Getting rough,2026-08-30T18:04:16Z,Blairgowrie Back Beach,2026-08-30T13:00:00Z,2026-08-30T23:00,15.6,234,27.7,0.0,2.06,9.4,222,2.12,0.46,0.4,27,0.23,13.5,,unavailable (no satellite pass / dataset error),
70.7,Good,Getting rough,2026-08-30T18:04:16Z,Blairgowrie Back Beach,2026-08-30T14:00:00Z,2026-08-31T00:00,13.9,246,28.1,0.0,2.04,9.35,223,2.08,0.32,0.4,27,0.53,13.5,,unavailable (no satellite pass / dataset error),
73.3,Good,Getting rough,2026-08-30T18:04:16Z,Blairgowrie Back Beach,2026-08-30T15:00:00Z,2026-08-31T01:00,10.7,253,25.2,0.0,2.04,9.35,223,2.06,0.2,0.4,27,0.63,13.5,,unavailable (no satellite pass / dataset error),
74.6,Good,Getting rough,2026-08-30T18:04:16Z,Blairgowrie Back Beach,2026-08-30T16:00:00Z,2026-08-31T02:00,9.7,252,19.1,0.0,2.02,9.4,223,2.04,0.18,0.2,0,0.49,13.5,,unavailable (no satellite pass / dataset error),
75.2,Good,Getting rough,2026-08-30T18:04:16Z,Blairgowrie Back Beach,2026-08-30T17:00:00Z,2026-08-31T03:00,9.3,257,17.3,0.0,2.0,9.5,223,2.0,0.14,0.2,0,0.19,13.5,,unavailable (no satellite pass / dataset error),
76.0,Good,Getting rough,2026-08-30T18:04:16Z,Blairgowrie Back Beach,2026-08-30T18:00:00Z,2026-08-31T04:00,9.1,261,16.9,0.0,1.98,9.6,223,1.98,0.12,0.0,90,-0.16,13.5,,unavailable (no satellite pass / dataset error),
68.5,Good,Getting rough,2026-08-30T18:04:16Z,Cape Schanck,2026-08-30T13:00:00Z,2026-08-30T23:00,14.2,234,24.5,0.0,2.2,9.45,228,2.3,0.6,0.5,45,0.23,13.6,,unavailable (no satellite pass / dataset error),
68.5,Good,Getting rough,2026-08-30T18:04:16Z,Cape Schanck,2026-08-30T14:00:00Z,2026-08-31T00:00,14.7,237,25.9,0.0,2.2,9.4,229,2.26,0.48,0.5,45,0.53,13.6,,unavailable (no satellite pass / dataset error),
71.0,Good,Getting rough,2026-08-30T18:04:16Z,Cape Schanck,2026-08-30T15:00:00Z,2026-08-31T01:00,12.1,245,25.2,0.0,2.22,9.35,229,2.24,0.34,0.3,45,0.64,13.6,,unavailable (no satellite pass / dataset error),
71.9,Good,Getting rough,2026-08-30T18:04:16Z,Cape Schanck,2026-08-30T16:00:00Z,2026-08-31T02:00,11.4,252,20.9,0.0,2.2,9.4,229,2.22,0.32,0.2,0,0.51,13.6,,unavailable (no satellite pass / dataset error),
72.6,Good,Getting rough,2026-08-30T18:04:16Z,Cape Schanck,2026-08-30T17:00:00Z,2026-08-31T03:00,10.4,262,19.4,0.0,2.18,9.5,229,2.2,0.28,0.3,315,0.21,13.6,,unavailable (no satellite pass / dataset error),
72.7,Good,Getting rough,2026-08-30T18:04:16Z,Cape Schanck,2026-08-30T18:00:00Z,2026-08-31T04:00,10.5,267,18.0,0.0,2.16,9.6,229,2.18,0.26,0.3,315,-0.15,13.6,,unavailable (no satellite pass / dataset error),
68.3,Good,Getting rough,2026-08-30T18:04:16Z,Cape Paterson,2026-08-30T13:00:00Z,2026-08-30T23:00,16.4,249,28.4,0.0,1.56,10.3,243,2.08,0.7,0.6,56,0.25,13.7,,unavailable (no satellite pass / dataset error),
68.8,Good,Getting rough,2026-08-30T18:04:16Z,Cape Paterson,2026-08-30T14:00:00Z,2026-08-31T00:00,16.0,249,29.2,0.0,1.62,10.2,241,2.06,0.6,0.6,56,0.55,13.7,,unavailable (no satellite pass / dataset error),
69.4,Good,Getting rough,2026-08-30T18:04:16Z,Cape Paterson,2026-08-30T15:00:00Z,2026-08-31T01:00,15.1,255,28.1,0.0,1.7,10.05,239,2.06,0.52,0.6,56,0.68,13.6,,unavailable (no satellite pass / dataset error),
70.1,Good,Getting rough,2026-08-30T18:04:16Z,Cape Paterson,2026-08-30T16:00:00Z,2026-08-31T02:00,14.4,260,26.3,0.0,1.76,9.8,237,2.04,0.5,0.6,56,0.58,13.6,,unavailable (no satellite pass / dataset error),
70.6,Good,Getting rough,2026-08-30T18:04:16Z,Cape Paterson,2026-08-30T17:00:00Z,2026-08-31T03:00,13.9,267,25.2,0.0,1.84,9.45,235,2.02,0.46,0.6,56,0.28,13.6,,unavailable (no satellite pass / dataset error),
71.3,Good,Getting rough,2026-08-30T18:04:16Z,Cape Paterson,2026-08-30T18:00:00Z,2026-08-31T04:00,13.5,275,24.1,0.0,1.9,9.2,233,2.0,0.44,0.5,45,-0.11,13.6,,unavailable (no satellite pass / dataset error),
54.5,Fair,Bit dodgy,2026-08-30T18:04:16Z,Wilsons Prom (West - Norman Bay),2026-08-30T13:00:00Z,2026-08-30T23:00,34.8,256,44.3,0.0,1.3,10.3,229,2.14,1.14,0.6,56,0.25,13.6,,unavailable (no satellite pass / dataset error),
55.1,Fair,Bit dodgy,2026-08-30T18:04:16Z,Wilsons Prom (West - Norman Bay),2026-08-30T14:00:00Z,2026-08-31T00:00,34.2,254,43.9,0.0,1.3,10.25,230,2.12,1.08,0.6,56,0.53,13.6,,unavailable (no satellite pass / dataset error),
55.9,Fair,Bit dodgy,2026-08-30T18:04:16Z,Wilsons Prom (West - Norman Bay),2026-08-30T15:00:00Z,2026-08-31T01:00,33.0,255,43.2,0.0,1.3,10.2,230,2.1,1.0,0.6,56,0.65,13.5,,unavailable (no satellite pass / dataset error),
56.6,Fair,Bit dodgy,2026-08-30T18:04:16Z,Wilsons Prom (West - Norman Bay),2026-08-30T16:00:00Z,2026-08-31T02:00,32.2,258,41.8,0.0,1.3,10.2,230,2.08,0.96,0.7,76,0.57,13.5,,unavailable (no satellite pass / dataset error),
57.4,Fair,Bit dodgy,2026-08-30T18:04:16Z,Wilsons Prom (West - Norman Bay),2026-08-30T17:00:00Z,2026-08-31T03:00,31.6,260,40.7,0.0,1.32,10.2,229,2.04,0.94,0.7,76,0.29,13.5,,unavailable (no satellite pass / dataset error),
57.1,Fair,Bit dodgy,2026-08-30T18:04:16Z,Wilsons Prom (West - Norman Bay),2026-08-30T18:00:00Z,2026-08-31T04:00,31.6,260,40.0,0.0,1.32,10.05,229,2.02,0.9,0.9,79,-0.1,13.5,,unavailable (no satellite pass / dataset error),
71.8,Good,Doable,2026-08-30T18:04:16Z,Wilsons Prom (East - Sealers Cove),2026-08-30T13:00:00Z,2026-08-30T23:00,18.4,264,41.0,0.0,0.86,8.9,231,1.66,1.1,0.2,90,0.18,13.1,,unavailable (no satellite pass / dataset error),
72.2,Good,Doable,2026-08-30T18:04:16Z,Wilsons Prom (East - Sealers Cove),2026-08-30T14:00:00Z,2026-08-31T00:00,18.1,264,40.3,0.0,0.9,7.75,229,1.64,1.06,0.2,90,0.4,13.1,,unavailable (no satellite pass / dataset error),
72.6,Good,Doable,2026-08-30T18:04:16Z,Wilsons Prom (East - Sealers Cove),2026-08-30T15:00:00Z,2026-08-31T01:00,17.8,262,39.6,0.0,0.92,7.0,227,1.62,1.0,0.2,90,0.5,13.1,,unavailable (no satellite pass / dataset error),
72.9,Good,Doable,2026-08-30T18:04:16Z,Wilsons Prom (East - Sealers Cove),2026-08-30T16:00:00Z,2026-08-31T02:00,17.6,264,38.9,0.0,0.9,6.9,227,1.6,0.96,0.2,90,0.44,13.1,,unavailable (no satellite pass / dataset error),
73.6,Good,Doable,2026-08-30T18:04:16Z,Wilsons Prom (East - Sealers Cove),2026-08-30T17:00:00Z,2026-08-31T03:00,17.1,266,38.5,0.0,0.86,7.15,227,1.56,0.92,0.2,90,0.23,13.1,,unavailable (no satellite pass / dataset error),
73.6,Good,Doable,2026-08-30T18:04:16Z,Wilsons Prom (East - Sealers Cove),2026-08-30T18:00:00Z,2026-08-31T04:00,17.3,266,37.1,0.0,0.84,7.6,227,1.54,0.88,0.2,90,-0.07,13.1,,unavailable (no satellite pass / dataset error),
79.7,Good,Doable,2026-08-30T18:04:16Z,Mallacoota,2026-08-30T13:00:00Z,2026-08-30T23:00,11.2,281,21.6,0.0,1.0,9.3,173,1.3,0.2,0.3,45,0.3,14.8,,unavailable (no satellite pass / dataset error),
79.1,Good,Doable,2026-08-30T18:04:16Z,Mallacoota,2026-08-30T14:00:00Z,2026-08-31T00:00,11.3,271,22.3,0.0,0.98,9.5,173,1.3,0.22,0.3,45,0.03,14.7,,unavailable (no satellite pass / dataset error),
78.2,Good,Doable,2026-08-30T18:04:16Z,Mallacoota,2026-08-30T15:00:00Z,2026-08-31T01:00,12.6,270,22.3,0.0,0.96,9.55,172,1.3,0.24,0.3,45,-0.25,14.7,,unavailable (no satellite pass / dataset error),
77.2,Good,Doable,2026-08-30T18:04:16Z,Mallacoota,2026-08-30T16:00:00Z,2026-08-31T02:00,13.7,265,27.4,0.0,0.96,9.2,172,1.32,0.28,0.3,45,-0.47,14.7,,unavailable (no satellite pass / dataset error),
76.9,Good,Doable,2026-08-30T18:04:16Z,Mallacoota,2026-08-30T17:00:00Z,2026-08-31T03:00,13.8,261,27.4,0.0,0.98,8.6,173,1.34,0.34,0.3,45,-0.58,14.7,,unavailable (no satellite pass / dataset error),
76.5,Good,Doable,2026-08-30T18:04:16Z,Mallacoota,2026-08-30T18:00:00Z,2026-08-31T04:00,13.6,264,27.7,0.0,0.98,8.3,173,1.36,0.38,0.5,45,-0.56,14.7,,unavailable (no satellite pass / dataset error),
93.9,Excellent,,2026-08-30T18:04:16Z,Eden,2026-08-30T13:00:00Z,2026-08-30T23:00,5.6,253,9.7,0.0,,,,,,0.3,135,0.36,16.8,,unavailable (no satellite pass / dataset error),
92.9,Excellent,,2026-08-30T18:04:16Z,Eden,2026-08-30T14:00:00Z,2026-08-31T00:00,6.7,243,11.9,0.0,,,,,,0.3,135,0.07,16.8,,unavailable (no satellite pass / dataset error),
93.6,Excellent,,2026-08-30T18:04:16Z,Eden,2026-08-30T15:00:00Z,2026-08-31T01:00,5.9,259,11.5,0.0,,,,,,0.3,135,-0.23,16.7,,unavailable (no satellite pass / dataset error),
92.2,Excellent,,2026-08-30T18:04:16Z,Eden,2026-08-30T16:00:00Z,2026-08-31T02:00,7.4,271,12.2,0.0,,,,,,0.3,135,-0.46,16.7,,unavailable (no satellite pass / dataset error),
91.2,Excellent,,2026-08-30T18:04:16Z,Eden,2026-08-30T17:00:00Z,2026-08-31T03:00,8.4,277,15.1,0.0,,,,,,0.3,135,-0.58,16.7,,unavailable (no satellite pass / dataset error),
91.8,Excellent,,2026-08-30T18:04:16Z,Eden,2026-08-30T18:00:00Z,2026-08-31T04:00,7.8,266,15.5,0.0,,,,,,0.3,135,-0.56,16.7,,unavailable (no satellite pass / dataset error),
83.0,Excellent,Doable,2026-08-30T18:04:16Z,Green Cape,2026-08-30T13:00:00Z,2026-08-30T23:00,7.9,246,13.3,0.0,0.96,5.35,194,1.22,0.1,0.4,153,0.35,16.9,,unavailable (no satellite pass / dataset error),
82.7,Excellent,Doable,2026-08-30T18:04:16Z,Green Cape,2026-08-30T14:00:00Z,2026-08-31T00:00,8.5,232,15.5,0.0,0.92,5.35,195,1.2,0.1,0.4,153,0.06,16.9,,unavailable (no satellite pass / dataset error),
83.2,Excellent,Doable,2026-08-30T18:04:16Z,Green Cape,2026-08-30T15:00:00Z,2026-08-31T01:00,7.6,234,15.1,0.0,0.9,5.35,195,1.18,0.1,0.6,162,-0.23,16.9,,unavailable (no satellite pass / dataset error),
82.8,Excellent,Doable,2026-08-30T18:04:16Z,Green Cape,2026-08-30T16:00:00Z,2026-08-31T02:00,7.8,247,13.7,0.0,0.9,5.4,196,1.2,0.14,0.6,162,-0.46,16.9,,unavailable (no satellite pass / dataset error),
81.7,Excellent,Doable,2026-08-30T18:04:16Z,Green Cape,2026-08-30T17:00:00Z,2026-08-31T03:00,9.1,253,16.9,0.0,0.9,5.45,196,1.22,0.18,0.6,162,-0.58,16.9,,unavailable (no satellite pass / dataset error),
81.6,Excellent,Doable,2026-08-30T18:04:16Z,Green Cape,2026-08-30T18:00:00Z,2026-08-31T04:00,8.7,248,16.2,0.0,0.9,5.5,197,1.24,0.22,0.7,166,-0.56,16.9,,unavailable (no satellite pass / dataset error),
89.7,Excellent,Great,2026-08-30T18:04:16Z,Tathra,2026-08-30T13:00:00Z,2026-08-30T23:00,5.8,300,11.5,0.0,0.44,6.1,122,0.66,0.0,0.2,180,0.37,17.4,,unavailable (no satellite pass / dataset error),
89.6,Excellent,Great,2026-08-30T18:04:16Z,Tathra,2026-08-30T14:00:00Z,2026-08-31T00:00,5.5,283,10.4,0.0,0.44,5.15,117,0.64,0.0,0.2,180,0.08,17.3,,unavailable (no satellite pass / dataset error),
89.9,Excellent,Great,2026-08-30T18:04:16Z,Tathra,2026-08-30T15:00:00Z,2026-08-31T01:00,5.0,249,10.1,0.0,0.42,4.65,113,0.64,0.0,0.2,180,-0.22,17.3,,unavailable (no satellite pass / dataset error),
90.8,Excellent,Great,2026-08-30T18:04:16Z,Tathra,2026-08-30T16:00:00Z,2026-08-31T02:00,3.8,267,9.7,0.0,0.42,5.0,116,0.64,0.0,0.2,180,-0.46,17.3,,unavailable (no satellite pass / dataset error),
89.9,Excellent,Great,2026-08-30T18:04:16Z,Tathra,2026-08-30T17:00:00Z,2026-08-31T03:00,5.2,282,10.4,0.0,0.42,5.7,120,0.62,0.0,0.2,180,-0.58,17.3,,unavailable (no satellite pass / dataset error),
88.4,Excellent,Great,2026-08-30T18:04:16Z,Tathra,2026-08-30T18:00:00Z,2026-08-31T04:00,7.2,295,13.7,0.0,0.42,6.25,123,0.62,0.0,0.2,180,-0.56,17.3,,unavailable (no satellite pass / dataset error),
79.2,Good,Doable,2026-08-30T18:04:16Z,Bermagui,2026-08-30T13:00:00Z,2026-08-30T23:00,11.2,307,20.9,0.0,1.18,7.25,150,1.38,0.02,0.3,135,0.37,17.4,,unavailable (no satellite pass / dataset error),
79.9,Good,Doable,2026-08-30T18:04:16Z,Bermagui,2026-08-30T14:00:00Z,2026-08-31T00:00,10.2,311,21.6,0.0,1.08,7.65,156,1.38,0.0,0.3,135,0.08,17.4,,unavailable (no satellite pass / dataset error),
81.7,Excellent,Doable,2026-08-30T18:04:16Z,Bermagui,2026-08-30T15:00:00Z,2026-08-31T01:00,8.9,308,20.9,0.0,0.98,7.75,161,1.36,0.0,0.0,90,-0.22,17.4,,unavailable (no satellite pass / dataset error),
83.0,Excellent,Doable,2026-08-30T18:04:16Z,Bermagui,2026-08-30T16:00:00Z,2026-08-31T02:00,7.3,242,17.6,0.0,0.98,7.25,154,1.34,0.0,0.0,90,-0.46,17.4,,unavailable (no satellite pass / dataset error),
81.7,Excellent,Doable,2026-08-30T18:04:16Z,Bermagui,2026-08-30T17:00:00Z,2026-08-31T03:00,9.1,229,18.0,0.0,0.98,6.45,147,1.34,0.02,0.0,90,-0.58,17.4,,unavailable (no satellite pass / dataset error),
82.2,Excellent,Doable,2026-08-30T18:04:16Z,Bermagui,2026-08-30T18:00:00Z,2026-08-31T04:00,8.6,241,18.0,0.0,0.98,5.9,140,1.32,0.02,0.0,90,-0.55,17.4,,unavailable (no satellite pass / dataset error),
83.9,Excellent,Doable,2026-08-30T18:04:16Z,Narooma,2026-08-30T13:00:00Z,2026-08-30T23:00,7.5,297,12.2,0.0,1.02,6.95,150,1.14,0.0,0.3,135,0.37,17.2,,unavailable (no satellite pass / dataset error),
84.9,Excellent,Doable,2026-08-30T18:04:16Z,Narooma,2026-08-30T14:00:00Z,2026-08-31T00:00,6.1,282,11.9,0.0,1.0,6.25,149,1.14,0.0,0.3,135,0.07,17.2,,unavailable (no satellite pass / dataset error),
85.8,Excellent,Doable,2026-08-30T18:04:16Z,Narooma,2026-08-30T15:00:00Z,2026-08-31T01:00,4.9,287,10.8,0.0,0.96,5.75,149,1.14,0.0,0.3,135,-0.23,17.2,,unavailable (no satellite pass / dataset error),
87.0,Excellent,Doable,2026-08-30T18:04:16Z,Narooma,2026-08-30T16:00:00Z,2026-08-31T02:00,3.9,248,9.0,0.0,0.96,5.75,149,1.12,0.0,0.2,90,-0.46,17.2,,unavailable (no satellite pass / dataset error),
84.3,Excellent,Doable,2026-08-30T18:04:16Z,Narooma,2026-08-30T17:00:00Z,2026-08-31T03:00,7.5,222,14.0,0.0,0.96,6.05,148,1.12,0.0,0.2,90,-0.58,17.2,,unavailable (no satellite pass / dataset error),
82.5,Excellent,Doable,2026-08-30T18:04:16Z,Narooma,2026-08-30T18:00:00Z,2026-08-31T04:00,10.0,221,19.8,0.0,0.96,6.25,148,1.1,0.0,0.2,0,-0.56,17.2,,unavailable (no satellite pass / dataset error),
81.0,Excellent,Bit dodgy,2026-08-30T18:04:16Z,Batemans Bay (Inside),2026-08-30T13:00:00Z,2026-08-30T23:00,8.2,303,13.7,0.0,1.32,7.6,150,1.36,0.0,0.7,180,0.37,17.3,,unavailable (no satellite pass / dataset error),
81.0,Excellent,Bit dodgy,2026-08-30T18:04:16Z,Batemans Bay (Inside),2026-08-30T14:00:00Z,2026-08-31T00:00,8.3,304,15.5,0.0,1.3,7.4,150,1.36,0.0,0.5,180,0.07,17.2,,unavailable (no satellite pass / dataset error),
81.5,Excellent,Bit dodgy,2026-08-30T18:04:16Z,Batemans Bay (Inside),2026-08-30T15:00:00Z,2026-08-31T01:00,7.3,308,14.4,0.0,1.26,7.15,150,1.36,0.0,0.6,198,-0.24,17.2,,unavailable (no satellite pass / dataset error),
82.0,Excellent,Doable,2026-08-30T18:04:16Z,Batemans Bay (Inside),2026-08-30T16:00:00Z,2026-08-31T02:00,6.9,309,13.3,0.0,1.2,6.8,149,1.34,0.0,0.6,198,-0.48,17.2,,unavailable (no satellite pass / dataset error),
82.7,Excellent,Doable,2026-08-30T18:04:16Z,Batemans Bay (Inside),2026-08-30T17:00:00Z,2026-08-31T03:00,6.5,294,12.2,0.0,1.14,6.4,149,1.34,0.0,0.4,207,-0.59,17.2,,unavailable (no satellite pass / dataset error),
83.7,Excellent,Doable,2026-08-30T18:04:16Z,Batemans Bay (Inside),2026-08-30T18:00:00Z,2026-08-31T04:00,5.4,264,12.2,0.0,1.08,6.25,148,1.32,0.0,0.4,207,-0.56,17.2,,unavailable (no satellite pass / dataset error),
80.8,Excellent,Bit dodgy,2026-08-30T18:04:16Z,Batemans Bay (Outside),2026-08-30T13:00:00Z,2026-08-30T23:00,8.2,303,13.7,0.0,1.34,7.3,147,1.38,0.0,0.7,180,0.37,17.3,,unavailable (no satellite pass / dataset error),
80.8,Excellent,Bit dodgy,2026-08-30T18:04:16Z,Batemans Bay (Outside),2026-08-30T14:00:00Z,2026-08-31T00:00,8.3,304,15.5,0.0,1.3,6.95,147,1.38,0.0,0.5,180,0.07,17.2,,unavailable (no satellite pass / dataset error),
81.3,Excellent,Bit dodgy,2026-08-30T18:04:16Z,Batemans Bay (Outside),2026-08-30T15:00:00Z,2026-08-31T01:00,7.3,308,14.4,0.0,1.26,6.65,147,1.38,0.0,0.6,198,-0.24,17.2,,unavailable (no satellite pass / dataset error),
81.8,Excellent,Doable,2026-08-30T18:04:16Z,Batemans Bay (Outside),2026-08-30T16:00:00Z,2026-08-31T02:00,6.9,309,13.3,0.0,1.2,6.35,146,1.36,0.0,0.6,198,-0.48,17.2,,unavailable (no satellite pass / dataset error),
82.7,Excellent,Doable,2026-08-30T18:04:16Z,Batemans Bay (Outside),2026-08-30T17:00:00Z,2026-08-31T03:00,6.5,294,12.2,0.0,1.14,6.1,146,1.34,0.0,0.4,207,-0.59,17.2,,unavailable (no satellite pass / dataset error),
83.7,Excellent,Doable,2026-08-30T18:04:16Z,Batemans Bay (Outside),2026-08-30T18:00:00Z,2026-08-31T04:00,5.4,264,12.2,0.0,1.08,6.1,145,1.32,0.0,0.4,207,-0.56,17.2,,unavailable (no satellite pass / dataset error),
85.0,Excellent,Doable,2026-08-30T18:04:16Z,Ulladulla,2026-08-30T13:00:00Z,2026-08-30T23:00,6.6,281,14.0,0.0,1.06,7.35,152,1.1,0.0,0.4,207,0.37,17.3,,unavailable (no satellite pass / dataset error),
85.3,Excellent,Doable,2026-08-30T18:04:16Z,Ulladulla,2026-08-30T14:00:00Z,2026-08-31T00:00,6.1,284,14.0,0.0,1.04,7.05,152,1.1,0.0,0.4,180,0.07,17.2,,unavailable (no satellite pass / dataset error),
84.7,Excellent,Doable,2026-08-30T18:04:16Z,Ulladulla,2026-08-30T15:00:00Z,2026-08-31T01:00,6.9,300,13.3,0.0,1.0,6.75,152,1.1,0.0,0.4,180,-0.24,17.2,,unavailable (no satellite pass / dataset error),
84.7,Excellent,Doable,2026-08-30T18:04:16Z,Ulladulla,2026-08-30T16:00:00Z,2026-08-31T02:00,7.4,328,14.4,0.0,0.94,6.5,152,1.08,0.0,0.3,225,-0.48,17.2,,unavailable (no satellite pass / dataset error),
85.9,Excellent,Doable,2026-08-30T18:04:16Z,Ulladulla,2026-08-30T17:00:00Z,2026-08-31T03:00,5.9,317,14.0,0.0,0.9,6.25,151,1.08,0.0,0.3,225,-0.59,17.2,,unavailable (no satellite pass / dataset error),
86.3,Excellent,Doable,2026-08-30T18:04:16Z,Ulladulla,2026-08-30T18:00:00Z,2026-08-31T04:00,5.5,283,12.6,0.0,0.84,6.15,151,1.06,0.0,0.3,225,-0.56,17.2,,unavailable (no satellite pass / dataset error),
86.4,Excellent,Doable,2026-08-30T18:04:16Z,Jervis Bay (Inside),2026-08-30T13:00:00Z,2026-08-30T23:00,5.2,326,9.4,0.0,0.96,6.85,161,1.04,0.0,0.4,207,0.38,17.5,,unavailable (no satellite pass / dataset error),
84.0,Excellent,Doable,2026-08-30T18:04:16Z,Jervis Bay (Inside),2026-08-30T14:00:00Z,2026-08-31T00:00,8.4,318,15.1,0.0,0.94,6.75,161,1.04,0.02,0.4,207,0.07,17.5,,unavailable (no satellite pass / dataset error),
84.2,Excellent,Doable,2026-08-30T18:04:16Z,Jervis Bay (Inside),2026-08-30T15:00:00Z,2026-08-31T01:00,8.1,315,15.5,0.0,0.92,6.65,161,1.04,0.02,0.4,207,-0.24,17.5,,unavailable (no satellite pass / dataset error),
83.7,Excellent,Doable,2026-08-30T18:04:16Z,Jervis Bay (Inside),2026-08-30T16:00:00Z,2026-08-31T02:00,9.0,322,14.4,0.0,0.88,6.55,161,1.04,0.02,0.3,225,-0.49,17.5,,unavailable (no satellite pass / dataset error),
82.7,Excellent,Doable,2026-08-30T18:04:16Z,Jervis Bay (Inside),2026-08-30T17:00:00Z,2026-08-31T03:00,10.4,326,17.3,0.0,0.86,6.45,161,1.04,0.0,0.3,225,-0.6,17.5,,unavailable (no satellite pass / dataset error),
82.8,Excellent,Doable,2026-08-30T18:04:16Z,Jervis Bay (Inside),2026-08-30T18:00:00Z,2026-08-31T04:00,10.3,329,18.4,0.0,0.82,6.45,161,1.04,0.0,0.3,225,-0.56,17.5,,unavailable (no satellite pass / dataset error),
82.8,Excellent,Bit dodgy,2026-08-30T18:04:16Z,Jervis Bay (Outside - Point Perpendicular),2026-08-30T13:00:00Z,2026-08-30T23:00,5.2,59,9.0,0.0,1.32,7.3,163,1.44,0.0,0.6,198,0.38,17.6,,unavailable (no satellite pass / dataset error),
80.6,Excellent,Bit dodgy,2026-08-30T18:04:16Z,Jervis Bay (Outside - Point Perpendicular),2026-08-30T14:00:00Z,2026-08-31T00:00,8.1,6,12.2,0.0,1.28,7.0,163,1.44,0.02,0.6,198,0.07,17.6,,unavailable (no satellite pass / dataset error),
76.7,Good,Bit dodgy,2026-08-30T18:04:16Z,Jervis Bay (Outside - Point Perpendicular),2026-08-30T15:00:00Z,2026-08-31T01:00,13.8,340,19.8,0.0,1.24,6.8,163,1.44,0.02,0.4,180,-0.24,17.6,,unavailable (no satellite pass / dataset error),
76.9,Good,Doable,2026-08-30T18:04:16Z,Jervis Bay (Outside - Point Perpendicular),2026-08-30T16:00:00Z,2026-08-31T02:00,13.4,336,21.2,0.0,1.2,6.6,163,1.42,0.02,0.4,180,-0.48,17.5,,unavailable (no satellite pass / dataset error),
77.8,Good,Doable,2026-08-30T18:04:16Z,Jervis Bay (Outside - Point Perpendicular),2026-08-30T17:00:00Z,2026-08-31T03:00,12.6,351,20.2,0.0,1.16,6.45,163,1.42,0.02,0.2,180,-0.59,17.5,,unavailable (no satellite pass / dataset error),
77.2,Good,Doable,2026-08-30T18:04:16Z,Jervis Bay (Outside - Point Perpendicular),2026-08-30T18:00:00Z,2026-08-31T04:00,13.7,3,20.2,0.0,1.12,6.4,163,1.4,0.02,0.2,180,-0.56,17.5,,unavailable (no satellite pass / dataset error),
86.3,Excellent,Great,2026-08-30T18:04:16Z,Shellharbour,2026-08-30T13:00:00Z,2026-08-30T23:00,7.4,256,15.1,0.0,0.78,7.6,156,0.9,0.0,0.3,135,0.39,17.9,,unavailable (no satellite pass / dataset error),
86.9,Excellent,Great,2026-08-30T18:04:16Z,Shellharbour,2026-08-30T14:00:00Z,2026-08-31T00:00,6.3,275,15.1,0.0,0.76,7.25,156,0.92,0.0,0.3,135,0.07,17.9,,unavailable (no satellite pass / dataset error),
87.6,Excellent,Great,2026-08-30T18:04:16Z,Shellharbour,2026-08-30T15:00:00Z,2026-08-31T01:00,5.7,279,13.0,0.0,0.74,7.0,156,0.92,0.0,0.2,90,-0.25,17.9,,unavailable (no satellite pass / dataset error),
87.6,Excellent,Great,2026-08-30T18:04:16Z,Shellharbour,2026-08-30T16:00:00Z,2026-08-31T02:00,5.1,287,12.2,0.0,0.72,6.9,156,0.92,0.0,0.2,90,-0.5,17.8,,unavailable (no satellite pass / dataset error),
87.7,Excellent,Great,2026-08-30T18:04:16Z,Shellharbour,2026-08-30T17:00:00Z,2026-08-31T03:00,5.2,284,13.0,0.0,0.72,6.85,155,0.9,0.0,0.2,90,-0.61,17.8,,unavailable (no satellite pass / dataset error),
87.3,Excellent,Great,2026-08-30T18:04:16Z,Shellharbour,2026-08-30T18:00:00Z,2026-08-31T04:00,6.2,278,14.8,0.0,0.7,6.8,155,0.9,0.0,0.0,90,-0.57,17.8,,unavailable (no satellite pass / dataset error),
87.7,Excellent,Doable,2026-08-30T18:04:16Z,Terrigal,2026-08-30T13:00:00Z,2026-08-30T23:00,4.2,275,7.9,0.0,0.96,7.9,163,1.0,0.0,0.3,135,0.4,18.1,,unavailable (no satellite pass / dataset error),
86.9,Excellent,Doable,2026-08-30T18:04:16Z,Terrigal,2026-08-30T14:00:00Z,2026-08-31T00:00,5.6,274,10.4,0.0,0.98,8.0,163,1.0,0.0,0.2,90,0.07,18.1,,unavailable (no satellite pass / dataset error),
86.6,Excellent,Doable,2026-08-30T18:04:16Z,Terrigal,2026-08-30T15:00:00Z,2026-08-31T01:00,5.8,270,11.5,0.0,0.98,7.9,163,1.02,0.0,0.2,90,-0.26,18.1,,unavailable (no satellite pass / dataset error),
87.8,Excellent,Doable,2026-08-30T18:04:16Z,Terrigal,2026-08-30T16:00:00Z,2026-08-31T02:00,4.2,290,11.2,0.0,0.94,7.45,162,1.02,0.0,0.2,90,-0.51,18.1,,unavailable (no satellite pass / dataset error),
88.4,Excellent,Doable,2026-08-30T18:04:16Z,Terrigal,2026-08-30T17:00:00Z,2026-08-31T03:00,3.1,294,10.1,0.0,0.92,6.8,162,1.04,0.0,0.2,90,-0.63,18.1,,unavailable (no satellite pass / dataset error),
88.0,Excellent,Doable,2026-08-30T18:04:16Z,Terrigal,2026-08-30T18:00:00Z,2026-08-31T04:00,3.6,288,9.4,0.0,0.88,6.55,161,1.04,0.0,0.2,90,-0.58,18.1,,unavailable (no satellite pass / dataset error),
81.4,Excellent,Getting rough,2026-08-30T18:04:16Z,Fingal Bay,2026-08-30T13:00:00Z,2026-08-30T23:00,5.6,315,11.5,0.0,1.52,8.15,170,1.52,0.0,0.8,207,0.42,19.3,,unavailable (no satellite pass / dataset error),
81.5,Excellent,Getting rough,2026-08-30T18:04:16Z,Fingal Bay,2026-08-30T14:00:00Z,2026-08-31T00:00,5.8,292,10.8,0.0,1.54,8.2,170,1.54,0.0,0.6,214,0.08,19.3,,unavailable (no satellite pass / dataset error),
82.8,Excellent,Getting rough,2026-08-30T18:04:16Z,Fingal Bay,2026-08-30T15:00:00Z,2026-08-31T01:00,4.0,278,10.8,0.0,1.54,8.2,170,1.54,0.0,0.6,198,-0.26,19.3,,unavailable (no satellite pass / dataset error),
83.7,Excellent,Getting rough,2026-08-30T18:04:16Z,Fingal Bay,2026-08-30T16:00:00Z,2026-08-31T02:00,2.7,247,9.0,0.0,1.52,8.0,170,1.56,0.0,0.4,207,-0.52,19.2,,unavailable (no satellite pass / dataset error),
83.0,Excellent,Bit dodgy,2026-08-30T18:04:16Z,Fingal Bay,2026-08-30T17:00:00Z,2026-08-31T03:00,4.0,265,9.4,0.0,1.48,7.7,170,1.56,0.0,0.3,225,-0.63,19.2,,unavailable (no satellite pass / dataset error),
81.8,Excellent,Bit dodgy,2026-08-30T18:04:16Z,Fingal Bay,2026-08-30T18:00:00Z,2026-08-31T04:00,5.3,278,11.5,0.0,1.46,7.4,170,1.58,0.0,0.3,225,-0.59,19.2,,unavailable (no satellite pass / dataset error),
86.6,Excellent,Doable,2026-08-30T18:04:16Z,Broughton Island,2026-08-30T13:00:00Z,2026-08-30T23:00,3.5,325,7.6,0.0,1.12,7.4,167,1.16,0.0,0.5,225,0.42,18.7,,unavailable (no satellite pass / dataset error),
85.7,Excellent,Doable,2026-08-30T18:04:16Z,Broughton Island,2026-08-30T14:00:00Z,2026-08-31T00:00,4.9,287,9.0,0.0,1.14,7.45,167,1.16,0.0,0.4,207,0.08,18.7,,unavailable (no satellite pass / dataset error),
85.9,Excellent,Doable,2026-08-30T18:04:16Z,Broughton Island,2026-08-30T15:00:00Z,2026-08-31T01:00,4.6,261,10.4,0.0,1.14,7.45,167,1.16,0.0,0.4,207,-0.27,18.7,,unavailable (no satellite pass / dataset error),
86.0,Excellent,Doable,2026-08-30T18:04:16Z,Broughton Island,2026-08-30T16:00:00Z,2026-08-31T02:00,4.3,253,10.1,0.0,1.12,7.3,167,1.18,0.0,0.4,180,-0.52,18.7,,unavailable (no satellite pass / dataset error),
85.9,Excellent,Doable,2026-08-30T18:04:16Z,Broughton Island,2026-08-30T17:00:00Z,2026-08-31T03:00,4.9,246,10.8,0.0,1.12,7.05,167,1.18,0.0,0.2,180,-0.64,18.7,,unavailable (no satellite pass / dataset error),
85.1,Excellent,Doable,2026-08-30T18:04:16Z,Broughton Island,2026-08-30T18:00:00Z,2026-08-31T04:00,5.8,272,12.2,0.0,1.1,6.8,167,1.2,0.0,0.2,180,-0.59,18.7,,unavailable (no satellite pass / dataset error),
83.0,Excellent,Getting rough,2026-08-30T18:04:16Z,Seal Rocks,2026-08-30T13:00:00Z,2026-08-30T23:00,3.8,315,5.4,0.0,1.56,7.9,172,1.56,0.0,0.5,180,0.42,19.1,,unavailable (no satellite pass / dataset error),
80.9,Excellent,Getting rough,2026-08-30T18:04:16Z,Seal Rocks,2026-08-30T14:00:00Z,2026-08-31T00:00,6.4,288,10.1,0.0,1.58,8.0,173,1.58,0.0,0.5,180,0.08,19.1,,unavailable (no satellite pass / dataset error),
82.0,Excellent,Getting rough,2026-08-30T18:04:16Z,Seal Rocks,2026-08-30T15:00:00Z,2026-08-31T01:00,5.2,266,10.8,0.0,1.58,8.05,173,1.58,0.0,0.4,180,-0.27,19.1,,unavailable (no satellite pass / dataset error),
82.7,Excellent,Getting rough,2026-08-30T18:04:16Z,Seal Rocks,2026-08-30T16:00:00Z,2026-08-31T02:00,4.1,255,8.3,0.0,1.6,8.15,173,1.6,0.0,0.4,180,-0.52,19.0,,unavailable (no satellite pass / dataset error),
82.0,Excellent,Getting rough,2026-08-30T18:04:16Z,Seal Rocks,2026-08-30T17:00:00Z,2026-08-31T03:00,4.8,236,7.9,0.0,1.6,8.25,172,1.62,0.0,0.4,153,-0.64,19.0,,unavailable (no satellite pass / dataset error),
82.4,Excellent,Getting rough,2026-08-30T18:04:16Z,Seal Rocks,2026-08-30T18:00:00Z,2026-08-31T04:00,4.3,237,7.9,0.0,1.62,8.2,172,1.64,0.0,0.3,135,-0.59,19.0,,unavailable (no satellite pass / dataset error),
86.0,Excellent,Great,2026-08-30T18:04:16Z,Forster,2026-08-30T13:00:00Z,2026-08-30T23:00,7.9,294,13.3,0.0,0.7,5.95,150,0.86,0.0,0.4,180,0.43,19.4,,unavailable (no satellite pass / dataset error),
86.8,Excellent,Great,2026-08-30T18:04:16Z,Forster,2026-08-30T14:00:00Z,2026-08-31T00:00,7.4,284,12.6,0.0,0.72,6.9,156,0.86,0.0,0.2,180,0.08,19.3,,unavailable (no satellite pass / dataset error),
86.4,Excellent,Great,2026-08-30T18:04:16Z,Forster,2026-08-30T15:00:00Z,2026-08-31T01:00,7.7,270,12.2,0.0,0.72,7.6,161,0.86,0.0,0.3,135,-0.27,19.3,,unavailable (no satellite pass / dataset error),
86.4,Excellent,Great,2026-08-30T18:04:16Z,Forster,2026-08-30T16:00:00Z,2026-08-31T02:00,7.7,273,12.2,0.0,0.72,7.8,161,0.86,0.0,0.3,135,-0.53,19.3,,unavailable (no satellite pass / dataset error),
86.0,Excellent,Great,2026-08-30T18:04:16Z,Forster,2026-08-30T17:00:00Z,2026-08-31T03:00,8.3,271,13.7,0.0,0.72,7.8,162,0.88,0.0,0.2,90,-0.64,19.3,,unavailable (no satellite pass / dataset error),
88.0,Excellent,Great,2026-08-30T18:04:16Z,Forster,2026-08-30T18:00:00Z,2026-08-31T04:00,5.6,274,12.6,0.0,0.72,7.8,162,0.88,0.0,0.2,90,-0.59,19.3,,unavailable (no satellite pass / dataset error),
78.5,Good,Bit dodgy,2026-08-30T18:04:16Z,South West Rocks,2026-08-30T13:00:00Z,2026-08-30T23:00,9.4,253,16.6,0.0,1.32,7.25,161,1.34,0.02,1.5,194,0.44,20.3,,unavailable (no satellite pass / dataset error),
77.8,Good,Bit dodgy,2026-08-30T18:04:16Z,South West Rocks,2026-08-30T14:00:00Z,2026-08-31T00:00,9.7,251,16.2,0.0,1.32,7.3,161,1.34,0.06,1.7,193,0.08,20.3,,unavailable (no satellite pass / dataset error),
76.9,Good,Bit dodgy,2026-08-30T18:04:16Z,South West Rocks,2026-08-30T15:00:00Z,2026-08-31T01:00,11.0,255,18.7,0.0,1.32,7.4,161,1.34,0.08,1.7,193,-0.27,20.3,,unavailable (no satellite pass / dataset error),
76.9,Good,Bit dodgy,2026-08-30T18:04:16Z,South West Rocks,2026-08-30T16:00:00Z,2026-08-31T02:00,11.3,250,19.8,0.0,1.34,7.45,161,1.36,0.08,1.5,194,-0.53,20.3,,unavailable (no satellite pass / dataset error),
77.1,Good,Bit dodgy,2026-08-30T18:04:16Z,South West Rocks,2026-08-30T17:00:00Z,2026-08-31T03:00,11.0,245,19.8,0.0,1.34,7.55,162,1.36,0.1,1.5,187,-0.64,20.3,,unavailable (no satellite pass / dataset error),
77.8,Good,Bit dodgy,2026-08-30T18:04:16Z,South West Rocks,2026-08-30T18:00:00Z,2026-08-31T04:00,10.4,240,19.4,0.0,1.36,7.6,162,1.38,0.1,1.3,180,-0.57,20.3,,unavailable (no satellite pass / dataset error),
90.4,Excellent,Amazing,2026-08-31T00:05:29Z,Williamstown,2026-08-30T19:00:00Z,2026-08-31T05:00,8.9,261,14.4,0.0,0.28,3.9,197,0.34,0.04,0.0,90,-0.29,13.2,,unavailable (no satellite pass / dataset error),
91.4,Excellent,Amazing,2026-08-31T00:05:29Z,Williamstown,2026-08-30T20:00:00Z,2026-08-31T06:00,7.9,267,14.4,0.0,0.28,3.85,197,0.32,0.02,0.0,90,-0.34,13.1,,unavailable (no satellite pass / dataset error),
91.7,Excellent,Amazing,2026-08-31T00:05:29Z,Williamstown,2026-08-30T21:00:00Z,2026-08-31T07:00,7.4,269,13.3,0.0,0.26,3.85,197,0.32,0.02,0.0,90,-0.34,13.1,,unavailable (no satellite pass / dataset error),
92.0,Excellent,Amazing,2026-08-31T00:05:29Z,Williamstown,2026-08-30T22:00:00Z,2026-08-31T08:00,7.0,271,13.0,0.0,0.26,3.85,197,0.32,0.02,0.0,90,-0.31,13.1,,unavailable (no satellite pass / dataset error),
93.3,Excellent,Amazing,2026-08-31T00:05:29Z,Williamstown,2026-08-30T23:00:00Z,2026-08-31T09:00,5.5,281,12.6,0.0,0.26,3.9,197,0.3,0.0,0.0,90,-0.25,13.1,,unavailable (no satellite pass / dataset error),
95.4,Excellent,Amazing,2026-08-31T00:05:29Z,Williamstown,2026-08-31T00:00:00Z,2026-08-31T10:00,2.8,288,10.8,0.0,0.26,3.95,197,0.3,0.0,0.0,90,-0.11,13.2,,unavailable (no satellite pass / dataset error),
69.7,Good,Getting rough,2026-08-31T00:05:29Z,Robe,2026-08-30T19:00:00Z,2026-08-31T05:00,8.1,85,14.8,0.0,2.92,11.05,223,2.92,0.0,0.9,233,-0.22,13.9,,unavailable (no satellite pass / dataset error),
68.9,Good,Getting rough,2026-08-31T00:05:29Z,Robe,2026-08-30T20:00:00Z,2026-08-31T06:00,8.4,83,15.5,0.0,2.9,11.1,223,2.9,0.02,0.9,217,-0.36,13.8,,unavailable (no satellite pass / dataset error),
68.7,Good,Getting rough,2026-08-31T00:05:29Z,Robe,2026-08-30T21:00:00Z,2026-08-31T07:00,9.0,75,15.1,0.0,2.9,11.1,223,2.9,0.02,0.8,207,-0.43,13.8,,unavailable (no satellite pass / dataset error),
68.4,Good,Getting rough,2026-08-31T00:05:29Z,Robe,2026-08-30T22:00:00Z,2026-08-31T08:00,9.6,70,17.3,0.0,2.9,11.15,223,2.9,0.02,0.7,194,-0.44,13.8,,unavailable (no satellite pass / dataset error),
70.4,Good,Getting rough,2026-08-31T00:05:29Z,Robe,2026-08-30T23:00:00Z,2026-08-31T09:00,7.0,69,17.3,0.0,2.9,11.2,224,2.9,0.0,0.7,180,-0.37,13.8,,unavailable (no satellite pass / dataset error),
71.1,Good,Getting rough,2026-08-31T00:05:29Z,Robe,2026-08-31T00:00:00Z,2026-08-31T10:00,7.0,64,17.6,0.0,2.9,11.25,224,2.9,0.0,0.6,162,-0.24,13.9,,unavailable (no satellite pass / dataset error),
74.7,Good,Getting rough,2026-08-31T00:05:29Z,Port MacDonnell,2026-08-30T19:00:00Z,2026-08-31T05:00,5.7,18,12.6,0.0,3.08,11.0,227,3.08,0.0,0.0,90,-0.22,15.0,,unavailable (no satellite pass / dataset error),
74.1,Good,Getting rough,2026-08-31T00:05:29Z,Port MacDonnell,2026-08-30T20:00:00Z,2026-08-31T06:00,6.4,16,13.7,0.0,3.06,11.0,227,3.06,0.0,0.0,90,-0.35,15.0,,unavailable (no satellite pass / dataset error),
73.5,Good,Getting rough,2026-08-31T00:05:29Z,Port MacDonnell,2026-08-30T21:00:00Z,2026-08-31T07:00,6.7,20,14.0,0.0,3.04,11.0,227,3.04,0.0,0.2,270,-0.42,15.0,,unavailable (no satellite pass / dataset error),
73.1,Good,Getting rough,2026-08-31T00:05:29Z,Port MacDonnell,2026-08-30T22:00:00Z,2026-08-31T08:00,7.2,25,15.1,0.0,3.04,11.05,227,3.04,0.0,0.2,270,-0.41,15.0,,unavailable (no satellite pass / dataset error),
74.0,Good,Getting rough,2026-08-31T00:05:29Z,Port MacDonnell,2026-08-30T23:00:00Z,2026-08-31T09:00,6.1,28,15.8,0.0,3.04,11.1,227,3.04,0.0,0.2,270,-0.34,15.0,,unavailable (no satellite pass / dataset error),
72.8,Good,Getting rough,2026-08-31T00:05:29Z,Port MacDonnell,2026-08-31T00:00:00Z,2026-08-31T10:00,7.6,38,18.7,0.0,3.04,11.2,227,3.04,0.0,0.2,270,-0.21,15.0,,unavailable (no satellite pass / dataset error),
76.9,Good,Getting rough,2026-08-31T00:05:29Z,Cape Bridgewater,2026-08-30T19:00:00Z,2026-08-31T05:00,1.9,292,3.2,0.0,2.7,10.25,222,2.7,0.0,0.3,315,-0.22,15.0,,unavailable (no satellite pass / dataset error),
76.8,Good,Getting rough,2026-08-31T00:05:29Z,Cape Bridgewater,2026-08-30T20:00:00Z,2026-08-31T06:00,1.8,315,3.2,0.0,2.68,10.25,222,2.68,0.0,0.4,333,-0.34,15.0,,unavailable (no satellite pass / dataset error),
76.1,Good,Getting rough,2026-08-31T00:05:29Z,Cape Bridgewater,2026-08-30T21:00:00Z,2026-08-31T07:00,2.7,340,3.6,0.0,2.66,10.3,222,2.66,0.0,0.4,333,-0.4,15.0,,unavailable (no satellite pass / dataset error),
74.4,Good,Getting rough,2026-08-31T00:05:29Z,Cape Bridgewater,2026-08-30T22:00:00Z,2026-08-31T08:00,4.4,351,9.4,0.0,2.66,10.35,222,2.66,0.0,0.4,333,-0.39,14.9,,unavailable (no satellite pass / dataset error),
75.7,Good,Getting rough,2026-08-31T00:05:29Z,Cape Bridgewater,2026-08-30T23:00:00Z,2026-08-31T09:00,3.3,351,11.2,0.0,2.64,10.4,222,2.64,0.0,0.4,333,-0.32,15.0,,unavailable (no satellite pass / dataset error),
76.8,Good,Getting rough,2026-08-31T00:05:29Z,Cape Bridgewater,2026-08-31T00:00:00Z,2026-08-31T10:00,1.6,27,10.4,0.0,2.64,10.45,222,2.64,0.0,0.5,315,-0.19,15.0,,unavailable (no satellite pass / dataset error),
78.1,Good,Getting rough,2026-08-31T00:05:29Z,Portland Bay,2026-08-30T19:00:00Z,2026-08-31T05:00,1.4,337,4.7,0.0,2.4,10.2,219,2.4,0.0,0.2,270,-0.22,14.8,,unavailable (no satellite pass / dataset error),
77.3,Good,Getting rough,2026-08-31T00:05:29Z,Portland Bay,2026-08-30T20:00:00Z,2026-08-31T06:00,2.5,356,6.5,0.0,2.4,10.25,219,2.4,0.0,0.2,270,-0.34,14.8,,unavailable (no satellite pass / dataset error),
75.4,Good,Getting rough,2026-08-31T00:05:29Z,Portland Bay,2026-08-30T21:00:00Z,2026-08-31T07:00,5.2,6,9.4,0.0,2.38,10.3,219,2.38,0.0,0.2,0,-0.4,14.8,,unavailable (no satellite pass / dataset error),
73.5,Good,Getting rough,2026-08-31T00:05:29Z,Portland Bay,2026-08-30T22:00:00Z,2026-08-31T08:00,7.8,5,12.6,0.0,2.38,10.3,219,2.38,0.0,0.2,0,-0.39,14.8,,unavailable (no satellite pass / dataset error),
74.4,Good,Getting rough,2026-08-31T00:05:29Z,Portland Bay,2026-08-30T23:00:00Z,2026-08-31T09:00,6.5,13,13.3,0.0,2.36,10.35,220,2.36,0.0,0.3,315,-0.31,14.8,,unavailable (no satellite pass / dataset error),
75.6,Good,Getting rough,2026-08-31T00:05:29Z,Portland Bay,2026-08-31T00:00:00Z,2026-08-31T10:00,5.2,31,13.0,0.0,2.36,10.4,220,2.36,0.0,0.3,315,-0.18,14.9,,unavailable (no satellite pass / dataset error),
74.6,Good,Getting rough,2026-08-31T00:05:29Z,Bay of Islands,2026-08-30T19:00:00Z,2026-08-31T05:00,4.7,272,9.7,0.0,2.28,8.35,222,2.74,0.04,0.2,90,-0.26,14.2,,unavailable (no satellite pass / dataset error),
74.5,Good,Getting rough,2026-08-31T00:05:29Z,Bay of Islands,2026-08-30T20:00:00Z,2026-08-31T06:00,4.6,279,9.7,0.0,2.26,8.35,223,2.72,0.02,0.3,135,-0.37,14.2,,unavailable (no satellite pass / dataset error),
74.8,Good,Getting rough,2026-08-31T00:05:29Z,Bay of Islands,2026-08-30T21:00:00Z,2026-08-31T07:00,3.9,307,8.3,0.0,2.22,8.35,223,2.72,0.02,0.4,117,-0.42,14.2,,unavailable (no satellite pass / dataset error),
72.7,Good,Getting rough,2026-08-31T00:05:29Z,Bay of Islands,2026-08-30T22:00:00Z,2026-08-31T08:00,6.8,331,10.4,0.0,2.24,8.45,223,2.7,0.02,0.4,90,-0.4,14.2,,unavailable (no satellite pass / dataset error),
73.0,Good,Getting rough,2026-08-31T00:05:29Z,Bay of Islands,2026-08-30T23:00:00Z,2026-08-31T09:00,6.4,331,13.3,0.0,2.24,8.55,224,2.68,0.0,0.4,90,-0.3,14.2,,unavailable (no satellite pass / dataset error),
73.9,Good,Getting rough,2026-08-31T00:05:29Z,Bay of Islands,2026-08-31T00:00:00Z,2026-08-31T10:00,5.2,311,14.8,0.0,2.26,8.65,224,2.66,0.0,0.4,90,-0.17,14.2,,unavailable (no satellite pass / dataset error),
70.7,Good,Getting rough,2026-08-31T00:05:29Z,Cape Otway Lightstation,2026-08-30T19:00:00Z,2026-08-31T05:00,9.1,277,19.4,0.0,3.0,10.3,227,3.02,0.24,0.7,284,-0.37,14.2,,unavailable (no satellite pass / dataset error),
71.9,Good,Getting rough,2026-08-31T00:05:29Z,Cape Otway Lightstation,2026-08-30T20:00:00Z,2026-08-31T06:00,8.9,278,19.1,0.0,3.0,10.3,228,3.02,0.22,0.2,0,-0.52,14.2,,unavailable (no satellite pass / dataset error),
71.2,Good,Getting rough,2026-08-31T00:05:29Z,Cape Otway Lightstation,2026-08-30T21:00:00Z,2026-08-31T07:00,8.4,285,18.0,0.0,2.98,10.3,228,3.02,0.2,0.7,76,-0.56,14.2,,unavailable (no satellite pass / dataset error),
70.0,Good,Getting rough,2026-08-31T00:05:29Z,Cape Otway Lightstation,2026-08-30T22:00:00Z,2026-08-31T08:00,8.5,288,19.8,0.0,2.98,10.35,228,3.0,0.18,1.3,82,-0.48,14.2,,unavailable (no satellite pass / dataset error),
69.3,Good,Getting rough,2026-08-31T00:05:29Z,Cape Otway Lightstation,2026-08-30T23:00:00Z,2026-08-31T09:00,8.6,280,22.0,0.0,2.98,10.4,228,3.0,0.16,1.6,90,-0.33,14.2,,unavailable (no satellite pass / dataset error),
70.4,Good,Getting rough,2026-08-31T00:05:29Z,Cape Otway Lightstation,2026-08-31T00:00:00Z,2026-08-31T10:00,6.7,272,22.0,0.0,2.98,10.45,228,2.98,0.14,1.8,84,-0.13,14.2,,unavailable (no satellite pass / dataset error),
69.5,Good,Getting rough,2026-08-31T00:05:29Z,Apollo Bay,2026-08-30T19:00:00Z,2026-08-31T05:00,10.3,270,20.5,0.0,2.96,10.3,228,2.98,0.28,0.8,225,-0.43,14.1,,unavailable (no satellite pass / dataset error),
70.4,Good,Getting rough,2026-08-31T00:05:29Z,Apollo Bay,2026-08-30T20:00:00Z,2026-08-31T06:00,10.1,270,20.5,0.0,2.96,10.3,229,2.98,0.24,0.4,207,-0.62,14.1,,unavailable (no satellite pass / dataset error),
71.0,Good,Getting rough,2026-08-31T00:05:29Z,Apollo Bay,2026-08-30T21:00:00Z,2026-08-31T07:00,9.4,277,20.5,0.0,2.94,10.3,229,2.98,0.22,0.4,90,-0.66,14.1,,unavailable (no satellite pass / dataset error),
70.5,Good,Getting rough,2026-08-31T00:05:29Z,Apollo Bay,2026-08-30T22:00:00Z,2026-08-31T08:00,9.0,282,20.2,0.0,2.94,10.35,229,2.96,0.2,0.8,63,-0.55,14.1,,unavailable (no satellite pass / dataset error),
70.5,Good,Getting rough,2026-08-31T00:05:29Z,Apollo Bay,2026-08-30T23:00:00Z,2026-08-31T09:00,8.5,270,21.2,0.0,2.94,10.4,229,2.96,0.2,1.0,59,-0.37,14.1,,unavailable (no satellite pass / dataset error),
72.3,Good,Getting rough,2026-08-31T00:05:29Z,Apollo Bay,2026-08-31T00:00:00Z,2026-08-31T10:00,6.0,254,21.2,0.0,2.94,10.45,229,2.94,0.18,1.0,59,-0.13,14.1,,unavailable (no satellite pass / dataset error),
77.3,Good,Getting rough,2026-08-31T00:05:29Z,Kennett River,2026-08-30T19:00:00Z,2026-08-31T05:00,5.7,288,13.0,0.0,1.9,10.0,224,1.98,0.06,0.8,243,-0.47,13.8,,unavailable (no satellite pass / dataset error),
78.5,Good,Getting rough,2026-08-31T00:05:29Z,Kennett River,2026-08-30T20:00:00Z,2026-08-31T06:00,5.2,282,11.9,0.0,1.84,10.35,225,1.98,0.06,0.4,243,-0.67,13.8,,unavailable (no satellite pass / dataset error),
79.0,Good,Getting rough,2026-08-31T00:05:29Z,Kennett River,2026-08-30T21:00:00Z,2026-08-31T07:00,5.0,296,10.8,0.0,1.8,10.6,225,1.96,0.04,0.3,315,-0.72,13.8,,unavailable (no satellite pass / dataset error),
79.3,Good,Getting rough,2026-08-31T00:05:29Z,Kennett River,2026-08-30T22:00:00Z,2026-08-31T08:00,4.4,308,12.2,0.0,1.8,10.65,225,1.96,0.04,0.4,27,-0.61,13.8,,unavailable (no satellite pass / dataset error),
80.1,Excellent,Getting rough,2026-08-31T00:05:29Z,Kennett River,2026-08-30T23:00:00Z,2026-08-31T09:00,2.4,312,12.2,0.0,1.8,10.65,224,1.94,0.02,0.8,45,-0.4,13.8,,unavailable (no satellite pass / dataset error),
81.0,Excellent,Getting rough,2026-08-31T00:05:29Z,Kennett River,2026-08-31T00:00:00Z,2026-08-31T10:00,1.2,129,10.8,0.0,1.8,10.55,224,1.94,0.02,0.8,45,-0.14,13.8,,unavailable (no satellite pass / dataset error),
82.9,Excellent,Bit dodgy,2026-08-31T00:05:29Z,Torquay,2026-08-30T19:00:00Z,2026-08-31T05:00,6.9,298,11.9,0.0,1.28,9.05,211,1.3,0.0,0.5,225,-0.54,13.6,,unavailable (no satellite pass / dataset error),
83.4,Excellent,Bit dodgy,2026-08-31T00:05:29Z,Torquay,2026-08-30T20:00:00Z,2026-08-31T06:00,6.9,300,11.9,0.0,1.26,9.1,212,1.28,0.0,0.3,225,-0.8,13.6,,unavailable (no satellite pass / dataset error),
83.3,Excellent,Bit dodgy,2026-08-31T00:05:29Z,Torquay,2026-08-30T21:00:00Z,2026-08-31T07:00,7.3,295,12.2,0.0,1.24,9.1,212,1.28,0.0,0.2,270,-0.87,13.6,,unavailable (no satellite pass / dataset error),
82.8,Excellent,Bit dodgy,2026-08-31T00:05:29Z,Torquay,2026-08-30T22:00:00Z,2026-08-31T08:00,8.4,298,15.8,0.0,1.22,9.0,212,1.26,0.0,0.0,90,-0.73,13.5,,unavailable (no satellite pass / dataset error),
83.5,Excellent,Doable,2026-08-31T00:05:29Z,Torquay,2026-08-30T23:00:00Z,2026-08-31T09:00,7.1,294,16.6,0.0,1.18,8.9,211,1.26,0.0,0.3,45,-0.49,13.6,,unavailable (no satellite pass / dataset error),
85.0,Excellent,Doable,2026-08-31T00:05:29Z,Torquay,2026-08-31T00:00:00Z,2026-08-31T10:00,5.0,296,16.6,0.0,1.16,8.9,211,1.24,0.0,0.4,63,-0.18,13.6,,unavailable (no satellite pass / dataset error),
80.6,Excellent,Bit dodgy,2026-08-31T00:05:29Z,Port Phillip Heads (J5 Submarine),2026-08-30T19:00:00Z,2026-08-31T05:00,8.4,304,14.8,0.0,1.4,9.1,215,1.46,0.02,0.4,297,-0.54,13.6,,unavailable (no satellite pass / dataset error),
80.5,Excellent,Bit dodgy,2026-08-31T00:05:29Z,Port Phillip Heads (J5 Submarine),2026-08-30T20:00:00Z,2026-08-31T06:00,9.0,305,15.1,0.0,1.38,9.15,216,1.44,0.02,0.3,315,-0.82,13.6,,unavailable (no satellite pass / dataset error),
80.4,Excellent,Bit dodgy,2026-08-31T00:05:29Z,Port Phillip Heads (J5 Submarine),2026-08-30T21:00:00Z,2026-08-31T07:00,9.2,298,15.5,0.0,1.36,9.2,216,1.44,0.02,0.2,0,-0.89,13.5,,unavailable (no satellite pass / dataset error),
80.5,Excellent,Bit dodgy,2026-08-31T00:05:29Z,Port Phillip Heads (J5 Submarine),2026-08-30T22:00:00Z,2026-08-31T08:00,9.3,298,18.0,0.0,1.32,9.3,216,1.42,0.02,0.2,0,-0.76,13.5,,unavailable (no satellite pass / dataset error),
81.2,Excellent,Bit dodgy,2026-08-31T00:05:29Z,Port Phillip Heads (J5 Submarine),2026-08-30T23:00:00Z,2026-08-31T09:00,7.9,294,19.1,0.0,1.28,9.4,215,1.42,0.0,0.4,27,-0.51,13.5,,unavailable (no satellite pass / dataset error),
83.2,Excellent,Bit dodgy,2026-08-31T00:05:29Z,Port Phillip Heads (J5 Submarine),2026-08-31T00:00:00Z,2026-08-31T10:00,5.6,297,19.1,0.0,1.24,9.55,215,1.4,0.0,0.4,27,-0.19,13.6,,unavailable (no satellite pass / dataset error),
77.6,Good,Bit dodgy,2026-08-31T00:05:29Z,Queenscliff,2026-08-30T19:00:00Z,2026-08-31T05:00,10.8,280,19.1,0.0,1.5,9.45,217,1.6,0.02,0.4,243,-0.55,13.5,,unavailable (no satellite pass / dataset error),
78.5,Good,Bit dodgy,2026-08-31T00:05:29Z,Queenscliff,2026-08-30T20:00:00Z,2026-08-31T06:00,10.4,284,18.4,0.0,1.5,9.45,218,1.58,0.04,0.2,270,-0.83,13.5,,unavailable (no satellite pass / dataset error),
78.3,Good,Bit dodgy,2026-08-31T00:05:29Z,Queenscliff,2026-08-30T21:00:00Z,2026-08-31T07:00,10.6,280,18.0,0.0,1.5,9.45,218,1.58,0.04,0.2,0,-0.9,13.5,,unavailable (no satellite pass / dataset error),
77.7,Good,Bit dodgy,2026-08-31T00:05:29Z,Queenscliff,2026-08-30T22:00:00Z,2026-08-31T08:00,11.7,279,22.0,0.0,1.44,9.35,217,1.56,0.02,0.2,0,-0.77,13.5,,unavailable (no satellite pass / dataset error),
78.4,Good,Bit dodgy,2026-08-31T00:05:29Z,Queenscliff,2026-08-30T23:00:00Z,2026-08-31T09:00,10.2,280,22.0,0.0,1.36,9.25,217,1.56,0.02,0.4,27,-0.53,13.5,,unavailable (no satellite pass / dataset error),
80.6,Excellent,Bit dodgy,2026-08-31T00:05:29Z,Queenscliff,2026-08-31T00:00:00Z,2026-08-31T10:00,7.2,289,21.6,0.0,1.3,9.4,216,1.54,0.0,0.5,45,-0.2,13.5,,unavailable (no satellite pass / dataset error),
75.9,Good,Getting rough,2026-08-31T00:05:29Z,Blairgowrie Back Beach,2026-08-30T19:00:00Z,2026-08-31T05:00,9.6,261,18.4,0.0,1.86,10.1,227,1.94,0.08,0.0,90,-0.53,13.5,,unavailable (no satellite pass / dataset error),
76.8,Good,Getting rough,2026-08-31T00:05:29Z,Blairgowrie Back Beach,2026-08-30T20:00:00Z,2026-08-31T06:00,8.3,269,17.3,0.0,1.88,10.05,226,1.92,0.06,0.2,0,-0.82,13.5,,unavailable (no satellite pass / dataset error),
76.9,Good,Getting rough,2026-08-31T00:05:29Z,Blairgowrie Back Beach,2026-08-30T21:00:00Z,2026-08-31T07:00,8.3,276,14.8,0.0,1.92,10.05,224,1.92,0.04,0.2,0,-0.91,13.5,,unavailable (no satellite pass / dataset error),
75.8,Good,Getting rough,2026-08-31T00:05:29Z,Blairgowrie Back Beach,2026-08-30T22:00:00Z,2026-08-31T08:00,9.6,286,19.4,0.0,1.92,10.1,224,1.92,0.02,0.3,45,-0.78,13.5,,unavailable (no satellite pass / dataset error),
76.2,Good,Getting rough,2026-08-31T00:05:29Z,Blairgowrie Back Beach,2026-08-30T23:00:00Z,2026-08-31T09:00,9.5,292,21.6,0.0,1.9,10.15,224,1.9,0.02,0.3,45,-0.53,13.5,,unavailable (no satellite pass / dataset error),
76.9,Good,Getting rough,2026-08-31T00:05:29Z,Blairgowrie Back Beach,2026-08-31T00:00:00Z,2026-08-31T10:00,8.7,291,22.0,0.0,1.9,10.25,224,1.9,0.0,0.3,45,-0.21,13.5,,unavailable (no satellite pass / dataset error),
73.4,Good,Getting rough,2026-08-31T00:05:29Z,Cape Schanck,2026-08-30T19:00:00Z,2026-08-31T05:00,10.5,262,18.7,0.0,2.08,9.75,229,2.1,0.24,0.3,315,-0.52,13.6,,unavailable (no satellite pass / dataset error),
74.3,Good,Getting rough,2026-08-31T00:05:29Z,Cape Schanck,2026-08-30T20:00:00Z,2026-08-31T06:00,9.4,265,18.0,0.0,2.08,9.8,229,2.1,0.22,0.3,315,-0.81,13.6,,unavailable (no satellite pass / dataset error),
74.4,Good,Getting rough,2026-08-31T00:05:29Z,Cape Schanck,2026-08-30T21:00:00Z,2026-08-31T07:00,9.5,261,16.6,0.0,2.08,9.85,230,2.1,0.2,0.2,0,-0.91,13.6,,unavailable (no satellite pass / dataset error),
74.0,Good,Getting rough,2026-08-31T00:05:29Z,Cape Schanck,2026-08-30T22:00:00Z,2026-08-31T08:00,9.8,265,19.1,0.0,2.08,9.95,230,2.1,0.16,0.3,45,-0.79,13.6,,unavailable (no satellite pass / dataset error),
74.6,Good,Getting rough,2026-08-31T00:05:29Z,Cape Schanck,2026-08-30T23:00:00Z,2026-08-31T09:00,9.0,269,19.4,0.0,2.08,10.05,230,2.08,0.1,0.4,63,-0.54,13.6,,unavailable (no satellite pass / dataset error),
75.4,Good,Getting rough,2026-08-31T00:05:29Z,Cape Schanck,2026-08-31T00:00:00Z,2026-08-31T10:00,8.1,270,19.4,0.0,2.08,10.15,230,2.08,0.06,0.4,63,-0.22,13.6,,unavailable (no satellite pass / dataset error),
72.1,Good,Getting rough,2026-08-31T00:05:29Z,Cape Paterson,2026-08-30T19:00:00Z,2026-08-31T05:00,13.7,274,23.8,0.0,1.62,9.75,245,1.9,0.46,0.5,45,-0.51,13.6,,unavailable (no satellite pass / dataset error),
72.6,Good,Getting rough,2026-08-31T00:05:29Z,Cape Paterson,2026-08-30T20:00:00Z,2026-08-31T06:00,13.4,274,23.8,0.0,1.62,9.95,245,1.88,0.42,0.5,45,-0.82,13.6,,unavailable (no satellite pass / dataset error),
73.3,Good,Getting rough,2026-08-31T00:05:29Z,Cape Paterson,2026-08-30T21:00:00Z,2026-08-31T07:00,12.6,273,23.0,0.0,1.64,10.05,245,1.88,0.4,0.5,45,-0.96,13.6,,unavailable (no satellite pass / dataset error),
73.3,Good,Getting rough,2026-08-31T00:05:29Z,Cape Paterson,2026-08-30T22:00:00Z,2026-08-31T08:00,13.0,270,24.1,0.0,1.66,10.05,245,1.86,0.36,0.5,45,-0.87,13.7,,unavailable (no satellite pass / dataset error),
72.5,Good,Getting rough,2026-08-31T00:05:29Z,Cape Paterson,2026-08-30T23:00:00Z,2026-08-31T09:00,14.0,263,27.7,0.0,1.68,10.0,245,1.86,0.32,0.5,45,-0.61,13.7,,unavailable (no satellite pass / dataset error),
72.6,Good,Getting rough,2026-08-31T00:05:29Z,Cape Paterson,2026-08-31T00:00:00Z,2026-08-31T10:00,13.8,263,27.7,0.0,1.7,9.95,245,1.84,0.28,0.6,56,-0.25,13.7,,unavailable (no satellite pass / dataset error),
57.6,Fair,Bit dodgy,2026-08-31T00:05:29Z,Wilsons Prom (West - Norman Bay),2026-08-30T19:00:00Z,2026-08-31T05:00,32.9,264,41.4,0.0,1.38,9.75,232,1.9,0.88,0.7,76,-0.49,13.5,,unavailable (no satellite pass / dataset error),
57.9,Fair,Bit dodgy,2026-08-31T00:05:29Z,Wilsons Prom (West - Norman Bay),2026-08-30T20:00:00Z,2026-08-31T06:00,32.5,263,41.8,0.0,1.44,9.55,234,1.9,0.84,0.7,76,-0.8,13.5,,unavailable (no satellite pass / dataset error),
59.0,Fair,Bit dodgy,2026-08-31T00:05:29Z,Wilsons Prom (West - Norman Bay),2026-08-30T21:00:00Z,2026-08-31T07:00,31.5,262,41.0,0.0,1.5,9.35,237,1.88,0.78,0.6,56,-0.94,13.5,,unavailable (no satellite pass / dataset error),
61.5,Good,Getting rough,2026-08-31T00:05:29Z,Wilsons Prom (West - Norman Bay),2026-08-30T22:00:00Z,2026-08-31T08:00,28.8,261,40.0,0.0,1.54,9.15,236,1.86,0.72,0.6,56,-0.88,13.6,,unavailable (no satellite pass / dataset error),
62.8,Good,Getting rough,2026-08-31T00:05:29Z,Wilsons Prom (West - Norman Bay),2026-08-30T23:00:00Z,2026-08-31T09:00,27.6,259,36.7,0.0,1.58,8.95,235,1.84,0.68,0.5,45,-0.63,13.6,,unavailable (no satellite pass / dataset error),
63.8,Good,Getting rough,2026-08-31T00:05:29Z,Wilsons Prom (West - Norman Bay),2026-08-31T00:00:00Z,2026-08-31T10:00,26.5,261,35.3,0.0,1.62,8.8,234,1.82,0.62,0.5,45,-0.26,13.6,,unavailable (no satellite pass / dataset error),
73.8,Good,Doable,2026-08-31T00:05:29Z,Wilsons Prom (East - Sealers Cove),2026-08-30T19:00:00Z,2026-08-31T05:00,18.2,266,38.5,0.0,0.88,10.0,238,1.44,0.88,0.2,90,-0.39,13.1,,unavailable (no satellite pass / dataset error),
74.1,Good,Doable,2026-08-31T00:05:29Z,Wilsons Prom (East - Sealers Cove),2026-08-30T20:00:00Z,2026-08-31T06:00,17.5,268,38.5,0.0,0.88,10.0,238,1.44,0.86,0.2,90,-0.65,13.0,,unavailable (no satellite pass / dataset error),
75.5,Good,Doable,2026-08-31T00:05:29Z,Wilsons Prom (East - Sealers Cove),2026-08-30T21:00:00Z,2026-08-31T07:00,15.8,269,37.1,0.0,0.88,10.0,237,1.42,0.84,0.2,90,-0.77,13.0,,unavailable (no satellite pass / dataset error),
74.3,Good,Doable,2026-08-31T00:05:29Z,Wilsons Prom (East - Sealers Cove),2026-08-30T22:00:00Z,2026-08-31T08:00,17.6,263,40.0,0.0,0.88,9.85,237,1.4,0.78,0.2,90,-0.73,13.0,,unavailable (no satellite pass / dataset error),
74.6,Good,Doable,2026-08-31T00:05:29Z,Wilsons Prom (East - Sealers Cove),2026-08-30T23:00:00Z,2026-08-31T09:00,17.5,261,41.8,0.0,0.88,9.65,237,1.38,0.72,0.2,90,-0.53,13.0,,unavailable (no satellite pass / dataset error),
75.0,Good,Doable,2026-08-31T00:05:29Z,Wilsons Prom (East - Sealers Cove),2026-08-31T00:00:00Z,2026-08-31T10:00,17.1,262,42.1,0.0,0.88,9.6,237,1.36,0.66,0.2,90,-0.23,13.0,,unavailable (no satellite pass / dataset error),
77.3,Good,Doable,2026-08-31T00:05:29Z,Mallacoota,2026-08-30T19:00:00Z,2026-08-31T05:00,12.4,261,26.6,0.0,1.08,9.7,174,1.38,0.32,0.5,45,-0.42,14.7,,unavailable (no satellite pass / dataset error),
77.5,Good,Doable,2026-08-31T00:05:29Z,Mallacoota,2026-08-30T20:00:00Z,2026-08-31T06:00,12.1,260,24.5,0.0,1.04,9.5,173,1.38,0.3,0.5,45,-0.19,14.7,,unavailable (no satellite pass / dataset error),
77.8,Good,Doable,2026-08-31T00:05:29Z,Mallacoota,2026-08-30T21:00:00Z,2026-08-31T07:00,12.0,257,23.4,0.0,1.02,9.2,173,1.36,0.26,0.5,45,0.07,14.7,,unavailable (no satellite pass / dataset error),
79.9,Good,Doable,2026-08-31T00:05:29Z,Mallacoota,2026-08-30T22:00:00Z,2026-08-31T08:00,9.6,256,24.8,0.0,1.0,8.7,173,1.32,0.24,0.5,45,0.31,14.7,,unavailable (no satellite pass / dataset error),
80.5,Excellent,Doable,2026-08-31T00:05:29Z,Mallacoota,2026-08-30T23:00:00Z,2026-08-31T09:00,9.3,251,25.2,0.0,0.96,8.1,174,1.3,0.24,0.4,27,0.46,14.7,,unavailable (no satellite pass / dataset error),
81.4,Excellent,Doable,2026-08-31T00:05:29Z,Mallacoota,2026-08-31T00:00:00Z,2026-08-31T10:00,8.5,243,24.8,0.0,0.94,7.7,174,1.26,0.22,0.4,27,0.48,14.7,,unavailable (no satellite pass / dataset error),
91.3,Excellent,,2026-08-31T00:05:29Z,Eden,2026-08-30T19:00:00Z,2026-08-31T05:00,8.3,264,16.2,0.0,,,,,,0.3,135,-0.41,16.7,,unavailable (no satellite pass / dataset error),
91.3,Excellent,,2026-08-31T00:05:29Z,Eden,2026-08-30T20:00:00Z,2026-08-31T06:00,8.1,267,15.1,0.0,,,,,,0.4,153,-0.17,16.7,,unavailable (no satellite pass / dataset error),
91.5,Excellent,,2026-08-31T00:05:29Z,Eden,2026-08-30T21:00:00Z,2026-08-31T07:00,7.9,274,15.1,0.0,,,,,,0.4,153,0.11,16.7,,unavailable (no satellite pass / dataset error),
94.7,Excellent,,2026-08-31T00:05:29Z,Eden,2026-08-30T22:00:00Z,2026-08-31T08:00,4.5,275,15.5,0.0,,,,,,0.4,153,0.35,16.7,,unavailable (no satellite pass / dataset error),
97.0,Excellent,,2026-08-31T00:05:29Z,Eden,2026-08-30T23:00:00Z,2026-08-31T09:00,2.1,308,12.2,0.0,,,,,,0.4,153,0.51,16.8,,unavailable (no satellite pass / dataset error),
95.5,Excellent,,2026-08-31T00:05:29Z,Eden,2026-08-31T00:00:00Z,2026-08-31T10:00,3.7,23,14.8,0.0,,,,,,0.4,153,0.53,16.8,,unavailable (no satellite pass / dataset error),
81.3,Excellent,Doable,2026-08-31T00:05:29Z,Green Cape,2026-08-30T19:00:00Z,2026-08-31T05:00,8.5,252,16.6,0.0,0.94,8.55,176,1.3,0.18,0.7,166,-0.42,16.9,,unavailable (no satellite pass / dataset error),
81.4,Excellent,Doable,2026-08-31T00:05:29Z,Green Cape,2026-08-30T20:00:00Z,2026-08-31T06:00,8.4,260,17.3,0.0,0.94,6.95,187,1.3,0.16,0.7,166,-0.18,16.9,,unavailable (no satellite pass / dataset error),
82.0,Excellent,Doable,2026-08-31T00:05:29Z,Green Cape,2026-08-30T21:00:00Z,2026-08-31T07:00,7.3,260,16.2,0.0,0.96,5.75,197,1.32,0.14,0.7,166,0.1,17.0,,unavailable (no satellite pass / dataset error),
82.9,Excellent,Doable,2026-08-31T00:05:29Z,Green Cape,2026-08-30T22:00:00Z,2026-08-31T08:00,6.4,245,15.8,0.0,0.96,5.4,195,1.3,0.1,0.7,166,0.34,17.0,,unavailable (no satellite pass / dataset error),
84.2,Excellent,Doable,2026-08-31T00:05:29Z,Green Cape,2026-08-30T23:00:00Z,2026-08-31T09:00,5.0,244,16.2,0.0,0.96,5.45,193,1.26,0.06,0.7,166,0.49,17.0,,unavailable (no satellite pass / dataset error),
86.1,Excellent,Doable,2026-08-31T00:05:29Z,Green Cape,2026-08-31T00:00:00Z,2026-08-31T10:00,2.8,325,15.8,0.0,0.96,5.5,191,1.24,0.02,0.7,166,0.51,17.0,,unavailable (no satellite pass / dataset error),
88.0,Excellent,Great,2026-08-31T00:05:29Z,Tathra,2026-08-30T19:00:00Z,2026-08-31T05:00,7.9,300,15.1,0.0,0.42,7.05,123,0.62,0.0,0.2,180,-0.4,17.3,,unavailable (no satellite pass / dataset error),
88.8,Excellent,Great,2026-08-31T00:05:29Z,Tathra,2026-08-30T20:00:00Z,2026-08-31T06:00,6.3,294,14.8,0.0,0.42,7.8,124,0.62,0.0,0.4,207,-0.16,17.3,,unavailable (no satellite pass / dataset error),
88.5,Excellent,Great,2026-08-31T00:05:29Z,Tathra,2026-08-30T21:00:00Z,2026-08-31T07:00,6.7,286,14.4,0.0,0.42,8.35,124,0.62,0.0,0.4,207,0.12,17.3,,unavailable (no satellite pass / dataset error),
88.7,Excellent,Great,2026-08-31T00:05:29Z,Tathra,2026-08-30T22:00:00Z,2026-08-31T08:00,6.4,281,15.5,0.0,0.42,8.5,124,0.62,0.0,0.4,207,0.36,17.3,,unavailable (no satellite pass / dataset error),
90.3,Excellent,Great,2026-08-31T00:05:29Z,Tathra,2026-08-30T23:00:00Z,2026-08-31T09:00,4.3,272,16.2,0.0,0.44,8.35,124,0.62,0.0,0.4,207,0.52,17.3,,unavailable (no satellite pass / dataset error),
92.0,Excellent,Great,2026-08-31T00:05:29Z,Tathra,2026-08-31T00:00:00Z,2026-08-31T10:00,1.4,23,14.4,0.0,0.44,8.3,124,0.62,0.0,0.6,198,0.53,17.3,,unavailable (no satellite pass / dataset error),
81.9,Excellent,Doable,2026-08-31T00:05:29Z,Bermagui,2026-08-30T19:00:00Z,2026-08-31T05:00,9.0,247,18.7,0.0,1.16,8.4,160,1.32,0.02,0.0,90,-0.4,17.4,,unavailable (no satellite pass / dataset error),
83.4,Excellent,Doable,2026-08-31T00:05:29Z,Bermagui,2026-08-30T20:00:00Z,2026-08-31T06:00,7.0,260,16.2,0.0,1.18,8.45,161,1.32,0.02,0.0,90,-0.15,17.4,,unavailable (no satellite pass / dataset error),
83.9,Excellent,Doable,2026-08-31T00:05:29Z,Bermagui,2026-08-30T21:00:00Z,2026-08-31T07:00,5.9,268,13.0,0.0,1.2,8.45,161,1.32,0.02,0.2,270,0.13,17.4,,unavailable (no satellite pass / dataset error),
84.9,Excellent,Bit dodgy,2026-08-31T00:05:29Z,Bermagui,2026-08-30T22:00:00Z,2026-08-31T08:00,4.3,272,12.6,0.0,1.22,8.4,154,1.34,0.02,0.2,270,0.39,17.4,,unavailable (no satellite pass / dataset error),
86.7,Excellent,Bit dodgy,2026-08-31T00:05:29Z,Bermagui,2026-08-30T23:00:00Z,2026-08-31T09:00,1.6,96,11.9,0.0,1.22,8.25,148,1.34,0.0,0.3,225,0.54,17.4,,unavailable (no satellite pass / dataset error),
82.7,Excellent,Bit dodgy,2026-08-31T00:05:29Z,Bermagui,2026-08-31T00:00:00Z,2026-08-31T10:00,6.7,71,20.5,0.0,1.24,8.15,141,1.36,0.0,0.3,225,0.56,17.4,,unavailable (no satellite pass / dataset error),
82.7,Excellent,Doable,2026-08-31T00:05:29Z,Narooma,2026-08-30T19:00:00Z,2026-08-31T05:00,10.0,234,19.8,0.0,0.94,6.95,148,1.08,0.0,0.2,0,-0.4,17.2,,unavailable (no satellite pass / dataset error),
83.0,Excellent,Doable,2026-08-31T00:05:29Z,Narooma,2026-08-30T20:00:00Z,2026-08-31T06:00,9.7,242,19.4,0.0,0.96,7.85,149,1.08,0.0,0.2,0,-0.15,17.2,,unavailable (no satellite pass / dataset error),
83.8,Excellent,Doable,2026-08-31T00:05:29Z,Narooma,2026-08-30T21:00:00Z,2026-08-31T07:00,8.8,239,18.7,0.0,0.96,8.55,149,1.06,0.0,0.2,0,0.14,17.2,,unavailable (no satellite pass / dataset error),
86.1,Excellent,Doable,2026-08-31T00:05:29Z,Narooma,2026-08-30T22:00:00Z,2026-08-31T08:00,5.8,234,18.0,0.0,0.96,8.7,149,1.06,0.0,0.2,0,0.39,17.2,,unavailable (no satellite pass / dataset error),
88.3,Excellent,Doable,2026-08-31T00:05:29Z,Narooma,2026-08-30T23:00:00Z,2026-08-31T09:00,2.6,168,14.4,0.0,0.96,8.6,149,1.08,0.0,0.2,0,0.55,17.2,,unavailable (no satellite pass / dataset error),
87.3,Excellent,Doable,2026-08-31T00:05:29Z,Narooma,2026-08-31T00:00:00Z,2026-08-31T10:00,4.5,106,16.2,0.0,0.96,8.45,149,1.08,0.0,0.0,90,0.57,17.2,,unavailable (no satellite pass / dataset error),
81.5,Excellent,Doable,2026-08-31T00:05:29Z,Batemans Bay (Inside),2026-08-30T19:00:00Z,2026-08-31T05:00,8.6,254,16.2,0.0,1.1,8.4,149,1.3,0.0,0.4,207,-0.4,17.2,,unavailable (no satellite pass / dataset error),
81.5,Excellent,Doable,2026-08-31T00:05:29Z,Batemans Bay (Inside),2026-08-30T20:00:00Z,2026-08-31T06:00,8.6,241,18.4,0.0,1.18,8.35,149,1.3,0.02,0.4,207,-0.15,17.2,,unavailable (no satellite pass / dataset error),
82.1,Excellent,Bit dodgy,2026-08-31T00:05:29Z,Batemans Bay (Inside),2026-08-30T21:00:00Z,2026-08-31T07:00,8.0,264,16.9,0.0,1.26,8.3,150,1.28,0.02,0.4,207,0.14,17.2,,unavailable (no satellite pass / dataset error),
83.3,Excellent,Bit dodgy,2026-08-31T00:05:29Z,Batemans Bay (Inside),2026-08-30T22:00:00Z,2026-08-31T08:00,5.8,268,15.5,0.0,1.26,8.4,150,1.28,0.02,0.6,198,0.4,17.2,,unavailable (no satellite pass / dataset error),
85.2,Excellent,Bit dodgy,2026-08-31T00:05:29Z,Batemans Bay (Inside),2026-08-30T23:00:00Z,2026-08-31T09:00,3.3,216,14.0,0.0,1.28,8.55,151,1.28,0.0,0.6,198,0.55,17.2,,unavailable (no satellite pass / dataset error),
84.2,Excellent,Bit dodgy,2026-08-31T00:05:29Z,Batemans Bay (Inside),2026-08-31T00:00:00Z,2026-08-31T10:00,4.7,157,16.6,0.0,1.28,8.65,151,1.28,0.0,0.6,198,0.57,17.2,,unavailable (no satellite pass / dataset error),
81.3,Excellent,Bit dodgy,2026-08-31T00:05:29Z,Batemans Bay (Outside),2026-08-30T19:00:00Z,2026-08-31T05:00,8.6,254,16.2,0.0,1.32,8.4,147,1.32,0.0,0.4,207,-0.4,17.2,,unavailable (no satellite pass / dataset error),
81.5,Excellent,Bit dodgy,2026-08-31T00:05:29Z,Batemans Bay (Outside),2026-08-30T20:00:00Z,2026-08-31T06:00,8.6,241,18.4,0.0,1.3,8.45,147,1.3,0.0,0.4,207,-0.15,17.2,,unavailable (no satellite pass / dataset error),
81.9,Excellent,Bit dodgy,2026-08-31T00:05:29Z,Batemans Bay (Outside),2026-08-30T21:00:00Z,2026-08-31T07:00,8.0,264,16.9,0.0,1.3,8.5,147,1.3,0.0,0.4,207,0.14,17.2,,unavailable (no satellite pass / dataset error),
83.2,Excellent,Bit dodgy,2026-08-31T00:05:29Z,Batemans Bay (Outside),2026-08-30T22:00:00Z,2026-08-31T08:00,5.8,268,15.5,0.0,1.3,8.55,147,1.3,0.0,0.6,198,0.4,17.2,,unavailable (no satellite pass / dataset error),
85.0,Excellent,Bit dodgy,2026-08-31T00:05:29Z,Batemans Bay (Outside),2026-08-30T23:00:00Z,2026-08-31T09:00,3.3,216,14.0,0.0,1.28,8.55,147,1.3,0.0,0.6,198,0.55,17.2,,unavailable (no satellite pass / dataset error),
84.0,Excellent,Bit dodgy,2026-08-31T00:05:29Z,Batemans Bay (Outside),2026-08-31T00:00:00Z,2026-08-31T10:00,4.7,157,16.6,0.0,1.28,8.5,147,1.3,0.0,0.6,198,0.57,17.2,,unavailable (no satellite pass / dataset error),
85.7,Excellent,Great,2026-08-31T00:05:29Z,Ulladulla,2026-08-30T19:00:00Z,2026-08-31T05:00,6.3,273,13.3,0.0,0.68,11.3,155,1.06,0.0,0.3,225,-0.4,17.2,,unavailable (no satellite pass / dataset error),
84.8,Excellent,Great,2026-08-31T00:05:29Z,Ulladulla,2026-08-30T20:00:00Z,2026-08-31T06:00,7.7,259,15.1,0.0,0.78,9.3,153,1.04,0.02,0.3,225,-0.14,17.2,,unavailable (no satellite pass / dataset error),
84.1,Excellent,Doable,2026-08-31T00:05:29Z,Ulladulla,2026-08-30T21:00:00Z,2026-08-31T07:00,8.7,252,18.0,0.0,0.88,7.75,150,1.04,0.02,0.3,225,0.15,17.2,,unavailable (no satellite pass / dataset error),
85.7,Excellent,Doable,2026-08-31T00:05:29Z,Ulladulla,2026-08-30T22:00:00Z,2026-08-31T08:00,6.5,256,17.6,0.0,0.88,7.35,150,1.04,0.02,0.3,225,0.4,17.2,,unavailable (no satellite pass / dataset error),
87.9,Excellent,Doable,2026-08-31T00:05:29Z,Ulladulla,2026-08-30T23:00:00Z,2026-08-31T09:00,3.9,196,15.5,0.0,0.9,7.4,150,1.02,0.0,0.3,225,0.56,17.2,,unavailable (no satellite pass / dataset error),
86.3,Excellent,Doable,2026-08-31T00:05:29Z,Ulladulla,2026-08-31T00:00:00Z,2026-08-31T10:00,6.0,155,18.0,0.0,0.9,7.55,150,1.02,0.0,0.3,225,0.58,17.2,,unavailable (no satellite pass / dataset error),
83.5,Excellent,Great,2026-08-31T00:05:29Z,Jervis Bay (Inside),2026-08-30T19:00:00Z,2026-08-31T05:00,9.4,325,18.0,0.0,0.72,9.0,163,1.04,0.02,0.3,225,-0.39,17.5,,unavailable (no satellite pass / dataset error),
83.8,Excellent,Great,2026-08-31T00:05:29Z,Jervis Bay (Inside),2026-08-30T20:00:00Z,2026-08-31T06:00,9.2,321,17.6,0.0,0.72,9.95,163,1.02,0.0,0.3,225,-0.13,17.5,,unavailable (no satellite pass / dataset error),
84.4,Excellent,Great,2026-08-31T00:05:29Z,Jervis Bay (Inside),2026-08-30T21:00:00Z,2026-08-31T07:00,8.4,313,18.7,0.0,0.7,10.5,163,1.02,0.0,0.3,225,0.17,17.5,,unavailable (no satellite pass / dataset error),
86.8,Excellent,Great,2026-08-31T00:05:29Z,Jervis Bay (Inside),2026-08-30T22:00:00Z,2026-08-31T08:00,5.6,301,18.4,0.0,0.78,10.15,163,1.0,0.0,0.2,270,0.42,17.5,,unavailable (no satellite pass / dataset error),
88.7,Excellent,Doable,2026-08-31T00:05:29Z,Jervis Bay (Inside),2026-08-30T23:00:00Z,2026-08-31T09:00,3.1,239,14.8,0.0,0.88,9.4,162,1.0,0.0,0.2,270,0.57,17.5,,unavailable (no satellite pass / dataset error),
87.8,Excellent,Doable,2026-08-31T00:05:29Z,Jervis Bay (Inside),2026-08-31T00:00:00Z,2026-08-31T10:00,4.5,187,16.2,0.0,0.96,8.8,162,0.98,0.0,0.2,270,0.59,17.5,,unavailable (no satellite pass / dataset error),
75.5,Good,Doable,2026-08-31T00:05:29Z,Jervis Bay (Outside - Point Perpendicular),2026-08-30T19:00:00Z,2026-08-31T05:00,15.5,5,23.4,0.0,1.12,8.4,164,1.42,0.02,0.3,225,-0.39,17.5,,unavailable (no satellite pass / dataset error),
77.4,Good,Doable,2026-08-31T00:05:29Z,Jervis Bay (Outside - Point Perpendicular),2026-08-30T20:00:00Z,2026-08-31T06:00,13.0,360,22.7,0.0,1.2,9.3,164,1.42,0.0,0.3,225,-0.13,17.5,,unavailable (no satellite pass / dataset error),
80.0,Excellent,Bit dodgy,2026-08-31T00:05:29Z,Jervis Bay (Outside - Point Perpendicular),2026-08-30T21:00:00Z,2026-08-31T07:00,9.5,331,20.2,0.0,1.28,9.9,164,1.4,0.0,0.4,243,0.17,17.5,,unavailable (no satellite pass / dataset error),
81.9,Excellent,Bit dodgy,2026-08-31T00:05:29Z,Jervis Bay (Outside - Point Perpendicular),2026-08-30T22:00:00Z,2026-08-31T08:00,6.9,263,16.6,0.0,1.32,9.85,164,1.4,0.0,0.4,243,0.42,17.5,,unavailable (no satellite pass / dataset error),
82.0,Excellent,Bit dodgy,2026-08-31T00:05:29Z,Jervis Bay (Outside - Point Perpendicular),2026-08-30T23:00:00Z,2026-08-31T09:00,7.5,224,13.7,0.0,1.34,9.5,164,1.38,0.0,0.4,243,0.57,17.6,,unavailable (no satellite pass / dataset error),
80.9,Excellent,Bit dodgy,2026-08-31T00:05:29Z,Jervis Bay (Outside - Point Perpendicular),2026-08-31T00:00:00Z,2026-08-31T10:00,8.7,185,14.4,0.0,1.38,9.2,164,1.38,0.0,0.5,225,0.59,17.6,,unavailable (no satellite pass / dataset error),
86.6,Excellent,Great,2026-08-31T00:05:29Z,Shellharbour,2026-08-30T19:00:00Z,2026-08-31T05:00,7.0,273,16.2,0.0,0.68,6.75,153,0.92,0.0,0.0,90,-0.39,17.8,,unavailable (no satellite pass / dataset error),
87.2,Excellent,Great,2026-08-31T00:05:29Z,Shellharbour,2026-08-30T20:00:00Z,2026-08-31T06:00,6.3,265,16.2,0.0,0.66,6.7,153,0.9,0.0,0.0,90,-0.12,17.8,,unavailable (no satellite pass / dataset error),
87.8,Excellent,Great,2026-08-31T00:05:29Z,Shellharbour,2026-08-30T21:00:00Z,2026-08-31T07:00,5.6,263,15.1,0.0,0.64,6.9,152,0.9,0.0,0.0,90,0.19,17.8,,unavailable (no satellite pass / dataset error),
89.2,Excellent,Great,2026-08-31T00:05:29Z,Shellharbour,2026-08-30T22:00:00Z,2026-08-31T08:00,3.7,256,14.0,0.0,0.64,7.5,152,0.9,0.0,0.0,90,0.45,17.8,,unavailable (no satellite pass / dataset error),
90.7,Excellent,Great,2026-08-31T00:05:29Z,Shellharbour,2026-08-30T23:00:00Z,2026-08-31T09:00,2.5,120,11.5,0.0,0.66,8.3,151,0.88,0.0,0.0,90,0.6,17.9,,unavailable (no satellite pass / dataset error),
87.8,Excellent,Great,2026-08-31T00:05:29Z,Shellharbour,2026-08-31T00:00:00Z,2026-08-31T10:00,6.4,119,18.4,0.0,0.66,8.8,151,0.88,0.0,0.0,90,0.61,17.9,,unavailable (no satellite pass / dataset error),
85.7,Excellent,Doable,2026-08-31T00:05:29Z,Terrigal,2026-08-30T19:00:00Z,2026-08-31T05:00,6.3,270,13.7,0.0,0.94,7.25,161,1.08,0.0,0.2,90,-0.39,18.1,,unavailable (no satellite pass / dataset error),
85.5,Excellent,Doable,2026-08-31T00:05:29Z,Terrigal,2026-08-30T20:00:00Z,2026-08-31T06:00,6.6,287,13.7,0.0,1.0,7.9,162,1.08,0.0,0.2,90,-0.11,18.1,,unavailable (no satellite pass / dataset error),
85.1,Excellent,Doable,2026-08-31T00:05:29Z,Terrigal,2026-08-30T21:00:00Z,2026-08-31T07:00,6.9,285,16.6,0.0,1.04,8.45,162,1.1,0.0,0.2,90,0.2,18.1,,unavailable (no satellite pass / dataset error),
86.6,Excellent,Doable,2026-08-31T00:05:29Z,Terrigal,2026-08-30T22:00:00Z,2026-08-31T08:00,4.8,285,15.8,0.0,1.04,8.7,162,1.1,0.0,0.2,90,0.47,18.1,,unavailable (no satellite pass / dataset error),
88.7,Excellent,Doable,2026-08-31T00:05:29Z,Terrigal,2026-08-30T23:00:00Z,2026-08-31T09:00,1.8,276,14.0,0.0,1.04,8.85,162,1.1,0.0,0.3,45,0.62,18.1,,unavailable (no satellite pass / dataset error),
88.4,Excellent,Doable,2026-08-31T00:05:29Z,Terrigal,2026-08-31T00:00:00Z,2026-08-31T10:00,2.5,98,12.6,0.0,1.04,8.9,162,1.1,0.0,0.2,0,0.62,18.1,,unavailable (no satellite pass / dataset error),
81.5,Excellent,Bit dodgy,2026-08-31T00:05:29Z,Fingal Bay,2026-08-30T19:00:00Z,2026-08-31T05:00,5.8,286,11.9,0.0,1.4,7.05,168,1.6,0.0,0.2,270,-0.39,19.2,,unavailable (no satellite pass / dataset error),
80.3,Excellent,Bit dodgy,2026-08-31T00:05:29Z,Fingal Bay,2026-08-30T20:00:00Z,2026-08-31T06:00,7.1,291,13.3,0.0,1.38,7.0,168,1.62,0.02,0.2,270,-0.1,19.2,,unavailable (no satellite pass / dataset error),
79.8,Good,Bit dodgy,2026-08-31T00:05:29Z,Fingal Bay,2026-08-30T21:00:00Z,2026-08-31T07:00,7.6,295,15.8,0.0,1.38,7.0,169,1.64,0.02,0.2,270,0.22,19.2,,unavailable (no satellite pass / dataset error),
80.7,Excellent,Bit dodgy,2026-08-31T00:05:29Z,Fingal Bay,2026-08-30T22:00:00Z,2026-08-31T08:00,6.2,280,15.5,0.0,1.34,6.95,169,1.66,0.02,0.2,270,0.49,19.2,,unavailable (no satellite pass / dataset error),
82.2,Excellent,Bit dodgy,2026-08-31T00:05:29Z,Fingal Bay,2026-08-30T23:00:00Z,2026-08-31T09:00,3.9,254,14.4,0.0,1.32,6.95,168,1.66,0.0,0.3,315,0.65,19.2,,unavailable (no satellite pass / dataset error),
82.9,Excellent,Bit dodgy,2026-08-31T00:05:29Z,Fingal Bay,2026-08-31T00:00:00Z,2026-08-31T10:00,2.5,188,14.0,0.0,1.28,7.2,168,1.68,0.0,0.4,297,0.65,19.2,,unavailable (no satellite pass / dataset error),
84.6,Excellent,Doable,2026-08-31T00:05:29Z,Broughton Island,2026-08-30T19:00:00Z,2026-08-31T05:00,6.0,280,12.2,0.0,0.92,7.2,166,1.24,0.0,0.2,180,-0.39,18.7,,unavailable (no satellite pass / dataset error),
84.2,Excellent,Doable,2026-08-31T00:05:29Z,Broughton Island,2026-08-30T20:00:00Z,2026-08-31T06:00,6.8,281,14.0,0.0,0.96,6.4,166,1.26,0.02,0.0,90,-0.1,18.7,,unavailable (no satellite pass / dataset error),
83.5,Excellent,Doable,2026-08-31T00:05:29Z,Broughton Island,2026-08-30T21:00:00Z,2026-08-31T07:00,7.6,277,16.2,0.0,0.98,6.2,165,1.28,0.02,0.0,90,0.22,18.7,,unavailable (no satellite pass / dataset error),
84.3,Excellent,Doable,2026-08-31T00:05:29Z,Broughton Island,2026-08-30T22:00:00Z,2026-08-31T08:00,5.9,268,16.6,0.0,1.0,7.2,167,1.28,0.02,0.2,270,0.49,18.7,,unavailable (no satellite pass / dataset error),
85.1,Excellent,Doable,2026-08-31T00:05:29Z,Broughton Island,2026-08-30T23:00:00Z,2026-08-31T09:00,4.6,244,15.1,0.0,1.0,8.75,169,1.3,0.0,0.2,270,0.65,18.7,,unavailable (no satellite pass / dataset error),
86.5,Excellent,Doable,2026-08-31T00:05:29Z,Broughton Island,2026-08-31T00:00:00Z,2026-08-31T10:00,2.9,191,14.8,0.0,1.02,9.75,171,1.3,0.0,0.2,270,0.65,18.8,,unavailable (no satellite pass / dataset error),
82.8,Excellent,Getting rough,2026-08-31T00:05:29Z,Seal Rocks,2026-08-30T19:00:00Z,2026-08-31T05:00,3.7,241,6.8,0.0,1.54,7.65,170,1.66,0.0,0.2,180,-0.39,19.0,,unavailable (no satellite pass / dataset error),
81.9,Excellent,Bit dodgy,2026-08-31T00:05:29Z,Seal Rocks,2026-08-30T20:00:00Z,2026-08-31T06:00,4.7,254,7.9,0.0,1.48,7.35,169,1.68,0.02,0.2,180,-0.09,19.0,,unavailable (no satellite pass / dataset error),
80.6,Excellent,Bit dodgy,2026-08-31T00:05:29Z,Seal Rocks,2026-08-30T21:00:00Z,2026-08-31T07:00,6.2,260,11.2,0.0,1.44,7.15,169,1.7,0.02,0.2,180,0.23,19.0,,unavailable (no satellite pass / dataset error),
81.9,Excellent,Bit dodgy,2026-08-31T00:05:29Z,Seal Rocks,2026-08-30T22:00:00Z,2026-08-31T08:00,4.3,242,13.3,0.0,1.42,7.0,168,1.72,0.02,0.2,180,0.5,19.1,,unavailable (no satellite pass / dataset error),
82.2,Excellent,Bit dodgy,2026-08-31T00:05:29Z,Seal Rocks,2026-08-30T23:00:00Z,2026-08-31T09:00,3.6,210,13.7,0.0,1.42,6.95,168,1.74,0.02,0.2,180,0.65,19.1,,unavailable (no satellite pass / dataset error),
81.3,Excellent,Bit dodgy,2026-08-31T00:05:29Z,Seal Rocks,2026-08-31T00:00:00Z,2026-08-31T10:00,4.6,171,16.2,0.0,1.4,7.1,167,1.76,0.02,0.2,180,0.65,19.1,,unavailable (no satellite pass / dataset error),
87.8,Excellent,Great,2026-08-31T00:05:29Z,Forster,2026-08-30T19:00:00Z,2026-08-31T05:00,5.3,282,9.4,0.0,0.78,8.3,158,0.9,0.0,0.3,45,-0.38,19.3,,unavailable (no satellite pass / dataset error),
87.0,Excellent,Great,2026-08-31T00:05:29Z,Forster,2026-08-30T20:00:00Z,2026-08-31T06:00,6.5,278,11.2,0.0,0.78,8.3,159,0.92,0.0,0.2,0,-0.08,19.3,,unavailable (no satellite pass / dataset error),
85.6,Excellent,Great,2026-08-31T00:05:29Z,Forster,2026-08-30T21:00:00Z,2026-08-31T07:00,8.3,284,15.8,0.0,0.78,8.2,159,0.92,0.0,0.2,0,0.24,19.3,,unavailable (no satellite pass / dataset error),
87.5,Excellent,Great,2026-08-31T00:05:29Z,Forster,2026-08-30T22:00:00Z,2026-08-31T08:00,6.1,284,16.6,0.0,0.76,7.95,159,0.94,0.0,0.0,90,0.51,19.3,,unavailable (no satellite pass / dataset error),
89.7,Excellent,Great,2026-08-31T00:05:29Z,Forster,2026-08-30T23:00:00Z,2026-08-31T09:00,3.2,270,14.8,0.0,0.74,7.65,158,0.94,0.0,0.0,90,0.66,19.3,,unavailable (no satellite pass / dataset error),
90.3,Excellent,Great,2026-08-31T00:05:29Z,Forster,2026-08-31T00:00:00Z,2026-08-31T10:00,2.2,145,12.6,0.0,0.72,7.55,158,0.96,0.0,0.0,90,0.66,19.4,,unavailable (no satellite pass / dataset error),
78.6,Good,Bit dodgy,2026-08-31T00:05:29Z,South West Rocks,2026-08-30T19:00:00Z,2026-08-31T05:00,9.4,238,17.3,0.0,1.4,7.8,161,1.42,0.06,1.1,171,-0.36,20.3,,unavailable (no satellite pass / dataset error),
78.4,Good,Bit dodgy,2026-08-31T00:05:29Z,South West Rocks,2026-08-30T20:00:00Z,2026-08-31T06:00,9.4,234,16.2,0.0,1.4,7.85,162,1.44,0.08,1.1,171,-0.05,20.3,,unavailable (no satellite pass / dataset error),
78.1,Good,Bit dodgy,2026-08-31T00:05:29Z,South West Rocks,2026-08-30T21:00:00Z,2026-08-31T07:00,9.6,233,18.4,0.0,1.42,7.95,162,1.46,0.08,1.1,171,0.28,20.3,,unavailable (no satellite pass / dataset error),
79.0,Good,Bit dodgy,2026-08-31T00:05:29Z,South West Rocks,2026-08-30T22:00:00Z,2026-08-31T08:00,8.4,236,19.4,0.0,1.44,8.0,163,1.46,0.06,1.1,171,0.55,20.3,,unavailable (no satellite pass / dataset error),
79.9,Good,Bit dodgy,2026-08-31T00:05:29Z,South West Rocks,2026-08-30T23:00:00Z,2026-08-31T09:00,7.0,230,19.8,0.0,1.44,8.1,163,1.48,0.04,1.1,180,0.69,20.3,,unavailable (no satellite pass / dataset error),
81.2,Excellent,Bit dodgy,2026-08-31T00:05:29Z,South West Rocks,2026-08-31T00:00:00Z,2026-08-31T10:00,5.2,207,20.2,0.0,1.46,8.15,164,1.48,0.02,1.1,189,0.68,20.3,,unavailable (no satellite pass / dataset error),
96.7,Excellent,Amazing,2026-08-31T06:05:03Z,Williamstown,2026-08-31T01:00:00Z,2026-08-31T11:00,0.7,90,5.8,0.0,0.24,4.0,197,0.28,0.0,0.2,90,0.06,13.3,,unavailable (no satellite pass / dataset error),
95.4,Excellent,Amazing,2026-08-31T06:05:03Z,Williamstown,2026-08-31T02:00:00Z,2026-08-31T12:00,2.5,111,5.8,0.0,0.24,4.0,196,0.28,0.0,0.2,90,0.16,13.4,,unavailable (no satellite pass / dataset error),
94.9,Excellent,Amazing,2026-08-31T06:05:03Z,Williamstown,2026-08-31T03:00:00Z,2026-08-31T13:00,3.3,131,6.5,0.0,0.22,4.05,196,0.26,0.0,0.2,0,0.18,13.5,,unavailable (no satellite pass / dataset error),
94.2,Excellent,Amazing,2026-08-31T06:05:03Z,Williamstown,2026-08-31T04:00:00Z,2026-08-31T14:00,4.3,138,7.2,0.0,0.22,4.0,196,0.26,0.0,0.2,0,0.16,13.7,,unavailable (no satellite pass / dataset error),
92.6,Excellent,Amazing,2026-08-31T06:05:03Z,Williamstown,2026-08-31T05:00:00Z,2026-08-31T15:00,6.1,150,8.6,0.0,0.22,3.95,196,0.26,0.0,0.3,315,0.1,13.8,,unavailable (no satellite pass / dataset error),
91.8,Excellent,Amazing,2026-08-31T06:05:03Z,Williamstown,2026-08-31T06:00:00Z,2026-08-31T16:00,7.5,159,10.8,0.0,0.22,4.15,196,0.26,0.0,0.2,270,-0.03,13.8,,unavailable (no satellite pass / dataset error),
70.5,Good,Getting rough,2026-08-31T06:05:03Z,Robe,2026-08-31T01:00:00Z,2026-08-31T11:00,8.2,52,19.8,0.0,2.92,11.35,224,2.92,0.0,0.5,135,-0.09,13.9,,unavailable (no satellite pass / dataset error),
71.8,Good,Getting rough,2026-08-31T06:05:03Z,Robe,2026-08-31T02:00:00Z,2026-08-31T12:00,6.9,39,20.5,0.0,2.96,11.5,225,2.96,0.0,0.6,124,0.06,14.0,,unavailable (no satellite pass / dataset error),
72.1,Good,Getting rough,2026-08-31T06:05:03Z,Robe,2026-08-31T03:00:00Z,2026-08-31T13:00,6.9,9,18.7,0.0,2.98,11.6,225,2.98,0.0,0.7,104,0.16,14.1,,unavailable (no satellite pass / dataset error),
71.5,Good,Getting rough,2026-08-31T06:05:03Z,Robe,2026-08-31T04:00:00Z,2026-08-31T14:00,7.6,341,19.1,0.0,3.0,11.65,225,3.0,0.02,0.9,101,0.19,14.2,,unavailable (no satellite pass / dataset error),
69.8,Good,Getting rough,2026-08-31T06:05:03Z,Robe,2026-08-31T05:00:00Z,2026-08-31T15:00,9.3,319,20.5,0.0,3.02,11.7,226,3.02,0.06,1.1,90,0.13,14.3,,unavailable (no satellite pass / dataset error),
69.2,Good,Getting rough,2026-08-31T06:05:03Z,Robe,2026-08-31T06:00:00Z,2026-08-31T16:00,10.6,314,21.6,0.0,3.04,11.75,226,3.04,0.08,0.9,90,0.01,14.3,,unavailable (no satellite pass / dataset error),
73.4,Good,Getting rough,2026-08-31T06:05:03Z,Port MacDonnell,2026-08-31T01:00:00Z,2026-08-31T11:00,6.8,27,19.4,0.0,3.06,11.3,227,3.06,0.0,0.2,270,-0.05,15.0,,unavailable (no satellite pass / dataset error),
73.9,Good,Getting rough,2026-08-31T06:05:03Z,Port MacDonnell,2026-08-31T02:00:00Z,2026-08-31T12:00,5.7,24,18.4,0.0,3.1,11.45,227,3.1,0.0,0.4,270,0.08,15.1,,unavailable (no satellite pass / dataset error),
74.4,Good,Getting rough,2026-08-31T06:05:03Z,Port MacDonnell,2026-08-31T03:00:00Z,2026-08-31T13:00,5.0,19,17.6,0.0,3.12,11.55,227,3.12,0.0,0.4,270,0.16,15.2,,unavailable (no satellite pass / dataset error),
75.2,Good,Getting rough,2026-08-31T06:05:03Z,Port MacDonnell,2026-08-31T04:00:00Z,2026-08-31T14:00,4.0,8,16.2,0.0,3.16,11.65,227,3.16,0.0,0.4,270,0.18,15.3,,unavailable (no satellite pass / dataset error),
75.3,Good,Getting rough,2026-08-31T06:05:03Z,Port MacDonnell,2026-08-31T05:00:00Z,2026-08-31T15:00,3.8,343,14.4,0.0,3.18,11.75,228,3.18,0.0,0.4,270,0.11,15.4,,unavailable (no satellite pass / dataset error),
75.8,Good,Getting rough,2026-08-31T06:05:03Z,Port MacDonnell,2026-08-31T06:00:00Z,2026-08-31T16:00,3.7,281,12.6,0.0,3.22,11.8,228,3.22,0.0,0.2,270,-0.01,15.4,,unavailable (no satellite pass / dataset error),
74.6,Good,Getting rough,2026-08-31T06:05:03Z,Cape Bridgewater,2026-08-31T01:00:00Z,2026-08-31T11:00,4.5,43,15.8,0.0,2.64,10.55,222,2.64,0.0,0.5,315,-0.04,15.0,,unavailable (no satellite pass / dataset error),
75.0,Good,Getting rough,2026-08-31T06:05:03Z,Cape Bridgewater,2026-08-31T02:00:00Z,2026-08-31T12:00,3.9,66,15.5,0.0,2.66,10.65,223,2.66,0.0,0.5,315,0.09,15.1,,unavailable (no satellite pass / dataset error),
75.0,Good,Getting rough,2026-08-31T06:05:03Z,Cape Bridgewater,2026-08-31T03:00:00Z,2026-08-31T13:00,4.0,87,15.5,0.0,2.66,10.75,223,2.66,0.0,0.5,315,0.17,15.2,,unavailable (no satellite pass / dataset error),
73.8,Good,Getting rough,2026-08-31T06:05:03Z,Cape Bridgewater,2026-08-31T04:00:00Z,2026-08-31T14:00,5.6,123,16.6,0.0,2.68,10.85,223,2.68,0.0,0.5,315,0.18,15.3,,unavailable (no satellite pass / dataset error),
72.6,Good,Getting rough,2026-08-31T06:05:03Z,Cape Bridgewater,2026-08-31T05:00:00Z,2026-08-31T15:00,7.4,135,19.1,0.0,2.68,10.95,223,2.7,0.0,0.4,297,0.11,15.3,,unavailable (no satellite pass / dataset error),
72.4,Good,Getting rough,2026-08-31T06:05:03Z,Cape Bridgewater,2026-08-31T06:00:00Z,2026-08-31T16:00,7.6,135,19.4,0.0,2.7,11.0,223,2.72,0.0,0.4,297,-0.02,15.4,,unavailable (no satellite pass / dataset error),
75.9,Good,Getting rough,2026-08-31T06:05:03Z,Portland Bay,2026-08-31T01:00:00Z,2026-08-31T11:00,4.8,45,16.2,0.0,2.36,10.5,220,2.36,0.0,0.3,315,-0.03,14.9,,unavailable (no satellite pass / dataset error),
75.4,Good,Getting rough,2026-08-31T06:05:03Z,Portland Bay,2026-08-31T02:00:00Z,2026-08-31T12:00,5.0,52,16.6,0.0,2.38,10.6,220,2.38,0.0,0.4,270,0.1,15.0,,unavailable (no satellite pass / dataset error),
74.9,Good,Getting rough,2026-08-31T06:05:03Z,Portland Bay,2026-08-31T03:00:00Z,2026-08-31T13:00,5.7,55,17.3,0.0,2.38,10.7,220,2.38,0.0,0.4,270,0.17,15.1,,unavailable (no satellite pass / dataset error),
75.1,Good,Getting rough,2026-08-31T06:05:03Z,Portland Bay,2026-08-31T04:00:00Z,2026-08-31T14:00,4.9,82,17.3,0.0,2.36,10.75,220,2.4,0.0,0.5,270,0.17,15.1,,unavailable (no satellite pass / dataset error),
74.6,Good,Getting rough,2026-08-31T06:05:03Z,Portland Bay,2026-08-31T05:00:00Z,2026-08-31T15:00,5.6,105,15.8,0.0,2.36,10.75,221,2.4,0.02,0.5,270,0.1,15.2,,unavailable (no satellite pass / dataset error),
73.9,Good,Getting rough,2026-08-31T06:05:03Z,Portland Bay,2026-08-31T06:00:00Z,2026-08-31T16:00,6.1,118,16.6,0.0,2.34,10.8,221,2.42,0.02,0.6,252,-0.02,15.2,,unavailable (no satellite pass / dataset error),
74.8,Good,Getting rough,2026-08-31T06:05:03Z,Bay of Islands,2026-08-31T01:00:00Z,2026-08-31T11:00,5.0,319,15.1,0.0,2.24,8.65,224,2.66,0.0,0.2,90,-0.01,14.3,,unavailable (no satellite pass / dataset error),
75.0,Good,Getting rough,2026-08-31T06:05:03Z,Bay of Islands,2026-08-31T02:00:00Z,2026-08-31T12:00,4.7,313,15.5,0.0,2.24,8.65,225,2.66,0.0,0.2,90,0.12,14.4,,unavailable (no satellite pass / dataset error),
75.8,Good,Getting rough,2026-08-31T06:05:03Z,Bay of Islands,2026-08-31T03:00:00Z,2026-08-31T13:00,4.2,310,15.5,0.0,2.22,8.7,225,2.66,0.0,0.0,90,0.18,14.5,,unavailable (no satellite pass / dataset error),
76.9,Good,Getting rough,2026-08-31T06:05:03Z,Bay of Islands,2026-08-31T04:00:00Z,2026-08-31T14:00,2.7,278,14.8,0.0,2.16,8.9,225,2.68,0.0,0.0,90,0.17,14.6,,unavailable (no satellite pass / dataset error),
75.3,Good,Getting rough,2026-08-31T06:05:03Z,Bay of Islands,2026-08-31T05:00:00Z,2026-08-31T15:00,4.0,216,13.3,0.0,2.12,9.15,225,2.68,0.0,0.3,315,0.08,14.6,,unavailable (no satellite pass / dataset error),
73.2,Good,Getting rough,2026-08-31T06:05:03Z,Bay of Islands,2026-08-31T06:00:00Z,2026-08-31T16:00,6.9,185,16.2,0.0,2.06,9.4,225,2.7,0.0,0.3,315,-0.06,14.7,,unavailable (no satellite pass / dataset error),
71.6,Good,Getting rough,2026-08-31T06:05:03Z,Cape Otway Lightstation,2026-08-31T01:00:00Z,2026-08-31T11:00,5.3,258,19.8,0.0,2.98,10.5,228,2.98,0.14,1.7,77,0.1,14.2,,unavailable (no satellite pass / dataset error),
73.0,Good,Getting rough,2026-08-31T06:05:03Z,Cape Otway Lightstation,2026-08-31T02:00:00Z,2026-08-31T12:00,5.3,242,18.7,0.0,2.98,10.6,228,2.98,0.14,1.0,59,0.29,14.3,,unavailable (no satellite pass / dataset error),
73.7,Good,Getting rough,2026-08-31T06:05:03Z,Cape Otway Lightstation,2026-08-31T03:00:00Z,2026-08-31T13:00,5.7,217,19.4,0.0,2.98,10.65,228,2.98,0.14,0.5,0,0.37,14.3,,unavailable (no satellite pass / dataset error),
71.4,Good,Getting rough,2026-08-31T06:05:03Z,Cape Otway Lightstation,2026-08-31T04:00:00Z,2026-08-31T14:00,6.9,187,22.3,0.0,3.0,10.7,228,3.0,0.1,1.2,309,0.31,14.3,,unavailable (no satellite pass / dataset error),
70.3,Good,Getting rough,2026-08-31T06:05:03Z,Cape Otway Lightstation,2026-08-31T05:00:00Z,2026-08-31T15:00,7.1,165,23.0,0.0,3.02,10.8,229,3.02,0.04,1.7,288,0.13,14.4,,unavailable (no satellite pass / dataset error),
71.1,Good,Getting rough,2026-08-31T06:05:03Z,Cape Otway Lightstation,2026-08-31T06:00:00Z,2026-08-31T16:00,5.7,152,22.0,0.0,3.04,10.85,229,3.04,0.0,1.8,281,-0.09,14.4,,unavailable (no satellite pass / dataset error),
73.9,Good,Getting rough,2026-08-31T06:05:03Z,Apollo Bay,2026-08-31T01:00:00Z,2026-08-31T11:00,3.9,214,18.4,0.0,2.94,10.5,229,2.94,0.16,1.0,59,0.14,14.1,,unavailable (no satellite pass / dataset error),
73.3,Good,Getting rough,2026-08-31T06:05:03Z,Apollo Bay,2026-08-31T02:00:00Z,2026-08-31T12:00,6.0,171,19.8,0.0,2.94,10.55,230,2.94,0.14,0.6,56,0.38,14.2,,unavailable (no satellite pass / dataset error),
72.9,Good,Getting rough,2026-08-31T06:05:03Z,Apollo Bay,2026-08-31T03:00:00Z,2026-08-31T13:00,8.0,146,23.8,0.0,2.94,10.6,230,2.94,0.12,0.0,90,0.48,14.2,,unavailable (no satellite pass / dataset error),
70.4,Good,Getting rough,2026-08-31T06:05:03Z,Apollo Bay,2026-08-31T04:00:00Z,2026-08-31T14:00,9.8,131,26.6,0.0,2.96,10.7,230,2.96,0.08,0.6,236,0.4,14.3,,unavailable (no satellite pass / dataset error),
70.4,Good,Getting rough,2026-08-31T06:05:03Z,Apollo Bay,2026-08-31T05:00:00Z,2026-08-31T15:00,8.7,122,26.6,0.0,2.96,10.75,230,2.96,0.04,1.0,239,0.19,14.3,,unavailable (no satellite pass / dataset error),
71.0,Good,Getting rough,2026-08-31T06:05:03Z,Apollo Bay,2026-08-31T06:00:00Z,2026-08-31T16:00,7.1,117,22.7,0.0,2.98,10.85,230,2.98,0.0,1.3,236,-0.08,14.3,,unavailable (no satellite pass / dataset error),
79.1,Good,Getting rough,2026-08-31T06:05:03Z,Kennett River,2026-08-31T01:00:00Z,2026-08-31T11:00,4.0,108,15.5,0.0,1.84,10.4,224,1.94,0.02,0.8,45,0.16,13.9,,unavailable (no satellite pass / dataset error),
77.2,Good,Getting rough,2026-08-31T06:05:03Z,Kennett River,2026-08-31T02:00:00Z,2026-08-31T12:00,7.2,104,22.0,0.0,1.88,10.25,224,1.92,0.0,0.6,18,0.43,13.9,,unavailable (no satellite pass / dataset error),
77.8,Good,Getting rough,2026-08-31T06:05:03Z,Kennett River,2026-08-31T03:00:00Z,2026-08-31T13:00,7.0,103,23.0,0.0,1.92,10.15,224,1.92,0.0,0.4,333,0.56,14.0,,unavailable (no satellite pass / dataset error),
77.0,Good,Getting rough,2026-08-31T06:05:03Z,Kennett River,2026-08-31T04:00:00Z,2026-08-31T14:00,7.3,107,22.7,0.0,1.92,10.15,224,1.92,0.0,0.7,270,0.48,14.1,,unavailable (no satellite pass / dataset error),
75.9,Good,Getting rough,2026-08-31T06:05:03Z,Kennett River,2026-08-31T05:00:00Z,2026-08-31T15:00,7.5,110,23.0,0.0,1.94,10.25,224,1.94,0.0,1.1,261,0.24,14.2,,unavailable (no satellite pass / dataset error),
76.5,Good,Getting rough,2026-08-31T06:05:03Z,Kennett River,2026-08-31T06:00:00Z,2026-08-31T16:00,6.1,109,22.0,0.0,1.94,10.3,224,1.94,0.0,1.3,254,-0.06,14.2,,unavailable (no satellite pass / dataset error),
86.4,Excellent,Doable,2026-08-31T06:05:03Z,Torquay,2026-08-31T01:00:00Z,2026-08-31T11:00,3.2,304,15.1,0.0,1.14,9.05,211,1.24,0.0,0.4,63,0.19,13.6,,unavailable (no satellite pass / dataset error),
87.0,Excellent,Doable,2026-08-31T06:05:03Z,Torquay,2026-08-31T02:00:00Z,2026-08-31T12:00,2.8,342,14.0,0.0,1.14,9.3,212,1.22,0.0,0.3,45,0.53,13.7,,unavailable (no satellite pass / dataset error),
87.2,Excellent,Doable,2026-08-31T06:05:03Z,Torquay,2026-08-31T03:00:00Z,2026-08-31T13:00,3.3,22,14.4,0.0,1.12,9.5,212,1.22,0.0,0.0,90,0.71,13.8,,unavailable (no satellite pass / dataset error),
85.7,Excellent,Doable,2026-08-31T06:05:03Z,Torquay,2026-08-31T04:00:00Z,2026-08-31T14:00,4.3,57,15.5,0.0,1.12,9.6,212,1.22,0.0,0.4,243,0.63,13.8,,unavailable (no satellite pass / dataset error),
84.6,Excellent,Doable,2026-08-31T06:05:03Z,Torquay,2026-08-31T05:00:00Z,2026-08-31T15:00,5.0,69,15.5,0.0,1.12,9.6,213,1.24,0.02,0.6,236,0.36,13.9,,unavailable (no satellite pass / dataset error),
83.5,Excellent,Doable,2026-08-31T06:05:03Z,Torquay,2026-08-31T06:00:00Z,2026-08-31T16:00,6.0,65,15.5,0.0,1.12,9.65,213,1.24,0.02,0.8,243,-0.01,13.9,,unavailable (no satellite pass / dataset error),
84.7,Excellent,Bit dodgy,2026-08-31T06:05:03Z,Port Phillip Heads (J5 Submarine),2026-08-31T01:00:00Z,2026-08-31T11:00,3.6,300,16.6,0.0,1.26,9.8,216,1.4,0.0,0.4,27,0.19,13.6,,unavailable (no satellite pass / dataset error),
85.7,Excellent,Bit dodgy,2026-08-31T06:05:03Z,Port Phillip Heads (J5 Submarine),2026-08-31T02:00:00Z,2026-08-31T12:00,2.5,330,14.8,0.0,1.26,10.1,218,1.38,0.0,0.4,27,0.55,13.8,,unavailable (no satellite pass / dataset error),
86.3,Excellent,Bit dodgy,2026-08-31T06:05:03Z,Port Phillip Heads (J5 Submarine),2026-08-31T03:00:00Z,2026-08-31T13:00,2.3,23,13.7,0.0,1.28,10.3,219,1.38,0.0,0.2,0,0.73,13.9,,unavailable (no satellite pass / dataset error),
84.6,Excellent,Bit dodgy,2026-08-31T06:05:03Z,Port Phillip Heads (J5 Submarine),2026-08-31T04:00:00Z,2026-08-31T14:00,4.3,68,15.5,0.0,1.28,10.45,219,1.38,0.0,0.3,315,0.66,14.0,,unavailable (no satellite pass / dataset error),
82.1,Excellent,Bit dodgy,2026-08-31T06:05:03Z,Port Phillip Heads (J5 Submarine),2026-08-31T05:00:00Z,2026-08-31T15:00,6.5,67,18.0,0.0,1.26,10.5,219,1.4,0.02,0.6,288,0.39,14.1,,unavailable (no satellite pass / dataset error),
81.0,Excellent,Bit dodgy,2026-08-31T06:05:03Z,Port Phillip Heads (J5 Submarine),2026-08-31T06:00:00Z,2026-08-31T16:00,7.7,59,19.1,0.0,1.26,10.5,219,1.4,0.02,0.7,270,0.01,14.1,,unavailable (no satellite pass / dataset error),
82.1,Excellent,Bit dodgy,2026-08-31T06:05:03Z,Queenscliff,2026-08-31T01:00:00Z,2026-08-31T11:00,5.2,319,18.7,0.0,1.32,9.95,220,1.54,0.0,0.5,45,0.19,13.6,,unavailable (no satellite pass / dataset error),
82.0,Excellent,Bit dodgy,2026-08-31T06:05:03Z,Queenscliff,2026-08-31T02:00:00Z,2026-08-31T12:00,5.6,354,17.6,0.0,1.32,10.75,223,1.54,0.0,0.4,27,0.55,13.7,,unavailable (no satellite pass / dataset error),
81.3,Excellent,Bit dodgy,2026-08-31T06:05:03Z,Queenscliff,2026-08-31T03:00:00Z,2026-08-31T13:00,7.1,16,19.8,0.0,1.34,11.35,227,1.54,0.0,0.2,0,0.74,13.9,,unavailable (no satellite pass / dataset error),
80.1,Excellent,Bit dodgy,2026-08-31T06:05:03Z,Queenscliff,2026-08-31T04:00:00Z,2026-08-31T14:00,8.4,34,21.2,0.0,1.34,11.6,227,1.54,0.0,0.3,315,0.67,14.0,,unavailable (no satellite pass / dataset error),
79.0,Good,Bit dodgy,2026-08-31T06:05:03Z,Queenscliff,2026-08-31T05:00:00Z,2026-08-31T15:00,9.4,48,22.3,0.0,1.36,11.65,227,1.54,0.02,0.5,270,0.4,14.1,,unavailable (no satellite pass / dataset error),
79.1,Good,Bit dodgy,2026-08-31T06:05:03Z,Queenscliff,2026-08-31T06:00:00Z,2026-08-31T16:00,8.7,60,22.0,0.0,1.36,11.55,227,1.54,0.02,0.7,256,0.01,14.2,,unavailable (no satellite pass / dataset error),
77.6,Good,Getting rough,2026-08-31T06:05:03Z,Blairgowrie Back Beach,2026-08-31T01:00:00Z,2026-08-31T11:00,7.7,298,21.6,0.0,1.9,10.3,224,1.9,0.0,0.3,45,0.17,13.6,,unavailable (no satellite pass / dataset error),
78.6,Good,Getting rough,2026-08-31T06:05:03Z,Blairgowrie Back Beach,2026-08-31T02:00:00Z,2026-08-31T12:00,6.6,319,20.5,0.0,1.88,10.4,225,1.88,0.0,0.3,45,0.54,13.7,,unavailable (no satellite pass / dataset error),
78.4,Good,Getting rough,2026-08-31T06:05:03Z,Blairgowrie Back Beach,2026-08-31T03:00:00Z,2026-08-31T13:00,7.1,333,20.5,0.0,1.88,10.45,225,1.88,0.0,0.2,0,0.74,13.8,,unavailable (no satellite pass / dataset error),
78.6,Good,Getting rough,2026-08-31T06:05:03Z,Blairgowrie Back Beach,2026-08-31T04:00:00Z,2026-08-31T14:00,6.9,351,20.9,0.0,1.88,10.6,225,1.88,0.0,0.2,270,0.68,14.0,,unavailable (no satellite pass / dataset error),
78.6,Good,Getting rough,2026-08-31T06:05:03Z,Blairgowrie Back Beach,2026-08-31T05:00:00Z,2026-08-31T15:00,6.7,5,20.2,0.0,1.9,10.7,225,1.9,0.0,0.2,270,0.41,14.0,,unavailable (no satellite pass / dataset error),
79.1,Good,Getting rough,2026-08-31T06:05:03Z,Blairgowrie Back Beach,2026-08-31T06:00:00Z,2026-08-31T16:00,5.5,9,18.7,0.0,1.9,10.75,225,1.9,0.0,0.4,270,0.02,14.1,,unavailable (no satellite pass / dataset error),
76.0,Good,Getting rough,2026-08-31T06:05:03Z,Cape Schanck,2026-08-31T01:00:00Z,2026-08-31T11:00,7.4,277,19.1,0.0,2.08,10.2,230,2.08,0.04,0.4,63,0.17,13.7,,unavailable (no satellite pass / dataset error),
76.5,Good,Getting rough,2026-08-31T06:05:03Z,Cape Schanck,2026-08-31T02:00:00Z,2026-08-31T12:00,7.1,291,19.1,0.0,2.06,10.25,231,2.06,0.02,0.4,63,0.54,13.7,,unavailable (no satellite pass / dataset error),
76.3,Good,Getting rough,2026-08-31T06:05:03Z,Cape Schanck,2026-08-31T03:00:00Z,2026-08-31T13:00,7.6,292,19.8,0.0,2.06,10.3,231,2.06,0.0,0.3,45,0.74,13.8,,unavailable (no satellite pass / dataset error),
77.1,Good,Getting rough,2026-08-31T06:05:03Z,Cape Schanck,2026-08-31T04:00:00Z,2026-08-31T14:00,6.9,290,20.2,0.0,2.06,10.4,231,2.06,0.0,0.2,0,0.7,13.9,,unavailable (no satellite pass / dataset error),
78.6,Good,Getting rough,2026-08-31T06:05:03Z,Cape Schanck,2026-08-31T05:00:00Z,2026-08-31T15:00,4.6,281,18.7,0.0,2.06,10.45,231,2.06,0.0,0.3,315,0.43,13.9,,unavailable (no satellite pass / dataset error),
79.9,Good,Getting rough,2026-08-31T06:05:03Z,Cape Schanck,2026-08-31T06:00:00Z,2026-08-31T16:00,2.3,241,14.8,0.0,2.06,10.55,231,2.06,0.0,0.5,315,0.05,14.0,,unavailable (no satellite pass / dataset error),
73.2,Good,Getting rough,2026-08-31T06:05:03Z,Cape Paterson,2026-08-31T01:00:00Z,2026-08-31T11:00,13.1,270,27.7,0.0,1.74,9.85,242,1.84,0.26,0.6,56,0.16,13.7,,unavailable (no satellite pass / dataset error),
73.7,Good,Getting rough,2026-08-31T06:05:03Z,Cape Paterson,2026-08-31T02:00:00Z,2026-08-31T12:00,12.7,277,27.7,0.0,1.76,9.75,239,1.82,0.24,0.6,72,0.55,13.7,,unavailable (no satellite pass / dataset error),
74.0,Good,Getting rough,2026-08-31T06:05:03Z,Cape Paterson,2026-08-31T03:00:00Z,2026-08-31T13:00,12.5,277,27.4,0.0,1.8,9.7,236,1.82,0.22,0.6,72,0.79,13.7,,unavailable (no satellite pass / dataset error),
75.4,Good,Getting rough,2026-08-31T06:05:03Z,Cape Paterson,2026-08-31T04:00:00Z,2026-08-31T14:00,11.0,276,27.4,0.0,1.8,9.75,236,1.8,0.18,0.6,72,0.78,13.8,,unavailable (no satellite pass / dataset error),
77.8,Good,Getting rough,2026-08-31T06:05:03Z,Cape Paterson,2026-08-31T05:00:00Z,2026-08-31T15:00,8.0,245,24.5,0.0,1.78,9.85,237,1.8,0.12,0.5,45,0.53,13.8,,unavailable (no satellite pass / dataset error),
78.9,Good,Getting rough,2026-08-31T06:05:03Z,Cape Paterson,2026-08-31T06:00:00Z,2026-08-31T16:00,7.1,221,19.1,0.0,1.78,9.95,237,1.78,0.08,0.4,27,0.12,13.8,,unavailable (no satellite pass / dataset error),
64.8,Good,Getting rough,2026-08-31T06:05:03Z,Wilsons Prom (West - Norman Bay),2026-08-31T01:00:00Z,2026-08-31T11:00,25.4,268,33.8,0.0,1.62,8.75,234,1.8,0.6,0.5,45,0.16,13.6,,unavailable (no satellite pass / dataset error),
64.7,Good,Getting rough,2026-08-31T06:05:03Z,Wilsons Prom (West - Norman Bay),2026-08-31T02:00:00Z,2026-08-31T12:00,25.5,276,32.8,0.0,1.64,8.75,235,1.78,0.58,0.6,72,0.52,13.6,,unavailable (no satellite pass / dataset error),
63.6,Good,Getting rough,2026-08-31T06:05:03Z,Wilsons Prom (West - Norman Bay),2026-08-31T03:00:00Z,2026-08-31T13:00,27.1,278,34.9,0.0,1.64,8.75,235,1.76,0.56,0.6,72,0.76,13.6,,unavailable (no satellite pass / dataset error),
64.6,Good,Getting rough,2026-08-31T06:05:03Z,Wilsons Prom (West - Norman Bay),2026-08-31T04:00:00Z,2026-08-31T14:00,25.7,278,34.9,0.0,1.62,8.8,235,1.74,0.52,0.7,76,0.77,13.6,,unavailable (no satellite pass / dataset error),
65.6,Good,Getting rough,2026-08-31T06:05:03Z,Wilsons Prom (West - Norman Bay),2026-08-31T05:00:00Z,2026-08-31T15:00,24.6,277,33.5,0.0,1.6,8.85,235,1.72,0.5,0.7,76,0.55,13.6,,unavailable (no satellite pass / dataset error),
67.4,Good,Getting rough,2026-08-31T06:05:03Z,Wilsons Prom (West - Norman Bay),2026-08-31T06:00:00Z,2026-08-31T16:00,22.5,273,32.0,0.0,1.58,8.9,235,1.7,0.46,0.7,76,0.15,13.6,,unavailable (no satellite pass / dataset error),
76.0,Good,Doable,2026-08-31T06:05:03Z,Wilsons Prom (East - Sealers Cove),2026-08-31T01:00:00Z,2026-08-31T11:00,16.4,265,41.8,0.0,0.88,9.75,237,1.34,0.64,0.2,90,0.1,13.1,,unavailable (no satellite pass / dataset error),
76.6,Good,Doable,2026-08-31T06:05:03Z,Wilsons Prom (East - Sealers Cove),2026-08-31T02:00:00Z,2026-08-31T12:00,15.8,269,40.3,0.0,0.88,10.05,238,1.32,0.6,0.2,90,0.4,13.1,,unavailable (no satellite pass / dataset error),
76.6,Good,Doable,2026-08-31T06:05:03Z,Wilsons Prom (East - Sealers Cove),2026-08-31T03:00:00Z,2026-08-31T13:00,16.0,270,40.7,0.0,0.88,10.3,238,1.3,0.58,0.2,90,0.6,13.2,,unavailable (no satellite pass / dataset error),
77.3,Good,Doable,2026-08-31T06:05:03Z,Wilsons Prom (East - Sealers Cove),2026-08-31T04:00:00Z,2026-08-31T14:00,15.3,269,40.0,0.0,0.88,10.4,238,1.28,0.54,0.2,90,0.64,13.2,,unavailable (no satellite pass / dataset error),
78.0,Good,Doable,2026-08-31T06:05:03Z,Wilsons Prom (East - Sealers Cove),2026-08-31T05:00:00Z,2026-08-31T15:00,14.6,268,38.5,0.0,0.88,10.45,238,1.26,0.52,0.2,90,0.48,13.3,,unavailable (no satellite pass / dataset error),
78.9,Good,Doable,2026-08-31T06:05:03Z,Wilsons Prom (East - Sealers Cove),2026-08-31T06:00:00Z,2026-08-31T16:00,13.6,259,36.7,0.0,0.88,10.45,238,1.24,0.48,0.2,90,0.18,13.3,,unavailable (no satellite pass / dataset error),
82.3,Excellent,Doable,2026-08-31T06:05:03Z,Mallacoota,2026-08-31T01:00:00Z,2026-08-31T11:00,7.7,219,24.1,0.0,0.94,7.6,174,1.24,0.22,0.4,27,0.37,14.7,,unavailable (no satellite pass / dataset error),
81.9,Excellent,Doable,2026-08-31T06:05:03Z,Mallacoota,2026-08-31T02:00:00Z,2026-08-31T12:00,8.4,196,24.8,0.0,0.96,7.7,174,1.22,0.22,0.4,27,0.16,14.7,,unavailable (no satellite pass / dataset error),
81.9,Excellent,Doable,2026-08-31T06:05:03Z,Mallacoota,2026-08-31T03:00:00Z,2026-08-31T13:00,9.3,188,26.6,0.0,0.96,7.8,174,1.2,0.22,0.4,27,-0.08,14.8,,unavailable (no satellite pass / dataset error),
81.3,Excellent,Doable,2026-08-31T06:05:03Z,Mallacoota,2026-08-31T04:00:00Z,2026-08-31T14:00,10.4,179,28.4,0.0,0.98,7.95,174,1.18,0.18,0.4,27,-0.29,14.8,,unavailable (no satellite pass / dataset error),
80.7,Excellent,Doable,2026-08-31T06:05:03Z,Mallacoota,2026-08-31T05:00:00Z,2026-08-31T15:00,10.9,172,28.8,0.0,0.98,8.15,173,1.18,0.16,0.6,18,-0.43,14.9,,unavailable (no satellite pass / dataset error),
81.3,Excellent,Doable,2026-08-31T06:05:03Z,Mallacoota,2026-08-31T06:00:00Z,2026-08-31T16:00,10.3,167,28.1,0.0,1.0,8.3,173,1.16,0.12,0.6,18,-0.46,14.9,,unavailable (no satellite pass / dataset error),
92.2,Excellent,,2026-08-31T06:05:03Z,Eden,2026-08-31T01:00:00Z,2026-08-31T11:00,7.1,52,21.2,0.0,,,,,,0.4,153,0.4,16.8,,unavailable (no satellite pass / dataset error),
90.4,Excellent,,2026-08-31T06:05:03Z,Eden,2026-08-31T02:00:00Z,2026-08-31T12:00,9.0,70,25.9,0.0,,,,,,0.4,153,0.18,16.9,,unavailable (no satellite pass / dataset error),
89.7,Excellent,,2026-08-31T06:05:03Z,Eden,2026-08-31T03:00:00Z,2026-08-31T13:00,9.8,73,27.4,0.0,,,,,,0.4,180,-0.08,16.9,,unavailable (no satellite pass / dataset error),
89.7,Excellent,,2026-08-31T06:05:03Z,Eden,2026-08-31T04:00:00Z,2026-08-31T14:00,9.8,72,27.7,0.0,,,,,,0.4,180,-0.31,17.0,,unavailable (no satellite pass / dataset error),
90.3,Excellent,,2026-08-31T06:05:03Z,Eden,2026-08-31T05:00:00Z,2026-08-31T15:00,9.1,68,27.0,0.0,,,,,,0.4,180,-0.45,17.0,,unavailable (no satellite pass / dataset error),
92.0,Excellent,,2026-08-31T06:05:03Z,Eden,2026-08-31T06:00:00Z,2026-08-31T16:00,7.3,70,24.5,0.0,,,,,,0.4,180,-0.47,17.1,,unavailable (no satellite pass / dataset error),
82.9,Excellent,Doable,2026-08-31T06:05:03Z,Green Cape,2026-08-31T01:00:00Z,2026-08-31T11:00,7.2,35,21.2,0.0,0.94,5.4,191,1.22,0.02,0.7,166,0.4,17.1,,unavailable (no satellite pass / dataset error),
79.7,Good,Doable,2026-08-31T06:05:03Z,Green Cape,2026-08-31T02:00:00Z,2026-08-31T12:00,11.7,53,30.2,0.0,0.92,5.35,190,1.2,0.04,0.7,166,0.17,17.1,,unavailable (no satellite pass / dataset error),
79.4,Good,Doable,2026-08-31T06:05:03Z,Green Cape,2026-08-31T03:00:00Z,2026-08-31T13:00,12.3,61,32.4,0.0,0.9,5.45,190,1.18,0.04,0.7,166,-0.08,17.2,,unavailable (no satellite pass / dataset error),
81.2,Excellent,Doable,2026-08-31T06:05:03Z,Green Cape,2026-08-31T04:00:00Z,2026-08-31T14:00,10.0,69,31.7,0.0,0.9,5.75,189,1.18,0.04,0.7,166,-0.3,17.3,,unavailable (no satellite pass / dataset error),
83.0,Excellent,Doable,2026-08-31T06:05:03Z,Green Cape,2026-08-31T05:00:00Z,2026-08-31T15:00,7.5,70,27.0,0.0,0.9,6.2,188,1.16,0.02,0.8,153,-0.44,17.3,,unavailable (no satellite pass / dataset error),
84.0,Excellent,Doable,2026-08-31T06:05:03Z,Green Cape,2026-08-31T06:00:00Z,2026-08-31T16:00,6.2,83,21.2,0.0,0.9,6.65,187,1.16,0.02,0.8,153,-0.46,17.3,,unavailable (no satellite pass / dataset error),
89.8,Excellent,Great,2026-08-31T06:05:03Z,Tathra,2026-08-31T01:00:00Z,2026-08-31T11:00,4.5,67,16.9,0.0,0.46,8.35,124,0.62,0.02,0.6,198,0.41,17.3,,unavailable (no satellite pass / dataset error),
87.0,Excellent,Great,2026-08-31T06:05:03Z,Tathra,2026-08-31T02:00:00Z,2026-08-31T12:00,8.5,84,24.1,0.0,0.46,8.5,124,0.64,0.06,0.6,198,0.18,17.4,,unavailable (no satellite pass / dataset error),
84.4,Excellent,Great,2026-08-31T06:05:03Z,Tathra,2026-08-31T03:00:00Z,2026-08-31T13:00,11.7,86,30.6,0.0,0.48,8.55,124,0.64,0.08,0.7,194,-0.08,17.4,,unavailable (no satellite pass / dataset error),
83.5,Excellent,Great,2026-08-31T06:05:03Z,Tathra,2026-08-31T04:00:00Z,2026-08-31T14:00,13.0,88,32.8,0.0,0.48,8.55,124,0.64,0.06,0.7,194,-0.31,17.4,,unavailable (no satellite pass / dataset error),
83.8,Excellent,Great,2026-08-31T06:05:03Z,Tathra,2026-08-31T05:00:00Z,2026-08-31T15:00,12.3,86,32.4,0.0,0.48,8.5,123,0.66,0.02,0.7,194,-0.46,17.5,,unavailable (no satellite pass / dataset error),
85.5,Excellent,Great,2026-08-31T06:05:03Z,Tathra,2026-08-31T06:00:00Z,2026-08-31T16:00,10.0,81,29.5,0.0,0.48,8.45,123,0.66,0.0,0.7,194,-0.47,17.5,,unavailable (no satellite pass / dataset error),
81.4,Excellent,Bit dodgy,2026-08-31T06:05:03Z,Bermagui,2026-08-31T01:00:00Z,2026-08-31T11:00,8.7,68,24.8,0.0,1.24,8.1,141,1.36,0.04,0.2,180,0.43,17.4,,unavailable (no satellite pass / dataset error),
79.4,Good,Bit dodgy,2026-08-31T06:05:03Z,Bermagui,2026-08-31T02:00:00Z,2026-08-31T12:00,11.1,70,29.9,0.0,1.26,8.05,142,1.36,0.06,0.4,207,0.2,17.5,,unavailable (no satellite pass / dataset error),
77.7,Good,Bit dodgy,2026-08-31T06:05:03Z,Bermagui,2026-08-31T03:00:00Z,2026-08-31T13:00,13.4,70,34.6,0.0,1.26,8.0,142,1.36,0.1,0.4,207,-0.07,17.5,,unavailable (no satellite pass / dataset error),
78.0,Good,Bit dodgy,2026-08-31T06:05:03Z,Bermagui,2026-08-31T04:00:00Z,2026-08-31T14:00,13.0,68,34.9,0.0,1.28,7.95,142,1.36,0.1,0.4,207,-0.3,17.6,,unavailable (no satellite pass / dataset error),
79.3,Good,Bit dodgy,2026-08-31T06:05:03Z,Bermagui,2026-08-31T05:00:00Z,2026-08-31T15:00,11.2,60,33.1,0.0,1.28,7.95,142,1.36,0.1,0.4,207,-0.45,17.6,,unavailable (no satellite pass / dataset error),
80.0,Excellent,Bit dodgy,2026-08-31T06:05:03Z,Bermagui,2026-08-31T06:00:00Z,2026-08-31T16:00,10.3,55,28.8,0.0,1.3,7.9,142,1.36,0.1,0.4,207,-0.46,17.6,,unavailable (no satellite pass / dataset error),
85.6,Excellent,Doable,2026-08-31T06:05:03Z,Narooma,2026-08-31T01:00:00Z,2026-08-31T11:00,6.5,84,21.2,0.0,0.96,8.35,149,1.08,0.02,0.2,270,0.44,17.3,,unavailable (no satellite pass / dataset error),
83.5,Excellent,Doable,2026-08-31T06:05:03Z,Narooma,2026-08-31T02:00:00Z,2026-08-31T12:00,9.1,75,26.3,0.0,0.98,8.25,149,1.1,0.06,0.2,270,0.21,17.3,,unavailable (no satellite pass / dataset error),
81.7,Excellent,Doable,2026-08-31T06:05:03Z,Narooma,2026-08-31T03:00:00Z,2026-08-31T13:00,11.2,68,30.2,0.0,0.98,8.2,149,1.1,0.08,0.3,225,-0.06,17.4,,unavailable (no satellite pass / dataset error),
81.0,Excellent,Doable,2026-08-31T06:05:03Z,Narooma,2026-08-31T04:00:00Z,2026-08-31T14:00,12.2,65,32.0,0.0,0.98,8.2,149,1.1,0.08,0.3,225,-0.3,17.4,,unavailable (no satellite pass / dataset error),
81.8,Excellent,Doable,2026-08-31T06:05:03Z,Narooma,2026-08-31T05:00:00Z,2026-08-31T15:00,10.6,64,31.7,0.0,0.98,8.2,148,1.12,0.1,0.4,207,-0.44,17.5,,unavailable (no satellite pass / dataset error),
82.6,Excellent,Doable,2026-08-31T06:05:03Z,Narooma,2026-08-31T06:00:00Z,2026-08-31T16:00,9.6,52,27.4,0.0,0.98,8.2,148,1.12,0.1,0.4,207,-0.46,17.5,,unavailable (no satellite pass / dataset error),
82.8,Excellent,Bit dodgy,2026-08-31T06:05:03Z,Batemans Bay (Inside),2026-08-31T01:00:00Z,2026-08-31T11:00,6.9,129,21.2,0.0,1.28,8.6,151,1.28,0.02,0.6,198,0.45,17.3,,unavailable (no satellite pass / dataset error),
80.8,Excellent,Bit dodgy,2026-08-31T06:05:03Z,Batemans Bay (Inside),2026-08-31T02:00:00Z,2026-08-31T12:00,9.6,111,26.6,0.0,1.28,8.5,151,1.28,0.04,0.6,214,0.21,17.3,,unavailable (no satellite pass / dataset error),
79.1,Good,Bit dodgy,2026-08-31T06:05:03Z,Batemans Bay (Inside),2026-08-31T03:00:00Z,2026-08-31T13:00,11.3,99,30.2,0.0,1.28,8.4,151,1.28,0.06,0.8,207,-0.06,17.4,,unavailable (no satellite pass / dataset error),
78.5,Good,Bit dodgy,2026-08-31T06:05:03Z,Batemans Bay (Inside),2026-08-31T04:00:00Z,2026-08-31T14:00,12.1,91,31.3,0.0,1.28,8.35,151,1.28,0.08,0.8,207,-0.29,17.4,,unavailable (no satellite pass / dataset error),
79.0,Good,Bit dodgy,2026-08-31T06:05:03Z,Batemans Bay (Inside),2026-08-31T05:00:00Z,2026-08-31T15:00,11.3,76,31.3,0.0,1.28,8.25,151,1.3,0.08,0.8,207,-0.44,17.5,,unavailable (no satellite pass / dataset error),
78.9,Good,Bit dodgy,2026-08-31T06:05:03Z,Batemans Bay (Inside),2026-08-31T06:00:00Z,2026-08-31T16:00,10.9,68,28.4,0.0,1.28,8.2,151,1.3,0.1,1.0,202,-0.46,17.5,,unavailable (no satellite pass / dataset error),
82.7,Excellent,Bit dodgy,2026-08-31T06:05:03Z,Batemans Bay (Outside),2026-08-31T01:00:00Z,2026-08-31T11:00,6.9,129,21.2,0.0,1.28,8.45,147,1.3,0.04,0.6,198,0.45,17.3,,unavailable (no satellite pass / dataset error),
80.7,Excellent,Bit dodgy,2026-08-31T06:05:03Z,Batemans Bay (Outside),2026-08-31T02:00:00Z,2026-08-31T12:00,9.6,111,26.6,0.0,1.3,8.35,148,1.3,0.06,0.6,214,0.21,17.3,,unavailable (no satellite pass / dataset error),
79.0,Good,Bit dodgy,2026-08-31T06:05:03Z,Batemans Bay (Outside),2026-08-31T03:00:00Z,2026-08-31T13:00,11.3,99,30.2,0.0,1.3,8.25,148,1.3,0.1,0.8,207,-0.06,17.4,,unavailable (no satellite pass / dataset error),
78.4,Good,Bit dodgy,2026-08-31T06:05:03Z,Batemans Bay (Outside),2026-08-31T04:00:00Z,2026-08-31T14:00,12.1,91,31.3,0.0,1.3,8.15,148,1.3,0.1,0.8,207,-0.29,17.4,,unavailable (no satellite pass / dataset error),
78.8,Good,Bit dodgy,2026-08-31T06:05:03Z,Batemans Bay (Outside),2026-08-31T05:00:00Z,2026-08-31T15:00,11.3,76,31.3,0.0,1.3,8.05,148,1.32,0.12,0.8,207,-0.44,17.5,,unavailable (no satellite pass / dataset error),
78.7,Good,Bit dodgy,2026-08-31T06:05:03Z,Batemans Bay (Outside),2026-08-31T06:00:00Z,2026-08-31T16:00,10.9,68,28.4,0.0,1.3,7.95,148,1.32,0.12,1.0,202,-0.46,17.5,,unavailable (no satellite pass / dataset error),
85.8,Excellent,Doable,2026-08-31T06:05:03Z,Ulladulla,2026-08-31T01:00:00Z,2026-08-31T11:00,6.7,134,20.5,0.0,0.92,7.7,151,1.02,0.02,0.3,225,0.45,17.3,,unavailable (no satellite pass / dataset error),
84.2,Excellent,Doable,2026-08-31T06:05:03Z,Ulladulla,2026-08-31T02:00:00Z,2026-08-31T12:00,8.3,120,24.1,0.0,0.94,7.9,151,1.02,0.02,0.5,225,0.21,17.3,,unavailable (no satellite pass / dataset error),
84.3,Excellent,Doable,2026-08-31T06:05:03Z,Ulladulla,2026-08-31T03:00:00Z,2026-08-31T13:00,8.1,108,24.5,0.0,0.96,8.05,152,1.02,0.04,0.5,225,-0.06,17.4,,unavailable (no satellite pass / dataset error),
84.0,Excellent,Doable,2026-08-31T06:05:03Z,Ulladulla,2026-08-31T04:00:00Z,2026-08-31T14:00,7.8,85,23.8,0.0,0.96,8.05,152,1.02,0.04,0.8,225,-0.3,17.5,,unavailable (no satellite pass / dataset error),
83.3,Excellent,Doable,2026-08-31T06:05:03Z,Ulladulla,2026-08-31T05:00:00Z,2026-08-31T15:00,8.5,69,23.0,0.0,0.98,8.0,152,1.04,0.06,0.8,225,-0.44,17.5,,unavailable (no satellite pass / dataset error),
83.4,Excellent,Doable,2026-08-31T06:05:03Z,Ulladulla,2026-08-31T06:00:00Z,2026-08-31T16:00,8.1,59,23.0,0.0,0.98,7.95,152,1.04,0.06,0.9,217,-0.46,17.5,,unavailable (no satellite pass / dataset error),
87.0,Excellent,Doable,2026-08-31T06:05:03Z,Jervis Bay (Inside),2026-08-31T01:00:00Z,2026-08-31T11:00,5.8,160,19.4,0.0,0.92,8.75,161,0.98,0.0,0.2,270,0.45,17.6,,unavailable (no satellite pass / dataset error),
86.1,Excellent,Doable,2026-08-31T06:05:03Z,Jervis Bay (Inside),2026-08-31T02:00:00Z,2026-08-31T12:00,6.5,136,20.9,0.0,0.9,8.95,161,0.98,0.0,0.4,243,0.21,17.6,,unavailable (no satellite pass / dataset error),
84.6,Excellent,Doable,2026-08-31T06:05:03Z,Jervis Bay (Inside),2026-08-31T03:00:00Z,2026-08-31T13:00,8.5,114,24.5,0.0,0.86,8.9,160,0.98,0.0,0.4,243,-0.07,17.7,,unavailable (no satellite pass / dataset error),
83.2,Excellent,Doable,2026-08-31T06:05:03Z,Jervis Bay (Inside),2026-08-31T04:00:00Z,2026-08-31T14:00,9.8,96,27.0,0.0,0.84,8.4,160,0.98,0.02,0.6,236,-0.31,17.8,,unavailable (no satellite pass / dataset error),
82.2,Excellent,Doable,2026-08-31T06:05:03Z,Jervis Bay (Inside),2026-08-31T05:00:00Z,2026-08-31T15:00,10.6,76,27.4,0.0,0.84,7.75,161,0.98,0.04,0.8,225,-0.45,17.8,,unavailable (no satellite pass / dataset error),
83.2,Excellent,Doable,2026-08-31T06:05:03Z,Jervis Bay (Inside),2026-08-31T06:00:00Z,2026-08-31T16:00,9.8,50,27.0,0.0,0.82,7.25,161,0.98,0.06,0.6,214,-0.46,17.8,,unavailable (no satellite pass / dataset error),
81.1,Excellent,Bit dodgy,2026-08-31T06:05:03Z,Jervis Bay (Outside - Point Perpendicular),2026-08-31T01:00:00Z,2026-08-31T11:00,8.6,164,14.8,0.0,1.36,9.1,164,1.36,0.0,0.5,225,0.45,17.6,,unavailable (no satellite pass / dataset error),
81.0,Excellent,Bit dodgy,2026-08-31T06:05:03Z,Jervis Bay (Outside - Point Perpendicular),2026-08-31T02:00:00Z,2026-08-31T12:00,8.7,143,14.4,0.0,1.32,9.1,163,1.36,0.02,0.5,225,0.21,17.7,,unavailable (no satellite pass / dataset error),
79.7,Good,Bit dodgy,2026-08-31T06:05:03Z,Jervis Bay (Outside - Point Perpendicular),2026-08-31T03:00:00Z,2026-08-31T13:00,10.4,113,15.8,0.0,1.3,9.0,163,1.34,0.02,0.6,236,-0.06,17.7,,unavailable (no satellite pass / dataset error),
76.5,Good,Bit dodgy,2026-08-31T06:05:03Z,Jervis Bay (Outside - Point Perpendicular),2026-08-31T04:00:00Z,2026-08-31T14:00,14.1,86,19.8,0.0,1.3,8.75,163,1.34,0.04,0.8,225,-0.3,17.8,,unavailable (no satellite pass / dataset error),
74.5,Good,Bit dodgy,2026-08-31T06:05:03Z,Jervis Bay (Outside - Point Perpendicular),2026-08-31T05:00:00Z,2026-08-31T15:00,16.8,71,22.7,0.0,1.28,8.45,163,1.34,0.06,0.8,225,-0.44,17.9,,unavailable (no satellite pass / dataset error),
73.5,Good,Bit dodgy,2026-08-31T06:05:03Z,Jervis Bay (Outside - Point Perpendicular),2026-08-31T06:00:00Z,2026-08-31T16:00,18.2,55,24.1,0.0,1.28,8.2,163,1.34,0.08,0.8,225,-0.45,17.9,,unavailable (no satellite pass / dataset error),
87.2,Excellent,Great,2026-08-31T06:05:03Z,Shellharbour,2026-08-31T01:00:00Z,2026-08-31T11:00,6.6,111,20.2,0.0,0.68,8.7,151,0.88,0.0,0.2,270,0.46,17.9,,unavailable (no satellite pass / dataset error),
87.1,Excellent,Great,2026-08-31T06:05:03Z,Shellharbour,2026-08-31T02:00:00Z,2026-08-31T12:00,6.7,98,20.9,0.0,0.7,8.3,152,0.86,0.0,0.3,225,0.21,18.0,,unavailable (no satellite pass / dataset error),
87.1,Excellent,Great,2026-08-31T06:05:03Z,Shellharbour,2026-08-31T03:00:00Z,2026-08-31T13:00,6.8,88,21.6,0.0,0.72,8.0,152,0.86,0.0,0.3,225,-0.07,18.0,,unavailable (no satellite pass / dataset error),
87.4,Excellent,Great,2026-08-31T06:05:03Z,Shellharbour,2026-08-31T04:00:00Z,2026-08-31T14:00,6.3,85,21.2,0.0,0.72,7.95,152,0.86,0.02,0.3,225,-0.31,18.1,,unavailable (no satellite pass / dataset error),
87.9,Excellent,Great,2026-08-31T06:05:03Z,Shellharbour,2026-08-31T05:00:00Z,2026-08-31T15:00,5.6,88,19.8,0.0,0.72,7.95,153,0.84,0.02,0.4,207,-0.46,18.2,,unavailable (no satellite pass / dataset error),
87.2,Excellent,Great,2026-08-31T06:05:03Z,Shellharbour,2026-08-31T06:00:00Z,2026-08-31T16:00,6.5,76,18.0,0.0,0.72,7.95,153,0.84,0.04,0.4,207,-0.46,18.2,,unavailable (no satellite pass / dataset error),
85.4,Excellent,Doable,2026-08-31T06:05:03Z,Terrigal,2026-08-31T01:00:00Z,2026-08-31T11:00,7.1,99,21.2,0.0,1.04,8.95,162,1.1,0.0,0.0,90,0.47,18.2,,unavailable (no satellite pass / dataset error),
83.1,Excellent,Doable,2026-08-31T06:05:03Z,Terrigal,2026-08-31T02:00:00Z,2026-08-31T12:00,9.9,94,27.0,0.0,1.04,8.95,161,1.08,0.02,0.2,270,0.21,18.2,,unavailable (no satellite pass / dataset error),
81.7,Excellent,Doable,2026-08-31T06:05:03Z,Terrigal,2026-08-31T03:00:00Z,2026-08-31T13:00,11.2,79,29.2,0.0,1.04,8.95,161,1.08,0.02,0.4,243,-0.09,18.3,,unavailable (no satellite pass / dataset error),
81.3,Excellent,Doable,2026-08-31T06:05:03Z,Terrigal,2026-08-31T04:00:00Z,2026-08-31T14:00,11.7,69,29.5,0.0,1.04,8.95,161,1.08,0.04,0.4,243,-0.34,18.3,,unavailable (no satellite pass / dataset error),
80.8,Excellent,Doable,2026-08-31T06:05:03Z,Terrigal,2026-08-31T05:00:00Z,2026-08-31T15:00,12.4,62,29.5,0.0,1.02,9.0,161,1.06,0.04,0.5,225,-0.48,18.4,,unavailable (no satellite pass / dataset error),
80.8,Excellent,Doable,2026-08-31T06:05:03Z,Terrigal,2026-08-31T06:00:00Z,2026-08-31T16:00,12.3,53,29.5,0.0,1.02,9.0,161,1.06,0.06,0.5,225,-0.47,18.4,,unavailable (no satellite pass / dataset error),
80.6,Excellent,Bit dodgy,2026-08-31T06:05:03Z,Fingal Bay,2026-08-31T01:00:00Z,2026-08-31T11:00,5.9,149,18.7,0.0,1.38,7.9,169,1.68,0.0,0.4,297,0.49,19.3,,unavailable (no satellite pass / dataset error),
77.8,Good,Bit dodgy,2026-08-31T06:05:03Z,Fingal Bay,2026-08-31T02:00:00Z,2026-08-31T12:00,9.2,132,24.8,0.0,1.5,8.85,169,1.68,0.0,0.6,288,0.21,19.4,,unavailable (no satellite pass / dataset error),
76.9,Good,Getting rough,2026-08-31T06:05:03Z,Fingal Bay,2026-08-31T03:00:00Z,2026-08-31T13:00,10.1,119,27.0,0.0,1.6,9.5,170,1.68,0.0,0.7,284,-0.09,19.5,,unavailable (no satellite pass / dataset error),
76.9,Good,Getting rough,2026-08-31T06:05:03Z,Fingal Bay,2026-08-31T04:00:00Z,2026-08-31T14:00,9.8,108,27.0,0.0,1.62,9.6,170,1.66,0.0,0.9,270,-0.34,19.5,,unavailable (no satellite pass / dataset error),
77.0,Good,Getting rough,2026-08-31T06:05:03Z,Fingal Bay,2026-08-31T05:00:00Z,2026-08-31T15:00,9.6,99,26.3,0.0,1.62,9.4,169,1.66,0.0,0.9,259,-0.49,19.6,,unavailable (no satellite pass / dataset error),
77.1,Good,Getting rough,2026-08-31T06:05:03Z,Fingal Bay,2026-08-31T06:00:00Z,2026-08-31T16:00,9.2,79,24.8,0.0,1.64,9.25,169,1.64,0.0,1.1,261,-0.48,19.6,,unavailable (no satellite pass / dataset error),
84.1,Excellent,Doable,2026-08-31T06:05:03Z,Broughton Island,2026-08-31T01:00:00Z,2026-08-31T11:00,6.0,143,18.7,0.0,1.1,9.5,169,1.3,0.0,0.2,270,0.49,18.8,,unavailable (no satellite pass / dataset error),
81.3,Excellent,Doable,2026-08-31T06:05:03Z,Broughton Island,2026-08-31T02:00:00Z,2026-08-31T12:00,9.0,128,24.8,0.0,1.16,8.7,168,1.32,0.0,0.4,270,0.21,18.9,,unavailable (no satellite pass / dataset error),
81.7,Excellent,Bit dodgy,2026-08-31T06:05:03Z,Broughton Island,2026-08-31T03:00:00Z,2026-08-31T13:00,8.5,115,25.2,0.0,1.24,8.1,166,1.32,0.0,0.4,270,-0.09,19.0,,unavailable (no satellite pass / dataset error),
81.7,Excellent,Bit dodgy,2026-08-31T06:05:03Z,Broughton Island,2026-08-31T04:00:00Z,2026-08-31T14:00,8.5,103,24.1,0.0,1.22,7.95,167,1.3,0.0,0.5,270,-0.35,19.1,,unavailable (no satellite pass / dataset error),
81.1,Excellent,Bit dodgy,2026-08-31T06:05:03Z,Broughton Island,2026-08-31T05:00:00Z,2026-08-31T15:00,8.8,92,23.8,0.0,1.22,8.05,167,1.3,0.0,0.7,270,-0.49,19.1,,unavailable (no satellite pass / dataset error),
81.1,Excellent,Doable,2026-08-31T06:05:03Z,Broughton Island,2026-08-31T06:00:00Z,2026-08-31T16:00,9.0,80,23.4,0.0,1.2,8.25,168,1.28,0.0,0.7,256,-0.49,19.2,,unavailable (no satellite pass / dataset error),
79.7,Good,Getting rough,2026-08-31T06:05:03Z,Seal Rocks,2026-08-31T01:00:00Z,2026-08-31T11:00,7.0,154,21.2,0.0,1.54,7.65,168,1.78,0.02,0.0,90,0.49,19.2,,unavailable (no satellite pass / dataset error),
78.3,Good,Getting rough,2026-08-31T06:05:03Z,Seal Rocks,2026-08-31T02:00:00Z,2026-08-31T12:00,8.9,146,25.6,0.0,1.66,8.45,170,1.78,0.0,0.0,90,0.21,19.3,,unavailable (no satellite pass / dataset error),
78.2,Good,Getting rough,2026-08-31T06:05:03Z,Seal Rocks,2026-08-31T03:00:00Z,2026-08-31T13:00,8.3,141,25.9,0.0,1.8,9.05,171,1.8,0.0,0.2,270,-0.09,19.4,,unavailable (no satellite pass / dataset error),
79.1,Good,Getting rough,2026-08-31T06:05:03Z,Seal Rocks,2026-08-31T04:00:00Z,2026-08-31T14:00,7.1,131,24.5,0.0,1.8,9.25,171,1.8,0.0,0.2,270,-0.35,19.4,,unavailable (no satellite pass / dataset error),
79.0,Good,Getting rough,2026-08-31T06:05:03Z,Seal Rocks,2026-08-31T05:00:00Z,2026-08-31T15:00,6.9,123,21.6,0.0,1.78,9.2,171,1.78,0.0,0.4,243,-0.49,19.5,,unavailable (no satellite pass / dataset error),
79.7,Good,Getting rough,2026-08-31T06:05:03Z,Seal Rocks,2026-08-31T06:00:00Z,2026-08-31T16:00,6.0,119,20.2,0.0,1.78,9.15,171,1.78,0.0,0.4,243,-0.48,19.5,,unavailable (no satellite pass / dataset error),
87.7,Excellent,Great,2026-08-31T06:05:03Z,Forster,2026-08-31T01:00:00Z,2026-08-31T11:00,5.6,123,18.4,0.0,0.76,7.9,158,0.96,0.0,0.0,90,0.49,19.4,,unavailable (no satellite pass / dataset error),
84.3,Excellent,Doable,2026-08-31T06:05:03Z,Forster,2026-08-31T02:00:00Z,2026-08-31T12:00,9.4,120,25.6,0.0,0.82,8.5,159,0.98,0.0,0.2,270,0.21,19.5,,unavailable (no satellite pass / dataset error),
83.3,Excellent,Doable,2026-08-31T06:05:03Z,Forster,2026-08-31T03:00:00Z,2026-08-31T13:00,10.7,119,28.8,0.0,0.86,8.95,159,0.98,0.0,0.2,270,-0.09,19.5,,unavailable (no satellite pass / dataset error),
83.8,Excellent,Doable,2026-08-31T06:05:03Z,Forster,2026-08-31T04:00:00Z,2026-08-31T14:00,10.1,117,28.4,0.0,0.86,9.15,159,0.98,0.0,0.2,270,-0.35,19.6,,unavailable (no satellite pass / dataset error),
83.6,Excellent,Doable,2026-08-31T06:05:03Z,Forster,2026-08-31T05:00:00Z,2026-08-31T15:00,9.8,114,26.6,0.0,0.88,9.2,159,0.98,0.0,0.4,270,-0.49,19.7,,unavailable (no satellite pass / dataset error),
84.0,Excellent,Doable,2026-08-31T06:05:03Z,Forster,2026-08-31T06:00:00Z,2026-08-31T16:00,9.3,109,25.2,0.0,0.88,9.25,159,0.98,0.0,0.4,270,-0.48,19.7,,unavailable (no satellite pass / dataset error),
81.9,Excellent,Bit dodgy,2026-08-31T06:05:03Z,South West Rocks,2026-08-31T01:00:00Z,2026-08-31T11:00,3.9,164,17.3,0.0,1.48,8.25,164,1.5,0.04,1.3,196,0.51,20.4,,unavailable (no satellite pass / dataset error),
79.3,Good,Bit dodgy,2026-08-31T06:05:03Z,South West Rocks,2026-08-31T02:00:00Z,2026-08-31T12:00,7.1,128,21.6,0.0,1.48,8.4,164,1.5,0.08,1.4,203,0.23,20.4,,unavailable (no satellite pass / dataset error),
77.4,Good,Bit dodgy,2026-08-31T06:05:03Z,South West Rocks,2026-08-31T03:00:00Z,2026-08-31T13:00,9.4,121,26.6,0.0,1.5,8.45,164,1.52,0.1,1.4,203,-0.09,20.4,,unavailable (no satellite pass / dataset error),
76.4,Good,Getting rough,2026-08-31T06:05:03Z,South West Rocks,2026-08-31T04:00:00Z,2026-08-31T14:00,10.5,119,27.7,0.0,1.52,8.4,164,1.54,0.1,1.4,203,-0.34,20.5,,unavailable (no satellite pass / dataset error),
76.4,Good,Getting rough,2026-08-31T06:05:03Z,South West Rocks,2026-08-31T05:00:00Z,2026-08-31T15:00,10.3,119,27.7,0.0,1.52,8.3,164,1.56,0.1,1.4,203,-0.47,20.5,,unavailable (no satellite pass / dataset error),
77.2,Good,Getting rough,2026-08-31T06:05:03Z,South West Rocks,2026-08-31T06:00:00Z,2026-08-31T16:00,9.2,125,26.3,0.0,1.54,8.25,164,1.58,0.1,1.3,196,-0.45,20.5,,unavailable (no satellite pass / dataset error),
92.8,Excellent,Amazing,2026-08-31T12:04:41Z,Williamstown,2026-08-31T07:00:00Z,2026-08-31T17:00,5.6,163,9.4,0.0,0.22,4.1,196,0.26,0.0,0.4,270,-0.19,13.8,,unavailable (no satellite pass / dataset error),
94.0,Excellent,Amazing,2026-08-31T12:04:41Z,Williamstown,2026-08-31T08:00:00Z,2026-08-31T18:00,4.6,141,8.6,0.0,0.2,4.0,197,0.26,0.0,0.2,270,-0.32,13.7,,unavailable (no satellite pass / dataset error),
94.3,Excellent,Amazing,2026-08-31T12:04:41Z,Williamstown,2026-08-31T09:00:00Z,2026-08-31T19:00,4.2,115,7.9,0.0,0.2,4.2,197,0.26,0.0,0.2,270,-0.36,13.6,,unavailable (no satellite pass / dataset error),
94.3,Excellent,Amazing,2026-08-31T12:04:41Z,Williamstown,2026-08-31T10:00:00Z,2026-08-31T20:00,3.9,103,7.6,0.0,0.18,4.75,197,0.26,0.0,0.3,225,-0.37,13.5,,unavailable (no satellite pass / dataset error),
93.8,Excellent,Amazing,2026-08-31T12:04:41Z,Williamstown,2026-08-31T11:00:00Z,2026-08-31T21:00,4.8,48,7.9,0.0,0.18,5.6,197,0.24,0.0,0.3,225,-0.34,13.4,,unavailable (no satellite pass / dataset error),
92.7,Excellent,Amazing,2026-08-31T12:04:41Z,Williamstown,2026-08-31T12:00:00Z,2026-08-31T22:00,7.0,12,9.7,0.0,0.16,6.4,197,0.24,0.0,0.0,90,-0.24,13.4,,unavailable (no satellite pass / dataset error),
70.5,Good,Getting rough,2026-08-31T12:04:41Z,Robe,2026-08-31T07:00:00Z,2026-08-31T17:00,8.9,308,20.9,0.0,3.02,11.5,226,3.02,0.06,0.9,79,-0.15,14.3,,unavailable (no satellite pass / dataset error),
73.7,Good,Getting rough,2026-08-31T12:04:41Z,Robe,2026-08-31T08:00:00Z,2026-08-31T18:00,5.1,333,16.9,0.0,2.98,11.5,227,3.0,0.06,0.7,76,-0.3,14.3,,unavailable (no satellite pass / dataset error),
72.5,Good,Getting rough,2026-08-31T12:04:41Z,Robe,2026-08-31T09:00:00Z,2026-08-31T19:00,6.5,358,9.4,0.0,2.96,11.5,227,2.98,0.08,0.8,63,-0.38,14.3,,unavailable (no satellite pass / dataset error),
71.8,Good,Getting rough,2026-08-31T12:04:41Z,Robe,2026-08-31T10:00:00Z,2026-08-31T20:00,7.9,4,12.2,0.0,2.94,11.55,227,2.96,0.12,0.6,56,-0.4,14.2,,unavailable (no satellite pass / dataset error),
70.9,Good,Getting rough,2026-08-31T12:04:41Z,Robe,2026-08-31T11:00:00Z,2026-08-31T21:00,9.7,10,15.1,0.0,2.92,11.55,227,2.92,0.16,0.4,63,-0.33,14.2,,unavailable (no satellite pass / dataset error),
68.4,Good,Getting rough,2026-08-31T12:04:41Z,Robe,2026-08-31T12:00:00Z,2026-08-31T22:00,12.9,12,19.8,0.0,2.9,11.6,227,2.9,0.2,0.3,45,-0.2,14.1,,unavailable (no satellite pass / dataset error),
75.0,Good,Getting rough,2026-08-31T12:04:41Z,Port MacDonnell,2026-08-31T07:00:00Z,2026-08-31T17:00,4.7,242,9.7,0.0,3.18,11.45,230,3.18,0.0,0.2,270,-0.17,15.4,,unavailable (no satellite pass / dataset error),
75.8,Good,Getting rough,2026-08-31T12:04:41Z,Port MacDonnell,2026-08-31T08:00:00Z,2026-08-31T18:00,3.6,221,9.7,0.0,3.16,11.45,230,3.16,0.0,0.2,270,-0.3,15.4,,unavailable (no satellite pass / dataset error),
78.1,Good,Getting rough,2026-08-31T12:04:41Z,Port MacDonnell,2026-08-31T09:00:00Z,2026-08-31T19:00,0.6,214,5.0,0.0,3.14,11.5,230,3.14,0.0,0.2,270,-0.38,15.3,,unavailable (no satellite pass / dataset error),
75.0,Good,Getting rough,2026-08-31T12:04:41Z,Port MacDonnell,2026-08-31T10:00:00Z,2026-08-31T20:00,4.7,2,5.0,0.0,3.12,11.5,230,3.12,0.02,0.2,270,-0.39,15.2,,unavailable (no satellite pass / dataset error),
71.3,Good,Getting rough,2026-08-31T12:04:41Z,Port MacDonnell,2026-08-31T11:00:00Z,2026-08-31T21:00,9.7,359,15.5,0.0,3.1,11.55,230,3.1,0.02,0.2,270,-0.32,15.1,,unavailable (no satellite pass / dataset error),
69.3,Good,Getting rough,2026-08-31T12:04:41Z,Port MacDonnell,2026-08-31T12:00:00Z,2026-08-31T22:00,12.3,355,19.8,0.0,3.08,11.55,230,3.08,0.04,0.2,270,-0.18,15.1,,unavailable (no satellite pass / dataset error),
73.4,Good,Getting rough,2026-08-31T12:04:41Z,Cape Bridgewater,2026-08-31T07:00:00Z,2026-08-31T17:00,6.3,125,18.4,0.0,2.44,9.7,225,2.7,0.0,0.4,297,-0.17,15.4,,unavailable (no satellite pass / dataset error),
75.8,Good,Getting rough,2026-08-31T12:04:41Z,Cape Bridgewater,2026-08-31T08:00:00Z,2026-08-31T18:00,3.2,128,13.0,0.0,2.4,9.65,224,2.68,0.0,0.4,297,-0.3,15.3,,unavailable (no satellite pass / dataset error),
75.8,Good,Getting rough,2026-08-31T12:04:41Z,Cape Bridgewater,2026-08-31T09:00:00Z,2026-08-31T19:00,3.2,106,4.3,0.0,2.34,9.7,224,2.66,0.0,0.4,297,-0.37,15.3,,unavailable (no satellite pass / dataset error),
76.1,Good,Getting rough,2026-08-31T12:04:41Z,Cape Bridgewater,2026-08-31T10:00:00Z,2026-08-31T20:00,2.8,27,4.3,0.0,2.44,10.0,224,2.64,0.02,0.4,297,-0.38,15.2,,unavailable (no satellite pass / dataset error),
72.7,Good,Getting rough,2026-08-31T12:04:41Z,Cape Bridgewater,2026-08-31T11:00:00Z,2026-08-31T21:00,7.2,346,10.8,0.0,2.52,10.45,224,2.64,0.02,0.4,297,-0.3,15.1,,unavailable (no satellite pass / dataset error),
70.2,Good,Getting rough,2026-08-31T12:04:41Z,Cape Bridgewater,2026-08-31T12:00:00Z,2026-08-31T22:00,11.1,338,18.0,0.0,2.62,10.8,224,2.62,0.04,0.2,270,-0.16,15.1,,unavailable (no satellite pass / dataset error),
74.6,Good,Getting rough,2026-08-31T12:04:41Z,Portland Bay,2026-08-31T07:00:00Z,2026-08-31T17:00,5.6,117,16.6,0.0,2.36,10.55,223,2.38,0.0,0.6,252,-0.17,15.2,,unavailable (no satellite pass / dataset error),
77.1,Good,Getting rough,2026-08-31T12:04:41Z,Portland Bay,2026-08-31T08:00:00Z,2026-08-31T18:00,2.8,145,11.2,0.0,2.36,10.65,222,2.38,0.0,0.4,243,-0.3,15.1,,unavailable (no satellite pass / dataset error),
78.8,Good,Getting rough,2026-08-31T12:04:41Z,Portland Bay,2026-08-31T09:00:00Z,2026-08-31T19:00,1.0,121,4.0,0.0,2.36,10.75,222,2.36,0.0,0.3,225,-0.38,15.1,,unavailable (no satellite pass / dataset error),
76.8,Good,Getting rough,2026-08-31T12:04:41Z,Portland Bay,2026-08-31T10:00:00Z,2026-08-31T20:00,3.9,336,4.7,0.0,2.36,10.8,222,2.36,0.0,0.2,270,-0.38,15.0,,unavailable (no satellite pass / dataset error),
72.6,Good,Getting rough,2026-08-31T12:04:41Z,Portland Bay,2026-08-31T11:00:00Z,2026-08-31T21:00,9.5,333,15.1,0.0,2.34,10.8,221,2.34,0.02,0.3,225,-0.3,14.9,,unavailable (no satellite pass / dataset error),
72.2,Good,Getting rough,2026-08-31T12:04:41Z,Portland Bay,2026-08-31T12:00:00Z,2026-08-31T22:00,10.2,336,16.6,0.0,2.34,10.8,221,2.34,0.02,0.2,180,-0.16,14.9,,unavailable (no satellite pass / dataset error),
74.8,Good,Getting rough,2026-08-31T12:04:41Z,Bay of Islands,2026-08-31T07:00:00Z,2026-08-31T17:00,5.5,167,14.0,0.0,2.3,8.55,229,2.76,0.0,0.0,90,-0.21,14.7,,unavailable (no satellite pass / dataset error),
76.3,Good,Getting rough,2026-08-31T12:04:41Z,Bay of Islands,2026-08-31T08:00:00Z,2026-08-31T18:00,3.5,141,11.9,0.0,2.26,8.55,228,2.76,0.0,0.0,90,-0.34,14.6,,unavailable (no satellite pass / dataset error),
75.0,Good,Getting rough,2026-08-31T12:04:41Z,Bay of Islands,2026-08-31T09:00:00Z,2026-08-31T19:00,4.4,97,6.5,0.0,2.22,8.5,228,2.74,0.0,0.3,135,-0.4,14.5,,unavailable (no satellite pass / dataset error),
73.2,Good,Getting rough,2026-08-31T12:04:41Z,Bay of Islands,2026-08-31T10:00:00Z,2026-08-31T20:00,6.9,49,10.8,0.0,2.16,8.4,227,2.72,0.02,0.3,135,-0.38,14.5,,unavailable (no satellite pass / dataset error),
69.3,Good,Getting rough,2026-08-31T12:04:41Z,Bay of Islands,2026-08-31T11:00:00Z,2026-08-31T21:00,12.1,23,18.7,0.0,2.08,8.3,226,2.72,0.02,0.3,135,-0.29,14.4,,unavailable (no satellite pass / dataset error),
66.1,Good,Getting rough,2026-08-31T12:04:41Z,Bay of Islands,2026-08-31T12:00:00Z,2026-08-31T22:00,16.0,11,25.6,0.0,2.02,8.25,225,2.7,0.04,0.4,153,-0.14,14.3,,unavailable (no satellite pass / dataset error),
72.4,Good,Getting rough,2026-08-31T12:04:41Z,Cape Otway Lightstation,2026-08-31T07:00:00Z,2026-08-31T17:00,4.5,130,16.9,0.0,3.1,10.5,232,3.1,0.0,1.6,276,-0.32,14.4,,unavailable (no satellite pass / dataset error),
74.8,Good,Getting rough,2026-08-31T12:04:41Z,Cape Otway Lightstation,2026-08-31T08:00:00Z,2026-08-31T18:00,3.1,90,11.9,0.0,3.12,10.55,231,3.12,0.02,0.9,270,-0.5,14.4,,unavailable (no satellite pass / dataset error),
74.9,Good,Getting rough,2026-08-31T12:04:41Z,Cape Otway Lightstation,2026-08-31T09:00:00Z,2026-08-31T19:00,4.8,29,9.0,0.0,3.12,10.65,231,3.12,0.02,0.2,270,-0.57,14.4,,unavailable (no satellite pass / dataset error),
73.1,Good,Getting rough,2026-08-31T12:04:41Z,Cape Otway Lightstation,2026-08-31T10:00:00Z,2026-08-31T20:00,6.2,10,13.3,0.0,3.12,10.75,231,3.12,0.02,0.6,108,-0.51,14.3,,unavailable (no satellite pass / dataset error),
70.7,Good,Getting rough,2026-08-31T12:04:41Z,Cape Otway Lightstation,2026-08-31T11:00:00Z,2026-08-31T21:00,8.1,356,16.9,0.0,3.1,10.8,230,3.1,0.02,1.1,99,-0.36,14.3,,unavailable (no satellite pass / dataset error),
68.0,Good,Getting rough,2026-08-31T12:04:41Z,Cape Otway Lightstation,2026-08-31T12:00:00Z,2026-08-31T22:00,10.6,357,20.9,0.0,3.1,10.85,230,3.1,0.02,1.5,97,-0.14,14.3,,unavailable (no satellite pass / dataset error),
72.0,Good,Getting rough,2026-08-31T12:04:41Z,Apollo Bay,2026-08-31T07:00:00Z,2026-08-31T17:00,5.8,110,18.4,0.0,3.06,10.5,233,3.08,0.0,1.3,236,-0.36,14.4,,unavailable (no satellite pass / dataset error),
73.4,Good,Getting rough,2026-08-31T12:04:41Z,Apollo Bay,2026-08-31T08:00:00Z,2026-08-31T18:00,4.7,86,13.3,0.0,3.08,10.6,233,3.08,0.02,1.0,225,-0.59,14.3,,unavailable (no satellite pass / dataset error),
73.1,Good,Getting rough,2026-08-31T12:04:41Z,Apollo Bay,2026-08-31T09:00:00Z,2026-08-31T19:00,6.4,45,11.9,0.0,3.08,10.65,233,3.1,0.02,0.5,225,-0.68,14.3,,unavailable (no satellite pass / dataset error),
73.6,Good,Getting rough,2026-08-31T12:04:41Z,Apollo Bay,2026-08-31T10:00:00Z,2026-08-31T20:00,6.3,24,13.7,0.0,3.08,10.7,232,3.08,0.02,0.3,135,-0.61,14.2,,unavailable (no satellite pass / dataset error),
72.5,Good,Getting rough,2026-08-31T12:04:41Z,Apollo Bay,2026-08-31T11:00:00Z,2026-08-31T21:00,7.0,360,15.1,0.0,3.06,10.8,232,3.08,0.04,0.6,72,-0.42,14.2,,unavailable (no satellite pass / dataset error),
70.0,Good,Getting rough,2026-08-31T12:04:41Z,Apollo Bay,2026-08-31T12:00:00Z,2026-08-31T22:00,9.3,347,18.7,0.0,3.06,10.85,231,3.06,0.04,0.9,79,-0.17,14.1,,unavailable (no satellite pass / dataset error),
76.9,Good,Getting rough,2026-08-31T12:04:41Z,Kennett River,2026-08-31T07:00:00Z,2026-08-31T17:00,5.0,88,17.3,0.0,1.9,9.85,227,1.94,0.0,1.5,240,-0.37,14.1,,unavailable (no satellite pass / dataset error),
76.3,Good,Getting rough,2026-08-31T12:04:41Z,Kennett River,2026-08-31T08:00:00Z,2026-08-31T18:00,7.2,51,13.3,0.0,1.94,10.05,226,1.94,0.02,1.0,239,-0.63,14.1,,unavailable (no satellite pass / dataset error),
75.8,Good,Getting rough,2026-08-31T12:04:41Z,Kennett River,2026-08-31T09:00:00Z,2026-08-31T19:00,8.6,10,16.2,0.0,1.96,10.25,226,1.96,0.02,0.6,236,-0.75,14.0,,unavailable (no satellite pass / dataset error),
76.5,Good,Getting rough,2026-08-31T12:04:41Z,Kennett River,2026-08-31T10:00:00Z,2026-08-31T20:00,8.5,353,17.3,0.0,1.96,10.35,226,1.96,0.02,0.3,225,-0.67,14.0,,unavailable (no satellite pass / dataset error),
76.2,Good,Getting rough,2026-08-31T12:04:41Z,Kennett River,2026-08-31T11:00:00Z,2026-08-31T21:00,8.6,334,18.0,0.0,1.96,10.45,225,1.96,0.02,0.4,90,-0.46,13.9,,unavailable (no satellite pass / dataset error),
75.2,Good,Getting rough,2026-08-31T12:04:41Z,Kennett River,2026-08-31T12:00:00Z,2026-08-31T22:00,9.4,330,20.2,0.0,1.96,10.5,225,1.96,0.02,0.6,72,-0.2,13.9,,unavailable (no satellite pass / dataset error),
82.6,Excellent,Doable,2026-08-31T12:04:41Z,Torquay,2026-08-31T07:00:00Z,2026-08-31T17:00,7.5,60,15.1,0.0,1.16,9.4,214,1.18,0.02,0.9,233,-0.4,13.9,,unavailable (no satellite pass / dataset error),
83.4,Excellent,Doable,2026-08-31T12:04:41Z,Torquay,2026-08-31T08:00:00Z,2026-08-31T18:00,6.6,53,13.3,0.0,1.18,9.7,214,1.2,0.02,0.8,225,-0.74,13.9,,unavailable (no satellite pass / dataset error),
84.1,Excellent,Doable,2026-08-31T12:04:41Z,Torquay,2026-08-31T09:00:00Z,2026-08-31T19:00,6.1,32,11.5,0.0,1.2,9.85,215,1.2,0.02,0.6,214,-0.9,13.8,,unavailable (no satellite pass / dataset error),
84.1,Excellent,Doable,2026-08-31T12:04:41Z,Torquay,2026-08-31T10:00:00Z,2026-08-31T20:00,6.6,16,10.4,0.0,1.12,9.5,214,1.2,0.02,0.4,207,-0.82,13.7,,unavailable (no satellite pass / dataset error),
83.5,Excellent,Doable,2026-08-31T12:04:41Z,Torquay,2026-08-31T11:00:00Z,2026-08-31T21:00,7.5,10,12.2,0.0,1.04,8.9,213,1.2,0.04,0.4,180,-0.58,13.7,,unavailable (no satellite pass / dataset error),
82.5,Excellent,Doable,2026-08-31T12:04:41Z,Torquay,2026-08-31T12:00:00Z,2026-08-31T22:00,9.0,3,14.8,0.0,0.96,8.65,212,1.2,0.04,0.3,135,-0.28,13.6,,unavailable (no satellite pass / dataset error),
80.7,Excellent,Bit dodgy,2026-08-31T12:04:41Z,Port Phillip Heads (J5 Submarine),2026-08-31T07:00:00Z,2026-08-31T17:00,8.6,54,19.1,0.0,1.28,9.35,217,1.36,0.02,0.7,270,-0.4,14.2,,unavailable (no satellite pass / dataset error),
81.6,Excellent,Bit dodgy,2026-08-31T12:04:41Z,Port Phillip Heads (J5 Submarine),2026-08-31T08:00:00Z,2026-08-31T18:00,7.9,57,18.0,0.0,1.3,9.5,218,1.36,0.0,0.5,270,-0.75,14.1,,unavailable (no satellite pass / dataset error),
82.5,Excellent,Bit dodgy,2026-08-31T12:04:41Z,Port Phillip Heads (J5 Submarine),2026-08-31T09:00:00Z,2026-08-31T19:00,6.8,48,13.7,0.0,1.3,9.65,219,1.38,0.0,0.4,270,-0.92,14.0,,unavailable (no satellite pass / dataset error),
81.7,Excellent,Bit dodgy,2026-08-31T12:04:41Z,Port Phillip Heads (J5 Submarine),2026-08-31T10:00:00Z,2026-08-31T20:00,8.4,37,13.3,0.0,1.26,9.8,219,1.38,0.0,0.2,270,-0.85,13.9,,unavailable (no satellite pass / dataset error),
80.6,Excellent,Bit dodgy,2026-08-31T12:04:41Z,Port Phillip Heads (J5 Submarine),2026-08-31T11:00:00Z,2026-08-31T21:00,9.8,30,15.8,0.0,1.24,9.95,219,1.38,0.02,0.2,270,-0.61,13.8,,unavailable (no satellite pass / dataset error),
80.3,Excellent,Doable,2026-08-31T12:04:41Z,Port Phillip Heads (J5 Submarine),2026-08-31T12:00:00Z,2026-08-31T22:00,10.8,18,17.6,0.0,1.2,10.1,219,1.38,0.02,0.0,90,-0.3,13.7,,unavailable (no satellite pass / dataset error),
80.1,Excellent,Bit dodgy,2026-08-31T12:04:41Z,Queenscliff,2026-08-31T07:00:00Z,2026-08-31T17:00,7.6,62,19.8,0.0,1.44,9.75,221,1.5,0.02,0.8,243,-0.4,14.1,,unavailable (no satellite pass / dataset error),
82.6,Excellent,Bit dodgy,2026-08-31T12:04:41Z,Queenscliff,2026-08-31T08:00:00Z,2026-08-31T18:00,4.8,79,14.8,0.0,1.44,9.6,220,1.5,0.0,0.6,236,-0.76,14.1,,unavailable (no satellite pass / dataset error),
82.7,Excellent,Bit dodgy,2026-08-31T12:04:41Z,Queenscliff,2026-08-31T09:00:00Z,2026-08-31T19:00,5.0,75,8.3,0.0,1.42,9.65,220,1.52,0.0,0.4,243,-0.93,13.9,,unavailable (no satellite pass / dataset error),
82.6,Excellent,Bit dodgy,2026-08-31T12:04:41Z,Queenscliff,2026-08-31T10:00:00Z,2026-08-31T20:00,5.6,59,8.3,0.0,1.4,10.15,222,1.52,0.0,0.2,270,-0.86,13.8,,unavailable (no satellite pass / dataset error),
82.4,Excellent,Bit dodgy,2026-08-31T12:04:41Z,Queenscliff,2026-08-31T11:00:00Z,2026-08-31T21:00,6.2,49,9.4,0.0,1.4,10.9,225,1.54,0.02,0.0,90,-0.63,13.7,,unavailable (no satellite pass / dataset error),
80.9,Excellent,Bit dodgy,2026-08-31T12:04:41Z,Queenscliff,2026-08-31T12:00:00Z,2026-08-31T22:00,7.4,29,12.6,0.0,1.38,11.35,227,1.54,0.02,0.3,45,-0.32,13.6,,unavailable (no satellite pass / dataset error),
80.8,Excellent,Getting rough,2026-08-31T12:04:41Z,Blairgowrie Back Beach,2026-08-31T07:00:00Z,2026-08-31T17:00,4.2,5,15.8,0.0,1.86,10.3,226,1.86,0.0,0.2,270,-0.38,14.1,,unavailable (no satellite pass / dataset error),
82.2,Excellent,Getting rough,2026-08-31T12:04:41Z,Blairgowrie Back Beach,2026-08-31T08:00:00Z,2026-08-31T18:00,2.1,38,8.6,0.0,1.88,10.45,226,1.88,0.0,0.2,270,-0.75,14.0,,unavailable (no satellite pass / dataset error),
80.9,Excellent,Getting rough,2026-08-31T12:04:41Z,Blairgowrie Back Beach,2026-08-31T09:00:00Z,2026-08-31T19:00,3.4,90,4.7,0.0,1.9,10.55,226,1.9,0.0,0.3,315,-0.93,13.9,,unavailable (no satellite pass / dataset error),
79.6,Good,Getting rough,2026-08-31T12:04:41Z,Blairgowrie Back Beach,2026-08-31T10:00:00Z,2026-08-31T20:00,5.1,86,7.9,0.0,1.9,10.65,226,1.9,0.0,0.3,315,-0.87,13.8,,unavailable (no satellite pass / dataset error),
77.2,Good,Getting rough,2026-08-31T12:04:41Z,Blairgowrie Back Beach,2026-08-31T11:00:00Z,2026-08-31T21:00,8.8,59,14.4,0.0,1.9,10.75,226,1.92,0.02,0.0,90,-0.64,13.7,,unavailable (no satellite pass / dataset error),
76.5,Good,Getting rough,2026-08-31T12:04:41Z,Blairgowrie Back Beach,2026-08-31T12:00:00Z,2026-08-31T22:00,9.7,42,16.2,0.0,1.9,10.8,226,1.92,0.02,0.0,90,-0.32,13.6,,unavailable (no satellite pass / dataset error),
78.7,Good,Getting rough,2026-08-31T12:04:41Z,Cape Schanck,2026-08-31T07:00:00Z,2026-08-31T17:00,3.2,183,10.4,0.0,2.02,10.45,233,2.1,0.0,0.6,304,-0.36,14.1,,unavailable (no satellite pass / dataset error),
79.0,Good,Getting rough,2026-08-31T12:04:41Z,Cape Schanck,2026-08-31T08:00:00Z,2026-08-31T18:00,2.8,140,8.3,0.0,2.06,10.45,233,2.1,0.0,0.6,288,-0.73,14.0,,unavailable (no satellite pass / dataset error),
77.7,Good,Getting rough,2026-08-31T12:04:41Z,Cape Schanck,2026-08-31T09:00:00Z,2026-08-31T19:00,4.3,112,6.1,0.0,2.08,10.3,233,2.12,0.0,0.6,288,-0.93,13.9,,unavailable (no satellite pass / dataset error),
77.5,Good,Getting rough,2026-08-31T12:04:41Z,Cape Schanck,2026-08-31T10:00:00Z,2026-08-31T20:00,5.1,82,7.9,0.0,1.98,9.85,232,2.12,0.0,0.4,270,-0.88,13.9,,unavailable (no satellite pass / dataset error),
76.4,Good,Getting rough,2026-08-31T12:04:41Z,Cape Schanck,2026-08-31T11:00:00Z,2026-08-31T21:00,7.4,49,11.9,0.0,1.86,9.35,232,2.1,0.02,0.2,270,-0.65,13.8,,unavailable (no satellite pass / dataset error),
75.5,Good,Getting rough,2026-08-31T12:04:41Z,Cape Schanck,2026-08-31T12:00:00Z,2026-08-31T22:00,8.5,32,14.4,0.0,1.76,9.1,231,2.1,0.02,0.2,180,-0.33,13.7,,unavailable (no satellite pass / dataset error),
78.0,Good,Getting rough,2026-08-31T12:04:41Z,Cape Paterson,2026-08-31T07:00:00Z,2026-08-31T17:00,7.4,198,17.3,0.0,1.86,9.95,241,1.86,0.02,0.4,0,-0.33,13.8,,unavailable (no satellite pass / dataset error),
80.1,Excellent,Getting rough,2026-08-31T12:04:41Z,Cape Paterson,2026-08-31T08:00:00Z,2026-08-31T18:00,4.6,169,14.4,0.0,1.86,10.1,241,1.86,0.0,0.4,333,-0.72,13.8,,unavailable (no satellite pass / dataset error),
80.7,Excellent,Getting rough,2026-08-31T12:04:41Z,Cape Paterson,2026-08-31T09:00:00Z,2026-08-31T19:00,3.3,112,6.8,0.0,1.88,10.2,241,1.88,0.0,0.5,315,-0.96,13.7,,unavailable (no satellite pass / dataset error),
79.6,Good,Getting rough,2026-08-31T12:04:41Z,Cape Paterson,2026-08-31T10:00:00Z,2026-08-31T20:00,4.8,68,7.2,0.0,1.86,10.2,241,1.88,0.0,0.5,315,-0.97,13.7,,unavailable (no satellite pass / dataset error),
77.1,Good,Getting rough,2026-08-31T12:04:41Z,Cape Paterson,2026-08-31T11:00:00Z,2026-08-31T21:00,8.3,51,13.3,0.0,1.84,10.2,240,1.88,0.02,0.4,333,-0.75,13.7,,unavailable (no satellite pass / dataset error),
77.3,Good,Getting rough,2026-08-31T12:04:41Z,Cape Paterson,2026-08-31T12:00:00Z,2026-08-31T22:00,8.3,41,14.8,0.0,1.82,10.2,240,1.88,0.02,0.3,315,-0.4,13.7,,unavailable (no satellite pass / dataset error),
71.0,Good,Bit dodgy,2026-08-31T12:04:41Z,Wilsons Prom (West - Norman Bay),2026-08-31T07:00:00Z,2026-08-31T17:00,16.9,263,27.0,0.0,1.36,8.95,229,1.8,0.22,0.6,72,-0.29,13.6,,unavailable (no satellite pass / dataset error),
73.9,Good,Bit dodgy,2026-08-31T12:04:41Z,Wilsons Prom (West - Norman Bay),2026-08-31T08:00:00Z,2026-08-31T18:00,13.7,253,22.3,0.0,1.38,9.05,229,1.78,0.12,0.4,27,-0.68,13.6,,unavailable (no satellite pass / dataset error),
77.1,Good,Bit dodgy,2026-08-31T12:04:41Z,Wilsons Prom (West - Norman Bay),2026-08-31T09:00:00Z,2026-08-31T19:00,9.5,261,18.4,0.0,1.38,9.15,229,1.78,0.0,0.4,0,-0.92,13.6,,unavailable (no satellite pass / dataset error),
78.6,Good,Bit dodgy,2026-08-31T12:04:41Z,Wilsons Prom (West - Norman Bay),2026-08-31T10:00:00Z,2026-08-31T20:00,7.5,297,13.3,0.0,1.38,9.3,229,1.78,0.0,0.4,333,-0.96,13.6,,unavailable (no satellite pass / dataset error),
77.7,Good,Bit dodgy,2026-08-31T12:04:41Z,Wilsons Prom (West - Norman Bay),2026-08-31T11:00:00Z,2026-08-31T21:00,8.9,332,12.2,0.0,1.38,9.5,230,1.76,0.02,0.4,333,-0.77,13.6,,unavailable (no satellite pass / dataset error),
75.7,Good,Bit dodgy,2026-08-31T12:04:41Z,Wilsons Prom (West - Norman Bay),2026-08-31T12:00:00Z,2026-08-31T22:00,11.8,354,15.5,0.0,1.38,9.65,230,1.76,0.02,0.3,315,-0.42,13.6,,unavailable (no satellite pass / dataset error),
81.5,Excellent,Doable,2026-08-31T12:04:41Z,Wilsons Prom (East - Sealers Cove),2026-08-31T07:00:00Z,2026-08-31T17:00,10.4,247,31.7,0.0,0.82,9.4,234,1.22,0.3,0.2,90,-0.18,13.3,,unavailable (no satellite pass / dataset error),
82.4,Excellent,Doable,2026-08-31T12:04:41Z,Wilsons Prom (East - Sealers Cove),2026-08-31T08:00:00Z,2026-08-31T18:00,9.2,242,24.5,0.0,0.84,9.5,234,1.22,0.18,0.2,90,-0.51,13.3,,unavailable (no satellite pass / dataset error),
84.7,Excellent,Doable,2026-08-31T12:04:41Z,Wilsons Prom (East - Sealers Cove),2026-08-31T09:00:00Z,2026-08-31T19:00,6.9,240,17.3,0.0,0.84,9.6,234,1.2,0.06,0.0,90,-0.74,13.2,,unavailable (no satellite pass / dataset error),
87.2,Excellent,Doable,2026-08-31T12:04:41Z,Wilsons Prom (East - Sealers Cove),2026-08-31T10:00:00Z,2026-08-31T20:00,3.8,253,11.9,0.0,0.84,9.75,234,1.18,0.04,0.0,90,-0.79,13.2,,unavailable (no satellite pass / dataset error),
88.0,Excellent,Doable,2026-08-31T12:04:41Z,Wilsons Prom (East - Sealers Cove),2026-08-31T11:00:00Z,2026-08-31T21:00,2.2,284,7.6,0.0,0.84,9.95,233,1.18,0.02,0.2,180,-0.67,13.2,,unavailable (no satellite pass / dataset error),
88.4,Excellent,Doable,2026-08-31T12:04:41Z,Wilsons Prom (East - Sealers Cove),2026-08-31T12:00:00Z,2026-08-31T22:00,1.9,331,6.5,0.0,0.84,10.0,233,1.16,0.0,0.2,180,-0.4,13.2,,unavailable (no satellite pass / dataset error),
83.4,Excellent,Doable,2026-08-31T12:04:41Z,Mallacoota,2026-08-31T07:00:00Z,2026-08-31T17:00,7.0,170,25.6,0.0,1.02,7.65,177,1.2,0.06,0.6,18,-0.37,14.9,,unavailable (no satellite pass / dataset error),
88.1,Excellent,Doable,2026-08-31T12:04:41Z,Mallacoota,2026-08-31T08:00:00Z,2026-08-31T18:00,1.5,166,14.8,0.0,1.08,7.85,179,1.18,0.04,0.4,0,-0.19,14.9,,unavailable (no satellite pass / dataset error),
89.1,Excellent,Doable,2026-08-31T12:04:41Z,Mallacoota,2026-08-31T09:00:00Z,2026-08-31T19:00,0.8,27,1.8,0.0,1.12,8.0,180,1.16,0.0,0.2,0,0.04,14.8,,unavailable (no satellite pass / dataset error),
87.3,Excellent,Doable,2026-08-31T12:04:41Z,Mallacoota,2026-08-31T10:00:00Z,2026-08-31T20:00,3.1,21,4.7,0.0,1.1,8.05,178,1.16,0.0,0.2,0,0.26,14.8,,unavailable (no satellite pass / dataset error),
83.6,Excellent,Doable,2026-08-31T12:04:41Z,Mallacoota,2026-08-31T11:00:00Z,2026-08-31T21:00,8.3,22,12.6,0.0,1.1,8.05,176,1.14,0.02,0.2,270,0.42,14.8,,unavailable (no satellite pass / dataset error),
81.4,Excellent,Doable,2026-08-31T12:04:41Z,Mallacoota,2026-08-31T12:00:00Z,2026-08-31T22:00,10.9,9,18.7,0.0,1.08,8.05,174,1.14,0.02,0.3,225,0.46,14.8,,unavailable (no satellite pass / dataset error),
93.9,Excellent,,2026-08-31T12:04:41Z,Eden,2026-08-31T07:00:00Z,2026-08-31T17:00,5.4,60,18.7,0.0,,,,,,0.4,153,-0.36,17.1,,unavailable (no satellite pass / dataset error),
95.8,Excellent,,2026-08-31T12:04:41Z,Eden,2026-08-31T08:00:00Z,2026-08-31T18:00,3.4,47,11.5,0.0,,,,,,0.4,153,-0.16,17.1,,unavailable (no satellite pass / dataset error),
94.6,Excellent,,2026-08-31T12:04:41Z,Eden,2026-08-31T09:00:00Z,2026-08-31T19:00,4.6,21,7.9,0.0,,,,,,0.4,153,0.1,17.0,,unavailable (no satellite pass / dataset error),
92.2,Excellent,,2026-08-31T12:04:41Z,Eden,2026-08-31T10:00:00Z,2026-08-31T20:00,7.1,350,11.5,0.0,,,,,,0.4,153,0.34,17.0,,unavailable (no satellite pass / dataset error),
90.0,Excellent,,2026-08-31T12:04:41Z,Eden,2026-08-31T11:00:00Z,2026-08-31T21:00,9.5,341,16.2,0.0,,,,,,0.4,153,0.51,16.9,,unavailable (no satellite pass / dataset error),
89.3,Excellent,,2026-08-31T12:04:41Z,Eden,2026-08-31T12:00:00Z,2026-08-31T22:00,10.2,336,18.7,0.0,,,,,,0.4,153,0.55,16.9,,unavailable (no satellite pass / dataset error),
84.4,Excellent,Doable,2026-08-31T12:04:41Z,Green Cape,2026-08-31T07:00:00Z,2026-08-31T17:00,5.2,94,16.2,0.0,1.0,7.0,182,1.2,0.02,0.8,153,-0.36,17.4,,unavailable (no satellite pass / dataset error),
86.0,Excellent,Doable,2026-08-31T12:04:41Z,Green Cape,2026-08-31T08:00:00Z,2026-08-31T18:00,3.0,73,10.4,0.0,1.06,7.1,178,1.18,0.02,0.9,143,-0.16,17.3,,unavailable (no satellite pass / dataset error),
84.2,Excellent,Doable,2026-08-31T12:04:41Z,Green Cape,2026-08-31T09:00:00Z,2026-08-31T19:00,5.4,20,7.2,0.0,1.14,7.15,173,1.18,0.0,0.9,143,0.09,17.3,,unavailable (no satellite pass / dataset error),
80.5,Excellent,Doable,2026-08-31T12:04:41Z,Green Cape,2026-08-31T10:00:00Z,2026-08-31T20:00,10.6,359,18.4,0.0,1.1,7.15,172,1.16,0.02,0.9,143,0.33,17.2,,unavailable (no satellite pass / dataset error),
78.8,Good,Doable,2026-08-31T12:04:41Z,Green Cape,2026-08-31T11:00:00Z,2026-08-31T21:00,12.6,358,23.4,0.0,1.08,7.1,171,1.16,0.06,1.0,158,0.49,17.2,,unavailable (no satellite pass / dataset error),
78.1,Good,Doable,2026-08-31T12:04:41Z,Green Cape,2026-08-31T12:00:00Z,2026-08-31T22:00,13.7,347,24.8,0.0,1.04,7.15,170,1.14,0.08,1.0,158,0.53,17.1,,unavailable (no satellite pass / dataset error),
88.3,Excellent,Great,2026-08-31T12:04:41Z,Tathra,2026-08-31T07:00:00Z,2026-08-31T17:00,6.3,70,24.1,0.0,0.48,8.55,124,0.66,0.0,0.7,194,-0.36,17.5,,unavailable (no satellite pass / dataset error),
89.8,Excellent,Great,2026-08-31T12:04:41Z,Tathra,2026-08-31T08:00:00Z,2026-08-31T18:00,4.3,73,12.6,0.0,0.5,8.55,125,0.66,0.0,0.7,194,-0.16,17.5,,unavailable (no satellite pass / dataset error),
89.1,Excellent,Great,2026-08-31T12:04:41Z,Tathra,2026-08-31T09:00:00Z,2026-08-31T19:00,4.7,40,7.9,0.0,0.5,8.55,125,0.66,0.0,0.9,191,0.1,17.5,,unavailable (no satellite pass / dataset error),
88.5,Excellent,Great,2026-08-31T12:04:41Z,Tathra,2026-08-31T10:00:00Z,2026-08-31T20:00,5.5,11,9.0,0.0,0.5,8.55,125,0.66,0.0,0.9,191,0.35,17.4,,unavailable (no satellite pass / dataset error),
88.5,Excellent,Great,2026-08-31T12:04:41Z,Tathra,2026-08-31T11:00:00Z,2026-08-31T21:00,5.5,349,9.7,0.0,0.5,8.55,124,0.66,0.02,0.9,191,0.51,17.4,,unavailable (no satellite pass / dataset error),
88.5,Excellent,Great,2026-08-31T12:04:41Z,Tathra,2026-08-31T12:00:00Z,2026-08-31T22:00,5.5,319,10.4,0.0,0.5,8.55,124,0.66,0.02,0.9,191,0.56,17.4,,unavailable (no satellite pass / dataset error),
81.3,Excellent,Bit dodgy,2026-08-31T12:04:41Z,Bermagui,2026-08-31T07:00:00Z,2026-08-31T17:00,8.3,33,23.4,0.0,1.26,8.05,139,1.36,0.06,0.5,180,-0.35,17.6,,unavailable (no satellite pass / dataset error),
81.2,Excellent,Bit dodgy,2026-08-31T12:04:41Z,Bermagui,2026-08-31T08:00:00Z,2026-08-31T18:00,8.4,28,16.2,0.0,1.26,8.0,138,1.36,0.06,0.5,180,-0.14,17.6,,unavailable (no satellite pass / dataset error),
79.5,Good,Bit dodgy,2026-08-31T12:04:41Z,Bermagui,2026-08-31T09:00:00Z,2026-08-31T19:00,10.4,15,16.9,0.0,1.26,8.0,138,1.36,0.04,0.6,162,0.12,17.5,,unavailable (no satellite pass / dataset error),
79.8,Good,Bit dodgy,2026-08-31T12:04:41Z,Bermagui,2026-08-31T10:00:00Z,2026-08-31T20:00,10.3,3,18.0,0.0,1.24,8.0,138,1.34,0.06,0.6,162,0.37,17.5,,unavailable (no satellite pass / dataset error),
80.0,Excellent,Bit dodgy,2026-08-31T12:04:41Z,Bermagui,2026-08-31T11:00:00Z,2026-08-31T21:00,10.0,346,17.3,0.0,1.24,8.0,138,1.34,0.1,0.6,162,0.54,17.5,,unavailable (no satellite pass / dataset error),
79.6,Good,Bit dodgy,2026-08-31T12:04:41Z,Bermagui,2026-08-31T12:00:00Z,2026-08-31T22:00,10.5,329,18.7,0.0,1.22,8.0,138,1.32,0.12,0.6,162,0.58,17.4,,unavailable (no satellite pass / dataset error),
83.4,Excellent,Doable,2026-08-31T12:04:41Z,Narooma,2026-08-31T07:00:00Z,2026-08-31T17:00,8.5,46,24.1,0.0,0.98,8.3,148,1.12,0.06,0.4,207,-0.35,17.5,,unavailable (no satellite pass / dataset error),
83.1,Excellent,Doable,2026-08-31T12:04:41Z,Narooma,2026-08-31T08:00:00Z,2026-08-31T18:00,8.6,30,16.9,0.0,0.98,8.25,148,1.12,0.06,0.5,180,-0.14,17.4,,unavailable (no satellite pass / dataset error),
84.1,Excellent,Doable,2026-08-31T12:04:41Z,Narooma,2026-08-31T09:00:00Z,2026-08-31T19:00,7.3,17,13.3,0.0,0.98,8.25,148,1.12,0.04,0.5,180,0.12,17.4,,unavailable (no satellite pass / dataset error),
84.4,Excellent,Doable,2026-08-31T12:04:41Z,Narooma,2026-08-31T10:00:00Z,2026-08-31T20:00,6.8,348,11.5,0.0,0.98,8.25,148,1.1,0.06,0.6,162,0.37,17.3,,unavailable (no satellite pass / dataset error),
83.5,Excellent,Doable,2026-08-31T12:04:41Z,Narooma,2026-08-31T11:00:00Z,2026-08-31T21:00,8.3,336,13.0,0.0,0.96,8.25,147,1.08,0.06,0.6,162,0.54,17.3,,unavailable (no satellite pass / dataset error),
84.6,Excellent,Doable,2026-08-31T12:04:41Z,Narooma,2026-08-31T12:00:00Z,2026-08-31T22:00,7.1,324,13.0,0.0,0.96,8.25,147,1.06,0.08,0.6,162,0.58,17.3,,unavailable (no satellite pass / dataset error),
79.7,Good,Bit dodgy,2026-08-31T12:04:41Z,Batemans Bay (Inside),2026-08-31T07:00:00Z,2026-08-31T17:00,10.0,64,27.7,0.0,1.28,8.35,151,1.28,0.1,1.0,202,-0.34,17.5,,unavailable (no satellite pass / dataset error),
80.4,Excellent,Bit dodgy,2026-08-31T12:04:41Z,Batemans Bay (Inside),2026-08-31T08:00:00Z,2026-08-31T18:00,8.9,56,19.4,0.0,1.28,8.3,150,1.28,0.1,1.1,198,-0.13,17.4,,unavailable (no satellite pass / dataset error),
81.9,Excellent,Bit dodgy,2026-08-31T12:04:41Z,Batemans Bay (Inside),2026-08-31T09:00:00Z,2026-08-31T19:00,6.9,41,14.8,0.0,1.28,8.25,150,1.28,0.1,1.1,189,0.13,17.4,,unavailable (no satellite pass / dataset error),
83.8,Excellent,Bit dodgy,2026-08-31T12:04:41Z,Batemans Bay (Inside),2026-08-31T10:00:00Z,2026-08-31T20:00,4.3,360,11.2,0.0,1.26,8.25,150,1.28,0.08,1.1,189,0.38,17.3,,unavailable (no satellite pass / dataset error),
84.1,Excellent,Bit dodgy,2026-08-31T12:04:41Z,Batemans Bay (Inside),2026-08-31T11:00:00Z,2026-08-31T21:00,4.1,319,7.2,0.0,1.26,8.25,150,1.26,0.08,1.1,189,0.55,17.3,,unavailable (no satellite pass / dataset error),
83.1,Excellent,Bit dodgy,2026-08-31T12:04:41Z,Batemans Bay (Inside),2026-08-31T12:00:00Z,2026-08-31T22:00,6.0,307,10.8,0.0,1.24,8.25,150,1.26,0.06,0.9,191,0.59,17.3,,unavailable (no satellite pass / dataset error),
79.6,Good,Bit dodgy,2026-08-31T12:04:41Z,Batemans Bay (Outside),2026-08-31T07:00:00Z,2026-08-31T17:00,10.0,64,27.7,0.0,1.24,8.35,148,1.3,0.1,1.0,202,-0.34,17.5,,unavailable (no satellite pass / dataset error),
80.0,Excellent,Bit dodgy,2026-08-31T12:04:41Z,Batemans Bay (Outside),2026-08-31T08:00:00Z,2026-08-31T18:00,8.9,56,19.4,0.0,1.26,8.3,147,1.32,0.08,1.1,198,-0.13,17.4,,unavailable (no satellite pass / dataset error),
81.5,Excellent,Bit dodgy,2026-08-31T12:04:41Z,Batemans Bay (Outside),2026-08-31T09:00:00Z,2026-08-31T19:00,6.9,41,14.8,0.0,1.26,8.25,147,1.32,0.08,1.1,189,0.13,17.4,,unavailable (no satellite pass / dataset error),
83.6,Excellent,Bit dodgy,2026-08-31T12:04:41Z,Batemans Bay (Outside),2026-08-31T10:00:00Z,2026-08-31T20:00,4.3,360,11.2,0.0,1.26,8.15,147,1.3,0.08,1.1,189,0.38,17.3,,unavailable (no satellite pass / dataset error),
83.8,Excellent,Bit dodgy,2026-08-31T12:04:41Z,Batemans Bay (Outside),2026-08-31T11:00:00Z,2026-08-31T21:00,4.1,319,7.2,0.0,1.26,8.05,146,1.3,0.08,1.1,189,0.55,17.3,,unavailable (no satellite pass / dataset error),
82.9,Excellent,Bit dodgy,2026-08-31T12:04:41Z,Batemans Bay (Outside),2026-08-31T12:00:00Z,2026-08-31T22:00,6.0,307,10.8,0.0,1.26,8.0,146,1.28,0.08,0.9,191,0.59,17.3,,unavailable (no satellite pass / dataset error),
84.2,Excellent,Doable,2026-08-31T12:04:41Z,Ulladulla,2026-08-31T07:00:00Z,2026-08-31T17:00,7.5,60,22.3,0.0,0.98,8.0,152,1.02,0.04,0.8,207,-0.34,17.5,,unavailable (no satellite pass / dataset error),
84.7,Excellent,Doable,2026-08-31T12:04:41Z,Ulladulla,2026-08-31T08:00:00Z,2026-08-31T18:00,6.8,40,14.8,0.0,0.98,7.95,151,1.02,0.02,0.8,207,-0.12,17.5,,unavailable (no satellite pass / dataset error),
86.6,Excellent,Doable,2026-08-31T12:04:41Z,Ulladulla,2026-08-31T09:00:00Z,2026-08-31T19:00,4.6,349,12.2,0.0,0.98,7.9,151,1.02,0.02,0.7,194,0.14,17.5,,unavailable (no satellite pass / dataset error),
87.2,Excellent,Doable,2026-08-31T12:04:41Z,Ulladulla,2026-08-31T10:00:00Z,2026-08-31T20:00,3.7,321,8.3,0.0,0.98,7.95,151,1.02,0.02,0.7,194,0.39,17.4,,unavailable (no satellite pass / dataset error),
88.2,Excellent,Doable,2026-08-31T12:04:41Z,Ulladulla,2026-08-31T11:00:00Z,2026-08-31T21:00,2.4,306,8.3,0.0,1.0,8.0,150,1.02,0.02,0.7,194,0.56,17.4,,unavailable (no satellite pass / dataset error),
88.9,Excellent,Doable,2026-08-31T12:04:41Z,Ulladulla,2026-08-31T12:00:00Z,2026-08-31T22:00,1.7,302,6.8,0.0,1.0,8.05,150,1.02,0.02,0.6,198,0.6,17.3,,unavailable (no satellite pass / dataset error),
84.1,Excellent,Doable,2026-08-31T12:04:41Z,Jervis Bay (Inside),2026-08-31T07:00:00Z,2026-08-31T17:00,8.6,37,24.1,0.0,0.84,8.35,160,0.98,0.06,0.6,214,-0.33,17.8,,unavailable (no satellite pass / dataset error),
84.5,Excellent,Doable,2026-08-31T12:04:41Z,Jervis Bay (Inside),2026-08-31T08:00:00Z,2026-08-31T18:00,7.6,36,16.9,0.0,0.82,7.65,161,0.98,0.1,0.8,207,-0.11,17.7,,unavailable (no satellite pass / dataset error),
81.4,Excellent,Great,2026-08-31T12:04:41Z,Jervis Bay (Inside),2026-08-31T09:00:00Z,2026-08-31T19:00,11.6,41,18.7,0.0,0.8,7.3,161,0.98,0.12,0.8,207,0.16,17.7,,unavailable (no satellite pass / dataset error),
82.3,Excellent,Doable,2026-08-31T12:04:41Z,Jervis Bay (Inside),2026-08-31T10:00:00Z,2026-08-31T20:00,10.4,17,18.7,0.0,0.84,7.5,161,0.98,0.12,0.8,207,0.41,17.6,,unavailable (no satellite pass / dataset error),
85.7,Excellent,Doable,2026-08-31T12:04:41Z,Jervis Bay (Inside),2026-08-31T11:00:00Z,2026-08-31T21:00,6.0,343,16.2,0.0,0.9,8.0,160,0.98,0.1,0.8,207,0.58,17.6,,unavailable (no satellite pass / dataset error),
87.2,Excellent,Doable,2026-08-31T12:04:41Z,Jervis Bay (Inside),2026-08-31T12:00:00Z,2026-08-31T22:00,4.5,317,9.0,0.0,0.94,8.35,160,0.98,0.1,0.6,214,0.61,17.6,,unavailable (no satellite pass / dataset error),
73.5,Good,Bit dodgy,2026-08-31T12:04:41Z,Jervis Bay (Outside - Point Perpendicular),2026-08-31T07:00:00Z,2026-08-31T17:00,18.1,38,24.8,0.0,1.28,8.7,163,1.34,0.08,0.8,225,-0.33,17.9,,unavailable (no satellite pass / dataset error),
74.7,Good,Bit dodgy,2026-08-31T12:04:41Z,Jervis Bay (Outside - Point Perpendicular),2026-08-31T08:00:00Z,2026-08-31T18:00,16.3,25,24.1,0.0,1.28,8.4,163,1.34,0.1,0.9,217,-0.11,17.8,,unavailable (no satellite pass / dataset error),
74.2,Good,Bit dodgy,2026-08-31T12:04:41Z,Jervis Bay (Outside - Point Perpendicular),2026-08-31T09:00:00Z,2026-08-31T19:00,17.0,30,22.7,0.0,1.26,8.25,163,1.34,0.14,0.9,217,0.16,17.8,,unavailable (no satellite pass / dataset error),
74.4,Good,Bit dodgy,2026-08-31T12:04:41Z,Jervis Bay (Outside - Point Perpendicular),2026-08-31T10:00:00Z,2026-08-31T20:00,16.4,29,22.7,0.0,1.28,8.35,163,1.34,0.14,1.0,211,0.42,17.7,,unavailable (no satellite pass / dataset error),
75.0,Good,Bit dodgy,2026-08-31T12:04:41Z,Jervis Bay (Outside - Point Perpendicular),2026-08-31T11:00:00Z,2026-08-31T21:00,15.9,22,22.0,0.0,1.28,8.55,162,1.32,0.14,1.0,211,0.58,17.7,,unavailable (no satellite pass / dataset error),
75.2,Good,Bit dodgy,2026-08-31T12:04:41Z,Jervis Bay (Outside - Point Perpendicular),2026-08-31T12:00:00Z,2026-08-31T22:00,15.6,15,21.2,0.0,1.3,8.7,162,1.32,0.14,1.0,202,0.62,17.6,,unavailable (no satellite pass / dataset error),
88.2,Excellent,Great,2026-08-31T12:04:41Z,Shellharbour,2026-08-31T07:00:00Z,2026-08-31T17:00,5.3,57,17.6,0.0,0.72,8.0,152,0.84,0.02,0.4,180,-0.34,18.2,,unavailable (no satellite pass / dataset error),
90.9,Excellent,Great,2026-08-31T12:04:41Z,Shellharbour,2026-08-31T08:00:00Z,2026-08-31T18:00,1.7,18,11.5,0.0,0.72,7.95,152,0.84,0.04,0.4,180,-0.1,18.1,,unavailable (no satellite pass / dataset error),
90.8,Excellent,Great,2026-08-31T12:04:41Z,Shellharbour,2026-08-31T09:00:00Z,2026-08-31T19:00,1.8,315,4.3,0.0,0.72,7.95,152,0.84,0.04,0.4,180,0.17,18.1,,unavailable (no satellite pass / dataset error),
90.4,Excellent,Great,2026-08-31T12:04:41Z,Shellharbour,2026-08-31T10:00:00Z,2026-08-31T20:00,2.3,293,5.4,0.0,0.72,7.95,152,0.84,0.04,0.4,153,0.43,18.0,,unavailable (no satellite pass / dataset error),
89.6,Excellent,Great,2026-08-31T12:04:41Z,Shellharbour,2026-08-31T11:00:00Z,2026-08-31T21:00,3.1,283,7.9,0.0,0.72,7.9,152,0.86,0.02,0.4,153,0.6,18.0,,unavailable (no satellite pass / dataset error),
88.6,Excellent,Great,2026-08-31T12:04:41Z,Shellharbour,2026-08-31T12:00:00Z,2026-08-31T22:00,4.8,290,10.1,0.0,0.72,7.9,152,0.86,0.02,0.3,135,0.63,17.9,,unavailable (no satellite pass / dataset error),
82.2,Excellent,Doable,2026-08-31T12:04:41Z,Terrigal,2026-08-31T07:00:00Z,2026-08-31T17:00,10.8,47,25.6,0.0,1.04,9.05,161,1.06,0.08,0.4,207,-0.33,18.4,,unavailable (no satellite pass / dataset error),
80.8,Excellent,Doable,2026-08-31T12:04:41Z,Terrigal,2026-08-31T08:00:00Z,2026-08-31T18:00,12.1,32,22.0,0.0,1.02,9.0,161,1.06,0.1,0.6,198,-0.09,18.4,,unavailable (no satellite pass / dataset error),
81.1,Excellent,Doable,2026-08-31T12:04:41Z,Terrigal,2026-08-31T09:00:00Z,2026-08-31T19:00,11.9,20,23.0,0.0,1.02,8.95,161,1.06,0.14,0.5,180,0.2,18.3,,unavailable (no satellite pass / dataset error),
80.8,Excellent,Doable,2026-08-31T12:04:41Z,Terrigal,2026-08-31T10:00:00Z,2026-08-31T20:00,12.3,10,22.3,0.0,1.02,8.95,161,1.06,0.1,0.5,180,0.46,18.2,,unavailable (no satellite pass / dataset error),
81.9,Excellent,Doable,2026-08-31T12:04:41Z,Terrigal,2026-08-31T11:00:00Z,2026-08-31T21:00,11.2,4,22.3,0.0,1.02,8.9,160,1.06,0.08,0.4,180,0.62,18.2,,unavailable (no satellite pass / dataset error),
82.6,Excellent,Doable,2026-08-31T12:04:41Z,Terrigal,2026-08-31T12:00:00Z,2026-08-31T22:00,10.0,351,20.2,0.0,1.02,8.9,160,1.06,0.04,0.4,153,0.65,18.1,,unavailable (no satellite pass / dataset error),
78.5,Good,Getting rough,2026-08-31T12:04:41Z,Fingal Bay,2026-08-31T07:00:00Z,2026-08-31T17:00,8.0,76,22.3,0.0,1.6,9.25,169,1.6,0.02,1.0,248,-0.34,19.7,,unavailable (no satellite pass / dataset error),
77.9,Good,Getting rough,2026-08-31T12:04:41Z,Fingal Bay,2026-08-31T08:00:00Z,2026-08-31T18:00,8.8,64,15.1,0.0,1.6,9.2,168,1.6,0.04,1.0,239,-0.09,19.7,,unavailable (no satellite pass / dataset error),
76.0,Good,Getting rough,2026-08-31T12:04:41Z,Fingal Bay,2026-08-31T09:00:00Z,2026-08-31T19:00,11.1,44,18.0,0.0,1.58,9.2,168,1.58,0.04,1.2,231,0.21,19.6,,unavailable (no satellite pass / dataset error),
76.2,Good,Getting rough,2026-08-31T12:04:41Z,Fingal Bay,2026-08-31T10:00:00Z,2026-08-31T20:00,10.8,28,17.6,0.0,1.58,9.2,168,1.58,0.06,1.2,231,0.48,19.5,,unavailable (no satellite pass / dataset error),
76.1,Good,Getting rough,2026-08-31T12:04:41Z,Fingal Bay,2026-08-31T11:00:00Z,2026-08-31T21:00,11.1,16,17.6,0.0,1.56,9.15,167,1.56,0.1,1.2,219,0.65,19.4,,unavailable (no satellite pass / dataset error),
76.4,Good,Getting rough,2026-08-31T12:04:41Z,Fingal Bay,2026-08-31T12:00:00Z,2026-08-31T22:00,11.3,9,18.0,0.0,1.56,9.15,167,1.56,0.12,1.0,211,0.67,19.3,,unavailable (no satellite pass / dataset error),
81.5,Excellent,Doable,2026-08-31T12:04:41Z,Broughton Island,2026-08-31T07:00:00Z,2026-08-31T17:00,8.9,82,22.3,0.0,1.2,9.8,167,1.26,0.0,0.6,252,-0.34,19.2,,unavailable (no satellite pass / dataset error),
80.4,Excellent,Doable,2026-08-31T12:04:41Z,Broughton Island,2026-08-31T08:00:00Z,2026-08-31T18:00,10.4,62,17.3,0.0,1.18,9.7,167,1.26,0.02,0.6,236,-0.09,19.2,,unavailable (no satellite pass / dataset error),
80.1,Excellent,Doable,2026-08-31T12:04:41Z,Broughton Island,2026-08-31T09:00:00Z,2026-08-31T19:00,10.5,41,17.6,0.0,1.18,9.6,166,1.24,0.02,0.8,225,0.21,19.1,,unavailable (no satellite pass / dataset error),
79.8,Good,Doable,2026-08-31T12:04:41Z,Broughton Island,2026-08-31T10:00:00Z,2026-08-31T20:00,10.9,27,18.0,0.0,1.18,9.6,166,1.22,0.02,0.9,217,0.48,19.0,,unavailable (no satellite pass / dataset error),
80.1,Excellent,Doable,2026-08-31T12:04:41Z,Broughton Island,2026-08-31T11:00:00Z,2026-08-31T21:00,10.7,12,18.4,0.0,1.16,9.6,165,1.22,0.02,0.8,207,0.65,18.9,,unavailable (no satellite pass / dataset error),
80.0,Excellent,Doable,2026-08-31T12:04:41Z,Broughton Island,2026-08-31T12:00:00Z,2026-08-31T22:00,11.0,360,18.4,0.0,1.16,9.6,165,1.2,0.02,0.8,207,0.66,18.9,,unavailable (no satellite pass / dataset error),
79.5,Good,Getting rough,2026-08-31T12:04:41Z,Seal Rocks,2026-08-31T07:00:00Z,2026-08-31T17:00,6.7,93,20.9,0.0,1.74,9.2,173,1.74,0.0,0.4,243,-0.33,19.5,,unavailable (no satellite pass / dataset error),
80.3,Excellent,Getting rough,2026-08-31T12:04:41Z,Seal Rocks,2026-08-31T08:00:00Z,2026-08-31T18:00,5.4,76,12.6,0.0,1.74,9.15,172,1.74,0.0,0.5,225,-0.08,19.5,,unavailable (no satellite pass / dataset error),
80.0,Excellent,Getting rough,2026-08-31T12:04:41Z,Seal Rocks,2026-08-31T09:00:00Z,2026-08-31T19:00,5.7,53,9.0,0.0,1.72,9.15,172,1.72,0.0,0.6,214,0.22,19.4,,unavailable (no satellite pass / dataset error),
80.4,Excellent,Getting rough,2026-08-31T12:04:41Z,Seal Rocks,2026-08-31T10:00:00Z,2026-08-31T20:00,5.4,34,9.4,0.0,1.7,9.15,171,1.7,0.02,0.6,214,0.49,19.3,,unavailable (no satellite pass / dataset error),
79.1,Good,Getting rough,2026-08-31T12:04:41Z,Seal Rocks,2026-08-31T11:00:00Z,2026-08-31T21:00,6.7,9,10.1,0.0,1.68,9.15,171,1.7,0.02,0.8,207,0.65,19.3,,unavailable (no satellite pass / dataset error),
77.0,Good,Getting rough,2026-08-31T12:04:41Z,Seal Rocks,2026-08-31T12:00:00Z,2026-08-31T22:00,9.2,349,15.1,0.0,1.66,9.15,170,1.68,0.04,1.0,202,0.67,19.2,,unavailable (no satellite pass / dataset error),
85.4,Excellent,Doable,2026-08-31T12:04:41Z,Forster,2026-08-31T07:00:00Z,2026-08-31T17:00,7.6,94,23.8,0.0,0.84,9.4,160,0.96,0.02,0.4,270,-0.32,19.7,,unavailable (no satellite pass / dataset error),
87.5,Excellent,Doable,2026-08-31T12:04:41Z,Forster,2026-08-31T08:00:00Z,2026-08-31T18:00,5.6,73,14.0,0.0,0.84,9.35,159,0.94,0.0,0.2,270,-0.06,19.7,,unavailable (no satellite pass / dataset error),
88.7,Excellent,Doable,2026-08-31T12:04:41Z,Forster,2026-08-31T09:00:00Z,2026-08-31T19:00,3.7,51,9.0,0.0,0.84,9.35,159,0.94,0.0,0.3,225,0.24,19.6,,unavailable (no satellite pass / dataset error),
88.8,Excellent,Doable,2026-08-31T12:04:41Z,Forster,2026-08-31T10:00:00Z,2026-08-31T20:00,3.6,354,5.8,0.0,0.84,9.35,159,0.94,0.0,0.3,225,0.51,19.6,,unavailable (no satellite pass / dataset error),
87.4,Excellent,Doable,2026-08-31T12:04:41Z,Forster,2026-08-31T11:00:00Z,2026-08-31T21:00,5.4,326,8.6,0.0,0.82,9.35,158,0.92,0.0,0.4,207,0.67,19.5,,unavailable (no satellite pass / dataset error),
85.9,Excellent,Doable,2026-08-31T12:04:41Z,Forster,2026-08-31T12:00:00Z,2026-08-31T22:00,7.4,313,12.2,0.0,0.82,9.35,158,0.92,0.0,0.4,207,0.68,19.5,,unavailable (no satellite pass / dataset error),
78.6,Good,Getting rough,2026-08-31T12:04:41Z,South West Rocks,2026-08-31T07:00:00Z,2026-08-31T17:00,7.4,116,21.6,0.0,1.52,8.3,164,1.58,0.06,1.3,188,-0.29,20.5,,unavailable (no satellite pass / dataset error),
78.7,Good,Getting rough,2026-08-31T12:04:41Z,South West Rocks,2026-08-31T08:00:00Z,2026-08-31T18:00,7.8,132,14.8,0.0,1.52,8.3,164,1.58,0.04,1.1,180,-0.02,20.5,,unavailable (no satellite pass / dataset error),
81.4,Excellent,Getting rough,2026-08-31T12:04:41Z,South West Rocks,2026-08-31T09:00:00Z,2026-08-31T19:00,4.2,155,13.3,0.0,1.52,8.3,164,1.58,0.04,1.1,180,0.29,20.5,,unavailable (no satellite pass / dataset error),
83.4,Excellent,Getting rough,2026-08-31T12:04:41Z,South West Rocks,2026-08-31T10:00:00Z,2026-08-31T20:00,1.5,234,7.2,0.0,1.52,8.3,164,1.58,0.02,1.1,171,0.56,20.4,,unavailable (no satellite pass / dataset error),
81.4,Excellent,Bit dodgy,2026-08-31T12:04:41Z,South West Rocks,2026-08-31T11:00:00Z,2026-08-31T21:00,4.2,263,6.5,0.0,1.5,8.35,163,1.58,0.02,1.1,180,0.72,20.4,,unavailable (no satellite pass / dataset error),
79.3,Good,Bit dodgy,2026-08-31T12:04:41Z,South West Rocks,2026-08-31T12:00:00Z,2026-08-31T22:00,6.9,263,10.4,0.0,1.5,8.35,163,1.58,0.0,1.1,180,0.72,20.4,,unavailable (no satellite pass / dataset error),
91.7,Excellent,Amazing,2026-08-31T18:04:20Z,Williamstown,2026-08-31T13:00:00Z,2026-08-31T23:00,8.3,359,11.5,0.0,0.14,7.25,202,0.24,0.02,0.0,90,-0.08,13.3,,unavailable (no satellite pass / dataset error),
90.5,Excellent,Amazing,2026-08-31T18:04:20Z,Williamstown,2026-08-31T14:00:00Z,2026-09-01T00:00,10.2,350,13.3,0.0,0.14,8.05,206,0.22,0.02,0.0,90,0.05,13.3,,unavailable (no satellite pass / dataset error),
88.7,Excellent,Amazing,2026-08-31T18:04:20Z,Williamstown,2026-08-31T15:00:00Z,2026-09-01T01:00,12.1,350,15.5,0.0,0.12,8.65,210,0.22,0.04,0.2,180,0.1,13.3,,unavailable (no satellite pass / dataset error),
87.8,Excellent,Amazing,2026-08-31T18:04:20Z,Williamstown,2026-08-31T16:00:00Z,2026-09-01T02:00,13.3,351,17.3,0.0,0.12,8.9,210,0.22,0.06,0.2,180,0.1,13.3,,unavailable (no satellite pass / dataset error),
87.6,Excellent,Amazing,2026-08-31T18:04:20Z,Williamstown,2026-08-31T17:00:00Z,2026-09-01T03:00,13.3,357,17.3,0.0,0.12,8.85,210,0.24,0.08,0.2,180,0.08,13.3,,unavailable (no satellite pass / dataset error),
87.3,Excellent,Amazing,2026-08-31T18:04:20Z,Williamstown,2026-08-31T18:00:00Z,2026-09-01T04:00,13.7,4,18.0,0.0,0.12,8.65,210,0.24,0.1,0.2,180,0.01,13.3,,unavailable (no satellite pass / dataset error),
69.1,Good,Getting rough,2026-08-31T18:04:20Z,Robe,2026-08-31T13:00:00Z,2026-08-31T23:00,12.7,15,19.8,0.0,2.86,11.6,227,2.88,0.28,0.0,90,-0.03,14.1,,unavailable (no satellite pass / dataset error),
66.0,Good,Getting rough,2026-08-31T18:04:20Z,Robe,2026-08-31T14:00:00Z,2026-09-01T00:00,16.3,10,24.8,0.0,2.82,11.6,227,2.84,0.34,0.2,180,0.14,14.1,,unavailable (no satellite pass / dataset error),
62.7,Good,Getting rough,2026-08-31T18:04:20Z,Robe,2026-08-31T15:00:00Z,2026-09-01T01:00,20.2,9,31.7,0.0,2.78,11.6,227,2.82,0.42,0.4,180,0.27,14.1,,unavailable (no satellite pass / dataset error),
61.2,Good,Getting rough,2026-08-31T18:04:20Z,Robe,2026-08-31T16:00:00Z,2026-09-01T02:00,21.4,6,33.8,0.0,2.72,11.6,227,2.8,0.52,0.7,180,0.33,14.1,,unavailable (no satellite pass / dataset error),
59.4,Fair,Getting rough,2026-08-31T18:04:20Z,Robe,2026-08-31T17:00:00Z,2026-09-01T03:00,23.3,3,37.1,0.0,2.68,11.55,227,2.76,0.62,0.9,180,0.31,14.1,,unavailable (no satellite pass / dataset error),
57.3,Fair,Getting rough,2026-08-31T18:04:20Z,Robe,2026-08-31T18:00:00Z,2026-09-01T04:00,25.1,3,40.0,0.0,2.62,11.55,227,2.74,0.72,1.3,172,0.23,14.1,,unavailable (no satellite pass / dataset error),
68.3,Good,Getting rough,2026-08-31T18:04:20Z,Port MacDonnell,2026-08-31T13:00:00Z,2026-08-31T23:00,13.7,355,22.0,0.0,3.04,11.55,230,3.04,0.08,0.2,270,-0.01,15.1,,unavailable (no satellite pass / dataset error),
67.4,Good,Getting rough,2026-08-31T18:04:20Z,Port MacDonnell,2026-08-31T14:00:00Z,2026-09-01T00:00,15.3,1,25.2,0.0,3.0,11.5,230,3.02,0.14,0.0,90,0.15,15.1,,unavailable (no satellite pass / dataset error),
65.3,Good,Getting rough,2026-08-31T18:04:20Z,Port MacDonnell,2026-08-31T15:00:00Z,2026-09-01T01:00,18.2,3,29.9,0.0,2.96,11.5,230,2.98,0.18,0.0,90,0.26,15.1,,unavailable (no satellite pass / dataset error),
64.2,Good,Getting rough,2026-08-31T18:04:20Z,Port MacDonnell,2026-08-31T16:00:00Z,2026-09-01T02:00,19.6,2,32.4,0.0,2.9,11.5,230,2.92,0.26,0.0,90,0.3,15.1,,unavailable (no satellite pass / dataset error),
62.4,Good,Getting rough,2026-08-31T18:04:20Z,Port MacDonnell,2026-08-31T17:00:00Z,2026-09-01T03:00,22.0,358,36.0,0.0,2.84,11.45,230,2.88,0.34,0.0,90,0.28,15.1,,unavailable (no satellite pass / dataset error),
59.2,Fair,Getting rough,2026-08-31T18:04:20Z,Port MacDonnell,2026-08-31T18:00:00Z,2026-09-01T04:00,25.5,356,42.5,0.0,2.78,11.45,230,2.82,0.42,0.3,135,0.19,15.1,,unavailable (no satellite pass / dataset error),
68.8,Good,Getting rough,2026-08-31T18:04:20Z,Cape Bridgewater,2026-08-31T13:00:00Z,2026-08-31T23:00,12.8,355,21.2,0.0,2.6,10.85,224,2.6,0.1,0.2,270,0.0,15.0,,unavailable (no satellite pass / dataset error),
66.2,Good,Getting rough,2026-08-31T18:04:20Z,Cape Bridgewater,2026-08-31T14:00:00Z,2026-09-01T00:00,16.3,354,27.0,0.0,2.56,10.8,223,2.58,0.18,0.2,270,0.16,15.0,,unavailable (no satellite pass / dataset error),
64.8,Good,Getting rough,2026-08-31T18:04:20Z,Cape Bridgewater,2026-08-31T15:00:00Z,2026-09-01T01:00,17.9,350,30.6,0.0,2.54,10.75,223,2.56,0.24,0.3,225,0.26,15.0,,unavailable (no satellite pass / dataset error),
62.0,Good,Getting rough,2026-08-31T18:04:20Z,Cape Bridgewater,2026-08-31T16:00:00Z,2026-09-01T02:00,21.9,344,36.4,0.0,2.48,10.75,223,2.52,0.3,0.2,180,0.31,15.0,,unavailable (no satellite pass / dataset error),
62.4,Good,Getting rough,2026-08-31T18:04:20Z,Cape Bridgewater,2026-08-31T17:00:00Z,2026-09-01T03:00,21.8,345,38.5,0.0,2.44,10.75,223,2.46,0.36,0.2,180,0.28,15.0,,unavailable (no satellite pass / dataset error),
62.2,Good,Getting rough,2026-08-31T18:04:20Z,Cape Bridgewater,2026-08-31T18:00:00Z,2026-09-01T04:00,22.5,346,39.6,0.0,2.38,10.75,223,2.42,0.42,0.2,180,0.19,15.0,,unavailable (no satellite pass / dataset error),
71.6,Good,Getting rough,2026-08-31T18:04:20Z,Portland Bay,2026-08-31T13:00:00Z,2026-08-31T23:00,11.3,350,18.4,0.0,2.32,10.8,221,2.32,0.06,0.2,180,0.0,14.9,,unavailable (no satellite pass / dataset error),
69.7,Good,Getting rough,2026-08-31T18:04:20Z,Portland Bay,2026-08-31T14:00:00Z,2026-09-01T00:00,14.0,345,23.8,0.0,2.3,10.8,221,2.3,0.08,0.2,180,0.16,14.9,,unavailable (no satellite pass / dataset error),
68.6,Good,Getting rough,2026-08-31T18:04:20Z,Portland Bay,2026-08-31T15:00:00Z,2026-09-01T01:00,15.4,344,26.3,0.0,2.28,10.8,221,2.28,0.12,0.3,225,0.26,14.9,,unavailable (no satellite pass / dataset error),
67.9,Good,Getting rough,2026-08-31T18:04:20Z,Portland Bay,2026-08-31T16:00:00Z,2026-09-01T02:00,16.1,344,28.1,0.0,2.24,10.8,221,2.24,0.18,0.4,207,0.3,14.8,,unavailable (no satellite pass / dataset error),
67.3,Good,Getting rough,2026-08-31T18:04:20Z,Portland Bay,2026-08-31T17:00:00Z,2026-09-01T03:00,17.3,343,31.0,0.0,2.18,10.75,220,2.2,0.26,0.4,180,0.27,14.8,,unavailable (no satellite pass / dataset error),
65.1,Good,Getting rough,2026-08-31T18:04:20Z,Portland Bay,2026-08-31T18:00:00Z,2026-09-01T04:00,20.7,340,37.1,0.0,2.14,10.75,220,2.16,0.32,0.4,180,0.18,14.8,,unavailable (no satellite pass / dataset error),
64.9,Good,Getting rough,2026-08-31T18:04:20Z,Bay of Islands,2026-08-31T13:00:00Z,2026-08-31T23:00,17.6,11,28.8,0.0,2.02,8.35,225,2.68,0.12,0.4,153,0.03,14.3,,unavailable (no satellite pass / dataset error),
64.6,Good,Getting rough,2026-08-31T18:04:20Z,Bay of Islands,2026-08-31T14:00:00Z,2026-09-01T00:00,18.0,356,28.4,0.0,2.0,8.55,225,2.66,0.22,0.4,153,0.18,14.3,,unavailable (no satellite pass / dataset error),
63.1,Good,Getting rough,2026-08-31T18:04:20Z,Bay of Islands,2026-08-31T15:00:00Z,2026-09-01T01:00,20.0,4,31.7,0.0,2.0,8.75,225,2.64,0.3,0.4,153,0.28,14.3,,unavailable (no satellite pass / dataset error),
60.7,Good,Getting rough,2026-08-31T18:04:20Z,Bay of Islands,2026-08-31T16:00:00Z,2026-09-01T02:00,23.2,1,37.1,0.0,2.02,8.9,225,2.6,0.34,0.4,180,0.31,14.3,,unavailable (no satellite pass / dataset error),
59.9,Fair,Getting rough,2026-08-31T18:04:20Z,Bay of Islands,2026-08-31T17:00:00Z,2026-09-01T03:00,24.3,357,38.9,0.0,2.04,9.0,225,2.58,0.38,0.4,180,0.25,14.3,,unavailable (no satellite pass / dataset error),
59.7,Fair,Getting rough,2026-08-31T18:04:20Z,Bay of Islands,2026-08-31T18:00:00Z,2026-09-01T04:00,24.5,356,39.2,0.0,2.06,9.2,225,2.54,0.42,0.4,180,0.14,14.3,,unavailable (no satellite pass / dataset error),
66.1,Good,Getting rough,2026-08-31T18:04:20Z,Cape Otway Lightstation,2026-08-31T13:00:00Z,2026-08-31T23:00,13.2,357,25.6,0.0,3.08,10.9,230,3.08,0.02,1.5,97,0.1,14.3,,unavailable (no satellite pass / dataset error),
65.6,Good,Getting rough,2026-08-31T18:04:20Z,Cape Otway Lightstation,2026-08-31T14:00:00Z,2026-09-01T00:00,14.8,354,29.9,0.0,3.04,10.9,229,3.04,0.04,1.1,90,0.33,14.2,,unavailable (no satellite pass / dataset error),
67.9,Good,Getting rough,2026-08-31T18:04:20Z,Cape Otway Lightstation,2026-08-31T15:00:00Z,2026-09-01T01:00,13.7,342,29.9,0.0,3.02,10.9,229,3.02,0.04,0.4,63,0.47,14.2,,unavailable (no satellite pass / dataset error),
65.7,Good,Getting rough,2026-08-31T18:04:20Z,Cape Otway Lightstation,2026-08-31T16:00:00Z,2026-09-01T02:00,16.1,342,32.8,0.0,2.98,10.9,229,2.98,0.1,0.6,288,0.47,14.2,,unavailable (no satellite pass / dataset error),
61.5,Good,Getting rough,2026-08-31T18:04:20Z,Cape Otway Lightstation,2026-08-31T17:00:00Z,2026-09-01T03:00,19.8,335,41.4,0.0,2.92,10.85,229,2.94,0.14,1.3,278,0.34,14.2,,unavailable (no satellite pass / dataset error),
59.3,Fair,Getting rough,2026-08-31T18:04:20Z,Cape Otway Lightstation,2026-08-31T18:00:00Z,2026-09-01T04:00,21.9,332,46.1,0.0,2.88,10.85,229,2.9,0.2,1.6,270,0.14,14.2,,unavailable (no satellite pass / dataset error),
68.4,Good,Getting rough,2026-08-31T18:04:20Z,Apollo Bay,2026-08-31T13:00:00Z,2026-08-31T23:00,11.4,342,22.0,0.0,3.04,10.9,231,3.04,0.04,0.9,79,0.11,14.1,,unavailable (no satellite pass / dataset error),
67.9,Good,Getting rough,2026-08-31T18:04:20Z,Apollo Bay,2026-08-31T14:00:00Z,2026-09-01T00:00,12.6,343,24.1,0.0,3.0,10.95,231,3.02,0.06,0.7,76,0.39,14.1,,unavailable (no satellite pass / dataset error),
70.0,Good,Getting rough,2026-08-31T18:04:20Z,Apollo Bay,2026-08-31T15:00:00Z,2026-09-01T01:00,10.8,336,24.1,0.0,2.98,10.95,231,3.0,0.06,0.3,135,0.56,14.1,,unavailable (no satellite pass / dataset error),
68.5,Good,Getting rough,2026-08-31T18:04:20Z,Apollo Bay,2026-08-31T16:00:00Z,2026-09-01T02:00,12.1,345,23.0,0.0,2.94,10.95,231,2.96,0.08,0.6,214,0.57,14.1,,unavailable (no satellite pass / dataset error),
65.8,Good,Getting rough,2026-08-31T18:04:20Z,Apollo Bay,2026-08-31T17:00:00Z,2026-09-01T03:00,14.6,344,29.9,0.0,2.9,10.95,231,2.92,0.12,1.0,225,0.41,14.1,,unavailable (no satellite pass / dataset error),
66.6,Good,Getting rough,2026-08-31T18:04:20Z,Apollo Bay,2026-08-31T18:00:00Z,2026-09-01T04:00,12.8,355,30.6,0.0,2.86,10.9,231,2.88,0.14,1.3,225,0.17,14.1,,unavailable (no satellite pass / dataset error),
74.6,Good,Getting rough,2026-08-31T18:04:20Z,Kennett River,2026-08-31T13:00:00Z,2026-08-31T23:00,10.0,326,21.6,0.0,1.94,10.5,225,1.94,0.02,0.8,63,0.11,13.9,,unavailable (no satellite pass / dataset error),
74.5,Good,Getting rough,2026-08-31T18:04:20Z,Kennett River,2026-08-31T14:00:00Z,2026-09-01T00:00,10.2,323,22.3,0.0,1.92,10.45,225,1.94,0.02,0.6,56,0.42,13.8,,unavailable (no satellite pass / dataset error),
75.2,Good,Getting rough,2026-08-31T18:04:20Z,Kennett River,2026-08-31T15:00:00Z,2026-09-01T01:00,10.3,325,23.8,0.0,1.9,10.4,225,1.92,0.02,0.3,45,0.63,13.8,,unavailable (no satellite pass / dataset error),
76.3,Good,Getting rough,2026-08-31T18:04:20Z,Kennett River,2026-08-31T16:00:00Z,2026-09-01T02:00,9.4,329,23.4,0.0,1.88,10.45,225,1.9,0.04,0.2,270,0.64,13.8,,unavailable (no satellite pass / dataset error),
75.9,Good,Getting rough,2026-08-31T18:04:20Z,Kennett River,2026-08-31T17:00:00Z,2026-09-01T03:00,9.1,342,22.3,0.0,1.88,10.5,225,1.88,0.04,0.6,236,0.47,13.8,,unavailable (no satellite pass / dataset error),
74.7,Good,Getting rough,2026-08-31T18:04:20Z,Kennett River,2026-08-31T18:00:00Z,2026-09-01T04:00,9.9,358,23.8,0.0,1.86,10.55,225,1.86,0.06,1.0,248,0.19,13.8,,unavailable (no satellite pass / dataset error),
81.0,Excellent,Doable,2026-08-31T18:04:20Z,Torquay,2026-08-31T13:00:00Z,2026-08-31T23:00,10.8,360,18.4,0.0,1.04,9.0,213,1.2,0.04,0.4,117,0.09,13.6,,unavailable (no satellite pass / dataset error),
81.2,Excellent,Doable,2026-08-31T18:04:20Z,Torquay,2026-08-31T14:00:00Z,2026-09-01T00:00,10.5,340,18.7,0.0,1.1,9.7,214,1.2,0.04,0.4,117,0.47,13.6,,unavailable (no satellite pass / dataset error),
81.3,Excellent,Doable,2026-08-31T18:04:20Z,Torquay,2026-08-31T15:00:00Z,2026-09-01T01:00,10.7,329,17.6,0.0,1.18,10.2,215,1.2,0.04,0.3,135,0.74,13.6,,unavailable (no satellite pass / dataset error),
79.6,Good,Doable,2026-08-31T18:04:20Z,Torquay,2026-08-31T16:00:00Z,2026-09-01T02:00,12.1,333,19.8,0.0,1.18,10.35,215,1.2,0.06,0.4,153,0.77,13.5,,unavailable (no satellite pass / dataset error),
79.1,Good,Doable,2026-08-31T18:04:20Z,Torquay,2026-08-31T17:00:00Z,2026-09-01T03:00,12.9,337,21.2,0.0,1.16,10.35,215,1.18,0.06,0.4,180,0.57,13.5,,unavailable (no satellite pass / dataset error),
78.2,Good,Doable,2026-08-31T18:04:20Z,Torquay,2026-08-31T18:00:00Z,2026-09-01T04:00,13.6,343,22.3,0.0,1.16,10.3,215,1.18,0.08,0.6,198,0.24,13.5,,unavailable (no satellite pass / dataset error),
78.2,Good,Bit dodgy,2026-08-31T18:04:20Z,Port Phillip Heads (J5 Submarine),2026-08-31T13:00:00Z,2026-08-31T23:00,13.0,11,21.6,0.0,1.26,10.3,219,1.38,0.02,0.2,90,0.08,13.6,,unavailable (no satellite pass / dataset error),
78.1,Good,Bit dodgy,2026-08-31T18:04:20Z,Port Phillip Heads (J5 Submarine),2026-08-31T14:00:00Z,2026-09-01T00:00,13.1,358,23.4,0.0,1.32,10.45,219,1.38,0.04,0.2,90,0.48,13.6,,unavailable (no satellite pass / dataset error),
79.6,Good,Bit dodgy,2026-08-31T18:04:20Z,Port Phillip Heads (J5 Submarine),2026-08-31T15:00:00Z,2026-09-01T01:00,11.7,343,22.3,0.0,1.38,10.55,219,1.38,0.04,0.0,90,0.76,13.6,,unavailable (no satellite pass / dataset error),
77.4,Good,Bit dodgy,2026-08-31T18:04:20Z,Port Phillip Heads (J5 Submarine),2026-08-31T16:00:00Z,2026-09-01T02:00,13.5,344,22.3,0.0,1.34,10.5,218,1.38,0.06,0.2,180,0.8,13.5,,unavailable (no satellite pass / dataset error),
76.5,Good,Bit dodgy,2026-08-31T18:04:20Z,Port Phillip Heads (J5 Submarine),2026-08-31T17:00:00Z,2026-09-01T03:00,14.9,349,25.2,0.0,1.32,10.35,218,1.36,0.08,0.2,180,0.6,13.5,,unavailable (no satellite pass / dataset error),
76.5,Good,Bit dodgy,2026-08-31T18:04:20Z,Port Phillip Heads (J5 Submarine),2026-08-31T18:00:00Z,2026-09-01T04:00,14.7,352,25.9,0.0,1.28,10.25,217,1.36,0.1,0.3,225,0.26,13.5,,unavailable (no satellite pass / dataset error),
79.4,Good,Bit dodgy,2026-08-31T18:04:20Z,Queenscliff,2026-08-31T13:00:00Z,2026-08-31T23:00,9.1,10,15.1,0.0,1.42,11.35,225,1.54,0.02,0.4,63,0.07,13.6,,unavailable (no satellite pass / dataset error),
76.9,Good,Bit dodgy,2026-08-31T18:04:20Z,Queenscliff,2026-08-31T14:00:00Z,2026-09-01T00:00,12.4,360,21.2,0.0,1.48,11.1,223,1.54,0.04,0.4,63,0.48,13.6,,unavailable (no satellite pass / dataset error),
76.3,Good,Getting rough,2026-08-31T18:04:20Z,Queenscliff,2026-08-31T15:00:00Z,2026-09-01T01:00,13.4,334,23.0,0.0,1.52,10.8,221,1.54,0.04,0.2,90,0.77,13.5,,unavailable (no satellite pass / dataset error),
76.5,Good,Bit dodgy,2026-08-31T18:04:20Z,Queenscliff,2026-08-31T16:00:00Z,2026-09-01T02:00,13.1,335,23.0,0.0,1.46,10.5,220,1.52,0.08,0.3,135,0.8,13.5,,unavailable (no satellite pass / dataset error),
76.5,Good,Bit dodgy,2026-08-31T18:04:20Z,Queenscliff,2026-08-31T17:00:00Z,2026-09-01T03:00,13.3,344,22.7,0.0,1.38,10.1,218,1.52,0.1,0.2,180,0.61,13.5,,unavailable (no satellite pass / dataset error),
73.9,Good,Bit dodgy,2026-08-31T18:04:20Z,Queenscliff,2026-08-31T18:00:00Z,2026-09-01T04:00,16.7,353,27.7,0.0,1.32,9.95,217,1.5,0.14,0.3,225,0.27,13.5,,unavailable (no satellite pass / dataset error),
74.9,Good,Getting rough,2026-08-31T18:04:20Z,Blairgowrie Back Beach,2026-08-31T13:00:00Z,2026-08-31T23:00,11.9,22,19.8,0.0,1.9,10.85,226,1.92,0.04,0.0,90,0.06,13.6,,unavailable (no satellite pass / dataset error),
72.1,Good,Getting rough,2026-08-31T18:04:20Z,Blairgowrie Back Beach,2026-08-31T14:00:00Z,2026-09-01T00:00,15.2,14,25.2,0.0,1.88,10.9,226,1.9,0.06,0.2,180,0.47,13.5,,unavailable (no satellite pass / dataset error),
70.0,Good,Getting rough,2026-08-31T18:04:20Z,Blairgowrie Back Beach,2026-08-31T15:00:00Z,2026-09-01T01:00,17.5,4,31.0,0.0,1.88,10.9,226,1.9,0.08,0.4,180,0.77,13.5,,unavailable (no satellite pass / dataset error),
71.0,Good,Getting rough,2026-08-31T18:04:20Z,Blairgowrie Back Beach,2026-08-31T16:00:00Z,2026-09-01T02:00,16.3,349,31.3,0.0,1.86,10.95,226,1.88,0.16,0.4,180,0.82,13.5,,unavailable (no satellite pass / dataset error),
70.3,Good,Getting rough,2026-08-31T18:04:20Z,Blairgowrie Back Beach,2026-08-31T17:00:00Z,2026-09-01T03:00,17.2,353,30.2,0.0,1.86,10.95,226,1.86,0.22,0.5,180,0.62,13.5,,unavailable (no satellite pass / dataset error),
68.3,Good,Getting rough,2026-08-31T18:04:20Z,Blairgowrie Back Beach,2026-08-31T18:00:00Z,2026-09-01T04:00,20.2,357,34.9,0.0,1.84,10.95,226,1.84,0.3,0.5,180,0.28,13.5,,unavailable (no satellite pass / dataset error),
74.1,Good,Getting rough,2026-08-31T18:04:20Z,Cape Schanck,2026-08-31T13:00:00Z,2026-08-31T23:00,10.1,11,17.3,0.0,1.86,9.5,231,2.1,0.04,0.3,135,0.05,13.7,,unavailable (no satellite pass / dataset error),
71.9,Good,Getting rough,2026-08-31T18:04:20Z,Cape Schanck,2026-08-31T14:00:00Z,2026-09-01T00:00,13.0,4,21.6,0.0,1.96,10.25,232,2.08,0.06,0.4,153,0.46,13.7,,unavailable (no satellite pass / dataset error),
69.4,Good,Getting rough,2026-08-31T18:04:20Z,Cape Schanck,2026-08-31T15:00:00Z,2026-09-01T01:00,16.3,355,27.7,0.0,2.06,10.8,232,2.08,0.08,0.4,153,0.77,13.7,,unavailable (no satellite pass / dataset error),
68.4,Good,Getting rough,2026-08-31T18:04:20Z,Cape Schanck,2026-08-31T16:00:00Z,2026-09-01T02:00,17.7,345,30.6,0.0,2.04,10.95,232,2.06,0.16,0.4,153,0.83,13.6,,unavailable (no satellite pass / dataset error),
68.1,Good,Getting rough,2026-08-31T18:04:20Z,Cape Schanck,2026-08-31T17:00:00Z,2026-09-01T03:00,18.3,345,31.0,0.0,2.02,10.9,232,2.04,0.24,0.4,180,0.65,13.6,,unavailable (no satellite pass / dataset error),
67.5,Good,Getting rough,2026-08-31T18:04:20Z,Cape Schanck,2026-08-31T18:00:00Z,2026-09-01T04:00,19.3,348,33.1,0.0,2.0,10.85,232,2.02,0.32,0.4,180,0.31,13.6,,unavailable (no satellite pass / dataset error),
78.0,Good,Getting rough,2026-08-31T18:04:20Z,Cape Paterson,2026-08-31T13:00:00Z,2026-08-31T23:00,7.7,11,12.2,0.0,1.82,10.3,241,1.86,0.02,0.3,315,0.02,13.7,,unavailable (no satellite pass / dataset error),
77.1,Good,Getting rough,2026-08-31T18:04:20Z,Cape Paterson,2026-08-31T14:00:00Z,2026-09-01T00:00,9.9,3,15.5,0.0,1.8,10.4,241,1.84,0.02,0.0,90,0.45,13.7,,unavailable (no satellite pass / dataset error),
75.0,Good,Getting rough,2026-08-31T18:04:20Z,Cape Paterson,2026-08-31T15:00:00Z,2026-09-01T01:00,12.6,356,20.2,0.0,1.8,10.5,242,1.82,0.02,0.0,90,0.78,13.6,,unavailable (no satellite pass / dataset error),
72.0,Good,Getting rough,2026-08-31T18:04:20Z,Cape Paterson,2026-08-31T16:00:00Z,2026-09-01T02:00,16.3,343,26.6,0.0,1.78,10.55,241,1.8,0.1,0.2,180,0.89,13.6,,unavailable (no satellite pass / dataset error),
69.7,Good,Getting rough,2026-08-31T18:04:20Z,Cape Paterson,2026-08-31T17:00:00Z,2026-09-01T03:00,18.8,338,31.0,0.0,1.78,10.65,240,1.8,0.18,0.4,180,0.74,13.6,,unavailable (no satellite pass / dataset error),
69.6,Good,Getting rough,2026-08-31T18:04:20Z,Cape Paterson,2026-08-31T18:00:00Z,2026-09-01T04:00,19.2,338,32.0,0.0,1.76,10.7,239,1.78,0.26,0.4,180,0.38,13.6,,unavailable (no satellite pass / dataset error),
74.5,Good,Bit dodgy,2026-08-31T18:04:20Z,Wilsons Prom (West - Norman Bay),2026-08-31T13:00:00Z,2026-08-31T23:00,13.7,5,18.0,0.0,1.36,9.8,230,1.74,0.02,0.3,315,0.0,13.6,,unavailable (no satellite pass / dataset error),
74.5,Good,Bit dodgy,2026-08-31T18:04:20Z,Wilsons Prom (West - Norman Bay),2026-08-31T14:00:00Z,2026-09-01T00:00,13.9,19,19.4,0.0,1.34,9.95,229,1.72,0.04,0.3,315,0.42,13.6,,unavailable (no satellite pass / dataset error),
71.8,Good,Bit dodgy,2026-08-31T18:04:20Z,Wilsons Prom (West - Norman Bay),2026-08-31T15:00:00Z,2026-09-01T01:00,18.1,16,24.8,0.0,1.32,10.05,229,1.7,0.04,0.0,90,0.74,13.5,,unavailable (no satellite pass / dataset error),
71.6,Good,Bit dodgy,2026-08-31T18:04:20Z,Wilsons Prom (West - Norman Bay),2026-08-31T16:00:00Z,2026-09-01T02:00,17.8,11,25.6,0.0,1.3,10.1,229,1.68,0.12,0.3,135,0.86,13.5,,unavailable (no satellite pass / dataset error),
70.3,Good,Bit dodgy,2026-08-31T18:04:20Z,Wilsons Prom (West - Norman Bay),2026-08-31T17:00:00Z,2026-09-01T03:00,18.9,2,25.2,0.0,1.3,10.15,229,1.68,0.22,0.5,135,0.74,13.5,,unavailable (no satellite pass / dataset error),
67.1,Good,Bit dodgy,2026-08-31T18:04:20Z,Wilsons Prom (West - Norman Bay),2026-08-31T18:00:00Z,2026-09-01T04:00,23.1,342,29.2,0.0,1.28,10.15,229,1.66,0.3,0.6,124,0.41,13.5,,unavailable (no satellite pass / dataset error),
87.1,Excellent,Doable,2026-08-31T18:04:20Z,Wilsons Prom (East - Sealers Cove),2026-08-31T13:00:00Z,2026-08-31T23:00,3.9,47,7.6,0.0,0.82,9.9,234,1.14,0.0,0.2,180,-0.06,13.2,,unavailable (no satellite pass / dataset error),
85.5,Excellent,Great,2026-08-31T18:04:20Z,Wilsons Prom (East - Sealers Cove),2026-08-31T14:00:00Z,2026-09-01T00:00,6.2,80,10.4,0.0,0.8,9.65,234,1.12,0.02,0.2,180,0.28,13.1,,unavailable (no satellite pass / dataset error),
87.6,Excellent,Great,2026-08-31T18:04:20Z,Wilsons Prom (East - Sealers Cove),2026-08-31T15:00:00Z,2026-09-01T01:00,3.6,108,10.8,0.0,0.78,9.4,235,1.1,0.02,0.2,180,0.54,13.1,,unavailable (no satellite pass / dataset error),
89.4,Excellent,Great,2026-08-31T18:04:20Z,Wilsons Prom (East - Sealers Cove),2026-08-31T16:00:00Z,2026-09-01T02:00,1.5,173,7.9,0.0,0.78,9.05,234,1.08,0.02,0.2,180,0.67,13.1,,unavailable (no satellite pass / dataset error),
88.2,Excellent,Great,2026-08-31T18:04:20Z,Wilsons Prom (East - Sealers Cove),2026-08-31T17:00:00Z,2026-09-01T03:00,3.3,229,9.4,0.0,0.8,8.65,234,1.06,0.04,0.2,180,0.6,13.1,,unavailable (no satellite pass / dataset error),
87.4,Excellent,Great,2026-08-31T18:04:20Z,Wilsons Prom (East - Sealers Cove),2026-08-31T18:00:00Z,2026-09-01T04:00,4.6,261,11.5,0.0,0.8,8.4,233,1.04,0.04,0.2,180,0.36,13.1,,unavailable (no satellite pass / dataset error),
82.2,Excellent,Doable,2026-08-31T18:04:20Z,Mallacoota,2026-08-31T13:00:00Z,2026-08-31T23:00,9.8,13,16.6,0.0,1.06,8.0,173,1.12,0.02,0.4,207,0.37,14.8,,unavailable (no satellite pass / dataset error),
81.4,Excellent,Doable,2026-08-31T18:04:20Z,Mallacoota,2026-08-31T14:00:00Z,2026-09-01T00:00,11.1,8,18.4,0.0,1.02,7.95,173,1.1,0.04,0.4,207,0.18,14.8,,unavailable (no satellite pass / dataset error),
80.7,Excellent,Doable,2026-08-31T18:04:20Z,Mallacoota,2026-08-31T15:00:00Z,2026-09-01T01:00,11.8,11,22.7,0.0,1.0,7.95,172,1.08,0.04,0.6,198,-0.07,14.8,,unavailable (no satellite pass / dataset error),
79.5,Good,Doable,2026-08-31T18:04:20Z,Mallacoota,2026-08-31T16:00:00Z,2026-09-01T02:00,13.6,8,27.0,0.0,0.98,7.95,172,1.06,0.04,0.6,198,-0.3,14.8,,unavailable (no satellite pass / dataset error),
79.7,Good,Doable,2026-08-31T18:04:20Z,Mallacoota,2026-08-31T17:00:00Z,2026-09-01T03:00,14.1,357,28.1,0.0,0.98,8.0,171,1.04,0.04,0.4,207,-0.45,14.8,,unavailable (no satellite pass / dataset error),
81.3,Excellent,Doable,2026-08-31T18:04:20Z,Mallacoota,2026-08-31T18:00:00Z,2026-09-01T04:00,12.1,348,28.1,0.0,0.96,8.05,171,1.02,0.04,0.4,207,-0.5,14.8,,unavailable (no satellite pass / dataset error),
89.4,Excellent,,2026-08-31T18:04:20Z,Eden,2026-08-31T13:00:00Z,2026-08-31T23:00,9.6,311,16.9,0.0,,,,,,0.6,146,0.45,16.9,,unavailable (no satellite pass / dataset error),
90.2,Excellent,,2026-08-31T18:04:20Z,Eden,2026-08-31T14:00:00Z,2026-09-01T00:00,9.0,307,17.6,0.0,,,,,,0.5,135,0.23,16.9,,unavailable (no satellite pass / dataset error),
89.8,Excellent,,2026-08-31T18:04:20Z,Eden,2026-08-31T15:00:00Z,2026-09-01T01:00,9.4,322,18.0,0.0,,,,,,0.5,135,-0.04,16.9,,unavailable (no satellite pass / dataset error),
90.2,Excellent,,2026-08-31T18:04:20Z,Eden,2026-08-31T16:00:00Z,2026-09-01T02:00,9.0,322,17.6,0.0,,,,,,0.5,135,-0.29,16.9,,unavailable (no satellite pass / dataset error),
91.4,Excellent,,2026-08-31T18:04:20Z,Eden,2026-08-31T17:00:00Z,2026-09-01T03:00,7.7,306,16.6,0.0,,,,,,0.5,135,-0.47,16.9,,unavailable (no satellite pass / dataset error),
92.1,Excellent,,2026-08-31T18:04:20Z,Eden,2026-08-31T18:00:00Z,2026-09-01T04:00,7.0,288,14.8,0.0,,,,,,0.5,135,-0.52,16.9,,unavailable (no satellite pass / dataset error),
79.1,Good,Doable,2026-08-31T18:04:20Z,Green Cape,2026-08-31T13:00:00Z,2026-08-31T23:00,12.2,334,24.1,0.0,0.98,7.4,170,1.14,0.14,1.1,162,0.43,17.1,,unavailable (no satellite pass / dataset error),
79.8,Good,Doable,2026-08-31T18:04:20Z,Green Cape,2026-08-31T14:00:00Z,2026-09-01T00:00,11.2,320,22.3,0.0,0.9,7.7,170,1.14,0.2,1.1,162,0.21,17.1,,unavailable (no satellite pass / dataset error),
80.0,Excellent,Doable,2026-08-31T18:04:20Z,Green Cape,2026-08-31T15:00:00Z,2026-09-01T01:00,11.0,325,23.0,0.0,0.84,8.0,170,1.14,0.26,1.1,162,-0.05,17.1,,unavailable (no satellite pass / dataset error),
79.4,Good,Doable,2026-08-31T18:04:20Z,Green Cape,2026-08-31T16:00:00Z,2026-09-01T02:00,11.9,333,24.5,0.0,0.82,8.2,171,1.12,0.26,1.1,162,-0.3,17.1,,unavailable (no satellite pass / dataset error),
79.6,Good,Doable,2026-08-31T18:04:20Z,Green Cape,2026-08-31T17:00:00Z,2026-09-01T03:00,12.0,332,24.5,0.0,0.82,8.4,171,1.12,0.26,1.0,158,-0.47,17.1,,unavailable (no satellite pass / dataset error),
80.9,Excellent,Great,2026-08-31T18:04:20Z,Green Cape,2026-08-31T18:00:00Z,2026-09-01T04:00,10.5,327,23.0,0.0,0.8,8.45,172,1.1,0.26,1.0,158,-0.52,17.1,,unavailable (no satellite pass / dataset error),
88.3,Excellent,Great,2026-08-31T18:04:20Z,Tathra,2026-08-31T13:00:00Z,2026-08-31T23:00,5.8,290,11.9,0.0,0.5,8.5,124,0.66,0.02,0.9,191,0.45,17.4,,unavailable (no satellite pass / dataset error),
88.9,Excellent,Great,2026-08-31T18:04:20Z,Tathra,2026-08-31T14:00:00Z,2026-09-01T00:00,4.3,294,12.2,0.0,0.52,8.5,123,0.66,0.02,0.9,191,0.23,17.3,,unavailable (no satellite pass / dataset error),
88.3,Excellent,Great,2026-08-31T18:04:20Z,Tathra,2026-08-31T15:00:00Z,2026-09-01T01:00,5.2,295,11.2,0.0,0.52,8.45,123,0.66,0.02,0.9,191,-0.04,17.3,,unavailable (no satellite pass / dataset error),
87.7,Excellent,Great,2026-08-31T18:04:20Z,Tathra,2026-08-31T16:00:00Z,2026-09-01T02:00,5.9,297,13.0,0.0,0.52,8.45,123,0.66,0.02,0.9,191,-0.29,17.3,,unavailable (no satellite pass / dataset error),
88.1,Excellent,Great,2026-08-31T18:04:20Z,Tathra,2026-08-31T17:00:00Z,2026-09-01T03:00,5.7,298,13.3,0.0,0.52,8.4,123,0.64,0.0,0.9,191,-0.47,17.3,,unavailable (no satellite pass / dataset error),
87.4,Excellent,Great,2026-08-31T18:04:20Z,Tathra,2026-08-31T18:00:00Z,2026-09-01T04:00,6.0,299,13.3,0.0,0.52,8.4,123,0.64,0.0,1.1,189,-0.52,17.3,,unavailable (no satellite pass / dataset error),
80.4,Excellent,Bit dodgy,2026-08-31T18:04:20Z,Bermagui,2026-08-31T13:00:00Z,2026-08-31T23:00,10.2,312,18.4,0.0,1.24,8.05,141,1.3,0.12,0.4,153,0.48,17.4,,unavailable (no satellite pass / dataset error),
80.4,Excellent,Bit dodgy,2026-08-31T18:04:20Z,Bermagui,2026-08-31T14:00:00Z,2026-09-01T00:00,10.2,312,18.4,0.0,1.24,8.05,143,1.3,0.14,0.4,153,0.26,17.4,,unavailable (no satellite pass / dataset error),
81.3,Excellent,Bit dodgy,2026-08-31T18:04:20Z,Bermagui,2026-08-31T15:00:00Z,2026-09-01T01:00,9.2,310,18.4,0.0,1.26,8.05,146,1.28,0.14,0.4,180,-0.01,17.4,,unavailable (no satellite pass / dataset error),
82.1,Excellent,Bit dodgy,2026-08-31T18:04:20Z,Bermagui,2026-08-31T16:00:00Z,2026-09-01T02:00,8.3,309,17.3,0.0,1.22,7.9,146,1.26,0.14,0.4,180,-0.27,17.4,,unavailable (no satellite pass / dataset error),
81.9,Excellent,Doable,2026-08-31T18:04:20Z,Bermagui,2026-08-31T17:00:00Z,2026-09-01T03:00,8.4,304,16.2,0.0,1.18,7.75,145,1.26,0.12,0.5,180,-0.44,17.4,,unavailable (no satellite pass / dataset error),
81.9,Excellent,Doable,2026-08-31T18:04:20Z,Bermagui,2026-08-31T18:00:00Z,2026-09-01T04:00,8.5,305,15.8,0.0,1.14,7.65,145,1.24,0.12,0.5,180,-0.5,17.4,,unavailable (no satellite pass / dataset error),
86.3,Excellent,Doable,2026-08-31T18:04:20Z,Narooma,2026-08-31T13:00:00Z,2026-08-31T23:00,4.8,299,8.3,0.0,0.94,8.25,147,1.06,0.06,0.6,162,0.48,17.3,,unavailable (no satellite pass / dataset error),
87.0,Excellent,Doable,2026-08-31T18:04:20Z,Narooma,2026-08-31T14:00:00Z,2026-09-01T00:00,3.6,279,7.9,0.0,0.94,8.25,146,1.04,0.06,0.6,162,0.26,17.2,,unavailable (no satellite pass / dataset error),
87.2,Excellent,Doable,2026-08-31T18:04:20Z,Narooma,2026-08-31T15:00:00Z,2026-09-01T01:00,3.4,276,7.9,0.0,0.92,8.25,146,1.04,0.04,0.6,162,-0.01,17.2,,unavailable (no satellite pass / dataset error),
87.3,Excellent,Doable,2026-08-31T18:04:20Z,Narooma,2026-08-31T16:00:00Z,2026-09-01T02:00,3.4,267,7.9,0.0,0.9,8.25,146,1.02,0.04,0.6,162,-0.26,17.2,,unavailable (no satellite pass / dataset error),
86.8,Excellent,Doable,2026-08-31T18:04:20Z,Narooma,2026-08-31T17:00:00Z,2026-09-01T03:00,4.3,253,9.0,0.0,0.9,8.3,146,1.0,0.04,0.6,162,-0.44,17.2,,unavailable (no satellite pass / dataset error),
86.7,Excellent,Doable,2026-08-31T18:04:20Z,Narooma,2026-08-31T18:00:00Z,2026-09-01T04:00,4.9,242,10.8,0.0,0.88,8.3,146,0.98,0.04,0.5,180,-0.49,17.2,,unavailable (no satellite pass / dataset error),
84.8,Excellent,Bit dodgy,2026-08-31T18:04:20Z,Batemans Bay (Inside),2026-08-31T13:00:00Z,2026-08-31T23:00,4.5,293,10.1,0.0,1.22,8.25,150,1.24,0.06,0.7,180,0.48,17.3,,unavailable (no satellite pass / dataset error),
83.1,Excellent,Doable,2026-08-31T18:04:20Z,Batemans Bay (Inside),2026-08-31T14:00:00Z,2026-09-01T00:00,6.7,290,12.6,0.0,1.18,8.3,149,1.2,0.04,0.7,180,0.26,17.2,,unavailable (no satellite pass / dataset error),
82.8,Excellent,Doable,2026-08-31T18:04:20Z,Batemans Bay (Inside),2026-08-31T15:00:00Z,2026-09-01T01:00,7.8,296,14.4,0.0,1.16,8.3,149,1.18,0.04,0.5,180,-0.02,17.2,,unavailable (no satellite pass / dataset error),
82.7,Excellent,Doable,2026-08-31T18:04:20Z,Batemans Bay (Inside),2026-08-31T16:00:00Z,2026-09-01T02:00,8.5,298,15.5,0.0,1.14,8.3,149,1.16,0.04,0.4,180,-0.27,17.2,,unavailable (no satellite pass / dataset error),
82.5,Excellent,Doable,2026-08-31T18:04:20Z,Batemans Bay (Inside),2026-08-31T17:00:00Z,2026-09-01T03:00,8.9,302,15.5,0.0,1.12,8.3,150,1.14,0.04,0.4,180,-0.45,17.2,,unavailable (no satellite pass / dataset error),
82.2,Excellent,Doable,2026-08-31T18:04:20Z,Batemans Bay (Inside),2026-08-31T18:00:00Z,2026-09-01T04:00,9.6,308,16.9,0.0,1.1,8.3,150,1.12,0.04,0.4,180,-0.5,17.2,,unavailable (no satellite pass / dataset error),
84.6,Excellent,Bit dodgy,2026-08-31T18:04:20Z,Batemans Bay (Outside),2026-08-31T13:00:00Z,2026-08-31T23:00,4.5,293,10.1,0.0,1.24,8.0,146,1.26,0.06,0.7,180,0.48,17.3,,unavailable (no satellite pass / dataset error),
82.9,Excellent,Bit dodgy,2026-08-31T18:04:20Z,Batemans Bay (Outside),2026-08-31T14:00:00Z,2026-09-01T00:00,6.7,290,12.6,0.0,1.22,8.1,146,1.22,0.04,0.7,180,0.26,17.2,,unavailable (no satellite pass / dataset error),
82.6,Excellent,Doable,2026-08-31T18:04:20Z,Batemans Bay (Outside),2026-08-31T15:00:00Z,2026-09-01T01:00,7.8,296,14.4,0.0,1.2,8.15,146,1.2,0.02,0.5,180,-0.02,17.2,,unavailable (no satellite pass / dataset error),
82.5,Excellent,Doable,2026-08-31T18:04:20Z,Batemans Bay (Outside),2026-08-31T16:00:00Z,2026-09-01T02:00,8.5,298,15.5,0.0,1.18,8.15,146,1.18,0.02,0.4,180,-0.27,17.2,,unavailable (no satellite pass / dataset error),
82.2,Excellent,Doable,2026-08-31T18:04:20Z,Batemans Bay (Outside),2026-08-31T17:00:00Z,2026-09-01T03:00,8.9,302,15.5,0.0,1.16,8.2,146,1.18,0.04,0.4,180,-0.45,17.2,,unavailable (no satellite pass / dataset error),
81.8,Excellent,Doable,2026-08-31T18:04:20Z,Batemans Bay (Outside),2026-08-31T18:00:00Z,2026-09-01T04:00,9.6,308,16.9,0.0,1.14,8.2,146,1.16,0.04,0.4,180,-0.5,17.2,,unavailable (no satellite pass / dataset error),
88.0,Excellent,Doable,2026-08-31T18:04:20Z,Ulladulla,2026-08-31T13:00:00Z,2026-08-31T23:00,3.2,297,9.7,0.0,0.98,8.05,150,1.0,0.02,0.6,198,0.49,17.3,,unavailable (no satellite pass / dataset error),
87.7,Excellent,Doable,2026-08-31T18:04:20Z,Ulladulla,2026-08-31T14:00:00Z,2026-09-01T00:00,4.3,292,11.2,0.0,0.98,8.1,150,0.98,0.0,0.4,180,0.26,17.3,,unavailable (no satellite pass / dataset error),
86.5,Excellent,Doable,2026-08-31T18:04:20Z,Ulladulla,2026-08-31T15:00:00Z,2026-09-01T01:00,6.2,296,13.7,0.0,0.96,8.1,150,0.96,0.0,0.4,180,-0.02,17.3,,unavailable (no satellite pass / dataset error),
85.3,Excellent,Doable,2026-08-31T18:04:20Z,Ulladulla,2026-08-31T16:00:00Z,2026-09-01T02:00,7.8,293,16.2,0.0,0.94,8.1,150,0.94,0.0,0.4,207,-0.28,17.2,,unavailable (no satellite pass / dataset error),
85.0,Excellent,Doable,2026-08-31T18:04:20Z,Ulladulla,2026-08-31T17:00:00Z,2026-09-01T03:00,8.1,287,17.3,0.0,0.9,8.15,150,0.94,0.0,0.4,207,-0.46,17.2,,unavailable (no satellite pass / dataset error),
85.6,Excellent,Doable,2026-08-31T18:04:20Z,Ulladulla,2026-08-31T18:00:00Z,2026-09-01T04:00,7.6,289,17.3,0.0,0.88,8.15,150,0.92,0.0,0.4,207,-0.51,17.2,,unavailable (no satellite pass / dataset error),
86.7,Excellent,Doable,2026-08-31T18:04:20Z,Jervis Bay (Inside),2026-08-31T13:00:00Z,2026-08-31T23:00,5.3,303,8.3,0.0,0.92,8.45,160,0.96,0.08,0.6,214,0.5,17.6,,unavailable (no satellite pass / dataset error),
86.1,Excellent,Doable,2026-08-31T18:04:20Z,Jervis Bay (Inside),2026-08-31T14:00:00Z,2026-09-01T00:00,5.9,293,9.7,0.0,0.92,8.4,160,0.96,0.06,0.6,198,0.26,17.5,,unavailable (no satellite pass / dataset error),
86.1,Excellent,Doable,2026-08-31T18:04:20Z,Jervis Bay (Inside),2026-08-31T15:00:00Z,2026-09-01T01:00,6.1,300,9.0,0.0,0.9,8.35,160,0.94,0.04,0.6,198,-0.03,17.5,,unavailable (no satellite pass / dataset error),
84.9,Excellent,Doable,2026-08-31T18:04:20Z,Jervis Bay (Inside),2026-08-31T16:00:00Z,2026-09-01T02:00,8.4,310,12.6,0.0,0.88,8.35,160,0.92,0.04,0.4,207,-0.29,17.5,,unavailable (no satellite pass / dataset error),
82.8,Excellent,Doable,2026-08-31T18:04:20Z,Jervis Bay (Inside),2026-08-31T17:00:00Z,2026-09-01T03:00,11.4,319,18.0,0.0,0.86,8.3,160,0.9,0.04,0.4,207,-0.47,17.5,,unavailable (no satellite pass / dataset error),
82.2,Excellent,Doable,2026-08-31T18:04:20Z,Jervis Bay (Inside),2026-08-31T18:00:00Z,2026-09-01T04:00,12.5,325,22.0,0.0,0.84,8.3,160,0.88,0.04,0.4,207,-0.52,17.5,,unavailable (no satellite pass / dataset error),
75.4,Good,Bit dodgy,2026-08-31T18:04:20Z,Jervis Bay (Outside - Point Perpendicular),2026-08-31T13:00:00Z,2026-08-31T23:00,15.5,10,22.0,0.0,1.26,8.65,162,1.3,0.12,1.0,202,0.5,17.6,,unavailable (no satellite pass / dataset error),
76.4,Good,Bit dodgy,2026-08-31T18:04:20Z,Jervis Bay (Outside - Point Perpendicular),2026-08-31T14:00:00Z,2026-09-01T00:00,14.4,1,21.2,0.0,1.24,8.5,161,1.3,0.12,0.9,191,0.27,17.6,,unavailable (no satellite pass / dataset error),
77.8,Good,Doable,2026-08-31T18:04:20Z,Jervis Bay (Outside - Point Perpendicular),2026-08-31T15:00:00Z,2026-09-01T01:00,13.3,1,20.5,0.0,1.2,8.4,161,1.28,0.1,0.7,194,-0.02,17.6,,unavailable (no satellite pass / dataset error),
77.1,Good,Doable,2026-08-31T18:04:20Z,Jervis Bay (Outside - Point Perpendicular),2026-08-31T16:00:00Z,2026-09-01T02:00,13.9,359,20.2,0.0,1.18,8.45,161,1.26,0.1,0.7,180,-0.29,17.5,,unavailable (no satellite pass / dataset error),
76.6,Good,Doable,2026-08-31T18:04:20Z,Jervis Bay (Outside - Point Perpendicular),2026-08-31T17:00:00Z,2026-09-01T03:00,15.5,1,21.6,0.0,1.18,8.55,162,1.22,0.12,0.5,180,-0.46,17.5,,unavailable (no satellite pass / dataset error),
74.4,Good,Doable,2026-08-31T18:04:20Z,Jervis Bay (Outside - Point Perpendicular),2026-08-31T18:00:00Z,2026-09-01T04:00,18.7,359,25.2,0.0,1.16,8.65,162,1.2,0.12,0.5,180,-0.51,17.5,,unavailable (no satellite pass / dataset error),
87.2,Excellent,Great,2026-08-31T18:04:20Z,Shellharbour,2026-08-31T13:00:00Z,2026-08-31T23:00,6.6,286,13.3,0.0,0.72,7.9,152,0.86,0.02,0.3,135,0.51,17.9,,unavailable (no satellite pass / dataset error),
87.4,Excellent,Great,2026-08-31T18:04:20Z,Shellharbour,2026-08-31T14:00:00Z,2026-09-01T00:00,6.6,286,14.0,0.0,0.72,7.85,151,0.84,0.02,0.3,135,0.27,17.9,,unavailable (no satellite pass / dataset error),
88.0,Excellent,Great,2026-08-31T18:04:20Z,Shellharbour,2026-08-31T15:00:00Z,2026-09-01T01:00,5.8,286,13.7,0.0,0.72,7.85,151,0.84,0.02,0.3,135,-0.03,17.9,,unavailable (no satellite pass / dataset error),
87.6,Excellent,Great,2026-08-31T18:04:20Z,Shellharbour,2026-08-31T16:00:00Z,2026-09-01T02:00,5.9,288,12.6,0.0,0.7,7.85,151,0.84,0.02,0.2,90,-0.3,17.8,,unavailable (no satellite pass / dataset error),
87.8,Excellent,Great,2026-08-31T18:04:20Z,Shellharbour,2026-08-31T17:00:00Z,2026-09-01T03:00,5.8,286,12.6,0.0,0.7,7.85,150,0.82,0.02,0.2,90,-0.48,17.8,,unavailable (no satellite pass / dataset error),
87.7,Excellent,Great,2026-08-31T18:04:20Z,Shellharbour,2026-08-31T18:00:00Z,2026-09-01T04:00,5.9,284,13.0,0.0,0.68,7.85,150,0.82,0.02,0.2,90,-0.53,17.8,,unavailable (no satellite pass / dataset error),
83.6,Excellent,Doable,2026-08-31T18:04:20Z,Terrigal,2026-08-31T13:00:00Z,2026-08-31T23:00,8.6,330,20.2,0.0,1.02,8.85,160,1.06,0.04,0.4,153,0.51,18.1,,unavailable (no satellite pass / dataset error),
85.1,Excellent,Doable,2026-08-31T18:04:20Z,Terrigal,2026-08-31T14:00:00Z,2026-09-01T00:00,7.1,313,15.1,0.0,1.0,8.85,160,1.04,0.02,0.3,135,0.26,18.1,,unavailable (no satellite pass / dataset error),
87.0,Excellent,Doable,2026-08-31T18:04:20Z,Terrigal,2026-08-31T15:00:00Z,2026-09-01T01:00,4.6,309,11.9,0.0,1.0,8.8,160,1.04,0.02,0.3,135,-0.05,18.1,,unavailable (no satellite pass / dataset error),
87.7,Excellent,Doable,2026-08-31T18:04:20Z,Terrigal,2026-08-31T16:00:00Z,2026-09-01T02:00,3.9,304,7.9,0.0,1.0,8.75,160,1.04,0.02,0.2,90,-0.33,18.1,,unavailable (no satellite pass / dataset error),
88.0,Excellent,Doable,2026-08-31T18:04:20Z,Terrigal,2026-08-31T17:00:00Z,2026-09-01T03:00,3.7,309,6.8,0.0,0.98,8.7,160,1.02,0.0,0.2,90,-0.5,18.1,,unavailable (no satellite pass / dataset error),
86.8,Excellent,Doable,2026-08-31T18:04:20Z,Terrigal,2026-08-31T18:00:00Z,2026-09-01T04:00,5.4,310,9.4,0.0,0.98,8.65,160,1.02,0.0,0.2,90,-0.55,18.1,,unavailable (no satellite pass / dataset error),
76.2,Good,Getting rough,2026-08-31T18:04:20Z,Fingal Bay,2026-08-31T13:00:00Z,2026-08-31T23:00,11.6,13,19.8,0.0,1.54,9.15,167,1.56,0.14,1.0,211,0.53,19.3,,unavailable (no satellite pass / dataset error),
75.8,Good,Getting rough,2026-08-31T18:04:20Z,Fingal Bay,2026-08-31T14:00:00Z,2026-09-01T00:00,11.7,15,19.4,0.0,1.54,9.1,167,1.54,0.18,1.0,202,0.26,19.2,,unavailable (no satellite pass / dataset error),
76.5,Good,Getting rough,2026-08-31T18:04:20Z,Fingal Bay,2026-08-31T15:00:00Z,2026-09-01T01:00,11.3,18,19.4,0.0,1.52,9.1,167,1.54,0.2,0.8,207,-0.05,19.2,,unavailable (no satellite pass / dataset error),
77.2,Good,Bit dodgy,2026-08-31T18:04:20Z,Fingal Bay,2026-08-31T16:00:00Z,2026-09-01T02:00,10.8,18,18.7,0.0,1.5,9.05,167,1.52,0.18,0.7,194,-0.34,19.2,,unavailable (no satellite pass / dataset error),
76.8,Good,Bit dodgy,2026-08-31T18:04:20Z,Fingal Bay,2026-08-31T17:00:00Z,2026-09-01T03:00,11.0,18,17.3,0.0,1.5,9.05,168,1.52,0.16,0.6,198,-0.52,19.1,,unavailable (no satellite pass / dataset error),
77.5,Good,Bit dodgy,2026-08-31T18:04:20Z,Fingal Bay,2026-08-31T18:00:00Z,2026-09-01T04:00,10.8,18,17.3,0.0,1.48,9.0,168,1.5,0.14,0.4,207,-0.56,19.1,,unavailable (no satellite pass / dataset error),
79.2,Good,Doable,2026-08-31T18:04:20Z,Broughton Island,2026-08-31T13:00:00Z,2026-08-31T23:00,11.9,360,20.5,0.0,1.14,9.6,165,1.2,0.04,0.9,191,0.52,18.8,,unavailable (no satellite pass / dataset error),
79.0,Good,Doable,2026-08-31T18:04:20Z,Broughton Island,2026-08-31T14:00:00Z,2026-09-01T00:00,12.4,8,21.6,0.0,1.14,9.6,165,1.18,0.06,0.9,191,0.25,18.8,,unavailable (no satellite pass / dataset error),
79.1,Good,Doable,2026-08-31T18:04:20Z,Broughton Island,2026-08-31T15:00:00Z,2026-09-01T01:00,12.8,14,23.0,0.0,1.12,9.55,165,1.18,0.08,0.7,194,-0.06,18.8,,unavailable (no satellite pass / dataset error),
79.4,Good,Doable,2026-08-31T18:04:20Z,Broughton Island,2026-08-31T16:00:00Z,2026-09-01T02:00,12.3,14,22.7,0.0,1.12,9.5,165,1.18,0.08,0.7,180,-0.35,18.8,,unavailable (no satellite pass / dataset error),
79.8,Good,Doable,2026-08-31T18:04:20Z,Broughton Island,2026-08-31T17:00:00Z,2026-09-01T03:00,12.2,16,21.6,0.0,1.1,9.45,166,1.16,0.1,0.5,180,-0.53,18.7,,unavailable (no satellite pass / dataset error),
79.6,Good,Doable,2026-08-31T18:04:20Z,Broughton Island,2026-08-31T18:00:00Z,2026-09-01T04:00,12.4,17,21.6,0.0,1.1,9.4,166,1.16,0.1,0.5,180,-0.57,18.7,,unavailable (no satellite pass / dataset error),
75.4,Good,Getting rough,2026-08-31T18:04:20Z,Seal Rocks,2026-08-31T13:00:00Z,2026-08-31T23:00,11.8,337,20.5,0.0,1.64,9.15,170,1.66,0.04,0.9,191,0.52,19.2,,unavailable (no satellite pass / dataset error),
75.0,Good,Getting rough,2026-08-31T18:04:20Z,Seal Rocks,2026-08-31T14:00:00Z,2026-09-01T00:00,12.5,335,22.0,0.0,1.64,9.1,170,1.64,0.06,0.9,191,0.25,19.2,,unavailable (no satellite pass / dataset error),
74.8,Good,Getting rough,2026-08-31T18:04:20Z,Seal Rocks,2026-08-31T15:00:00Z,2026-09-01T01:00,13.0,346,23.4,0.0,1.62,9.1,170,1.62,0.06,0.9,191,-0.07,19.1,,unavailable (no satellite pass / dataset error),
75.3,Good,Getting rough,2026-08-31T18:04:20Z,Seal Rocks,2026-08-31T16:00:00Z,2026-09-01T02:00,12.9,348,23.4,0.0,1.6,9.1,170,1.62,0.14,0.7,180,-0.35,19.1,,unavailable (no satellite pass / dataset error),
75.5,Good,Getting rough,2026-08-31T18:04:20Z,Seal Rocks,2026-08-31T17:00:00Z,2026-09-01T03:00,12.8,349,23.4,0.0,1.58,9.1,171,1.6,0.2,0.7,180,-0.54,19.1,,unavailable (no satellite pass / dataset error),
75.1,Good,Getting rough,2026-08-31T18:04:20Z,Seal Rocks,2026-08-31T18:00:00Z,2026-09-01T04:00,13.3,351,24.5,0.0,1.56,9.1,171,1.6,0.28,0.7,180,-0.57,19.1,,unavailable (no satellite pass / dataset error),
85.5,Excellent,Doable,2026-08-31T18:04:20Z,Forster,2026-08-31T13:00:00Z,2026-08-31T23:00,7.9,330,13.0,0.0,0.82,9.3,158,0.9,0.0,0.5,180,0.53,19.4,,unavailable (no satellite pass / dataset error),
85.7,Excellent,Great,2026-08-31T18:04:20Z,Forster,2026-08-31T14:00:00Z,2026-09-01T00:00,7.6,333,12.2,0.0,0.8,9.25,158,0.9,0.02,0.5,180,0.25,19.4,,unavailable (no satellite pass / dataset error),
85.8,Excellent,Great,2026-08-31T18:04:20Z,Forster,2026-08-31T15:00:00Z,2026-09-01T01:00,7.4,338,12.6,0.0,0.8,9.2,158,0.88,0.02,0.6,162,-0.08,19.4,,unavailable (no satellite pass / dataset error),
86.8,Excellent,Great,2026-08-31T18:04:20Z,Forster,2026-08-31T16:00:00Z,2026-09-01T02:00,6.6,338,12.2,0.0,0.8,9.2,158,0.88,0.02,0.4,153,-0.36,19.4,,unavailable (no satellite pass / dataset error),
87.2,Excellent,Great,2026-08-31T18:04:20Z,Forster,2026-08-31T17:00:00Z,2026-09-01T03:00,6.4,333,10.8,0.0,0.78,9.15,158,0.86,0.04,0.4,153,-0.54,19.4,,unavailable (no satellite pass / dataset error),
87.1,Excellent,Great,2026-08-31T18:04:20Z,Forster,2026-08-31T18:00:00Z,2026-09-01T04:00,6.7,336,11.2,0.0,0.78,9.15,158,0.86,0.04,0.3,135,-0.58,19.4,,unavailable (no satellite pass / dataset error),
78.5,Good,Bit dodgy,2026-08-31T18:04:20Z,South West Rocks,2026-08-31T13:00:00Z,2026-08-31T23:00,8.3,268,13.0,0.0,1.48,8.35,163,1.56,0.0,1.1,189,0.56,20.4,,unavailable (no satellite pass / dataset error),
78.0,Good,Bit dodgy,2026-08-31T18:04:20Z,South West Rocks,2026-08-31T14:00:00Z,2026-09-01T00:00,8.2,261,14.4,0.0,1.46,8.4,163,1.54,0.0,1.3,196,0.28,20.3,,unavailable (no satellite pass / dataset error),
79.7,Good,Bit dodgy,2026-08-31T18:04:20Z,South West Rocks,2026-08-31T15:00:00Z,2026-09-01T01:00,6.2,262,13.3,0.0,1.44,8.4,163,1.52,0.0,1.3,196,-0.06,20.3,,unavailable (no satellite pass / dataset error),
80.2,Excellent,Bit dodgy,2026-08-31T18:04:20Z,South West Rocks,2026-08-31T16:00:00Z,2026-09-01T02:00,5.8,261,10.1,0.0,1.42,8.35,163,1.5,0.0,1.3,196,-0.35,20.3,,unavailable (no satellite pass / dataset error),
81.3,Excellent,Bit dodgy,2026-08-31T18:04:20Z,South West Rocks,2026-08-31T17:00:00Z,2026-09-01T03:00,5.0,251,9.4,0.0,1.4,8.3,163,1.48,0.0,1.1,189,-0.52,20.3,,unavailable (no satellite pass / dataset error),
81.7,Excellent,Bit dodgy,2026-08-31T18:04:20Z,South West Rocks,2026-08-31T18:00:00Z,2026-09-01T04:00,4.7,252,7.9,0.0,1.38,8.3,163,1.46,0.0,1.1,189,-0.56,20.3,,unavailable (no satellite pass / dataset error),
84.4,Excellent,Amazing,2026-09-01T00:11:51Z,Williamstown,2026-08-31T19:00:00Z,2026-09-01T05:00,16.6,10,22.7,0.0,0.14,6.65,199,0.28,0.14,0.4,207,-0.12,13.3,,unavailable (no satellite pass / dataset error),
84.0,Excellent,Amazing,2026-09-01T00:11:51Z,Williamstown,2026-08-31T20:00:00Z,2026-09-01T06:00,16.9,9,23.0,0.0,0.14,6.85,200,0.3,0.2,0.4,207,-0.22,13.3,,unavailable (no satellite pass / dataset error),
83.8,Excellent,Amazing,2026-09-01T00:11:51Z,Williamstown,2026-08-31T21:00:00Z,2026-09-01T07:00,16.7,7,23.0,0.0,0.14,7.25,200,0.34,0.26,0.4,207,-0.25,13.3,,unavailable (no satellite pass / dataset error),
83.2,Excellent,Amazing,2026-09-01T00:11:51Z,Williamstown,2026-08-31T22:00:00Z,2026-09-01T08:00,17.7,2,23.8,0.0,0.14,8.0,204,0.34,0.26,0.3,225,-0.23,13.3,,unavailable (no satellite pass / dataset error),
83.1,Excellent,Amazing,2026-09-01T00:11:51Z,Williamstown,2026-08-31T23:00:00Z,2026-09-01T09:00,17.9,4,23.0,0.0,0.14,8.9,207,0.34,0.28,0.3,225,-0.19,13.3,,unavailable (no satellite pass / dataset error),
82.3,Excellent,Amazing,2026-09-01T00:11:51Z,Williamstown,2026-09-01T00:00:00Z,2026-09-01T10:00,19.0,20,23.4,0.0,0.14,9.55,211,0.34,0.28,0.3,225,-0.12,13.3,,unavailable (no satellite pass / dataset error),
56.3,Fair,Getting rough,2026-09-01T00:11:51Z,Robe,2026-08-31T19:00:00Z,2026-09-01T05:00,25.8,5,41.8,0.0,2.6,11.25,222,2.7,0.7,1.5,166,0.09,14.1,,unavailable (no satellite pass / dataset error),
55.7,Fair,Getting rough,2026-09-01T00:11:51Z,Robe,2026-08-31T20:00:00Z,2026-09-01T06:00,27.0,2,43.2,0.0,2.54,11.3,223,2.68,0.74,1.5,159,-0.05,14.2,,unavailable (no satellite pass / dataset error),
55.8,Fair,Getting rough,2026-09-01T00:11:51Z,Robe,2026-08-31T21:00:00Z,2026-09-01T07:00,26.8,3,43.9,0.0,2.5,11.3,223,2.64,0.78,1.5,150,-0.15,14.2,,unavailable (no satellite pass / dataset error),
54.6,Fair,Getting rough,2026-09-01T00:11:51Z,Robe,2026-08-31T22:00:00Z,2026-09-01T08:00,28.4,1,45.7,0.0,2.46,11.3,224,2.62,0.84,1.5,144,-0.18,14.2,,unavailable (no satellite pass / dataset error),
52.2,Fair,Getting rough,2026-09-01T00:11:51Z,Robe,2026-08-31T23:00:00Z,2026-09-01T09:00,31.7,353,51.1,0.0,2.4,11.3,224,2.58,0.88,1.5,135,-0.14,14.2,,unavailable (no satellite pass / dataset error),
51.3,Fair,Getting rough,2026-09-01T00:11:51Z,Robe,2026-09-01T00:00:00Z,2026-09-01T10:00,32.8,349,53.6,0.0,2.36,11.3,225,2.56,0.94,1.5,135,-0.04,14.3,,unavailable (no satellite pass / dataset error),
58.3,Fair,Getting rough,2026-09-01T00:11:51Z,Port MacDonnell,2026-08-31T19:00:00Z,2026-09-01T05:00,26.7,355,45.0,0.0,2.68,11.15,225,2.74,0.48,0.3,135,0.07,15.1,,unavailable (no satellite pass / dataset error),
57.6,Fair,Getting rough,2026-09-01T00:11:51Z,Port MacDonnell,2026-08-31T20:00:00Z,2026-09-01T06:00,27.3,354,46.4,0.0,2.62,11.15,226,2.7,0.54,0.4,117,-0.06,15.1,,unavailable (no satellite pass / dataset error),
57.0,Fair,Getting rough,2026-09-01T00:11:51Z,Port MacDonnell,2026-08-31T21:00:00Z,2026-09-01T07:00,28.2,356,47.9,0.0,2.56,11.2,226,2.66,0.62,0.4,117,-0.15,15.0,,unavailable (no satellite pass / dataset error),
56.9,Fair,Getting rough,2026-09-01T00:11:51Z,Port MacDonnell,2026-08-31T22:00:00Z,2026-09-01T08:00,27.8,356,47.9,0.0,2.52,11.25,227,2.64,0.66,0.6,108,-0.18,15.0,,unavailable (no satellite pass / dataset error),
57.2,Fair,Getting rough,2026-09-01T00:11:51Z,Port MacDonnell,2026-08-31T23:00:00Z,2026-09-01T09:00,27.4,352,48.2,0.0,2.46,11.3,227,2.6,0.68,0.6,108,-0.14,15.0,,unavailable (no satellite pass / dataset error),
56.2,Fair,Getting rough,2026-09-01T00:11:51Z,Port MacDonnell,2026-09-01T00:00:00Z,2026-09-01T10:00,28.7,348,50.8,0.0,2.42,11.35,228,2.58,0.72,0.6,108,-0.04,15.0,,unavailable (no satellite pass / dataset error),
59.4,Fair,Getting rough,2026-09-01T00:11:51Z,Cape Bridgewater,2026-08-31T19:00:00Z,2026-09-01T05:00,25.8,346,45.7,0.0,2.4,10.55,220,2.46,0.44,0.2,180,0.06,15.0,,unavailable (no satellite pass / dataset error),
58.5,Fair,Getting rough,2026-09-01T00:11:51Z,Cape Bridgewater,2026-08-31T20:00:00Z,2026-09-01T06:00,27.1,349,47.9,0.0,2.36,10.55,220,2.4,0.5,0.4,153,-0.07,15.0,,unavailable (no satellite pass / dataset error),
59.1,Fair,Getting rough,2026-09-01T00:11:51Z,Cape Bridgewater,2026-08-31T21:00:00Z,2026-09-01T07:00,26.8,347,49.3,0.0,2.3,10.6,220,2.36,0.58,0.4,153,-0.15,15.0,,unavailable (no satellite pass / dataset error),
58.5,Fair,Getting rough,2026-09-01T00:11:51Z,Cape Bridgewater,2026-08-31T22:00:00Z,2026-09-01T08:00,28.1,350,51.1,0.0,2.24,10.6,220,2.32,0.62,0.4,153,-0.18,15.0,,unavailable (no satellite pass / dataset error),
57.8,Fair,Getting rough,2026-09-01T00:11:51Z,Cape Bridgewater,2026-08-31T23:00:00Z,2026-09-01T09:00,29.1,350,52.9,0.0,2.16,10.65,221,2.28,0.68,0.5,135,-0.13,15.0,,unavailable (no satellite pass / dataset error),
57.5,Fair,Getting rough,2026-09-01T00:11:51Z,Cape Bridgewater,2026-09-01T00:00:00Z,2026-09-01T10:00,30.0,346,56.2,0.0,2.1,10.7,221,2.24,0.72,0.5,135,-0.03,15.0,,unavailable (no satellite pass / dataset error),
62.8,Good,Getting rough,2026-09-01T00:11:51Z,Portland Bay,2026-08-31T19:00:00Z,2026-09-01T05:00,23.1,342,41.8,0.0,2.16,10.65,218,2.2,0.34,0.5,180,0.05,14.8,,unavailable (no satellite pass / dataset error),
62.2,Good,Getting rough,2026-09-01T00:11:51Z,Portland Bay,2026-08-31T20:00:00Z,2026-09-01T06:00,24.2,344,43.9,0.0,2.12,10.65,218,2.14,0.4,0.6,162,-0.08,14.8,,unavailable (no satellite pass / dataset error),
63.1,Good,Getting rough,2026-09-01T00:11:51Z,Portland Bay,2026-08-31T21:00:00Z,2026-09-01T07:00,24.0,343,44.6,0.0,2.06,10.65,218,2.1,0.46,0.4,153,-0.16,14.8,,unavailable (no satellite pass / dataset error),
62.1,Good,Getting rough,2026-09-01T00:11:51Z,Portland Bay,2026-08-31T22:00:00Z,2026-09-01T08:00,25.6,344,46.8,0.0,2.0,10.65,218,2.06,0.5,0.5,135,-0.18,14.8,,unavailable (no satellite pass / dataset error),
62.6,Good,Getting rough,2026-09-01T00:11:51Z,Portland Bay,2026-08-31T23:00:00Z,2026-09-01T09:00,25.1,346,47.5,0.0,1.96,10.65,219,2.04,0.56,0.5,135,-0.13,14.8,,unavailable (no satellite pass / dataset error),
63.3,Good,Getting rough,2026-09-01T00:11:51Z,Portland Bay,2026-09-01T00:00:00Z,2026-09-01T10:00,24.3,346,49.7,0.0,1.9,10.7,219,2.0,0.6,0.6,124,-0.03,14.8,,unavailable (no satellite pass / dataset error),
60.0,Good,Getting rough,2026-09-01T00:11:51Z,Bay of Islands,2026-08-31T19:00:00Z,2026-09-01T05:00,23.6,358,38.9,0.0,2.08,9.15,225,2.52,0.44,0.6,162,0.0,14.3,,unavailable (no satellite pass / dataset error),
59.5,Fair,Getting rough,2026-09-01T00:11:51Z,Bay of Islands,2026-08-31T20:00:00Z,2026-09-01T06:00,24.8,0,40.0,0.0,2.04,9.15,224,2.46,0.48,0.6,146,-0.13,14.3,,unavailable (no satellite pass / dataset error),
57.7,Fair,Getting rough,2026-09-01T00:11:51Z,Bay of Islands,2026-08-31T21:00:00Z,2026-09-01T07:00,27.0,358,44.3,0.0,2.0,9.15,224,2.42,0.52,0.8,135,-0.21,14.3,,unavailable (no satellite pass / dataset error),
57.3,Fair,Getting rough,2026-09-01T00:11:51Z,Bay of Islands,2026-08-31T22:00:00Z,2026-09-01T08:00,28.0,356,45.7,0.0,1.96,9.15,224,2.38,0.54,0.8,135,-0.21,14.3,,unavailable (no satellite pass / dataset error),
56.9,Fair,Getting rough,2026-09-01T00:11:51Z,Bay of Islands,2026-08-31T23:00:00Z,2026-09-01T09:00,28.8,351,48.2,0.0,1.9,9.1,223,2.34,0.56,0.9,127,-0.14,14.3,,unavailable (no satellite pass / dataset error),
58.3,Fair,Getting rough,2026-09-01T00:11:51Z,Bay of Islands,2026-09-01T00:00:00Z,2026-09-01T10:00,27.3,355,45.4,0.0,1.86,9.2,223,2.3,0.58,0.9,127,-0.02,14.3,,unavailable (no satellite pass / dataset error),
59.7,Fair,Getting rough,2026-09-01T00:11:51Z,Cape Otway Lightstation,2026-08-31T19:00:00Z,2026-09-01T05:00,21.6,338,48.2,0.0,2.86,10.75,229,2.86,0.24,1.5,263,-0.08,14.2,,unavailable (no satellite pass / dataset error),
59.4,Fair,Getting rough,2026-09-01T00:11:51Z,Cape Otway Lightstation,2026-08-31T20:00:00Z,2026-09-01T06:00,23.9,337,52.2,0.0,2.8,10.7,228,2.82,0.28,0.8,243,-0.27,14.2,,unavailable (no satellite pass / dataset error),
57.5,Fair,Getting rough,2026-09-01T00:11:51Z,Cape Otway Lightstation,2026-08-31T21:00:00Z,2026-09-01T07:00,27.5,338,59.0,0.0,2.74,10.7,228,2.76,0.3,0.4,153,-0.38,14.2,,unavailable (no satellite pass / dataset error),
55.3,Fair,Getting rough,2026-09-01T00:11:51Z,Cape Otway Lightstation,2026-08-31T22:00:00Z,2026-09-01T08:00,28.6,338,63.7,0.0,2.66,10.7,228,2.72,0.5,1.1,108,-0.36,14.2,,unavailable (no satellite pass / dataset error),
56.8,Fair,Getting rough,2026-09-01T00:11:51Z,Cape Otway Lightstation,2026-08-31T23:00:00Z,2026-09-01T09:00,25.0,345,63.4,0.0,2.6,10.7,228,2.7,0.68,1.7,108,-0.23,14.2,,unavailable (no satellite pass / dataset error),
52.5,Fair,Getting rough,2026-09-01T00:11:51Z,Cape Otway Lightstation,2026-09-01T00:00:00Z,2026-09-01T10:00,29.7,341,65.5,0.0,2.52,10.75,228,2.66,0.88,2.1,110,-0.03,14.2,,unavailable (no satellite pass / dataset error),
65.8,Good,Getting rough,2026-09-01T00:11:51Z,Apollo Bay,2026-08-31T19:00:00Z,2026-09-01T05:00,14.1,357,31.0,0.0,2.84,10.75,230,2.84,0.14,1.2,219,-0.11,14.1,,unavailable (no satellite pass / dataset error),
64.1,Good,Getting rough,2026-09-01T00:11:51Z,Apollo Bay,2026-08-31T20:00:00Z,2026-09-01T06:00,17.1,352,38.2,0.0,2.78,10.7,230,2.8,0.16,0.9,217,-0.35,14.1,,unavailable (no satellite pass / dataset error),
61.1,Good,Getting rough,2026-09-01T00:11:51Z,Apollo Bay,2026-08-31T21:00:00Z,2026-09-01T07:00,22.4,340,49.3,0.0,2.72,10.7,230,2.74,0.18,0.4,180,-0.49,14.1,,unavailable (no satellite pass / dataset error),
56.1,Fair,Getting rough,2026-09-01T00:11:51Z,Apollo Bay,2026-08-31T22:00:00Z,2026-09-01T08:00,28.6,334,61.6,0.0,2.64,10.7,230,2.7,0.38,0.6,72,-0.47,14.1,,unavailable (no satellite pass / dataset error),
50.5,Fair,Getting rough,2026-09-01T00:11:51Z,Apollo Bay,2026-08-31T23:00:00Z,2026-09-01T09:00,35.0,332,65.9,0.0,2.58,10.7,230,2.68,0.6,1.0,68,-0.3,14.1,,unavailable (no satellite pass / dataset error),
51.2,Fair,Getting rough,2026-09-01T00:11:51Z,Apollo Bay,2026-09-01T00:00:00Z,2026-09-01T10:00,33.0,336,71.3,0.0,2.5,10.75,230,2.64,0.8,1.4,67,-0.07,14.1,,unavailable (no satellite pass / dataset error),
75.0,Good,Getting rough,2026-09-01T00:11:51Z,Kennett River,2026-08-31T19:00:00Z,2026-09-01T05:00,9.5,360,25.2,0.0,1.86,10.5,224,1.86,0.06,1.0,239,-0.11,13.8,,unavailable (no satellite pass / dataset error),
71.0,Good,Getting rough,2026-09-01T00:11:51Z,Kennett River,2026-08-31T20:00:00Z,2026-09-01T06:00,15.5,348,37.8,0.0,1.84,10.5,224,1.84,0.1,0.8,243,-0.39,13.8,,unavailable (no satellite pass / dataset error),
67.2,Good,Getting rough,2026-09-01T00:11:51Z,Kennett River,2026-08-31T21:00:00Z,2026-09-01T07:00,22.1,333,54.7,0.0,1.8,10.45,224,1.8,0.12,0.4,243,-0.56,13.8,,unavailable (no satellite pass / dataset error),
66.3,Good,Getting rough,2026-09-01T00:11:51Z,Kennett River,2026-08-31T22:00:00Z,2026-09-01T08:00,24.0,341,60.8,0.0,1.76,10.45,224,1.78,0.26,0.2,90,-0.54,13.8,,unavailable (no satellite pass / dataset error),
63.9,Good,Getting rough,2026-09-01T00:11:51Z,Kennett River,2026-08-31T23:00:00Z,2026-09-01T09:00,26.7,335,60.5,0.0,1.7,10.45,224,1.76,0.38,0.5,90,-0.36,13.8,,unavailable (no satellite pass / dataset error),
57.4,Fair,Getting rough,2026-09-01T00:11:51Z,Kennett River,2026-09-01T00:00:00Z,2026-09-01T10:00,33.9,330,78.5,0.0,1.66,10.45,224,1.74,0.52,1.1,90,-0.11,13.8,,unavailable (no satellite pass / dataset error),
77.7,Good,Doable,2026-09-01T00:11:51Z,Torquay,2026-08-31T19:00:00Z,2026-09-01T05:00,14.3,345,22.0,0.0,1.18,10.3,215,1.18,0.12,0.6,198,-0.14,13.5,,unavailable (no satellite pass / dataset error),
77.6,Good,Doable,2026-09-01T00:11:51Z,Torquay,2026-08-31T20:00:00Z,2026-09-01T06:00,14.2,352,23.0,0.0,1.16,10.25,214,1.18,0.18,0.7,194,-0.5,13.5,,unavailable (no satellite pass / dataset error),
77.2,Good,Doable,2026-09-01T00:11:51Z,Torquay,2026-08-31T21:00:00Z,2026-09-01T07:00,15.4,349,23.8,0.0,1.14,10.25,214,1.16,0.22,0.5,180,-0.72,13.5,,unavailable (no satellite pass / dataset error),
75.3,Good,Doable,2026-09-01T00:11:51Z,Torquay,2026-08-31T22:00:00Z,2026-09-01T08:00,17.7,348,28.8,0.0,1.12,10.25,214,1.16,0.28,0.6,162,-0.72,13.5,,unavailable (no satellite pass / dataset error),
76.9,Good,Doable,2026-09-01T00:11:51Z,Torquay,2026-08-31T23:00:00Z,2026-09-01T09:00,16.7,1,31.0,0.0,1.08,10.25,214,1.14,0.34,0.5,135,-0.51,13.6,,unavailable (no satellite pass / dataset error),
75.6,Good,Doable,2026-09-01T00:11:51Z,Torquay,2026-09-01T00:00:00Z,2026-09-01T10:00,18.1,350,33.8,0.0,1.06,10.25,214,1.14,0.4,0.6,124,-0.21,13.6,,unavailable (no satellite pass / dataset error),
78.5,Good,Bit dodgy,2026-09-01T00:11:51Z,Port Phillip Heads (J5 Submarine),2026-08-31T19:00:00Z,2026-09-01T05:00,12.1,350,23.0,0.0,1.34,10.55,218,1.36,0.12,0.3,225,-0.14,13.5,,unavailable (no satellite pass / dataset error),
77.9,Good,Bit dodgy,2026-09-01T00:11:51Z,Port Phillip Heads (J5 Submarine),2026-08-31T20:00:00Z,2026-09-01T06:00,13.1,358,21.6,0.0,1.34,10.55,218,1.34,0.14,0.3,225,-0.52,13.5,,unavailable (no satellite pass / dataset error),
76.6,Good,Bit dodgy,2026-09-01T00:11:51Z,Port Phillip Heads (J5 Submarine),2026-08-31T21:00:00Z,2026-09-01T07:00,15.3,357,25.2,0.0,1.32,10.55,218,1.32,0.16,0.2,270,-0.76,13.5,,unavailable (no satellite pass / dataset error),
75.8,Good,Bit dodgy,2026-09-01T00:11:51Z,Port Phillip Heads (J5 Submarine),2026-08-31T22:00:00Z,2026-09-01T08:00,16.6,354,28.4,0.0,1.28,10.55,218,1.3,0.22,0.2,180,-0.75,13.5,,unavailable (no satellite pass / dataset error),
76.8,Good,Bit dodgy,2026-09-01T00:11:51Z,Port Phillip Heads (J5 Submarine),2026-08-31T23:00:00Z,2026-09-01T09:00,15.5,10,29.9,0.0,1.26,10.5,218,1.3,0.3,0.3,135,-0.55,13.6,,unavailable (no satellite pass / dataset error),
74.1,Good,Bit dodgy,2026-09-01T00:11:51Z,Port Phillip Heads (J5 Submarine),2026-09-01T00:00:00Z,2026-09-01T10:00,19.3,357,36.0,0.0,1.22,10.5,218,1.28,0.36,0.3,135,-0.24,13.6,,unavailable (no satellite pass / dataset error),
72.8,Good,Bit dodgy,2026-09-01T00:11:51Z,Queenscliff,2026-08-31T19:00:00Z,2026-09-01T05:00,17.5,359,32.0,0.0,1.48,10.6,220,1.52,0.18,0.5,225,-0.14,13.5,,unavailable (no satellite pass / dataset error),
71.1,Good,Bit dodgy,2026-09-01T00:11:51Z,Queenscliff,2026-08-31T20:00:00Z,2026-09-01T06:00,20.5,3,37.1,0.0,1.46,10.7,220,1.48,0.2,0.4,207,-0.53,13.5,,unavailable (no satellite pass / dataset error),
70.0,Good,Bit dodgy,2026-09-01T00:11:51Z,Queenscliff,2026-08-31T21:00:00Z,2026-09-01T07:00,22.4,4,41.4,0.0,1.46,10.75,221,1.46,0.24,0.3,225,-0.77,13.5,,unavailable (no satellite pass / dataset error),
68.6,Good,Bit dodgy,2026-09-01T00:11:51Z,Queenscliff,2026-08-31T22:00:00Z,2026-09-01T08:00,24.5,3,43.6,0.0,1.42,10.75,221,1.46,0.32,0.2,180,-0.76,13.5,,unavailable (no satellite pass / dataset error),
67.3,Good,Bit dodgy,2026-09-01T00:11:51Z,Queenscliff,2026-08-31T23:00:00Z,2026-09-01T09:00,26.2,8,43.6,0.0,1.4,10.7,221,1.44,0.4,0.3,135,-0.56,13.5,,unavailable (no satellite pass / dataset error),
65.2,Good,Bit dodgy,2026-09-01T00:11:51Z,Queenscliff,2026-09-01T00:00:00Z,2026-09-01T10:00,28.7,8,47.9,0.0,1.36,10.7,221,1.44,0.48,0.4,117,-0.26,13.5,,unavailable (no satellite pass / dataset error),
64.8,Good,Getting rough,2026-09-01T00:11:51Z,Blairgowrie Back Beach,2026-08-31T19:00:00Z,2026-09-01T05:00,24.3,360,44.3,0.0,1.84,10.9,226,1.88,0.3,0.5,180,-0.12,13.5,,unavailable (no satellite pass / dataset error),
63.6,Good,Getting rough,2026-09-01T00:11:51Z,Blairgowrie Back Beach,2026-08-31T20:00:00Z,2026-09-01T06:00,26.7,358,50.0,0.0,1.8,10.85,225,1.84,0.36,0.4,153,-0.51,13.5,,unavailable (no satellite pass / dataset error),
60.9,Good,Getting rough,2026-09-01T00:11:51Z,Blairgowrie Back Beach,2026-08-31T21:00:00Z,2026-09-01T07:00,30.4,2,57.6,0.0,1.76,10.85,225,1.82,0.42,0.4,153,-0.77,13.5,,unavailable (no satellite pass / dataset error),
60.0,Good,Getting rough,2026-09-01T00:11:51Z,Blairgowrie Back Beach,2026-08-31T22:00:00Z,2026-09-01T08:00,31.3,1,57.2,0.0,1.72,10.85,225,1.8,0.5,0.6,162,-0.78,13.5,,unavailable (no satellite pass / dataset error),
59.3,Fair,Getting rough,2026-09-01T00:11:51Z,Blairgowrie Back Beach,2026-08-31T23:00:00Z,2026-09-01T09:00,32.0,1,57.2,0.0,1.68,10.85,225,1.8,0.6,0.7,166,-0.58,13.5,,unavailable (no satellite pass / dataset error),
58.8,Fair,Getting rough,2026-09-01T00:11:51Z,Blairgowrie Back Beach,2026-09-01T00:00:00Z,2026-09-01T10:00,32.6,6,62.6,0.0,1.64,10.85,225,1.78,0.68,0.8,153,-0.27,13.5,,unavailable (no satellite pass / dataset error),
66.4,Good,Getting rough,2026-09-01T00:11:51Z,Cape Schanck,2026-08-31T19:00:00Z,2026-09-01T05:00,20.7,350,38.5,0.0,2.0,10.8,232,2.02,0.32,0.4,207,-0.1,13.6,,unavailable (no satellite pass / dataset error),
64.4,Good,Getting rough,2026-09-01T00:11:51Z,Cape Schanck,2026-08-31T20:00:00Z,2026-09-01T06:00,23.7,349,42.8,0.0,1.96,10.75,232,2.0,0.4,0.4,207,-0.49,13.6,,unavailable (no satellite pass / dataset error),
62.7,Good,Getting rough,2026-09-01T00:11:51Z,Cape Schanck,2026-08-31T21:00:00Z,2026-09-01T07:00,26.4,349,49.7,0.0,1.92,10.7,232,1.96,0.46,0.4,180,-0.75,13.6,,unavailable (no satellite pass / dataset error),
60.8,Good,Getting rough,2026-09-01T00:11:51Z,Cape Schanck,2026-08-31T22:00:00Z,2026-09-01T08:00,29.1,348,52.2,0.0,1.88,10.7,232,1.96,0.58,0.4,180,-0.78,13.7,,unavailable (no satellite pass / dataset error),
59.1,Fair,Getting rough,2026-09-01T00:11:51Z,Cape Schanck,2026-08-31T23:00:00Z,2026-09-01T09:00,31.1,347,54.4,0.0,1.82,10.7,232,1.94,0.68,0.6,146,-0.59,13.7,,unavailable (no satellite pass / dataset error),
55.6,Fair,Getting rough,2026-09-01T00:11:51Z,Cape Schanck,2026-09-01T00:00:00Z,2026-09-01T10:00,36.2,350,63.7,0.0,1.78,10.7,232,1.94,0.8,0.9,143,-0.28,13.7,,unavailable (no satellite pass / dataset error),
69.0,Good,Getting rough,2026-09-01T00:11:51Z,Cape Paterson,2026-08-31T19:00:00Z,2026-09-01T05:00,19.7,345,32.0,0.0,1.74,10.7,241,1.8,0.28,0.4,180,-0.05,13.6,,unavailable (no satellite pass / dataset error),
68.6,Good,Getting rough,2026-09-01T00:11:51Z,Cape Paterson,2026-08-31T20:00:00Z,2026-09-01T06:00,20.7,345,36.0,0.0,1.68,10.75,243,1.76,0.36,0.4,180,-0.47,13.6,,unavailable (no satellite pass / dataset error),
65.2,Good,Getting rough,2026-09-01T00:11:51Z,Cape Paterson,2026-08-31T21:00:00Z,2026-09-01T07:00,25.5,336,43.2,0.0,1.62,10.75,244,1.74,0.42,0.4,180,-0.77,13.6,,unavailable (no satellite pass / dataset error),
61.0,Good,Getting rough,2026-09-01T00:11:51Z,Cape Paterson,2026-08-31T22:00:00Z,2026-09-01T08:00,31.1,330,52.2,0.0,1.56,10.75,244,1.76,0.56,0.4,180,-0.85,13.7,,unavailable (no satellite pass / dataset error),
59.3,Fair,Getting rough,2026-09-01T00:11:51Z,Cape Paterson,2026-08-31T23:00:00Z,2026-09-01T09:00,32.9,328,57.6,0.0,1.52,10.75,244,1.76,0.72,0.6,162,-0.7,13.7,,unavailable (no satellite pass / dataset error),
59.3,Fair,Bit dodgy,2026-09-01T00:11:51Z,Cape Paterson,2026-09-01T00:00:00Z,2026-09-01T10:00,31.8,330,56.5,0.0,1.46,10.75,244,1.78,0.86,0.9,143,-0.36,13.7,,unavailable (no satellite pass / dataset error),
65.4,Good,Bit dodgy,2026-09-01T00:11:51Z,Wilsons Prom (West - Norman Bay),2026-08-31T19:00:00Z,2026-09-01T05:00,25.4,333,32.4,0.0,1.26,10.3,228,1.66,0.26,0.6,124,-0.02,13.5,,unavailable (no satellite pass / dataset error),
67.0,Good,Bit dodgy,2026-09-01T00:11:51Z,Wilsons Prom (West - Norman Bay),2026-08-31T20:00:00Z,2026-09-01T06:00,23.8,347,33.5,0.0,1.24,10.3,229,1.64,0.32,0.5,135,-0.43,13.5,,unavailable (no satellite pass / dataset error),
65.7,Good,Bit dodgy,2026-09-01T00:11:51Z,Wilsons Prom (West - Norman Bay),2026-08-31T21:00:00Z,2026-09-01T07:00,25.7,351,32.0,0.0,1.22,10.3,229,1.62,0.36,0.5,135,-0.73,13.5,,unavailable (no satellite pass / dataset error),
66.6,Good,Doable,2026-09-01T00:11:51Z,Wilsons Prom (West - Norman Bay),2026-08-31T22:00:00Z,2026-09-01T08:00,24.5,349,32.4,0.0,1.2,10.35,229,1.66,0.58,0.5,135,-0.83,13.6,,unavailable (no satellite pass / dataset error),
64.8,Good,Doable,2026-09-01T00:11:51Z,Wilsons Prom (West - Norman Bay),2026-08-31T23:00:00Z,2026-09-01T09:00,26.2,339,30.6,0.0,1.18,10.45,229,1.72,0.8,0.5,135,-0.7,13.6,,unavailable (no satellite pass / dataset error),
57.7,Fair,Doable,2026-09-01T00:11:51Z,Wilsons Prom (West - Norman Bay),2026-09-01T00:00:00Z,2026-09-01T10:00,44.8,327,54.4,0.0,1.16,10.5,229,1.76,1.02,0.6,124,-0.38,13.6,,unavailable (no satellite pass / dataset error),
87.0,Excellent,Great,2026-09-01T00:11:51Z,Wilsons Prom (East - Sealers Cove),2026-08-31T19:00:00Z,2026-09-01T05:00,5.6,266,13.3,0.0,0.78,9.3,233,1.04,0.08,0.0,90,0.02,13.1,,unavailable (no satellite pass / dataset error),
87.2,Excellent,Great,2026-09-01T00:11:51Z,Wilsons Prom (East - Sealers Cove),2026-08-31T20:00:00Z,2026-09-01T06:00,5.4,270,14.8,0.0,0.74,9.25,232,1.04,0.12,0.0,90,-0.32,13.1,,unavailable (no satellite pass / dataset error),
87.0,Excellent,Great,2026-09-01T00:11:51Z,Wilsons Prom (East - Sealers Cove),2026-08-31T21:00:00Z,2026-09-01T07:00,5.8,284,14.0,0.0,0.72,9.2,232,1.02,0.18,0.0,90,-0.58,13.1,,unavailable (no satellite pass / dataset error),
84.9,Excellent,Great,2026-09-01T00:11:51Z,Wilsons Prom (East - Sealers Cove),2026-08-31T22:00:00Z,2026-09-01T08:00,8.2,284,18.4,0.0,0.7,9.25,232,1.02,0.26,0.2,90,-0.69,13.1,,unavailable (no satellite pass / dataset error),
86.3,Excellent,Great,2026-09-01T00:11:51Z,Wilsons Prom (East - Sealers Cove),2026-08-31T23:00:00Z,2026-09-01T09:00,6.0,291,19.8,0.0,0.68,9.3,233,1.04,0.36,0.2,90,-0.59,13.1,,unavailable (no satellite pass / dataset error),
79.3,Good,Great,2026-09-01T00:11:51Z,Wilsons Prom (East - Sealers Cove),2026-09-01T00:00:00Z,2026-09-01T10:00,15.3,312,35.3,0.0,0.66,9.35,233,1.04,0.44,0.2,90,-0.33,13.1,,unavailable (no satellite pass / dataset error),
81.5,Excellent,Doable,2026-09-01T00:11:51Z,Mallacoota,2026-08-31T19:00:00Z,2026-09-01T05:00,11.9,338,24.8,0.0,0.96,8.5,171,1.02,0.02,0.4,207,-0.44,14.8,,unavailable (no satellite pass / dataset error),
82.2,Excellent,Doable,2026-09-01T00:11:51Z,Mallacoota,2026-08-31T20:00:00Z,2026-09-01T06:00,11.2,334,22.0,0.0,0.96,8.55,171,1.02,0.0,0.3,225,-0.26,14.8,,unavailable (no satellite pass / dataset error),
82.6,Excellent,Doable,2026-09-01T00:11:51Z,Mallacoota,2026-08-31T21:00:00Z,2026-09-01T07:00,10.9,327,19.8,0.0,0.94,8.6,171,1.0,0.0,0.3,225,-0.02,14.8,,unavailable (no satellite pass / dataset error),
84.2,Excellent,Doable,2026-09-01T00:11:51Z,Mallacoota,2026-08-31T22:00:00Z,2026-09-01T08:00,8.8,313,20.2,0.0,0.92,8.65,171,1.0,0.0,0.3,225,0.24,14.8,,unavailable (no satellite pass / dataset error),
86.5,Excellent,Doable,2026-09-01T00:11:51Z,Mallacoota,2026-08-31T23:00:00Z,2026-09-01T09:00,5.7,305,18.4,0.0,0.92,8.75,171,0.98,0.0,0.4,207,0.45,14.8,,unavailable (no satellite pass / dataset error),
87.8,Excellent,Doable,2026-09-01T00:11:51Z,Mallacoota,2026-09-01T00:00:00Z,2026-09-01T10:00,4.2,252,15.5,0.0,0.9,8.8,171,0.98,0.0,0.4,207,0.56,14.9,,unavailable (no satellite pass / dataset error),
91.1,Excellent,,2026-09-01T00:11:51Z,Eden,2026-08-31T19:00:00Z,2026-09-01T05:00,8.3,281,14.4,0.0,,,,,,0.4,153,-0.45,16.9,,unavailable (no satellite pass / dataset error),
90.6,Excellent,,2026-09-01T00:11:51Z,Eden,2026-08-31T20:00:00Z,2026-09-01T06:00,8.8,275,15.1,0.0,,,,,,0.4,153,-0.26,16.9,,unavailable (no satellite pass / dataset error),
89.9,Excellent,,2026-09-01T00:11:51Z,Eden,2026-08-31T21:00:00Z,2026-09-01T07:00,9.6,274,16.6,0.0,,,,,,0.4,153,0.0,16.9,,unavailable (no satellite pass / dataset error),
92.1,Excellent,,2026-09-01T00:11:51Z,Eden,2026-08-31T22:00:00Z,2026-09-01T08:00,7.2,271,16.9,0.0,,,,,,0.4,153,0.28,16.9,,unavailable (no satellite pass / dataset error),
94.7,Excellent,,2026-09-01T00:11:51Z,Eden,2026-08-31T23:00:00Z,2026-09-01T09:00,4.5,307,14.8,0.0,,,,,,0.4,153,0.5,16.9,,unavailable (no satellite pass / dataset error),
96.3,Excellent,,2026-09-01T00:11:51Z,Eden,2026-09-01T00:00:00Z,2026-09-01T10:00,2.8,11,13.3,0.0,,,,,,0.4,153,0.63,17.0,,unavailable (no satellite pass / dataset error),
81.5,Excellent,Doable,2026-09-01T00:11:51Z,Green Cape,2026-08-31T19:00:00Z,2026-09-01T05:00,9.9,314,20.2,0.0,0.9,7.75,174,1.08,0.14,1.0,158,-0.45,17.1,,unavailable (no satellite pass / dataset error),
81.9,Excellent,Doable,2026-09-01T00:11:51Z,Green Cape,2026-08-31T20:00:00Z,2026-09-01T06:00,9.3,302,16.6,0.0,0.9,7.85,174,1.08,0.12,1.0,158,-0.26,17.1,,unavailable (no satellite pass / dataset error),
81.7,Excellent,Doable,2026-09-01T00:11:51Z,Green Cape,2026-08-31T21:00:00Z,2026-09-01T07:00,10.4,288,18.7,0.0,0.88,7.9,175,1.06,0.08,0.8,153,0.0,17.1,,unavailable (no satellite pass / dataset error),
82.2,Excellent,Doable,2026-09-01T00:11:51Z,Green Cape,2026-08-31T22:00:00Z,2026-09-01T08:00,9.7,298,20.9,0.0,0.86,7.95,175,1.06,0.06,0.8,153,0.27,17.1,,unavailable (no satellite pass / dataset error),
83.3,Excellent,Doable,2026-09-01T00:11:51Z,Green Cape,2026-08-31T23:00:00Z,2026-09-01T09:00,8.3,314,20.2,0.0,0.86,7.95,176,1.06,0.04,0.8,153,0.5,17.2,,unavailable (no satellite pass / dataset error),
83.7,Excellent,Doable,2026-09-01T00:11:51Z,Green Cape,2026-09-01T00:00:00Z,2026-09-01T10:00,7.7,344,19.8,0.0,0.84,8.0,176,1.06,0.02,0.8,153,0.62,17.2,,unavailable (no satellite pass / dataset error),
86.9,Excellent,Great,2026-09-01T00:11:51Z,Tathra,2026-08-31T19:00:00Z,2026-09-01T05:00,6.5,300,12.6,0.0,0.52,8.4,123,0.66,0.0,1.1,198,-0.45,17.3,,unavailable (no satellite pass / dataset error),
86.8,Excellent,Great,2026-09-01T00:11:51Z,Tathra,2026-08-31T20:00:00Z,2026-09-01T06:00,6.9,303,13.3,0.0,0.52,8.4,122,0.64,0.0,1.1,198,-0.26,17.3,,unavailable (no satellite pass / dataset error),
85.4,Excellent,Great,2026-09-01T00:11:51Z,Tathra,2026-08-31T21:00:00Z,2026-09-01T07:00,8.7,308,14.4,0.0,0.52,8.4,122,0.64,0.0,1.1,198,0.0,17.3,,unavailable (no satellite pass / dataset error),
84.8,Excellent,Great,2026-09-01T00:11:51Z,Tathra,2026-08-31T22:00:00Z,2026-09-01T08:00,9.6,320,17.6,0.0,0.52,8.4,122,0.64,0.0,1.1,198,0.28,17.3,,unavailable (no satellite pass / dataset error),
86.1,Excellent,Great,2026-09-01T00:11:51Z,Tathra,2026-08-31T23:00:00Z,2026-09-01T09:00,7.7,319,16.9,0.0,0.5,8.4,122,0.66,0.02,1.3,196,0.51,17.4,,unavailable (no satellite pass / dataset error),
88.5,Excellent,Great,2026-09-01T00:11:51Z,Tathra,2026-09-01T00:00:00Z,2026-09-01T10:00,4.5,23,15.1,0.0,0.5,8.4,122,0.66,0.02,1.3,196,0.63,17.4,,unavailable (no satellite pass / dataset error),
80.6,Excellent,Doable,2026-09-01T00:11:51Z,Bermagui,2026-08-31T19:00:00Z,2026-09-01T05:00,10.0,308,19.4,0.0,1.12,7.7,144,1.24,0.12,0.6,198,-0.42,17.4,,unavailable (no satellite pass / dataset error),
80.3,Excellent,Doable,2026-09-01T00:11:51Z,Bermagui,2026-08-31T20:00:00Z,2026-09-01T06:00,10.7,315,19.4,0.0,1.12,7.7,144,1.22,0.14,0.6,198,-0.23,17.4,,unavailable (no satellite pass / dataset error),
79.2,Good,Doable,2026-09-01T00:11:51Z,Bermagui,2026-08-31T21:00:00Z,2026-09-01T07:00,12.2,324,20.5,0.0,1.1,7.8,144,1.22,0.18,0.6,198,0.04,17.4,,unavailable (no satellite pass / dataset error),
79.3,Good,Doable,2026-09-01T00:11:51Z,Bermagui,2026-08-31T22:00:00Z,2026-09-01T08:00,11.5,337,22.3,0.0,1.12,8.0,145,1.24,0.28,0.7,194,0.32,17.4,,unavailable (no satellite pass / dataset error),
79.9,Good,Doable,2026-09-01T00:11:51Z,Bermagui,2026-08-31T23:00:00Z,2026-09-01T09:00,10.5,4,22.0,0.0,1.12,8.2,145,1.26,0.4,0.7,194,0.54,17.4,,unavailable (no satellite pass / dataset error),
76.5,Good,Doable,2026-09-01T00:11:51Z,Bermagui,2026-09-01T00:00:00Z,2026-09-01T10:00,14.3,23,29.5,0.0,1.14,8.35,146,1.28,0.5,0.9,191,0.66,17.4,,unavailable (no satellite pass / dataset error),
86.8,Excellent,Doable,2026-09-01T00:11:51Z,Narooma,2026-08-31T19:00:00Z,2026-09-01T05:00,4.3,253,11.2,0.0,0.86,8.35,146,0.98,0.06,0.7,180,-0.42,17.2,,unavailable (no satellite pass / dataset error),
87.6,Excellent,Doable,2026-09-01T00:11:51Z,Narooma,2026-08-31T20:00:00Z,2026-09-01T06:00,3.3,257,9.4,0.0,0.86,8.35,146,0.98,0.08,0.7,180,-0.22,17.2,,unavailable (no satellite pass / dataset error),
85.2,Excellent,Doable,2026-09-01T00:11:51Z,Narooma,2026-08-31T21:00:00Z,2026-09-01T07:00,5.9,313,9.7,0.0,0.84,8.35,146,0.98,0.12,0.9,180,0.05,17.2,,unavailable (no satellite pass / dataset error),
82.4,Excellent,Doable,2026-09-01T00:11:51Z,Narooma,2026-08-31T22:00:00Z,2026-09-01T08:00,8.9,354,16.6,0.0,0.84,8.3,146,1.0,0.2,1.1,180,0.33,17.2,,unavailable (no satellite pass / dataset error),
81.1,Excellent,Doable,2026-09-01T00:11:51Z,Narooma,2026-08-31T23:00:00Z,2026-09-01T09:00,10.6,10,22.0,0.0,0.86,8.2,146,1.0,0.26,1.1,180,0.56,17.2,,unavailable (no satellite pass / dataset error),
78.6,Good,Doable,2026-09-01T00:11:51Z,Narooma,2026-09-01T00:00:00Z,2026-09-01T10:00,13.2,32,28.4,0.0,0.86,8.15,146,1.02,0.34,1.3,180,0.68,17.2,,unavailable (no satellite pass / dataset error),
82.2,Excellent,Doable,2026-09-01T00:11:51Z,Batemans Bay (Inside),2026-08-31T19:00:00Z,2026-09-01T05:00,9.6,317,16.9,0.0,1.1,8.4,149,1.12,0.08,0.4,207,-0.42,17.2,,unavailable (no satellite pass / dataset error),
81.8,Excellent,Doable,2026-09-01T00:11:51Z,Batemans Bay (Inside),2026-08-31T20:00:00Z,2026-09-01T06:00,10.3,329,17.3,0.0,1.06,8.45,149,1.1,0.1,0.4,207,-0.21,17.2,,unavailable (no satellite pass / dataset error),
79.7,Good,Doable,2026-09-01T00:11:51Z,Batemans Bay (Inside),2026-08-31T21:00:00Z,2026-09-01T07:00,12.6,343,20.5,0.0,1.04,8.5,149,1.1,0.14,0.6,198,0.06,17.2,,unavailable (no satellite pass / dataset error),
79.0,Good,Doable,2026-09-01T00:11:51Z,Batemans Bay (Inside),2026-08-31T22:00:00Z,2026-09-01T08:00,13.8,6,24.8,0.0,1.02,8.55,149,1.08,0.2,0.6,198,0.34,17.2,,unavailable (no satellite pass / dataset error),
79.7,Good,Doable,2026-09-01T00:11:51Z,Batemans Bay (Inside),2026-08-31T23:00:00Z,2026-09-01T09:00,13.1,16,26.6,0.0,1.0,8.55,149,1.08,0.24,0.7,194,0.57,17.3,,unavailable (no satellite pass / dataset error),
79.7,Good,Doable,2026-09-01T00:11:51Z,Batemans Bay (Inside),2026-09-01T00:00:00Z,2026-09-01T10:00,12.8,2,31.3,0.0,0.98,8.6,149,1.06,0.3,0.9,191,0.7,17.3,,unavailable (no satellite pass / dataset error),
81.8,Excellent,Doable,2026-09-01T00:11:51Z,Batemans Bay (Outside),2026-08-31T19:00:00Z,2026-09-01T05:00,9.6,317,16.9,0.0,1.12,8.3,146,1.16,0.08,0.4,207,-0.42,17.2,,unavailable (no satellite pass / dataset error),
81.5,Excellent,Doable,2026-09-01T00:11:51Z,Batemans Bay (Outside),2026-08-31T20:00:00Z,2026-09-01T06:00,10.3,329,18.4,0.0,1.12,8.3,146,1.14,0.1,0.4,207,-0.21,17.2,,unavailable (no satellite pass / dataset error),
79.4,Good,Doable,2026-09-01T00:11:51Z,Batemans Bay (Outside),2026-08-31T21:00:00Z,2026-09-01T07:00,12.6,343,22.7,0.0,1.1,8.35,146,1.14,0.14,0.6,198,0.06,17.2,,unavailable (no satellite pass / dataset error),
78.5,Good,Doable,2026-09-01T00:11:51Z,Batemans Bay (Outside),2026-08-31T22:00:00Z,2026-09-01T08:00,13.8,6,26.6,0.0,1.08,8.4,146,1.14,0.22,0.6,198,0.34,17.2,,unavailable (no satellite pass / dataset error),
79.2,Good,Doable,2026-09-01T00:11:51Z,Batemans Bay (Outside),2026-08-31T23:00:00Z,2026-09-01T09:00,13.1,16,29.5,0.0,1.06,8.4,145,1.14,0.3,0.7,194,0.57,17.3,,unavailable (no satellite pass / dataset error),
79.0,Good,Doable,2026-09-01T00:11:51Z,Batemans Bay (Outside),2026-09-01T00:00:00Z,2026-09-01T10:00,12.8,2,31.3,0.0,1.04,8.45,145,1.14,0.38,0.9,191,0.7,17.3,,unavailable (no satellite pass / dataset error),
85.6,Excellent,Doable,2026-09-01T00:11:51Z,Ulladulla,2026-08-31T19:00:00Z,2026-09-01T05:00,8.1,288,18.0,0.0,0.86,8.3,150,0.9,0.0,0.3,225,-0.43,17.2,,unavailable (no satellite pass / dataset error),
85.6,Excellent,Doable,2026-09-01T00:11:51Z,Ulladulla,2026-08-31T20:00:00Z,2026-09-01T06:00,8.0,295,18.0,0.0,0.86,8.35,150,0.9,0.0,0.3,225,-0.22,17.2,,unavailable (no satellite pass / dataset error),
85.8,Excellent,Doable,2026-09-01T00:11:51Z,Ulladulla,2026-08-31T21:00:00Z,2026-09-01T07:00,8.3,304,17.6,0.0,0.84,8.4,150,0.88,0.0,0.3,225,0.06,17.3,,unavailable (no satellite pass / dataset error),
87.6,Excellent,Doable,2026-09-01T00:11:51Z,Ulladulla,2026-08-31T22:00:00Z,2026-09-01T08:00,5.8,334,18.0,0.0,0.84,8.4,150,0.86,0.02,0.4,207,0.34,17.3,,unavailable (no satellite pass / dataset error),
88.3,Excellent,Doable,2026-09-01T00:11:51Z,Ulladulla,2026-08-31T23:00:00Z,2026-09-01T09:00,4.9,39,15.5,0.0,0.82,8.45,149,0.86,0.06,0.4,207,0.58,17.3,,unavailable (no satellite pass / dataset error),
85.5,Excellent,Doable,2026-09-01T00:11:51Z,Ulladulla,2026-09-01T00:00:00Z,2026-09-01T10:00,8.8,19,22.7,0.0,0.82,8.45,149,0.84,0.08,0.4,207,0.7,17.3,,unavailable (no satellite pass / dataset error),
82.5,Excellent,Doable,2026-09-01T00:11:51Z,Jervis Bay (Inside),2026-08-31T19:00:00Z,2026-09-01T05:00,12.3,323,21.6,0.0,0.82,8.45,160,0.86,0.02,0.4,207,-0.44,17.5,,unavailable (no satellite pass / dataset error),
81.1,Excellent,Doable,2026-09-01T00:11:51Z,Jervis Bay (Inside),2026-08-31T20:00:00Z,2026-09-01T06:00,14.2,322,25.9,0.0,0.82,8.45,160,0.86,0.04,0.4,207,-0.23,17.5,,unavailable (no satellite pass / dataset error),
80.6,Excellent,Great,2026-09-01T00:11:51Z,Jervis Bay (Inside),2026-08-31T21:00:00Z,2026-09-01T07:00,15.0,321,28.4,0.0,0.8,8.5,160,0.84,0.04,0.4,207,0.06,17.5,,unavailable (no satellite pass / dataset error),
80.8,Excellent,Great,2026-09-01T00:11:51Z,Jervis Bay (Inside),2026-08-31T22:00:00Z,2026-09-01T08:00,14.8,327,29.2,0.0,0.78,8.55,160,0.84,0.06,0.4,207,0.34,17.5,,unavailable (no satellite pass / dataset error),
83.1,Excellent,Great,2026-09-01T00:11:51Z,Jervis Bay (Inside),2026-08-31T23:00:00Z,2026-09-01T09:00,12.3,325,27.7,0.0,0.78,8.6,159,0.82,0.06,0.4,207,0.58,17.6,,unavailable (no satellite pass / dataset error),
85.5,Excellent,Great,2026-09-01T00:11:51Z,Jervis Bay (Inside),2026-09-01T00:00:00Z,2026-09-01T10:00,9.0,350,27.7,0.0,0.76,8.55,159,0.82,0.08,0.4,207,0.7,17.6,,unavailable (no satellite pass / dataset error),
74.8,Good,Doable,2026-09-01T00:11:51Z,Jervis Bay (Outside - Point Perpendicular),2026-08-31T19:00:00Z,2026-09-01T05:00,18.4,358,25.6,0.0,1.14,8.75,162,1.18,0.06,0.5,180,-0.43,17.5,,unavailable (no satellite pass / dataset error),
75.2,Good,Doable,2026-09-01T00:11:51Z,Jervis Bay (Outside - Point Perpendicular),2026-08-31T20:00:00Z,2026-09-01T06:00,18.1,354,25.6,0.0,1.14,8.75,161,1.18,0.1,0.4,207,-0.22,17.5,,unavailable (no satellite pass / dataset error),
74.0,Good,Doable,2026-09-01T00:11:51Z,Jervis Bay (Outside - Point Perpendicular),2026-08-31T21:00:00Z,2026-09-01T07:00,19.5,348,27.0,0.0,1.12,8.8,161,1.16,0.12,0.6,198,0.06,17.5,,unavailable (no satellite pass / dataset error),
74.2,Good,Doable,2026-09-01T00:11:51Z,Jervis Bay (Outside - Point Perpendicular),2026-08-31T22:00:00Z,2026-09-01T08:00,19.4,347,28.4,0.0,1.1,8.85,161,1.14,0.14,0.6,198,0.35,17.5,,unavailable (no satellite pass / dataset error),
72.7,Good,Doable,2026-09-01T00:11:51Z,Jervis Bay (Outside - Point Perpendicular),2026-08-31T23:00:00Z,2026-09-01T09:00,21.9,343,28.1,0.0,1.08,8.9,161,1.14,0.16,0.6,214,0.58,17.6,,unavailable (no satellite pass / dataset error),
73.4,Good,Doable,2026-09-01T00:11:51Z,Jervis Bay (Outside - Point Perpendicular),2026-09-01T00:00:00Z,2026-09-01T10:00,20.8,351,28.8,0.0,1.06,8.9,161,1.12,0.18,0.8,207,0.7,17.6,,unavailable (no satellite pass / dataset error),
87.8,Excellent,Great,2026-09-01T00:11:51Z,Shellharbour,2026-08-31T19:00:00Z,2026-09-01T05:00,6.6,283,14.4,0.0,0.68,7.9,150,0.8,0.02,0.0,90,-0.44,17.8,,unavailable (no satellite pass / dataset error),
87.9,Excellent,Great,2026-09-01T00:11:51Z,Shellharbour,2026-08-31T20:00:00Z,2026-09-01T06:00,6.7,276,14.4,0.0,0.66,7.95,149,0.78,0.0,0.0,90,-0.22,17.8,,unavailable (no satellite pass / dataset error),
86.7,Excellent,Great,2026-09-01T00:11:51Z,Shellharbour,2026-08-31T21:00:00Z,2026-09-01T07:00,8.3,276,16.9,0.0,0.66,7.95,149,0.78,0.0,0.0,90,0.07,17.8,,unavailable (no satellite pass / dataset error),
87.5,Excellent,Great,2026-09-01T00:11:51Z,Shellharbour,2026-08-31T22:00:00Z,2026-09-01T08:00,6.4,288,18.0,0.0,0.66,7.9,148,0.78,0.02,0.3,225,0.36,17.8,,unavailable (no satellite pass / dataset error),
91.0,Excellent,Great,2026-09-01T00:11:51Z,Shellharbour,2026-08-31T23:00:00Z,2026-09-01T09:00,2.7,4,16.2,0.0,0.66,7.85,146,0.76,0.06,0.3,225,0.59,17.9,,unavailable (no satellite pass / dataset error),
88.1,Excellent,Great,2026-09-01T00:11:51Z,Shellharbour,2026-09-01T00:00:00Z,2026-09-01T10:00,6.2,44,18.0,0.0,0.66,7.85,145,0.76,0.08,0.4,207,0.71,17.9,,unavailable (no satellite pass / dataset error),
86.6,Excellent,Doable,2026-09-01T00:11:51Z,Terrigal,2026-08-31T19:00:00Z,2026-09-01T05:00,5.9,313,10.1,0.0,0.96,8.7,160,1.0,0.0,0.2,90,-0.45,18.1,,unavailable (no satellite pass / dataset error),
85.5,Excellent,Doable,2026-09-01T00:11:51Z,Terrigal,2026-08-31T20:00:00Z,2026-09-01T06:00,7.3,329,13.3,0.0,0.96,8.75,159,1.0,0.0,0.2,0,-0.22,18.1,,unavailable (no satellite pass / dataset error),
86.2,Excellent,Doable,2026-09-01T00:11:51Z,Terrigal,2026-08-31T21:00:00Z,2026-09-01T07:00,7.2,338,14.4,0.0,0.94,8.75,159,0.98,0.0,0.0,90,0.08,18.1,,unavailable (no satellite pass / dataset error),
86.2,Excellent,Doable,2026-09-01T00:11:51Z,Terrigal,2026-08-31T22:00:00Z,2026-09-01T08:00,7.2,346,15.8,0.0,0.92,8.8,159,0.98,0.0,0.0,90,0.38,18.1,,unavailable (no satellite pass / dataset error),
86.8,Excellent,Doable,2026-09-01T00:11:51Z,Terrigal,2026-08-31T23:00:00Z,2026-09-01T09:00,6.5,8,17.3,0.0,0.92,8.8,159,0.96,0.02,0.0,90,0.61,18.1,,unavailable (no satellite pass / dataset error),
85.7,Excellent,Doable,2026-09-01T00:11:51Z,Terrigal,2026-09-01T00:00:00Z,2026-09-01T10:00,7.5,11,20.2,0.0,0.9,8.85,159,0.96,0.02,0.2,180,0.73,18.1,,unavailable (no satellite pass / dataset error),
81.8,Excellent,Bit dodgy,2026-09-01T00:11:51Z,Fingal Bay,2026-08-31T19:00:00Z,2026-09-01T05:00,5.3,348,16.2,0.0,1.48,9.05,167,1.48,0.12,0.4,207,-0.46,19.1,,unavailable (no satellite pass / dataset error),
82.7,Excellent,Bit dodgy,2026-09-01T00:11:51Z,Fingal Bay,2026-08-31T20:00:00Z,2026-09-01T06:00,4.4,279,7.2,0.0,1.46,9.1,166,1.48,0.1,0.3,225,-0.22,19.1,,unavailable (no satellite pass / dataset error),
80.6,Excellent,Bit dodgy,2026-09-01T00:11:51Z,Fingal Bay,2026-08-31T21:00:00Z,2026-09-01T07:00,7.4,271,11.9,0.0,1.46,9.1,166,1.46,0.06,0.3,225,0.08,19.1,,unavailable (no satellite pass / dataset error),
82.2,Excellent,Bit dodgy,2026-09-01T00:11:51Z,Fingal Bay,2026-08-31T22:00:00Z,2026-09-01T08:00,5.3,308,13.7,0.0,1.44,9.1,166,1.46,0.04,0.3,225,0.39,19.1,,unavailable (no satellite pass / dataset error),
83.8,Excellent,Bit dodgy,2026-09-01T00:11:51Z,Fingal Bay,2026-08-31T23:00:00Z,2026-09-01T09:00,4.3,318,14.8,0.0,1.44,9.1,165,1.44,0.04,0.2,270,0.63,19.2,,unavailable (no satellite pass / dataset error),
84.4,Excellent,Bit dodgy,2026-09-01T00:11:51Z,Fingal Bay,2026-09-01T00:00:00Z,2026-09-01T10:00,3.6,330,14.4,0.0,1.42,9.1,165,1.44,0.02,0.2,270,0.74,19.2,,unavailable (no satellite pass / dataset error),
80.1,Excellent,Doable,2026-09-01T00:11:51Z,Broughton Island,2026-08-31T19:00:00Z,2026-09-01T05:00,12.1,18,23.0,0.0,1.1,9.5,165,1.16,0.08,0.4,180,-0.46,18.7,,unavailable (no satellite pass / dataset error),
83.8,Excellent,Doable,2026-09-01T00:11:51Z,Broughton Island,2026-08-31T20:00:00Z,2026-09-01T06:00,7.4,3,21.2,0.0,1.08,9.5,165,1.14,0.06,0.4,180,-0.23,18.7,,unavailable (no satellite pass / dataset error),
85.4,Excellent,Doable,2026-09-01T00:11:51Z,Broughton Island,2026-08-31T21:00:00Z,2026-09-01T07:00,5.8,306,11.5,0.0,1.08,9.5,165,1.14,0.02,0.2,180,0.08,18.7,,unavailable (no satellite pass / dataset error),
86.5,Excellent,Doable,2026-09-01T00:11:51Z,Broughton Island,2026-08-31T22:00:00Z,2026-09-01T08:00,4.0,300,12.2,0.0,1.08,9.5,165,1.14,0.02,0.3,225,0.39,18.7,,unavailable (no satellite pass / dataset error),
88.2,Excellent,Doable,2026-09-01T00:11:51Z,Broughton Island,2026-08-31T23:00:00Z,2026-09-01T09:00,2.3,328,11.9,0.0,1.06,9.45,164,1.12,0.0,0.3,225,0.62,18.8,,unavailable (no satellite pass / dataset error),
87.2,Excellent,Doable,2026-09-01T00:11:51Z,Broughton Island,2026-09-01T00:00:00Z,2026-09-01T10:00,3.7,39,14.0,0.0,1.06,9.45,164,1.12,0.0,0.3,225,0.74,18.8,,unavailable (no satellite pass / dataset error),
75.7,Good,Getting rough,2026-09-01T00:11:51Z,Seal Rocks,2026-08-31T19:00:00Z,2026-09-01T05:00,13.1,351,25.2,0.0,1.56,9.25,169,1.6,0.34,0.5,180,-0.47,19.1,,unavailable (no satellite pass / dataset error),
75.1,Good,Getting rough,2026-09-01T00:11:51Z,Seal Rocks,2026-08-31T20:00:00Z,2026-09-01T06:00,13.7,351,25.9,0.0,1.56,9.25,168,1.62,0.34,0.5,180,-0.23,19.1,,unavailable (no satellite pass / dataset error),
74.5,Good,Getting rough,2026-09-01T00:11:51Z,Seal Rocks,2026-08-31T21:00:00Z,2026-09-01T07:00,14.4,352,29.9,0.0,1.56,9.25,168,1.62,0.36,0.5,180,0.08,19.1,,unavailable (no satellite pass / dataset error),
76.1,Good,Getting rough,2026-09-01T00:11:51Z,Seal Rocks,2026-08-31T22:00:00Z,2026-09-01T08:00,12.6,349,29.9,0.0,1.56,9.25,168,1.6,0.3,0.5,180,0.39,19.1,,unavailable (no satellite pass / dataset error),
76.5,Good,Getting rough,2026-09-01T00:11:51Z,Seal Rocks,2026-08-31T23:00:00Z,2026-09-01T09:00,12.0,351,28.8,0.0,1.54,9.2,167,1.6,0.26,0.5,180,0.63,19.1,,unavailable (no satellite pass / dataset error),
77.2,Good,Getting rough,2026-09-01T00:11:51Z,Seal Rocks,2026-09-01T00:00:00Z,2026-09-01T10:00,11.3,358,28.8,0.0,1.54,9.2,167,1.58,0.2,0.5,180,0.74,19.1,,unavailable (no satellite pass / dataset error),
87.3,Excellent,Doable,2026-09-01T00:11:51Z,Forster,2026-08-31T19:00:00Z,2026-09-01T05:00,6.3,333,11.2,0.0,0.82,9.2,153,0.88,0.06,0.3,135,-0.47,19.4,,unavailable (no satellite pass / dataset error),
86.4,Excellent,Doable,2026-09-01T00:11:51Z,Forster,2026-08-31T20:00:00Z,2026-09-01T06:00,7.5,345,12.6,0.0,0.84,9.0,151,0.88,0.08,0.3,135,-0.23,19.4,,unavailable (no satellite pass / dataset error),
86.0,Excellent,Doable,2026-09-01T00:11:51Z,Forster,2026-08-31T21:00:00Z,2026-09-01T07:00,8.3,333,15.1,0.0,0.88,8.85,149,0.88,0.08,0.2,180,0.09,19.4,,unavailable (no satellite pass / dataset error),
87.8,Excellent,Doable,2026-09-01T00:11:51Z,Forster,2026-08-31T22:00:00Z,2026-09-01T08:00,5.8,324,15.1,0.0,0.88,8.85,149,0.88,0.1,0.2,180,0.4,19.4,,unavailable (no satellite pass / dataset error),
88.0,Excellent,Doable,2026-09-01T00:11:51Z,Forster,2026-08-31T23:00:00Z,2026-09-01T09:00,5.4,339,16.6,0.0,0.86,8.85,148,0.9,0.14,0.2,180,0.63,19.4,,unavailable (no satellite pass / dataset error),
86.5,Excellent,Doable,2026-09-01T00:11:51Z,Forster,2026-09-01T00:00:00Z,2026-09-01T10:00,6.8,2,19.8,0.0,0.86,8.9,148,0.9,0.16,0.4,180,0.75,19.4,,unavailable (no satellite pass / dataset error),
81.1,Excellent,Bit dodgy,2026-09-01T00:11:51Z,South West Rocks,2026-08-31T19:00:00Z,2026-09-01T05:00,5.8,279,9.7,0.0,1.4,8.55,161,1.48,0.0,0.9,180,-0.44,20.3,,unavailable (no satellite pass / dataset error),
80.6,Excellent,Bit dodgy,2026-09-01T00:11:51Z,South West Rocks,2026-08-31T20:00:00Z,2026-09-01T06:00,6.5,289,11.9,0.0,1.44,8.85,160,1.48,0.0,0.9,169,-0.19,20.3,,unavailable (no satellite pass / dataset error),
81.4,Excellent,Bit dodgy,2026-09-01T00:11:51Z,South West Rocks,2026-08-31T21:00:00Z,2026-09-01T07:00,5.6,291,11.5,0.0,1.46,9.1,160,1.5,0.0,0.9,169,0.13,20.4,,unavailable (no satellite pass / dataset error),
83.5,Excellent,Bit dodgy,2026-09-01T00:11:51Z,South West Rocks,2026-08-31T22:00:00Z,2026-09-01T08:00,2.8,297,11.9,0.0,1.46,9.2,160,1.5,0.0,0.9,169,0.44,20.4,,unavailable (no satellite pass / dataset error),
82.5,Excellent,Bit dodgy,2026-09-01T00:11:51Z,South West Rocks,2026-08-31T23:00:00Z,2026-09-01T09:00,4.1,2,14.8,0.0,1.46,9.25,159,1.5,0.02,0.9,180,0.67,20.4,,unavailable (no satellite pass / dataset error),
76.5,Good,Bit dodgy,2026-09-01T00:11:51Z,South West Rocks,2026-09-01T00:00:00Z,2026-09-01T10:00,11.0,18,28.4,0.0,1.46,9.2,159,1.5,0.02,1.3,180,0.78,20.4,,unavailable (no satellite pass / dataset error),
74.9,Good,Amazing,2026-09-01T06:10:05Z,Williamstown,2026-09-01T01:00:00Z,2026-09-01T11:00,29.1,12,38.5,0.0,0.14,9.7,211,0.34,0.3,0.2,180,0.03,13.3,,unavailable (no satellite pass / dataset error),
78.5,Good,Amazing,2026-09-01T06:10:05Z,Williamstown,2026-09-01T02:00:00Z,2026-09-01T12:00,24.1,1,38.2,0.0,0.12,9.55,211,0.36,0.3,0.2,180,0.2,13.4,,unavailable (no satellite pass / dataset error),
80.5,Excellent,Amazing,2026-09-01T06:10:05Z,Williamstown,2026-09-01T03:00:00Z,2026-09-01T13:00,21.4,347,30.2,0.0,0.12,9.45,211,0.36,0.32,0.2,180,0.31,13.4,,unavailable (no satellite pass / dataset error),
77.6,Good,Amazing,2026-09-01T06:10:05Z,Williamstown,2026-09-01T04:00:00Z,2026-09-01T14:00,24.7,343,29.9,0.0,0.12,9.55,211,0.38,0.34,0.3,135,0.33,13.5,,unavailable (no satellite pass / dataset error),
77.0,Good,Amazing,2026-09-01T06:10:05Z,Williamstown,2026-09-01T05:00:00Z,2026-09-01T15:00,25.5,344,32.8,0.0,0.12,9.7,212,0.38,0.34,0.3,135,0.31,13.5,,unavailable (no satellite pass / dataset error),
79.4,Good,Amazing,2026-09-01T06:10:05Z,Williamstown,2026-09-01T06:00:00Z,2026-09-01T16:00,22.1,335,32.0,0.0,0.12,9.8,212,0.4,0.36,0.3,135,0.24,13.5,,unavailable (no satellite pass / dataset error),
50.4,Fair,Getting rough,2026-09-01T06:10:05Z,Robe,2026-09-01T01:00:00Z,2026-09-01T11:00,33.7,351,56.9,0.2,2.32,11.35,226,2.6,1.12,1.5,126,0.09,14.3,,unavailable (no satellite pass / dataset error),
51.1,Fair,Getting rough,2026-09-01T06:10:05Z,Robe,2026-09-01T02:00:00Z,2026-09-01T12:00,32.8,336,54.7,0.0,2.28,11.35,226,2.66,1.32,1.5,120,0.23,14.3,,unavailable (no satellite pass / dataset error),
51.4,Fair,Getting rough,2026-09-01T06:10:05Z,Robe,2026-09-01T03:00:00Z,2026-09-01T13:00,32.7,315,55.1,0.0,2.24,11.4,227,2.7,1.5,1.4,113,0.33,14.4,,unavailable (no satellite pass / dataset error),
51.6,Fair,Getting rough,2026-09-01T06:10:05Z,Robe,2026-09-01T04:00:00Z,2026-09-01T14:00,32.0,309,55.8,0.3,2.2,11.4,228,2.7,1.44,1.4,113,0.36,14.4,,unavailable (no satellite pass / dataset error),
54.4,Fair,Getting rough,2026-09-01T06:10:05Z,Robe,2026-09-01T05:00:00Z,2026-09-01T15:00,26.9,314,53.3,1.0,2.18,11.4,228,2.72,1.4,1.4,113,0.33,14.4,,unavailable (no satellite pass / dataset error),
54.5,Fair,Getting rough,2026-09-01T06:10:05Z,Robe,2026-09-01T06:00:00Z,2026-09-01T16:00,27.1,304,45.0,0.1,2.14,11.4,229,2.72,1.34,1.2,117,0.22,14.4,,unavailable (no satellite pass / dataset error),
56.4,Fair,Getting rough,2026-09-01T06:10:05Z,Port MacDonnell,2026-09-01T01:00:00Z,2026-09-01T11:00,28.2,349,49.3,0.0,2.38,11.4,229,2.64,0.96,0.7,104,0.1,15.0,,unavailable (no satellite pass / dataset error),
59.8,Fair,Getting rough,2026-09-01T06:10:05Z,Port MacDonnell,2026-09-01T02:00:00Z,2026-09-01T12:00,23.4,352,49.0,0.0,2.36,11.5,229,2.7,1.22,0.8,117,0.22,15.0,,unavailable (no satellite pass / dataset error),
56.5,Fair,Getting rough,2026-09-01T06:10:05Z,Port MacDonnell,2026-09-01T03:00:00Z,2026-09-01T13:00,27.5,330,49.3,0.0,2.32,11.55,230,2.76,1.46,0.9,101,0.3,15.1,,unavailable (no satellite pass / dataset error),
52.8,Fair,Getting rough,2026-09-01T06:10:05Z,Port MacDonnell,2026-09-01T04:00:00Z,2026-09-01T14:00,32.1,311,57.2,0.0,2.28,11.6,231,2.78,1.46,1.0,112,0.33,15.1,,unavailable (no satellite pass / dataset error),
52.2,Fair,Getting rough,2026-09-01T06:10:05Z,Port MacDonnell,2026-09-01T05:00:00Z,2026-09-01T15:00,31.1,308,58.0,1.3,2.26,11.6,231,2.78,1.44,1.0,112,0.28,15.1,,unavailable (no satellite pass / dataset error),
54.5,Fair,Getting rough,2026-09-01T06:10:05Z,Port MacDonnell,2026-09-01T06:00:00Z,2026-09-01T16:00,26.7,317,53.3,1.0,2.22,11.65,232,2.8,1.44,1.0,112,0.17,15.1,,unavailable (no satellite pass / dataset error),
57.1,Fair,Getting rough,2026-09-01T06:10:05Z,Cape Bridgewater,2026-09-01T01:00:00Z,2026-09-01T11:00,30.3,343,55.8,0.0,2.04,10.75,222,2.24,0.86,0.6,124,0.1,15.0,,unavailable (no satellite pass / dataset error),
55.6,Fair,Getting rough,2026-09-01T06:10:05Z,Cape Bridgewater,2026-09-01T02:00:00Z,2026-09-01T12:00,31.3,340,57.2,0.0,2.0,10.85,222,2.26,0.98,0.9,127,0.23,15.0,,unavailable (no satellite pass / dataset error),
54.8,Fair,Getting rough,2026-09-01T06:10:05Z,Cape Bridgewater,2026-09-01T03:00:00Z,2026-09-01T13:00,32.3,330,60.5,0.0,1.94,10.9,223,2.26,1.12,0.9,127,0.3,15.0,,unavailable (no satellite pass / dataset error),
55.2,Fair,Getting rough,2026-09-01T06:10:05Z,Cape Bridgewater,2026-09-01T04:00:00Z,2026-09-01T14:00,31.1,315,60.5,0.0,1.9,10.95,224,2.3,1.18,1.0,121,0.32,15.0,,unavailable (no satellite pass / dataset error),
53.4,Fair,Getting rough,2026-09-01T06:10:05Z,Cape Bridgewater,2026-09-01T05:00:00Z,2026-09-01T15:00,32.8,309,64.8,0.2,1.84,11.05,224,2.34,1.22,1.0,112,0.27,15.0,,unavailable (no satellite pass / dataset error),
54.2,Fair,Getting rough,2026-09-01T06:10:05Z,Cape Bridgewater,2026-09-01T06:00:00Z,2026-09-01T16:00,26.7,315,57.6,3.2,1.8,11.1,225,2.38,1.28,1.0,112,0.16,15.0,,unavailable (no satellite pass / dataset error),
61.6,Good,Getting rough,2026-09-01T06:10:05Z,Portland Bay,2026-09-01T01:00:00Z,2026-09-01T11:00,26.6,342,52.2,0.0,1.84,10.75,219,2.0,0.72,0.6,124,0.1,14.8,,unavailable (no satellite pass / dataset error),
61.7,Good,Getting rough,2026-09-01T06:10:05Z,Portland Bay,2026-09-01T02:00:00Z,2026-09-01T12:00,25.9,340,50.0,0.1,1.78,10.85,220,2.0,0.84,0.8,117,0.23,14.8,,unavailable (no satellite pass / dataset error),
61.8,Good,Getting rough,2026-09-01T06:10:05Z,Portland Bay,2026-09-01T03:00:00Z,2026-09-01T13:00,26.1,337,51.1,0.0,1.72,10.95,220,2.0,0.96,0.8,117,0.31,14.9,,unavailable (no satellite pass / dataset error),
62.5,Good,Getting rough,2026-09-01T06:10:05Z,Portland Bay,2026-09-01T04:00:00Z,2026-09-01T14:00,24.7,321,50.8,0.0,1.68,11.0,221,2.0,0.98,1.0,112,0.32,14.9,,unavailable (no satellite pass / dataset error),
58.4,Fair,Getting rough,2026-09-01T06:10:05Z,Portland Bay,2026-09-01T05:00:00Z,2026-09-01T15:00,29.6,307,60.1,0.2,1.66,11.05,221,2.02,1.0,1.0,112,0.27,14.9,,unavailable (no satellite pass / dataset error),
62.9,Good,Getting rough,2026-09-01T06:10:05Z,Portland Bay,2026-09-01T06:00:00Z,2026-09-01T16:00,22.0,317,55.8,1.2,1.62,11.05,222,2.02,1.02,1.0,112,0.17,14.9,,unavailable (no satellite pass / dataset error),
56.9,Fair,Getting rough,2026-09-01T06:10:05Z,Bay of Islands,2026-09-01T01:00:00Z,2026-09-01T11:00,29.1,349,49.3,0.0,1.88,9.5,224,2.28,0.72,1.0,135,0.13,14.3,,unavailable (no satellite pass / dataset error),
55.4,Fair,Getting rough,2026-09-01T06:10:05Z,Bay of Islands,2026-09-01T02:00:00Z,2026-09-01T12:00,31.2,346,52.9,0.0,1.9,9.85,226,2.28,0.84,1.0,135,0.26,14.3,,unavailable (no satellite pass / dataset error),
56.1,Fair,Getting rough,2026-09-01T06:10:05Z,Bay of Islands,2026-09-01T03:00:00Z,2026-09-01T13:00,30.7,335,53.6,0.0,1.92,10.15,227,2.26,0.98,0.9,127,0.35,14.3,,unavailable (no satellite pass / dataset error),
52.7,Fair,Getting rough,2026-09-01T06:10:05Z,Bay of Islands,2026-09-01T04:00:00Z,2026-09-01T14:00,35.3,336,57.2,0.0,1.88,10.15,228,2.28,1.1,0.9,127,0.35,14.3,,unavailable (no satellite pass / dataset error),
52.4,Fair,Getting rough,2026-09-01T06:10:05Z,Bay of Islands,2026-09-01T05:00:00Z,2026-09-01T15:00,35.4,317,59.8,0.0,1.86,10.0,229,2.32,1.2,0.9,127,0.27,14.3,,unavailable (no satellite pass / dataset error),
53.2,Fair,Getting rough,2026-09-01T06:10:05Z,Bay of Islands,2026-09-01T06:00:00Z,2026-09-01T16:00,33.7,309,59.0,0.0,1.82,10.15,230,2.34,1.32,0.9,127,0.13,14.3,,unavailable (no satellite pass / dataset error),
50.5,Fair,Getting rough,2026-09-01T06:10:05Z,Cape Otway Lightstation,2026-09-01T01:00:00Z,2026-09-01T11:00,31.8,338,69.8,0.0,2.46,10.8,228,2.62,0.92,2.3,108,0.19,14.2,,unavailable (no satellite pass / dataset error),
51.5,Fair,Getting rough,2026-09-01T06:10:05Z,Cape Otway Lightstation,2026-09-01T02:00:00Z,2026-09-01T12:00,31.2,337,72.0,0.0,2.38,10.8,229,2.58,0.94,2.0,100,0.41,14.2,,unavailable (no satellite pass / dataset error),
53.8,Fair,Getting rough,2026-09-01T06:10:05Z,Cape Otway Lightstation,2026-09-01T03:00:00Z,2026-09-01T13:00,30.0,332,69.8,0.0,2.32,10.85,229,2.54,0.98,1.3,98,0.55,14.3,,unavailable (no satellite pass / dataset error),
55.7,Fair,Getting rough,2026-09-01T06:10:05Z,Cape Otway Lightstation,2026-09-01T04:00:00Z,2026-09-01T14:00,29.9,330,67.3,0.0,2.28,10.85,229,2.56,1.12,0.4,117,0.56,14.3,,unavailable (no satellite pass / dataset error),
57.4,Fair,Getting rough,2026-09-01T06:10:05Z,Cape Otway Lightstation,2026-09-01T05:00:00Z,2026-09-01T15:00,27.1,327,67.0,0.0,2.24,10.85,230,2.58,1.24,0.6,252,0.42,14.3,,unavailable (no satellite pass / dataset error),
54.9,Fair,Getting rough,2026-09-01T06:10:05Z,Cape Otway Lightstation,2026-09-01T06:00:00Z,2026-09-01T16:00,29.1,310,64.4,0.0,2.2,10.9,230,2.6,1.38,1.1,261,0.19,14.3,,unavailable (no satellite pass / dataset error),
50.3,Fair,Getting rough,2026-09-01T06:10:05Z,Apollo Bay,2026-09-01T01:00:00Z,2026-09-01T11:00,34.5,334,73.4,0.0,2.44,10.8,230,2.6,0.86,1.3,74,0.19,14.1,,unavailable (no satellite pass / dataset error),
51.0,Fair,Getting rough,2026-09-01T06:10:05Z,Apollo Bay,2026-09-01T02:00:00Z,2026-09-01T12:00,34.1,333,74.2,0.0,2.36,10.85,230,2.56,0.9,1.1,72,0.46,14.1,,unavailable (no satellite pass / dataset error),
53.2,Fair,Getting rough,2026-09-01T06:10:05Z,Apollo Bay,2026-09-01T03:00:00Z,2026-09-01T13:00,32.2,331,72.0,0.0,2.3,10.9,230,2.52,0.96,0.7,76,0.65,14.1,,unavailable (no satellite pass / dataset error),
54.2,Fair,Getting rough,2026-09-01T06:10:05Z,Apollo Bay,2026-09-01T04:00:00Z,2026-09-01T14:00,31.9,327,68.8,0.0,2.26,10.9,231,2.52,1.04,0.3,135,0.68,14.1,,unavailable (no satellite pass / dataset error),
54.8,Fair,Getting rough,2026-09-01T06:10:05Z,Apollo Bay,2026-09-01T05:00:00Z,2026-09-01T15:00,30.5,326,67.0,0.0,2.2,10.9,231,2.52,1.12,0.6,214,0.53,14.2,,unavailable (no satellite pass / dataset error),
55.7,Fair,Getting rough,2026-09-01T06:10:05Z,Apollo Bay,2026-09-01T06:00:00Z,2026-09-01T16:00,28.3,309,66.2,0.0,2.16,10.95,232,2.52,1.2,1.0,225,0.25,14.2,,unavailable (no satellite pass / dataset error),
56.6,Fair,Getting rough,2026-09-01T06:10:05Z,Kennett River,2026-09-01T01:00:00Z,2026-09-01T11:00,34.7,329,78.5,0.0,1.62,10.45,224,1.72,0.56,1.3,90,0.18,13.8,,unavailable (no satellite pass / dataset error),
59.4,Fair,Getting rough,2026-09-01T06:10:05Z,Kennett River,2026-09-01T02:00:00Z,2026-09-01T12:00,31.5,328,78.1,0.0,1.56,10.45,225,1.68,0.62,1.3,90,0.48,13.8,,unavailable (no satellite pass / dataset error),
61.6,Good,Getting rough,2026-09-01T06:10:05Z,Kennett River,2026-09-01T03:00:00Z,2026-09-01T13:00,30.1,329,71.6,0.0,1.52,10.5,225,1.66,0.66,0.9,101,0.72,13.9,,unavailable (no satellite pass / dataset error),
63.2,Good,Bit dodgy,2026-09-01T06:10:05Z,Kennett River,2026-09-01T04:00:00Z,2026-09-01T14:00,29.2,326,69.8,0.0,1.46,10.6,225,1.62,0.62,0.6,124,0.77,13.9,,unavailable (no satellite pass / dataset error),
65.1,Good,Bit dodgy,2026-09-01T06:10:05Z,Kennett River,2026-09-01T05:00:00Z,2026-09-01T15:00,27.2,326,67.3,0.0,1.38,10.75,226,1.58,0.58,0.6,162,0.61,13.9,,unavailable (no satellite pass / dataset error),
65.5,Good,Bit dodgy,2026-09-01T06:10:05Z,Kennett River,2026-09-01T06:00:00Z,2026-09-01T16:00,27.0,317,64.8,0.0,1.32,10.85,226,1.54,0.54,0.6,198,0.3,13.9,,unavailable (no satellite pass / dataset error),
76.9,Good,Doable,2026-09-01T06:10:05Z,Torquay,2026-09-01T01:00:00Z,2026-09-01T11:00,16.3,343,33.1,0.0,1.04,10.25,214,1.12,0.42,0.7,104,0.13,13.6,,unavailable (no satellite pass / dataset error),
68.9,Good,Doable,2026-09-01T06:10:05Z,Torquay,2026-09-01T02:00:00Z,2026-09-01T12:00,27.0,334,48.6,0.0,1.0,10.2,215,1.12,0.46,0.7,104,0.51,13.6,,unavailable (no satellite pass / dataset error),
69.0,Good,Doable,2026-09-01T06:10:05Z,Torquay,2026-09-01T03:00:00Z,2026-09-01T13:00,27.4,337,51.5,0.0,0.98,10.2,215,1.1,0.48,0.6,124,0.82,13.6,,unavailable (no satellite pass / dataset error),
70.0,Good,Doable,2026-09-01T06:10:05Z,Torquay,2026-09-01T04:00:00Z,2026-09-01T14:00,26.7,335,49.7,0.0,0.94,10.2,215,1.06,0.46,0.5,135,0.93,13.6,,unavailable (no satellite pass / dataset error),
72.3,Good,Doable,2026-09-01T06:10:05Z,Torquay,2026-09-01T05:00:00Z,2026-09-01T15:00,24.2,332,48.6,0.0,0.92,10.2,215,1.04,0.44,0.4,153,0.77,13.7,,unavailable (no satellite pass / dataset error),
73.7,Good,Doable,2026-09-01T06:10:05Z,Torquay,2026-09-01T06:00:00Z,2026-09-01T16:00,22.5,332,43.2,0.0,0.88,10.2,215,1.0,0.42,0.5,180,0.41,13.7,,unavailable (no satellite pass / dataset error),
76.1,Good,Doable,2026-09-01T06:10:05Z,Port Phillip Heads (J5 Submarine),2026-09-01T01:00:00Z,2026-09-01T11:00,16.6,5,38.2,0.0,1.18,10.45,218,1.26,0.4,0.4,117,0.12,13.6,,unavailable (no satellite pass / dataset error),
70.7,Good,Doable,2026-09-01T06:10:05Z,Port Phillip Heads (J5 Submarine),2026-09-01T02:00:00Z,2026-09-01T12:00,23.5,335,45.4,0.0,1.16,10.45,218,1.26,0.44,0.5,135,0.51,13.6,,unavailable (no satellite pass / dataset error),
67.2,Good,Doable,2026-09-01T06:10:05Z,Port Phillip Heads (J5 Submarine),2026-09-01T03:00:00Z,2026-09-01T13:00,28.4,336,55.8,0.0,1.12,10.45,218,1.24,0.48,0.5,135,0.84,13.6,,unavailable (no satellite pass / dataset error),
69.2,Good,Doable,2026-09-01T06:10:05Z,Port Phillip Heads (J5 Submarine),2026-09-01T04:00:00Z,2026-09-01T14:00,26.2,336,55.4,0.0,1.08,10.55,219,1.2,0.46,0.5,135,0.95,13.7,,unavailable (no satellite pass / dataset error),
71.2,Good,Doable,2026-09-01T06:10:05Z,Port Phillip Heads (J5 Submarine),2026-09-01T05:00:00Z,2026-09-01T15:00,24.0,332,51.1,0.0,1.02,10.7,220,1.18,0.46,0.4,153,0.8,13.7,,unavailable (no satellite pass / dataset error),
71.8,Good,Doable,2026-09-01T06:10:05Z,Port Phillip Heads (J5 Submarine),2026-09-01T06:00:00Z,2026-09-01T16:00,23.7,332,46.4,0.0,0.98,10.8,221,1.14,0.44,0.4,153,0.44,13.7,,unavailable (no satellite pass / dataset error),
66.8,Good,Bit dodgy,2026-09-01T06:10:05Z,Queenscliff,2026-09-01T01:00:00Z,2026-09-01T11:00,26.6,15,51.5,0.0,1.32,10.65,221,1.42,0.5,0.5,90,0.11,13.5,,unavailable (no satellite pass / dataset error),
72.1,Good,Bit dodgy,2026-09-01T06:10:05Z,Queenscliff,2026-09-01T02:00:00Z,2026-09-01T12:00,20.1,354,46.4,0.0,1.28,10.65,221,1.4,0.52,0.5,90,0.51,13.6,,unavailable (no satellite pass / dataset error),
67.0,Good,Bit dodgy,2026-09-01T06:10:05Z,Queenscliff,2026-09-01T03:00:00Z,2026-09-01T13:00,26.9,337,46.1,0.0,1.24,10.7,221,1.38,0.54,0.6,108,0.84,13.6,,unavailable (no satellite pass / dataset error),
67.2,Good,Doable,2026-09-01T06:10:05Z,Queenscliff,2026-09-01T04:00:00Z,2026-09-01T14:00,27.5,341,47.2,0.0,1.16,10.9,223,1.34,0.54,0.4,117,0.96,13.6,,unavailable (no satellite pass / dataset error),
68.0,Good,Doable,2026-09-01T06:10:05Z,Queenscliff,2026-09-01T05:00:00Z,2026-09-01T15:00,26.9,335,47.2,0.0,1.08,11.15,226,1.3,0.52,0.4,117,0.81,13.7,,unavailable (no satellite pass / dataset error),
68.8,Good,Doable,2026-09-01T06:10:05Z,Queenscliff,2026-09-01T06:00:00Z,2026-09-01T16:00,26.9,330,47.2,0.0,1.0,11.35,228,1.26,0.52,0.2,180,0.46,13.7,,unavailable (no satellite pass / dataset error),
57.2,Fair,Getting rough,2026-09-01T06:10:05Z,Blairgowrie Back Beach,2026-09-01T01:00:00Z,2026-09-01T11:00,35.6,359,66.6,0.0,1.6,10.85,225,1.76,0.7,0.8,153,0.09,13.5,,unavailable (no satellite pass / dataset error),
59.4,Fair,Getting rough,2026-09-01T06:10:05Z,Blairgowrie Back Beach,2026-09-01T02:00:00Z,2026-09-01T12:00,32.7,353,65.5,0.0,1.56,10.85,225,1.72,0.7,0.8,153,0.49,13.6,,unavailable (no satellite pass / dataset error),
63.4,Good,Getting rough,2026-09-01T06:10:05Z,Blairgowrie Back Beach,2026-09-01T03:00:00Z,2026-09-01T13:00,28.1,354,59.8,0.0,1.52,10.85,225,1.7,0.72,0.6,146,0.83,13.6,,unavailable (no satellite pass / dataset error),
63.0,Good,Bit dodgy,2026-09-01T06:10:05Z,Blairgowrie Back Beach,2026-09-01T04:00:00Z,2026-09-01T14:00,28.5,351,51.1,0.0,1.48,10.85,225,1.66,0.72,0.8,135,0.97,13.6,,unavailable (no satellite pass / dataset error),
63.3,Good,Bit dodgy,2026-09-01T06:10:05Z,Blairgowrie Back Beach,2026-09-01T05:00:00Z,2026-09-01T15:00,29.1,345,51.8,0.0,1.46,10.85,226,1.62,0.72,0.6,146,0.82,13.6,,unavailable (no satellite pass / dataset error),
63.8,Good,Bit dodgy,2026-09-01T06:10:05Z,Blairgowrie Back Beach,2026-09-01T06:00:00Z,2026-09-01T16:00,29.2,335,51.8,0.0,1.42,10.85,226,1.58,0.72,0.5,135,0.47,13.6,,unavailable (no satellite pass / dataset error),
55.5,Fair,Getting rough,2026-09-01T06:10:05Z,Cape Schanck,2026-09-01T01:00:00Z,2026-09-01T11:00,37.0,348,66.2,0.0,1.74,10.7,232,1.92,0.84,1.0,135,0.09,13.7,,unavailable (no satellite pass / dataset error),
55.8,Fair,Getting rough,2026-09-01T06:10:05Z,Cape Schanck,2026-09-01T02:00:00Z,2026-09-01T12:00,34.7,344,67.0,0.0,1.68,10.7,232,1.92,0.9,1.0,135,0.49,13.7,,unavailable (no satellite pass / dataset error),
58.5,Fair,Getting rough,2026-09-01T06:10:05Z,Cape Schanck,2026-09-01T03:00:00Z,2026-09-01T13:00,31.3,344,62.6,0.0,1.64,10.7,232,1.9,0.94,1.0,135,0.84,13.7,,unavailable (no satellite pass / dataset error),
60.0,Good,Getting rough,2026-09-01T06:10:05Z,Cape Schanck,2026-09-01T04:00:00Z,2026-09-01T14:00,29.8,344,56.5,0.0,1.6,10.75,232,1.86,0.92,1.0,135,0.99,13.7,,unavailable (no satellite pass / dataset error),
60.9,Good,Getting rough,2026-09-01T06:10:05Z,Cape Schanck,2026-09-01T05:00:00Z,2026-09-01T15:00,29.5,340,54.0,0.0,1.58,10.75,232,1.82,0.9,0.8,135,0.85,13.7,,unavailable (no satellite pass / dataset error),
62.3,Good,Getting rough,2026-09-01T06:10:05Z,Cape Schanck,2026-09-01T06:00:00Z,2026-09-01T16:00,29.1,332,54.0,0.0,1.54,10.8,232,1.78,0.88,0.4,153,0.5,13.7,,unavailable (no satellite pass / dataset error),
57.8,Fair,Bit dodgy,2026-09-01T06:10:05Z,Cape Paterson,2026-09-01T01:00:00Z,2026-09-01T11:00,33.4,333,59.0,0.0,1.44,10.75,244,1.8,0.94,1.0,135,0.06,13.7,,unavailable (no satellite pass / dataset error),
56.2,Fair,Bit dodgy,2026-09-01T06:10:05Z,Cape Paterson,2026-09-01T02:00:00Z,2026-09-01T12:00,35.9,328,65.2,0.0,1.4,10.75,245,1.8,1.02,1.2,141,0.5,13.7,,unavailable (no satellite pass / dataset error),
55.8,Fair,Bit dodgy,2026-09-01T06:10:05Z,Cape Paterson,2026-09-01T03:00:00Z,2026-09-01T13:00,38.2,327,68.8,0.0,1.38,10.75,245,1.82,1.1,1.3,135,0.87,13.7,,unavailable (no satellite pass / dataset error),
56.0,Fair,Bit dodgy,2026-09-01T06:10:05Z,Cape Paterson,2026-09-01T04:00:00Z,2026-09-01T14:00,38.9,332,71.3,0.0,1.36,10.75,243,1.8,1.1,1.3,135,1.06,13.7,,unavailable (no satellite pass / dataset error),
56.3,Fair,Bit dodgy,2026-09-01T06:10:05Z,Cape Paterson,2026-09-01T05:00:00Z,2026-09-01T15:00,36.1,331,67.0,0.0,1.36,10.75,242,1.76,1.1,1.3,135,0.97,13.7,,unavailable (no satellite pass / dataset error),
58.4,Fair,Bit dodgy,2026-09-01T06:10:05Z,Cape Paterson,2026-09-01T06:00:00Z,2026-09-01T16:00,33.2,328,61.2,0.0,1.34,10.75,240,1.74,1.1,1.0,135,0.63,13.7,,unavailable (no satellite pass / dataset error),
56.8,Fair,Doable,2026-09-01T06:10:05Z,Wilsons Prom (West - Norman Bay),2026-09-01T01:00:00Z,2026-09-01T11:00,44.5,326,60.5,0.0,1.12,10.55,229,1.82,1.14,0.8,117,0.06,13.6,,unavailable (no satellite pass / dataset error),
56.4,Fair,Doable,2026-09-01T06:10:05Z,Wilsons Prom (West - Norman Bay),2026-09-01T02:00:00Z,2026-09-01T12:00,45.6,315,58.7,0.0,1.1,10.55,230,1.86,1.28,0.8,117,0.5,13.6,,unavailable (no satellite pass / dataset error),
55.5,Fair,Doable,2026-09-01T06:10:05Z,Wilsons Prom (West - Norman Bay),2026-09-01T03:00:00Z,2026-09-01T13:00,44.4,315,59.8,0.0,1.06,10.55,230,1.92,1.4,1.0,112,0.86,13.6,,unavailable (no satellite pass / dataset error),
55.7,Fair,Doable,2026-09-01T06:10:05Z,Wilsons Prom (West - Norman Bay),2026-09-01T04:00:00Z,2026-09-01T14:00,42.6,320,57.6,0.0,1.04,10.5,230,1.9,1.36,1.0,112,1.06,13.6,,unavailable (no satellite pass / dataset error),
56.0,Fair,Doable,2026-09-01T06:10:05Z,Wilsons Prom (West - Norman Bay),2026-09-01T05:00:00Z,2026-09-01T15:00,41.9,322,55.1,0.0,1.0,10.4,229,1.86,1.34,1.0,121,0.99,13.6,,unavailable (no satellite pass / dataset error),
56.2,Fair,Doable,2026-09-01T06:10:05Z,Wilsons Prom (West - Norman Bay),2026-09-01T06:00:00Z,2026-09-01T16:00,40.7,321,53.6,0.0,0.98,10.3,229,1.84,1.3,1.0,121,0.68,13.6,,unavailable (no satellite pass / dataset error),
73.8,Good,Great,2026-09-01T06:10:05Z,Wilsons Prom (East - Sealers Cove),2026-09-01T01:00:00Z,2026-09-01T11:00,21.3,315,49.3,0.0,0.64,9.45,233,1.14,0.64,0.3,135,0.03,13.2,,unavailable (no satellite pass / dataset error),
66.8,Good,Great,2026-09-01T06:10:05Z,Wilsons Prom (East - Sealers Cove),2026-09-01T02:00:00Z,2026-09-01T12:00,29.2,307,65.5,0.0,0.6,9.55,233,1.24,0.82,0.4,117,0.4,13.2,,unavailable (no satellite pass / dataset error),
62.7,Good,Great,2026-09-01T06:10:05Z,Wilsons Prom (East - Sealers Cove),2026-09-01T03:00:00Z,2026-09-01T13:00,33.6,308,76.0,0.0,0.58,9.7,233,1.34,1.02,0.4,90,0.72,13.3,,unavailable (no satellite pass / dataset error),
65.8,Good,Great,2026-09-01T06:10:05Z,Wilsons Prom (East - Sealers Cove),2026-09-01T04:00:00Z,2026-09-01T14:00,29.6,308,77.0,0.0,0.6,9.95,233,1.32,0.98,0.4,90,0.9,13.3,,unavailable (no satellite pass / dataset error),
68.0,Good,Great,2026-09-01T06:10:05Z,Wilsons Prom (East - Sealers Cove),2026-09-01T05:00:00Z,2026-09-01T15:00,27.0,311,68.8,0.0,0.62,10.25,234,1.3,0.92,0.4,90,0.87,13.3,,unavailable (no satellite pass / dataset error),
71.5,Good,Great,2026-09-01T06:10:05Z,Wilsons Prom (East - Sealers Cove),2026-09-01T06:00:00Z,2026-09-01T16:00,23.1,310,63.0,0.0,0.64,10.5,234,1.28,0.88,0.2,90,0.63,13.4,,unavailable (no satellite pass / dataset error),
88.4,Excellent,Doable,2026-09-01T06:10:05Z,Mallacoota,2026-09-01T01:00:00Z,2026-09-01T11:00,3.4,174,16.9,0.0,0.9,8.85,171,0.96,0.0,0.5,225,0.55,14.9,,unavailable (no satellite pass / dataset error),
86.4,Excellent,Doable,2026-09-01T06:10:05Z,Mallacoota,2026-09-01T02:00:00Z,2026-09-01T12:00,6.0,115,19.1,0.0,0.88,8.85,171,0.96,0.0,0.5,225,0.41,15.0,,unavailable (no satellite pass / dataset error),
84.8,Excellent,Doable,2026-09-01T06:10:05Z,Mallacoota,2026-09-01T03:00:00Z,2026-09-01T13:00,8.4,113,23.4,0.0,0.88,8.9,171,0.94,0.0,0.5,225,0.19,15.1,,unavailable (no satellite pass / dataset error),
81.8,Excellent,Doable,2026-09-01T06:10:05Z,Mallacoota,2026-09-01T04:00:00Z,2026-09-01T14:00,12.1,91,29.9,0.0,0.88,8.9,171,0.94,0.02,0.6,236,-0.04,15.2,,unavailable (no satellite pass / dataset error),
80.6,Excellent,Doable,2026-09-01T06:10:05Z,Mallacoota,2026-09-01T05:00:00Z,2026-09-01T15:00,13.2,68,31.0,0.0,0.86,8.95,171,0.94,0.02,0.8,225,-0.25,15.2,,unavailable (no satellite pass / dataset error),
81.0,Excellent,Doable,2026-09-01T06:10:05Z,Mallacoota,2026-09-01T06:00:00Z,2026-09-01T16:00,12.7,55,31.0,0.0,0.86,8.95,171,0.94,0.04,0.8,225,-0.37,15.3,,unavailable (no satellite pass / dataset error),
95.8,Excellent,,2026-09-01T06:10:05Z,Eden,2026-09-01T01:00:00Z,2026-09-01T11:00,3.4,43,14.0,0.0,,,,,,0.4,153,0.61,17.0,,unavailable (no satellite pass / dataset error),
92.2,Excellent,,2026-09-01T06:10:05Z,Eden,2026-09-01T02:00:00Z,2026-09-01T12:00,7.1,45,21.6,0.0,,,,,,0.4,153,0.46,17.1,,unavailable (no satellite pass / dataset error),
88.6,Excellent,,2026-09-01T06:10:05Z,Eden,2026-09-01T03:00:00Z,2026-09-01T13:00,10.9,51,28.4,0.0,,,,,,0.4,153,0.23,17.1,,unavailable (no satellite pass / dataset error),
87.5,Excellent,,2026-09-01T06:10:05Z,Eden,2026-09-01T04:00:00Z,2026-09-01T14:00,12.1,50,30.6,0.0,,,,,,0.4,153,-0.02,17.2,,unavailable (no satellite pass / dataset error),
89.5,Excellent,,2026-09-01T06:10:05Z,Eden,2026-09-01T05:00:00Z,2026-09-01T15:00,10.0,39,30.2,0.0,,,,,,0.4,153,-0.23,17.3,,unavailable (no satellite pass / dataset error),
92.4,Excellent,,2026-09-01T06:10:05Z,Eden,2026-09-01T06:00:00Z,2026-09-01T16:00,6.7,16,24.8,0.0,,,,,,0.5,135,-0.36,17.3,,unavailable (no satellite pass / dataset error),
85.3,Excellent,Doable,2026-09-01T06:10:05Z,Green Cape,2026-09-01T01:00:00Z,2026-09-01T11:00,5.6,27,20.9,0.0,0.84,8.1,175,1.06,0.06,0.8,153,0.6,17.2,,unavailable (no satellite pass / dataset error),
82.4,Excellent,Doable,2026-09-01T06:10:05Z,Green Cape,2026-09-01T02:00:00Z,2026-09-01T12:00,9.2,45,24.1,0.0,0.82,8.2,173,1.08,0.1,0.8,153,0.45,17.3,,unavailable (no satellite pass / dataset error),
80.5,Excellent,Doable,2026-09-01T06:10:05Z,Green Cape,2026-09-01T03:00:00Z,2026-09-01T13:00,11.7,38,29.5,0.0,0.82,8.2,172,1.08,0.14,0.8,153,0.22,17.3,,unavailable (no satellite pass / dataset error),
81.2,Excellent,Doable,2026-09-01T06:10:05Z,Green Cape,2026-09-01T04:00:00Z,2026-09-01T14:00,10.3,43,29.5,0.0,0.82,8.0,172,1.1,0.1,0.9,143,-0.02,17.4,,unavailable (no satellite pass / dataset error),
81.6,Excellent,Doable,2026-09-01T06:10:05Z,Green Cape,2026-09-01T05:00:00Z,2026-09-01T15:00,9.8,20,25.9,0.0,0.82,7.7,172,1.1,0.06,0.9,143,-0.24,17.5,,unavailable (no satellite pass / dataset error),
82.0,Excellent,Doable,2026-09-01T06:10:05Z,Green Cape,2026-09-01T06:00:00Z,2026-09-01T16:00,9.0,15,22.7,0.0,0.82,7.5,172,1.12,0.02,0.9,143,-0.36,17.5,,unavailable (no satellite pass / dataset error),
87.2,Excellent,Great,2026-09-01T06:10:05Z,Tathra,2026-09-01T01:00:00Z,2026-09-01T11:00,6.2,33,18.0,0.0,0.5,8.5,122,0.66,0.02,1.3,196,0.61,17.4,,unavailable (no satellite pass / dataset error),
86.4,Excellent,Great,2026-09-01T06:10:05Z,Tathra,2026-09-01T02:00:00Z,2026-09-01T12:00,7.0,32,19.8,0.0,0.48,8.6,122,0.68,0.04,1.3,196,0.46,17.5,,unavailable (no satellite pass / dataset error),
85.3,Excellent,Great,2026-09-01T06:10:05Z,Tathra,2026-09-01T03:00:00Z,2026-09-01T13:00,8.0,59,21.2,0.0,0.48,8.45,122,0.68,0.04,1.5,194,0.23,17.5,,unavailable (no satellite pass / dataset error),
83.4,Excellent,Great,2026-09-01T06:10:05Z,Tathra,2026-09-01T04:00:00Z,2026-09-01T14:00,10.3,55,25.9,0.0,0.48,7.75,122,0.7,0.02,1.5,194,-0.02,17.6,,unavailable (no satellite pass / dataset error),
86.2,Excellent,Great,2026-09-01T06:10:05Z,Tathra,2026-09-01T05:00:00Z,2026-09-01T15:00,6.6,41,25.6,0.0,0.5,6.8,121,0.7,0.02,1.5,194,-0.23,17.7,,unavailable (no satellite pass / dataset error),
84.7,Excellent,Great,2026-09-01T06:10:05Z,Tathra,2026-09-01T06:00:00Z,2026-09-01T16:00,8.3,327,16.6,0.0,0.5,5.9,121,0.72,0.0,1.5,187,-0.35,17.7,,unavailable (no satellite pass / dataset error),
76.5,Good,Doable,2026-09-01T06:10:05Z,Bermagui,2026-09-01T01:00:00Z,2026-09-01T11:00,14.5,19,36.7,0.0,1.1,8.25,145,1.28,0.48,0.9,191,0.64,17.5,,unavailable (no satellite pass / dataset error),
78.6,Good,Doable,2026-09-01T06:10:05Z,Bermagui,2026-09-01T02:00:00Z,2026-09-01T12:00,11.8,21,34.6,0.0,1.06,8.05,145,1.28,0.48,0.9,191,0.49,17.5,,unavailable (no satellite pass / dataset error),
82.5,Excellent,Doable,2026-09-01T06:10:05Z,Bermagui,2026-09-01T03:00:00Z,2026-09-01T13:00,6.6,26,29.5,0.0,1.02,8.0,144,1.28,0.46,0.9,191,0.25,17.6,,unavailable (no satellite pass / dataset error),
79.5,Good,Doable,2026-09-01T06:10:05Z,Bermagui,2026-09-01T04:00:00Z,2026-09-01T14:00,10.6,313,26.3,0.0,0.98,8.3,147,1.28,0.4,0.9,180,0.0,17.6,,unavailable (no satellite pass / dataset error),
74.1,Good,Doable,2026-09-01T06:10:05Z,Bermagui,2026-09-01T05:00:00Z,2026-09-01T15:00,18.3,305,40.3,0.0,0.96,8.8,150,1.28,0.32,0.7,180,-0.21,17.7,,unavailable (no satellite pass / dataset error),
73.2,Good,Doable,2026-09-01T06:10:05Z,Bermagui,2026-09-01T06:00:00Z,2026-09-01T16:00,19.5,309,45.0,0.0,0.92,9.15,153,1.28,0.26,0.7,180,-0.33,17.7,,unavailable (no satellite pass / dataset error),
78.3,Good,Doable,2026-09-01T06:10:05Z,Narooma,2026-09-01T01:00:00Z,2026-09-01T11:00,13.7,19,33.8,0.0,0.84,8.15,146,1.02,0.3,1.4,180,0.66,17.3,,unavailable (no satellite pass / dataset error),
80.3,Excellent,Doable,2026-09-01T06:10:05Z,Narooma,2026-09-01T02:00:00Z,2026-09-01T12:00,10.9,351,34.2,0.0,0.84,8.2,146,1.02,0.26,1.5,173,0.5,17.3,,unavailable (no satellite pass / dataset error),
81.8,Excellent,Doable,2026-09-01T06:10:05Z,Narooma,2026-09-01T03:00:00Z,2026-09-01T13:00,8.9,317,27.0,0.0,0.82,8.25,146,1.02,0.22,1.5,173,0.26,17.3,,unavailable (no satellite pass / dataset error),
81.5,Excellent,Great,2026-09-01T06:10:05Z,Narooma,2026-09-01T04:00:00Z,2026-09-01T14:00,9.3,298,23.4,0.0,0.8,8.25,146,1.02,0.2,1.5,166,0.01,17.4,,unavailable (no satellite pass / dataset error),
81.2,Excellent,Great,2026-09-01T06:10:05Z,Narooma,2026-09-01T05:00:00Z,2026-09-01T15:00,9.6,283,23.4,0.0,0.8,8.25,146,1.02,0.16,1.5,166,-0.21,17.4,,unavailable (no satellite pass / dataset error),
82.4,Excellent,Great,2026-09-01T06:10:05Z,Narooma,2026-09-01T06:00:00Z,2026-09-01T16:00,8.1,283,23.0,0.0,0.78,8.25,146,1.02,0.14,1.5,166,-0.33,17.4,,unavailable (no satellite pass / dataset error),
74.8,Good,Doable,2026-09-01T06:10:05Z,Batemans Bay (Inside),2026-09-01T01:00:00Z,2026-09-01T11:00,19.3,329,43.9,0.0,0.98,8.65,149,1.06,0.3,0.9,191,0.67,17.3,,unavailable (no satellite pass / dataset error),
73.1,Good,Doable,2026-09-01T06:10:05Z,Batemans Bay (Inside),2026-09-01T02:00:00Z,2026-09-01T12:00,21.5,317,48.2,0.0,0.96,8.7,148,1.06,0.3,0.9,191,0.51,17.3,,unavailable (no satellite pass / dataset error),
73.7,Good,Doable,2026-09-01T06:10:05Z,Batemans Bay (Inside),2026-09-01T03:00:00Z,2026-09-01T13:00,20.8,317,49.7,0.0,0.96,8.75,148,1.06,0.3,0.9,191,0.26,17.4,,unavailable (no satellite pass / dataset error),
74.0,Good,Doable,2026-09-01T06:10:05Z,Batemans Bay (Inside),2026-09-01T04:00:00Z,2026-09-01T14:00,20.4,311,47.9,0.0,0.94,8.8,149,1.06,0.32,0.9,191,0.0,17.4,,unavailable (no satellite pass / dataset error),
74.5,Good,Doable,2026-09-01T06:10:05Z,Batemans Bay (Inside),2026-09-01T05:00:00Z,2026-09-01T15:00,19.5,307,46.8,0.0,0.92,8.9,150,1.08,0.34,0.9,191,-0.22,17.4,,unavailable (no satellite pass / dataset error),
76.3,Good,Doable,2026-09-01T06:10:05Z,Batemans Bay (Inside),2026-09-01T06:00:00Z,2026-09-01T16:00,17.6,306,44.3,0.0,0.9,8.95,151,1.08,0.36,0.7,194,-0.34,17.4,,unavailable (no satellite pass / dataset error),
74.1,Good,Doable,2026-09-01T06:10:05Z,Batemans Bay (Outside),2026-09-01T01:00:00Z,2026-09-01T11:00,19.3,329,43.9,0.0,1.02,8.5,145,1.14,0.38,0.9,191,0.67,17.3,,unavailable (no satellite pass / dataset error),
72.6,Good,Doable,2026-09-01T06:10:05Z,Batemans Bay (Outside),2026-09-01T02:00:00Z,2026-09-01T12:00,21.5,317,48.2,0.0,1.0,8.5,145,1.12,0.36,0.9,191,0.51,17.3,,unavailable (no satellite pass / dataset error),
73.2,Good,Doable,2026-09-01T06:10:05Z,Batemans Bay (Outside),2026-09-01T03:00:00Z,2026-09-01T13:00,20.8,317,49.7,0.0,0.98,8.55,145,1.12,0.36,0.9,191,0.26,17.4,,unavailable (no satellite pass / dataset error),
73.5,Good,Doable,2026-09-01T06:10:05Z,Batemans Bay (Outside),2026-09-01T04:00:00Z,2026-09-01T14:00,20.4,311,47.9,0.0,0.98,8.6,145,1.12,0.38,0.9,191,0.0,17.4,,unavailable (no satellite pass / dataset error),
74.0,Good,Doable,2026-09-01T06:10:05Z,Batemans Bay (Outside),2026-09-01T05:00:00Z,2026-09-01T15:00,19.5,307,46.8,0.0,0.96,8.7,145,1.14,0.4,0.9,191,-0.22,17.4,,unavailable (no satellite pass / dataset error),
75.8,Good,Doable,2026-09-01T06:10:05Z,Batemans Bay (Outside),2026-09-01T06:00:00Z,2026-09-01T16:00,17.6,306,44.3,0.0,0.96,8.75,145,1.14,0.42,0.7,194,-0.34,17.4,,unavailable (no satellite pass / dataset error),
79.4,Good,Great,2026-09-01T06:10:05Z,Ulladulla,2026-09-01T01:00:00Z,2026-09-01T11:00,16.4,322,34.9,0.0,0.8,8.5,149,0.84,0.08,0.6,198,0.68,17.4,,unavailable (no satellite pass / dataset error),
78.9,Good,Great,2026-09-01T06:10:05Z,Ulladulla,2026-09-01T02:00:00Z,2026-09-01T12:00,17.5,310,38.2,0.0,0.8,8.55,149,0.82,0.06,0.5,180,0.51,17.4,,unavailable (no satellite pass / dataset error),
79.0,Good,Great,2026-09-01T06:10:05Z,Ulladulla,2026-09-01T03:00:00Z,2026-09-01T13:00,17.4,307,37.8,0.0,0.78,8.65,149,0.82,0.06,0.5,180,0.27,17.5,,unavailable (no satellite pass / dataset error),
78.5,Good,Great,2026-09-01T06:10:05Z,Ulladulla,2026-09-01T04:00:00Z,2026-09-01T14:00,17.8,303,37.8,0.0,0.76,8.75,149,0.82,0.08,0.6,162,0.0,17.5,,unavailable (no satellite pass / dataset error),
79.3,Good,Great,2026-09-01T06:10:05Z,Ulladulla,2026-09-01T05:00:00Z,2026-09-01T15:00,16.6,304,37.8,0.0,0.74,8.8,148,0.84,0.12,0.6,162,-0.22,17.6,,unavailable (no satellite pass / dataset error),
83.2,Excellent,Great,2026-09-01T06:10:05Z,Ulladulla,2026-09-01T06:00:00Z,2026-09-01T16:00,11.4,311,33.8,0.0,0.72,8.9,148,0.84,0.14,0.6,162,-0.34,17.6,,unavailable (no satellite pass / dataset error),
83.8,Excellent,Great,2026-09-01T06:10:05Z,Jervis Bay (Inside),2026-09-01T01:00:00Z,2026-09-01T11:00,10.5,35,27.7,0.0,0.72,8.25,159,0.84,0.16,0.6,198,0.67,17.6,,unavailable (no satellite pass / dataset error),
83.2,Excellent,Great,2026-09-01T06:10:05Z,Jervis Bay (Inside),2026-09-01T02:00:00Z,2026-09-01T12:00,10.8,15,28.8,0.0,0.66,7.85,158,0.84,0.24,0.8,207,0.51,17.7,,unavailable (no satellite pass / dataset error),
82.6,Excellent,Great,2026-09-01T06:10:05Z,Jervis Bay (Inside),2026-09-01T03:00:00Z,2026-09-01T13:00,11.4,353,29.2,0.0,0.62,7.65,158,0.86,0.32,0.8,207,0.26,17.7,,unavailable (no satellite pass / dataset error),
82.2,Excellent,Great,2026-09-01T06:10:05Z,Jervis Bay (Inside),2026-09-01T04:00:00Z,2026-09-01T14:00,12.2,341,29.5,0.0,0.64,7.9,158,0.86,0.28,0.7,194,0.0,17.8,,unavailable (no satellite pass / dataset error),
81.6,Excellent,Great,2026-09-01T06:10:05Z,Jervis Bay (Inside),2026-09-01T05:00:00Z,2026-09-01T15:00,12.8,332,30.6,0.0,0.68,8.35,158,0.88,0.26,0.7,194,-0.22,17.8,,unavailable (no satellite pass / dataset error),
80.2,Excellent,Great,2026-09-01T06:10:05Z,Jervis Bay (Inside),2026-09-01T06:00:00Z,2026-09-01T16:00,14.7,320,33.5,0.0,0.7,8.65,158,0.88,0.22,0.7,194,-0.34,17.8,,unavailable (no satellite pass / dataset error),
73.7,Good,Doable,2026-09-01T06:10:05Z,Jervis Bay (Outside - Point Perpendicular),2026-09-01T01:00:00Z,2026-09-01T11:00,20.4,30,25.9,0.0,1.02,8.8,161,1.12,0.26,0.8,207,0.68,17.6,,unavailable (no satellite pass / dataset error),
72.6,Good,Doable,2026-09-01T06:10:05Z,Jervis Bay (Outside - Point Perpendicular),2026-09-01T02:00:00Z,2026-09-01T12:00,21.3,38,27.0,0.0,1.0,8.7,160,1.12,0.32,1.0,202,0.51,17.7,,unavailable (no satellite pass / dataset error),
71.4,Good,Doable,2026-09-01T06:10:05Z,Jervis Bay (Outside - Point Perpendicular),2026-09-01T03:00:00Z,2026-09-01T13:00,23.1,19,28.8,0.0,0.96,8.65,160,1.12,0.4,0.9,191,0.27,17.7,,unavailable (no satellite pass / dataset error),
75.1,Good,Doable,2026-09-01T06:10:05Z,Jervis Bay (Outside - Point Perpendicular),2026-09-01T04:00:00Z,2026-09-01T14:00,18.2,3,28.4,0.0,0.96,8.8,160,1.12,0.36,0.9,191,0.01,17.8,,unavailable (no satellite pass / dataset error),
76.1,Good,Doable,2026-09-01T06:10:05Z,Jervis Bay (Outside - Point Perpendicular),2026-09-01T05:00:00Z,2026-09-01T15:00,17.2,353,22.0,0.0,0.98,9.1,160,1.14,0.3,0.7,180,-0.21,17.8,,unavailable (no satellite pass / dataset error),
73.9,Good,Doable,2026-09-01T06:10:05Z,Jervis Bay (Outside - Point Perpendicular),2026-09-01T06:00:00Z,2026-09-01T16:00,20.1,340,23.8,0.0,0.98,9.3,160,1.14,0.26,0.7,180,-0.33,17.8,,unavailable (no satellite pass / dataset error),
85.4,Excellent,Great,2026-09-01T06:10:05Z,Shellharbour,2026-09-01T01:00:00Z,2026-09-01T11:00,9.1,39,24.5,0.0,0.64,7.85,145,0.78,0.12,0.6,198,0.68,17.9,,unavailable (no satellite pass / dataset error),
85.3,Excellent,Great,2026-09-01T06:10:05Z,Shellharbour,2026-09-01T02:00:00Z,2026-09-01T12:00,9.2,33,25.9,0.0,0.64,7.9,144,0.78,0.18,0.6,214,0.51,18.0,,unavailable (no satellite pass / dataset error),
85.5,Excellent,Great,2026-09-01T06:10:05Z,Shellharbour,2026-09-01T03:00:00Z,2026-09-01T13:00,8.7,40,24.8,0.0,0.62,7.95,144,0.8,0.22,0.6,214,0.26,18.0,,unavailable (no satellite pass / dataset error),
86.3,Excellent,Great,2026-09-01T06:10:05Z,Shellharbour,2026-09-01T04:00:00Z,2026-09-01T14:00,7.4,45,24.1,0.0,0.64,8.15,145,0.82,0.22,0.6,198,-0.01,18.1,,unavailable (no satellite pass / dataset error),
87.2,Excellent,Great,2026-09-01T06:10:05Z,Shellharbour,2026-09-01T05:00:00Z,2026-09-01T15:00,6.0,44,20.9,0.0,0.64,8.4,146,0.84,0.22,0.6,198,-0.23,18.1,,unavailable (no satellite pass / dataset error),
88.8,Excellent,Great,2026-09-01T06:10:05Z,Shellharbour,2026-09-01T06:00:00Z,2026-09-01T16:00,3.7,14,16.9,0.0,0.66,8.35,147,0.86,0.22,0.6,198,-0.35,18.1,,unavailable (no satellite pass / dataset error),
85.0,Excellent,Doable,2026-09-01T06:10:05Z,Terrigal,2026-09-01T01:00:00Z,2026-09-01T11:00,8.4,23,22.3,0.0,0.88,8.85,159,0.96,0.1,0.3,225,0.69,18.2,,unavailable (no satellite pass / dataset error),
84.3,Excellent,Doable,2026-09-01T06:10:05Z,Terrigal,2026-09-01T02:00:00Z,2026-09-01T12:00,9.3,32,24.8,0.0,0.88,8.9,159,0.96,0.2,0.3,225,0.51,18.3,,unavailable (no satellite pass / dataset error),
85.2,Excellent,Doable,2026-09-01T06:10:05Z,Terrigal,2026-09-01T03:00:00Z,2026-09-01T13:00,7.9,349,24.1,0.0,0.86,8.9,159,0.96,0.28,0.4,207,0.24,18.4,,unavailable (no satellite pass / dataset error),
82.5,Excellent,Doable,2026-09-01T06:10:05Z,Terrigal,2026-09-01T04:00:00Z,2026-09-01T14:00,11.5,318,27.4,0.0,0.86,8.95,159,0.96,0.22,0.4,180,-0.04,18.5,,unavailable (no satellite pass / dataset error),
79.8,Good,Doable,2026-09-01T06:10:05Z,Terrigal,2026-09-01T05:00:00Z,2026-09-01T15:00,15.1,295,33.5,0.0,0.84,9.0,159,0.96,0.16,0.4,180,-0.25,18.5,,unavailable (no satellite pass / dataset error),
78.4,Good,Doable,2026-09-01T06:10:05Z,Terrigal,2026-09-01T06:00:00Z,2026-09-01T16:00,16.9,287,35.6,0.0,0.84,9.05,159,0.96,0.1,0.4,153,-0.37,18.6,,unavailable (no satellite pass / dataset error),
85.4,Excellent,Bit dodgy,2026-09-01T06:10:05Z,Fingal Bay,2026-09-01T01:00:00Z,2026-09-01T11:00,2.0,360,14.4,0.0,1.4,9.1,165,1.42,0.08,0.4,243,0.7,19.2,,unavailable (no satellite pass / dataset error),
85.1,Excellent,Bit dodgy,2026-09-01T06:10:05Z,Fingal Bay,2026-09-01T02:00:00Z,2026-09-01T12:00,2.3,61,12.2,0.0,1.4,9.1,164,1.42,0.14,0.6,252,0.51,19.3,,unavailable (no satellite pass / dataset error),
83.6,Excellent,Bit dodgy,2026-09-01T06:10:05Z,Fingal Bay,2026-09-01T03:00:00Z,2026-09-01T13:00,4.3,345,16.9,0.0,1.38,9.1,164,1.4,0.2,0.7,256,0.23,19.3,,unavailable (no satellite pass / dataset error),
78.6,Good,Bit dodgy,2026-09-01T06:10:05Z,Fingal Bay,2026-09-01T04:00:00Z,2026-09-01T14:00,10.1,303,26.6,0.0,1.36,9.15,164,1.4,0.22,1.0,248,-0.05,19.4,,unavailable (no satellite pass / dataset error),
76.6,Good,Bit dodgy,2026-09-01T06:10:05Z,Fingal Bay,2026-09-01T05:00:00Z,2026-09-01T15:00,13.0,294,31.0,0.0,1.34,9.15,164,1.38,0.24,1.0,239,-0.27,19.4,,unavailable (no satellite pass / dataset error),
77.2,Good,Bit dodgy,2026-09-01T06:10:05Z,Fingal Bay,2026-09-01T06:00:00Z,2026-09-01T16:00,12.2,294,31.7,0.0,1.32,9.2,164,1.38,0.26,1.0,239,-0.38,19.4,,unavailable (no satellite pass / dataset error),
85.9,Excellent,Doable,2026-09-01T06:10:05Z,Broughton Island,2026-09-01T01:00:00Z,2026-09-01T11:00,5.2,59,17.6,0.0,1.06,9.45,164,1.12,0.04,0.4,207,0.69,18.8,,unavailable (no satellite pass / dataset error),
83.8,Excellent,Doable,2026-09-01T06:10:05Z,Broughton Island,2026-09-01T02:00:00Z,2026-09-01T12:00,7.9,74,22.0,0.0,1.04,9.4,163,1.1,0.1,0.5,225,0.5,18.9,,unavailable (no satellite pass / dataset error),
83.2,Excellent,Doable,2026-09-01T06:10:05Z,Broughton Island,2026-09-01T03:00:00Z,2026-09-01T13:00,8.5,61,23.8,0.0,1.04,9.4,163,1.1,0.14,0.6,214,0.23,18.9,,unavailable (no satellite pass / dataset error),
82.8,Excellent,Doable,2026-09-01T06:10:05Z,Broughton Island,2026-09-01T04:00:00Z,2026-09-01T14:00,8.5,46,23.0,0.0,1.02,9.45,163,1.1,0.18,0.8,225,-0.06,19.0,,unavailable (no satellite pass / dataset error),
82.0,Excellent,Doable,2026-09-01T06:10:05Z,Broughton Island,2026-09-01T05:00:00Z,2026-09-01T15:00,9.3,43,22.7,0.0,1.0,9.5,163,1.1,0.22,0.9,217,-0.28,19.0,,unavailable (no satellite pass / dataset error),
82.1,Excellent,Doable,2026-09-01T06:10:05Z,Broughton Island,2026-09-01T06:00:00Z,2026-09-01T16:00,9.1,34,22.7,0.0,0.98,9.55,163,1.1,0.26,0.9,217,-0.39,19.0,,unavailable (no satellite pass / dataset error),
76.5,Good,Getting rough,2026-09-01T06:10:05Z,Seal Rocks,2026-09-01T01:00:00Z,2026-09-01T11:00,11.7,11,29.9,0.0,1.52,9.2,167,1.58,0.32,0.7,180,0.69,19.1,,unavailable (no satellite pass / dataset error),
76.7,Good,Bit dodgy,2026-09-01T06:10:05Z,Seal Rocks,2026-09-01T02:00:00Z,2026-09-01T12:00,11.4,25,29.9,0.0,1.5,9.2,166,1.58,0.42,0.7,180,0.5,19.2,,unavailable (no satellite pass / dataset error),
74.6,Good,Bit dodgy,2026-09-01T06:10:05Z,Seal Rocks,2026-09-01T03:00:00Z,2026-09-01T13:00,14.3,42,33.8,0.0,1.48,9.2,166,1.58,0.54,0.7,180,0.22,19.2,,unavailable (no satellite pass / dataset error),
72.2,Good,Bit dodgy,2026-09-01T06:10:05Z,Seal Rocks,2026-09-01T04:00:00Z,2026-09-01T14:00,17.4,47,39.6,0.0,1.46,9.2,166,1.58,0.6,0.7,180,-0.06,19.2,,unavailable (no satellite pass / dataset error),
70.0,Good,Bit dodgy,2026-09-01T06:10:05Z,Seal Rocks,2026-09-01T05:00:00Z,2026-09-01T15:00,20.2,47,42.8,0.0,1.42,9.25,167,1.6,0.64,0.7,180,-0.28,19.3,,unavailable (no satellite pass / dataset error),
70.5,Good,Bit dodgy,2026-09-01T06:10:05Z,Seal Rocks,2026-09-01T06:00:00Z,2026-09-01T16:00,19.5,33,42.5,0.0,1.4,9.25,167,1.6,0.7,0.7,194,-0.39,19.3,,unavailable (no satellite pass / dataset error),
86.0,Excellent,Doable,2026-09-01T06:10:05Z,Forster,2026-09-01T01:00:00Z,2026-09-01T11:00,7.2,13,21.2,0.0,0.84,8.9,149,0.92,0.24,0.4,180,0.7,19.4,,unavailable (no satellite pass / dataset error),
86.2,Excellent,Doable,2026-09-01T06:10:05Z,Forster,2026-09-01T02:00:00Z,2026-09-01T12:00,6.5,28,21.2,0.0,0.84,8.95,150,0.94,0.32,0.5,180,0.5,19.5,,unavailable (no satellite pass / dataset error),
85.1,Excellent,Doable,2026-09-01T06:10:05Z,Forster,2026-09-01T03:00:00Z,2026-09-01T13:00,7.8,42,21.2,0.0,0.82,8.9,151,0.96,0.4,0.5,180,0.22,19.5,,unavailable (no satellite pass / dataset error),
83.5,Excellent,Great,2026-09-01T06:10:05Z,Forster,2026-09-01T04:00:00Z,2026-09-01T14:00,9.6,49,24.1,0.0,0.8,8.8,151,0.98,0.44,0.5,180,-0.06,19.5,,unavailable (no satellite pass / dataset error),
81.0,Excellent,Great,2026-09-01T06:10:05Z,Forster,2026-09-01T05:00:00Z,2026-09-01T15:00,12.7,50,30.2,0.0,0.78,8.65,152,1.0,0.5,0.5,180,-0.28,19.6,,unavailable (no satellite pass / dataset error),
81.2,Excellent,Great,2026-09-01T06:10:05Z,Forster,2026-09-01T06:00:00Z,2026-09-01T16:00,12.3,58,30.2,0.0,0.76,8.55,152,1.02,0.54,0.5,180,-0.39,19.6,,unavailable (no satellite pass / dataset error),
73.5,Good,Bit dodgy,2026-09-01T06:10:05Z,South West Rocks,2026-09-01T01:00:00Z,2026-09-01T11:00,14.5,30,36.4,0.0,1.44,9.05,159,1.5,0.12,1.5,187,0.72,20.4,,unavailable (no satellite pass / dataset error),
71.6,Good,Bit dodgy,2026-09-01T06:10:05Z,South West Rocks,2026-09-01T02:00:00Z,2026-09-01T12:00,16.5,35,40.3,0.0,1.4,8.85,159,1.5,0.22,1.7,193,0.52,20.4,,unavailable (no satellite pass / dataset error),
69.2,Good,Bit dodgy,2026-09-01T06:10:05Z,South West Rocks,2026-09-01T03:00:00Z,2026-09-01T13:00,19.4,40,45.4,0.0,1.38,8.7,159,1.5,0.32,1.8,191,0.23,20.5,,unavailable (no satellite pass / dataset error),
67.3,Good,Bit dodgy,2026-09-01T06:10:05Z,South West Rocks,2026-09-01T04:00:00Z,2026-09-01T14:00,21.8,43,50.0,0.0,1.36,8.7,159,1.52,0.46,1.8,191,-0.05,20.5,,unavailable (no satellite pass / dataset error),
67.4,Good,Bit dodgy,2026-09-01T06:10:05Z,South West Rocks,2026-09-01T05:00:00Z,2026-09-01T15:00,21.2,38,49.7,0.0,1.34,8.8,158,1.56,0.58,1.8,191,-0.27,20.5,,unavailable (no satellite pass / dataset error),
67.8,Good,Bit dodgy,2026-09-01T06:10:05Z,South West Rocks,2026-09-01T06:00:00Z,2026-09-01T16:00,20.9,33,47.9,0.0,1.32,8.9,158,1.58,0.72,1.6,186,-0.36,20.5,,unavailable (no satellite pass / dataset error),
80.9,Excellent,Amazing,2026-09-01T12:10:13Z,Williamstown,2026-09-01T07:00:00Z,2026-09-01T17:00,20.4,349,25.9,0.0,0.14,9.9,210,0.4,0.36,0.2,180,0.11,13.5,,unavailable (no satellite pass / dataset error),
80.6,Excellent,Amazing,2026-09-01T12:10:13Z,Williamstown,2026-09-01T08:00:00Z,2026-09-01T18:00,21.0,354,26.6,0.0,0.12,9.95,210,0.38,0.36,0.2,180,-0.07,13.5,,unavailable (no satellite pass / dataset error),
80.0,Excellent,Amazing,2026-09-01T12:10:13Z,Williamstown,2026-09-01T09:00:00Z,2026-09-01T19:00,21.8,347,27.4,0.0,0.12,9.9,211,0.38,0.36,0.2,180,-0.18,13.5,,unavailable (no satellite pass / dataset error),
79.7,Good,Amazing,2026-09-01T12:10:13Z,Williamstown,2026-09-01T10:00:00Z,2026-09-01T20:00,22.5,348,28.4,0.0,0.12,9.65,211,0.36,0.32,0.2,180,-0.21,13.5,,unavailable (no satellite pass / dataset error),
79.7,Good,Amazing,2026-09-01T12:10:13Z,Williamstown,2026-09-01T11:00:00Z,2026-09-01T21:00,20.9,342,28.4,1.4,0.12,9.25,211,0.32,0.28,0.2,180,-0.2,13.5,,unavailable (no satellite pass / dataset error),
84.6,Excellent,Amazing,2026-09-01T12:10:13Z,Williamstown,2026-09-01T12:00:00Z,2026-09-01T22:00,14.1,350,26.3,0.4,0.12,8.9,211,0.3,0.24,0.2,180,-0.15,13.5,,unavailable (no satellite pass / dataset error),
44.3,Fair,Getting rough,2026-09-01T12:10:13Z,Robe,2026-09-01T07:00:00Z,2026-09-01T17:00,29.3,294,49.7,1.2,2.1,11.35,228,2.7,1.28,1.1,108,0.07,14.4,,unavailable (no satellite pass / dataset error),
46.3,Fair,Getting rough,2026-09-01T12:10:13Z,Robe,2026-09-01T08:00:00Z,2026-09-01T18:00,27.1,288,47.2,0.1,2.08,11.35,228,2.68,1.08,0.9,101,-0.08,14.5,,unavailable (no satellite pass / dataset error),
46.7,Fair,Getting rough,2026-09-01T12:10:13Z,Robe,2026-09-01T09:00:00Z,2026-09-01T19:00,25.9,259,44.3,0.8,2.06,11.35,228,2.66,0.9,0.7,104,-0.2,14.5,,unavailable (no satellite pass / dataset error),
51.8,Fair,Getting rough,2026-09-01T12:10:13Z,Robe,2026-09-01T10:00:00Z,2026-09-01T20:00,19.5,220,42.1,0.1,2.04,11.35,228,2.62,0.84,0.5,90,-0.23,14.5,,unavailable (no satellite pass / dataset error),
53.9,Fair,Getting rough,2026-09-01T12:10:13Z,Robe,2026-09-01T11:00:00Z,2026-09-01T21:00,17.0,210,31.3,0.0,2.04,11.35,228,2.6,0.76,0.4,90,-0.18,14.5,,unavailable (no satellite pass / dataset error),
55.0,Fair,Getting rough,2026-09-01T12:10:13Z,Robe,2026-09-01T12:00:00Z,2026-09-01T22:00,16.0,225,27.4,0.0,2.02,11.35,228,2.56,0.7,0.2,90,-0.07,14.5,,unavailable (no satellite pass / dataset error),
54.9,Fair,Getting rough,2026-09-01T12:10:13Z,Port MacDonnell,2026-09-01T07:00:00Z,2026-09-01T17:00,23.2,318,48.6,0.5,2.18,11.7,230,2.8,1.22,0.9,101,0.03,15.1,,unavailable (no satellite pass / dataset error),
53.3,Fair,Getting rough,2026-09-01T12:10:13Z,Port MacDonnell,2026-09-01T08:00:00Z,2026-09-01T18:00,24.6,306,42.8,0.5,2.16,11.75,230,2.76,0.96,0.9,101,-0.11,15.1,,unavailable (no satellite pass / dataset error),
54.0,Fair,Getting rough,2026-09-01T12:10:13Z,Port MacDonnell,2026-09-01T09:00:00Z,2026-09-01T19:00,23.3,252,47.2,0.6,2.12,11.75,230,2.74,0.72,0.7,104,-0.2,15.1,,unavailable (no satellite pass / dataset error),
59.8,Fair,Getting rough,2026-09-01T12:10:13Z,Port MacDonnell,2026-09-01T10:00:00Z,2026-09-01T20:00,16.1,220,41.0,0.1,2.12,11.75,230,2.72,0.74,0.5,90,-0.23,15.0,,unavailable (no satellite pass / dataset error),
62.5,Good,Getting rough,2026-09-01T12:10:13Z,Port MacDonnell,2026-09-01T11:00:00Z,2026-09-01T21:00,12.4,221,27.0,0.0,2.1,11.7,231,2.72,0.74,0.5,90,-0.18,15.0,,unavailable (no satellite pass / dataset error),
61.0,Good,Getting rough,2026-09-01T12:10:13Z,Port MacDonnell,2026-09-01T12:00:00Z,2026-09-01T22:00,14.4,244,23.4,0.0,2.1,11.55,231,2.7,0.76,0.5,90,-0.06,15.0,,unavailable (no satellite pass / dataset error),
51.0,Fair,Getting rough,2026-09-01T12:10:13Z,Cape Bridgewater,2026-09-01T07:00:00Z,2026-09-01T17:00,30.2,314,55.4,0.5,1.86,11.1,225,2.42,1.34,1.1,108,0.01,15.0,,unavailable (no satellite pass / dataset error),
52.4,Fair,Getting rough,2026-09-01T12:10:13Z,Cape Bridgewater,2026-09-01T08:00:00Z,2026-09-01T18:00,28.0,312,52.2,0.2,1.84,11.05,225,2.42,1.4,1.1,108,-0.12,15.0,,unavailable (no satellite pass / dataset error),
51.5,Fair,Getting rough,2026-09-01T12:10:13Z,Cape Bridgewater,2026-09-01T09:00:00Z,2026-09-01T19:00,27.7,298,48.6,1.1,1.84,11.05,226,2.42,1.46,1.1,99,-0.21,15.0,,unavailable (no satellite pass / dataset error),
53.3,Fair,Getting rough,2026-09-01T12:10:13Z,Cape Bridgewater,2026-09-01T10:00:00Z,2026-09-01T20:00,24.1,223,49.3,1.0,1.82,11.1,226,2.4,1.24,1.1,90,-0.24,15.0,,unavailable (no satellite pass / dataset error),
59.2,Fair,Getting rough,2026-09-01T12:10:13Z,Cape Bridgewater,2026-09-01T11:00:00Z,2026-09-01T21:00,17.3,231,41.8,0.0,1.82,11.15,226,2.36,1.0,0.9,90,-0.18,15.0,,unavailable (no satellite pass / dataset error),
59.5,Fair,Getting rough,2026-09-01T12:10:13Z,Cape Bridgewater,2026-09-01T12:00:00Z,2026-09-01T22:00,17.1,245,29.5,0.0,1.8,11.05,226,2.34,0.78,0.9,90,-0.06,15.0,,unavailable (no satellite pass / dataset error),
57.4,Fair,Getting rough,2026-09-01T12:10:13Z,Portland Bay,2026-09-01T07:00:00Z,2026-09-01T17:00,24.2,316,47.2,0.8,1.66,11.1,223,2.08,1.08,1.1,99,0.01,14.9,,unavailable (no satellite pass / dataset error),
58.9,Fair,Getting rough,2026-09-01T12:10:13Z,Portland Bay,2026-09-01T08:00:00Z,2026-09-01T18:00,21.2,320,44.3,0.3,1.64,11.05,224,2.08,1.12,1.3,98,-0.12,14.9,,unavailable (no satellite pass / dataset error),
59.0,Fair,Getting rough,2026-09-01T12:10:13Z,Portland Bay,2026-09-01T09:00:00Z,2026-09-01T19:00,19.2,309,37.8,1.4,1.64,11.0,225,2.08,1.16,1.3,90,-0.21,14.9,,unavailable (no satellite pass / dataset error),
59.1,Fair,Getting rough,2026-09-01T12:10:13Z,Portland Bay,2026-09-01T10:00:00Z,2026-09-01T20:00,16.9,247,36.7,1.7,1.64,10.95,225,2.06,0.98,1.3,74,-0.24,14.9,,unavailable (no satellite pass / dataset error),
62.1,Good,Getting rough,2026-09-01T12:10:13Z,Portland Bay,2026-09-01T11:00:00Z,2026-09-01T21:00,13.2,239,31.0,0.1,1.64,10.9,226,2.06,0.8,1.1,72,-0.18,14.9,,unavailable (no satellite pass / dataset error),
62.6,Good,Getting rough,2026-09-01T12:10:13Z,Portland Bay,2026-09-01T12:00:00Z,2026-09-01T22:00,12.8,248,23.0,0.0,1.64,10.85,226,2.04,0.62,1.1,72,-0.06,14.9,,unavailable (no satellite pass / dataset error),
55.3,Fair,Getting rough,2026-09-01T12:10:13Z,Bay of Islands,2026-09-01T07:00:00Z,2026-09-01T17:00,27.7,319,49.3,1.6,1.82,10.7,229,2.4,1.32,1.0,121,-0.03,14.3,,unavailable (no satellite pass / dataset error),
52.5,Fair,Getting rough,2026-09-01T12:10:13Z,Bay of Islands,2026-09-01T08:00:00Z,2026-09-01T18:00,28.5,319,49.0,1.2,1.78,11.2,230,2.46,1.36,1.2,117,-0.18,14.3,,unavailable (no satellite pass / dataset error),
50.8,Fair,Getting rough,2026-09-01T12:10:13Z,Bay of Islands,2026-09-01T09:00:00Z,2026-09-01T19:00,29.3,314,51.8,0.4,1.76,11.5,230,2.52,1.42,1.4,113,-0.26,14.3,,unavailable (no satellite pass / dataset error),
51.2,Fair,Getting rough,2026-09-01T12:10:13Z,Bay of Islands,2026-09-01T10:00:00Z,2026-09-01T20:00,27.9,312,48.2,0.6,1.68,11.35,230,2.52,1.1,1.4,113,-0.26,14.3,,unavailable (no satellite pass / dataset error),
48.5,Fair,Getting rough,2026-09-01T12:10:13Z,Bay of Islands,2026-09-01T11:00:00Z,2026-09-01T21:00,29.9,302,48.6,1.0,1.62,11.0,229,2.5,0.8,1.5,104,-0.18,14.3,,unavailable (no satellite pass / dataset error),
57.2,Fair,Getting rough,2026-09-01T12:10:13Z,Bay of Islands,2026-09-01T12:00:00Z,2026-09-01T22:00,18.2,244,49.0,0.4,1.54,10.6,229,2.5,0.48,1.3,98,-0.04,14.3,,unavailable (no satellite pass / dataset error),
56.2,Fair,Getting rough,2026-09-01T12:10:13Z,Cape Otway Lightstation,2026-09-01T07:00:00Z,2026-09-01T17:00,26.8,310,60.8,0.2,2.2,11.2,230,2.68,1.38,1.1,252,-0.07,14.3,,unavailable (no satellite pass / dataset error),
56.5,Fair,Getting rough,2026-09-01T12:10:13Z,Cape Otway Lightstation,2026-09-01T08:00:00Z,2026-09-01T18:00,25.3,323,57.2,1.4,2.16,11.35,230,2.72,1.42,0.8,225,-0.29,14.3,,unavailable (no satellite pass / dataset error),
55.1,Fair,Getting rough,2026-09-01T12:10:13Z,Cape Otway Lightstation,2026-09-01T09:00:00Z,2026-09-01T19:00,27.1,315,57.6,0.4,2.12,11.45,230,2.76,1.46,0.6,146,-0.43,14.3,,unavailable (no satellite pass / dataset error),
51.5,Fair,Getting rough,2026-09-01T12:10:13Z,Cape Otway Lightstation,2026-09-01T10:00:00Z,2026-09-01T20:00,27.2,315,57.6,1.6,2.1,11.6,230,2.78,1.32,1.5,104,-0.43,14.2,,unavailable (no satellite pass / dataset error),
52.2,Fair,Getting rough,2026-09-01T12:10:13Z,Cape Otway Lightstation,2026-09-01T11:00:00Z,2026-09-01T21:00,23.1,307,56.9,0.8,2.06,11.75,231,2.82,1.16,2.3,94,-0.3,14.2,,unavailable (no satellite pass / dataset error),
51.0,Fair,Getting rough,2026-09-01T12:10:13Z,Cape Otway Lightstation,2026-09-01T12:00:00Z,2026-09-01T22:00,22.5,288,51.5,0.4,2.04,11.75,231,2.84,1.02,2.9,94,-0.08,14.2,,unavailable (no satellite pass / dataset error),
56.7,Fair,Getting rough,2026-09-01T12:10:13Z,Apollo Bay,2026-09-01T07:00:00Z,2026-09-01T17:00,26.6,306,59.4,0.2,2.18,11.2,231,2.6,1.26,1.0,225,-0.07,14.2,,unavailable (no satellite pass / dataset error),
57.2,Fair,Getting rough,2026-09-01T12:10:13Z,Apollo Bay,2026-09-01T08:00:00Z,2026-09-01T18:00,24.4,312,53.6,1.2,2.16,11.3,232,2.64,1.28,0.9,217,-0.35,14.2,,unavailable (no satellite pass / dataset error),
54.4,Fair,Getting rough,2026-09-01T12:10:13Z,Apollo Bay,2026-09-01T09:00:00Z,2026-09-01T19:00,28.9,309,56.9,0.4,2.12,11.4,232,2.66,1.3,0.4,207,-0.54,14.2,,unavailable (no satellite pass / dataset error),
53.4,Fair,Getting rough,2026-09-01T12:10:13Z,Apollo Bay,2026-09-01T10:00:00Z,2026-09-01T20:00,29.3,313,57.6,0.5,2.08,11.6,232,2.7,1.32,0.5,90,-0.55,14.2,,unavailable (no satellite pass / dataset error),
54.4,Fair,Getting rough,2026-09-01T12:10:13Z,Apollo Bay,2026-09-01T11:00:00Z,2026-09-01T21:00,26.1,303,58.0,0.4,2.06,11.75,233,2.76,1.36,1.0,59,-0.39,14.2,,unavailable (no satellite pass / dataset error),
54.3,Fair,Getting rough,2026-09-01T12:10:13Z,Apollo Bay,2026-09-01T12:00:00Z,2026-09-01T22:00,24.7,294,51.5,0.2,2.02,11.8,233,2.8,1.38,1.5,54,-0.13,14.2,,unavailable (no satellite pass / dataset error),
68.7,Good,Bit dodgy,2026-09-01T12:10:13Z,Kennett River,2026-09-01T07:00:00Z,2026-09-01T17:00,22.3,313,60.1,0.2,1.38,10.85,226,1.56,0.52,0.6,214,-0.06,13.9,,unavailable (no satellite pass / dataset error),
70.2,Good,Bit dodgy,2026-09-01T12:10:13Z,Kennett River,2026-09-01T08:00:00Z,2026-09-01T18:00,19.9,305,51.5,0.6,1.4,10.6,227,1.52,0.46,0.6,214,-0.39,13.9,,unavailable (no satellite pass / dataset error),
66.8,Good,Bit dodgy,2026-09-01T12:10:13Z,Kennett River,2026-09-01T09:00:00Z,2026-09-01T19:00,23.9,317,52.9,0.9,1.42,10.5,228,1.5,0.4,0.4,207,-0.61,13.9,,unavailable (no satellite pass / dataset error),
62.4,Good,Bit dodgy,2026-09-01T12:10:13Z,Kennett River,2026-09-01T10:00:00Z,2026-09-01T20:00,29.0,309,62.3,0.4,1.4,10.6,228,1.52,0.42,0.4,90,-0.63,13.9,,unavailable (no satellite pass / dataset error),
64.7,Good,Bit dodgy,2026-09-01T12:10:13Z,Kennett River,2026-09-01T11:00:00Z,2026-09-01T21:00,24.4,312,63.0,0.2,1.38,10.85,227,1.54,0.46,0.8,63,-0.46,13.9,,unavailable (no satellite pass / dataset error),
64.0,Good,Bit dodgy,2026-09-01T12:10:13Z,Kennett River,2026-09-01T12:00:00Z,2026-09-01T22:00,23.7,301,54.4,0.1,1.36,10.9,227,1.56,0.48,1.3,56,-0.18,13.9,,unavailable (no satellite pass / dataset error),
74.6,Good,Doable,2026-09-01T12:10:13Z,Torquay,2026-09-01T07:00:00Z,2026-09-01T17:00,21.0,332,41.8,0.0,0.88,10.3,215,1.02,0.4,0.5,180,-0.03,13.7,,unavailable (no satellite pass / dataset error),
75.6,Good,Doable,2026-09-01T12:10:13Z,Torquay,2026-09-01T08:00:00Z,2026-09-01T18:00,20.4,328,36.4,0.0,0.86,10.45,215,0.98,0.38,0.4,180,-0.44,13.7,,unavailable (no satellite pass / dataset error),
74.8,Good,Doable,2026-09-01T12:10:13Z,Torquay,2026-09-01T09:00:00Z,2026-09-01T19:00,21.6,324,38.2,0.1,0.84,10.55,216,0.96,0.36,0.4,180,-0.75,13.7,,unavailable (no satellite pass / dataset error),
72.9,Good,Doable,2026-09-01T12:10:13Z,Torquay,2026-09-01T10:00:00Z,2026-09-01T20:00,23.3,322,40.7,0.6,0.84,10.6,216,0.96,0.38,0.4,117,-0.82,13.7,,unavailable (no satellite pass / dataset error),
73.4,Good,Doable,2026-09-01T12:10:13Z,Torquay,2026-09-01T11:00:00Z,2026-09-01T21:00,19.2,306,44.6,2.2,0.84,10.6,217,0.96,0.38,0.5,90,-0.63,13.7,,unavailable (no satellite pass / dataset error),
73.5,Good,Doable,2026-09-01T12:10:13Z,Torquay,2026-09-01T12:00:00Z,2026-09-01T22:00,18.6,308,33.1,0.0,0.84,10.55,217,0.96,0.4,0.7,76,-0.3,13.7,,unavailable (no satellite pass / dataset error),
72.7,Good,Doable,2026-09-01T12:10:13Z,Port Phillip Heads (J5 Submarine),2026-09-01T07:00:00Z,2026-09-01T17:00,22.8,334,46.4,0.0,0.96,10.4,218,1.16,0.44,0.2,180,-0.01,13.7,,unavailable (no satellite pass / dataset error),
75.5,Good,Doable,2026-09-01T12:10:13Z,Port Phillip Heads (J5 Submarine),2026-09-01T08:00:00Z,2026-09-01T18:00,19.5,329,40.7,0.0,0.96,10.8,220,1.12,0.42,0.2,180,-0.45,13.7,,unavailable (no satellite pass / dataset error),
73.9,Good,Doable,2026-09-01T12:10:13Z,Port Phillip Heads (J5 Submarine),2026-09-01T09:00:00Z,2026-09-01T19:00,21.9,328,38.9,0.0,0.94,11.05,221,1.1,0.38,0.2,90,-0.78,13.7,,unavailable (no satellite pass / dataset error),
71.3,Good,Doable,2026-09-01T12:10:13Z,Port Phillip Heads (J5 Submarine),2026-09-01T10:00:00Z,2026-09-01T20:00,24.3,329,41.8,0.5,0.94,11.05,221,1.08,0.38,0.4,90,-0.85,13.7,,unavailable (no satellite pass / dataset error),
71.8,Good,Doable,2026-09-01T12:10:13Z,Port Phillip Heads (J5 Submarine),2026-09-01T11:00:00Z,2026-09-01T21:00,22.3,305,46.1,1.0,0.96,10.95,220,1.08,0.4,0.4,90,-0.67,13.7,,unavailable (no satellite pass / dataset error),
72.0,Good,Doable,2026-09-01T12:10:13Z,Port Phillip Heads (J5 Submarine),2026-09-01T12:00:00Z,2026-09-01T22:00,21.7,312,37.4,0.2,0.96,10.85,220,1.06,0.4,0.5,90,-0.34,13.7,,unavailable (no satellite pass / dataset error),
68.4,Good,Doable,2026-09-01T12:10:13Z,Queenscliff,2026-09-01T07:00:00Z,2026-09-01T17:00,26.7,337,44.6,0.0,1.02,10.35,220,1.28,0.5,0.4,207,-0.01,13.7,,unavailable (no satellite pass / dataset error),
68.5,Good,Doable,2026-09-01T12:10:13Z,Queenscliff,2026-09-01T08:00:00Z,2026-09-01T18:00,26.9,334,45.0,0.0,1.0,11.25,224,1.24,0.48,0.4,207,-0.45,13.7,,unavailable (no satellite pass / dataset error),
70.7,Good,Doable,2026-09-01T12:10:13Z,Queenscliff,2026-09-01T09:00:00Z,2026-09-01T19:00,24.3,328,47.2,0.1,0.98,11.85,228,1.2,0.44,0.4,180,-0.78,13.7,,unavailable (no satellite pass / dataset error),
68.8,Good,Doable,2026-09-01T12:10:13Z,Queenscliff,2026-09-01T10:00:00Z,2026-09-01T20:00,26.3,331,46.8,0.6,1.02,11.75,226,1.2,0.44,0.3,135,-0.86,13.6,,unavailable (no satellite pass / dataset error),
68.7,Good,Doable,2026-09-01T12:10:13Z,Queenscliff,2026-09-01T11:00:00Z,2026-09-01T21:00,25.0,312,47.9,0.8,1.06,11.3,225,1.2,0.44,0.4,90,-0.68,13.6,,unavailable (no satellite pass / dataset error),
71.3,Good,Doable,2026-09-01T12:10:13Z,Queenscliff,2026-09-01T12:00:00Z,2026-09-01T22:00,19.5,302,50.0,1.1,1.1,10.95,223,1.2,0.44,0.6,72,-0.35,13.6,,unavailable (no satellite pass / dataset error),
64.3,Good,Bit dodgy,2026-09-01T12:10:13Z,Blairgowrie Back Beach,2026-09-01T07:00:00Z,2026-09-01T17:00,28.2,338,51.8,0.0,1.42,11.0,225,1.6,0.68,0.5,135,0.01,13.6,,unavailable (no satellite pass / dataset error),
65.3,Good,Bit dodgy,2026-09-01T12:10:13Z,Blairgowrie Back Beach,2026-09-01T08:00:00Z,2026-09-01T18:00,27.3,338,49.7,0.0,1.4,11.0,226,1.56,0.66,0.5,135,-0.43,13.6,,unavailable (no satellite pass / dataset error),
65.0,Good,Bit dodgy,2026-09-01T12:10:13Z,Blairgowrie Back Beach,2026-09-01T09:00:00Z,2026-09-01T19:00,27.9,333,49.3,0.1,1.38,11.05,226,1.54,0.62,0.5,135,-0.77,13.6,,unavailable (no satellite pass / dataset error),
67.8,Good,Bit dodgy,2026-09-01T12:10:13Z,Blairgowrie Back Beach,2026-09-01T10:00:00Z,2026-09-01T20:00,23.2,343,55.1,0.7,1.38,11.05,226,1.54,0.62,0.5,135,-0.86,13.6,,unavailable (no satellite pass / dataset error),
66.4,Good,Bit dodgy,2026-09-01T12:10:13Z,Blairgowrie Back Beach,2026-09-01T11:00:00Z,2026-09-01T21:00,23.6,320,49.0,0.8,1.38,11.05,227,1.54,0.64,0.6,124,-0.7,13.6,,unavailable (no satellite pass / dataset error),
62.2,Good,Bit dodgy,2026-09-01T12:10:13Z,Blairgowrie Back Beach,2026-09-01T12:00:00Z,2026-09-01T22:00,26.7,315,54.4,1.8,1.38,11.0,227,1.54,0.64,0.6,124,-0.36,13.6,,unavailable (no satellite pass / dataset error),
63.3,Good,Getting rough,2026-09-01T12:10:13Z,Cape Schanck,2026-09-01T07:00:00Z,2026-09-01T17:00,28.3,333,52.2,0.0,1.54,10.95,232,1.78,0.88,0.2,180,0.04,13.7,,unavailable (no satellite pass / dataset error),
64.3,Good,Getting rough,2026-09-01T12:10:13Z,Cape Schanck,2026-09-01T08:00:00Z,2026-09-01T18:00,27.5,332,49.7,0.0,1.54,10.95,233,1.74,0.8,0.2,180,-0.41,13.7,,unavailable (no satellite pass / dataset error),
65.1,Good,Getting rough,2026-09-01T12:10:13Z,Cape Schanck,2026-09-01T09:00:00Z,2026-09-01T19:00,26.7,327,48.2,0.1,1.52,10.95,233,1.7,0.74,0.2,180,-0.75,13.7,,unavailable (no satellite pass / dataset error),
64.2,Good,Getting rough,2026-09-01T12:10:13Z,Cape Schanck,2026-09-01T10:00:00Z,2026-09-01T20:00,26.4,336,50.0,0.9,1.52,10.85,233,1.72,0.76,0.2,90,-0.87,13.7,,unavailable (no satellite pass / dataset error),
64.5,Good,Getting rough,2026-09-01T12:10:13Z,Cape Schanck,2026-09-01T11:00:00Z,2026-09-01T21:00,24.0,320,49.7,0.9,1.54,10.75,234,1.74,0.78,0.4,90,-0.71,13.7,,unavailable (no satellite pass / dataset error),
58.8,Fair,Getting rough,2026-09-01T12:10:13Z,Cape Schanck,2026-09-01T12:00:00Z,2026-09-01T22:00,28.4,315,50.0,1.6,1.54,10.7,234,1.76,0.8,0.7,104,-0.38,13.7,,unavailable (no satellite pass / dataset error),
57.5,Fair,Bit dodgy,2026-09-01T12:10:13Z,Cape Paterson,2026-09-01T07:00:00Z,2026-09-01T17:00,34.4,332,58.0,0.0,1.32,10.9,239,1.76,1.14,0.9,143,0.13,13.7,,unavailable (no satellite pass / dataset error),
57.3,Fair,Bit dodgy,2026-09-01T12:10:13Z,Cape Paterson,2026-09-01T08:00:00Z,2026-09-01T18:00,35.8,336,61.2,0.0,1.32,11.0,240,1.74,1.12,0.9,143,-0.35,13.7,,unavailable (no satellite pass / dataset error),
58.2,Fair,Bit dodgy,2026-09-01T12:10:13Z,Cape Paterson,2026-09-01T09:00:00Z,2026-09-01T19:00,34.0,332,60.1,0.0,1.3,11.05,240,1.74,1.12,0.8,135,-0.74,13.7,,unavailable (no satellite pass / dataset error),
57.1,Fair,Bit dodgy,2026-09-01T12:10:13Z,Cape Paterson,2026-09-01T10:00:00Z,2026-09-01T20:00,34.7,326,58.7,0.4,1.3,10.95,240,1.76,1.14,0.8,135,-0.93,13.7,,unavailable (no satellite pass / dataset error),
56.4,Fair,Bit dodgy,2026-09-01T12:10:13Z,Cape Paterson,2026-09-01T11:00:00Z,2026-09-01T21:00,34.1,328,59.4,1.1,1.32,10.75,241,1.76,1.14,0.8,117,-0.82,13.7,,unavailable (no satellite pass / dataset error),
55.1,Fair,Bit dodgy,2026-09-01T12:10:13Z,Cape Paterson,2026-09-01T12:00:00Z,2026-09-01T22:00,32.1,306,56.9,2.1,1.32,10.7,241,1.78,1.16,1.0,121,-0.49,13.7,,unavailable (no satellite pass / dataset error),
55.5,Fair,Doable,2026-09-01T12:10:13Z,Wilsons Prom (West - Norman Bay),2026-09-01T07:00:00Z,2026-09-01T17:00,45.6,328,58.3,0.0,0.98,10.25,229,1.92,1.44,1.0,121,0.2,13.6,,unavailable (no satellite pass / dataset error),
55.9,Fair,Doable,2026-09-01T12:10:13Z,Wilsons Prom (West - Norman Bay),2026-09-01T08:00:00Z,2026-09-01T18:00,46.5,328,59.8,0.0,0.96,10.3,230,1.92,1.48,0.8,117,-0.28,13.6,,unavailable (no satellite pass / dataset error),
55.8,Fair,Doable,2026-09-01T12:10:13Z,Wilsons Prom (West - Norman Bay),2026-09-01T09:00:00Z,2026-09-01T19:00,43.7,323,60.5,0.0,0.96,10.35,230,1.94,1.5,0.8,117,-0.67,13.6,,unavailable (no satellite pass / dataset error),
55.8,Fair,Doable,2026-09-01T12:10:13Z,Wilsons Prom (West - Norman Bay),2026-09-01T10:00:00Z,2026-09-01T20:00,43.3,316,56.5,0.2,0.94,10.4,230,1.96,1.54,0.6,108,-0.89,13.6,,unavailable (no satellite pass / dataset error),
54.5,Fair,Doable,2026-09-01T12:10:13Z,Wilsons Prom (West - Norman Bay),2026-09-01T11:00:00Z,2026-09-01T21:00,41.1,313,55.8,0.9,0.94,10.45,230,2.0,1.58,0.6,108,-0.83,13.6,,unavailable (no satellite pass / dataset error),
52.6,Fair,Doable,2026-09-01T12:10:13Z,Wilsons Prom (West - Norman Bay),2026-09-01T12:00:00Z,2026-09-01T22:00,45.1,305,55.4,1.6,0.92,10.5,230,2.02,1.62,0.6,108,-0.53,13.6,,unavailable (no satellite pass / dataset error),
70.0,Good,Great,2026-09-01T12:10:13Z,Wilsons Prom (East - Sealers Cove),2026-09-01T07:00:00Z,2026-09-01T17:00,24.8,315,55.1,0.0,0.64,10.7,233,1.28,0.9,0.3,45,0.25,13.4,,unavailable (no satellite pass / dataset error),
71.3,Good,Great,2026-09-01T12:10:13Z,Wilsons Prom (East - Sealers Cove),2026-09-01T08:00:00Z,2026-09-01T18:00,23.3,318,55.1,0.0,0.62,10.75,234,1.26,0.92,0.3,45,-0.16,13.4,,unavailable (no satellite pass / dataset error),
71.3,Good,Great,2026-09-01T12:10:13Z,Wilsons Prom (East - Sealers Cove),2026-09-01T09:00:00Z,2026-09-01T19:00,23.3,313,52.9,0.0,0.62,10.75,234,1.26,0.92,0.3,45,-0.51,13.4,,unavailable (no satellite pass / dataset error),
71.3,Good,Great,2026-09-01T12:10:13Z,Wilsons Prom (East - Sealers Cove),2026-09-01T10:00:00Z,2026-09-01T20:00,23.0,309,51.1,0.0,0.6,10.6,234,1.28,0.96,0.3,45,-0.71,13.4,,unavailable (no satellite pass / dataset error),
71.6,Good,Great,2026-09-01T12:10:13Z,Wilsons Prom (East - Sealers Cove),2026-09-01T11:00:00Z,2026-09-01T21:00,21.9,298,53.3,0.4,0.58,10.3,234,1.3,1.0,0.3,45,-0.71,13.4,,unavailable (no satellite pass / dataset error),
69.9,Good,Great,2026-09-01T12:10:13Z,Wilsons Prom (East - Sealers Cove),2026-09-01T12:00:00Z,2026-09-01T22:00,23.3,303,53.3,0.2,0.56,10.05,234,1.32,1.04,0.4,27,-0.5,13.4,,unavailable (no satellite pass / dataset error),
82.9,Excellent,Doable,2026-09-01T12:10:13Z,Mallacoota,2026-09-01T07:00:00Z,2026-09-01T17:00,10.4,15,24.1,0.0,0.9,9.15,171,0.96,0.04,0.6,214,-0.38,15.3,,unavailable (no satellite pass / dataset error),
79.9,Good,Doable,2026-09-01T12:10:13Z,Mallacoota,2026-09-01T08:00:00Z,2026-09-01T18:00,13.9,314,24.1,0.0,0.88,9.2,171,0.96,0.04,0.8,207,-0.29,15.3,,unavailable (no satellite pass / dataset error),
81.2,Excellent,Doable,2026-09-01T12:10:13Z,Mallacoota,2026-09-01T09:00:00Z,2026-09-01T19:00,12.4,294,28.8,0.0,0.88,9.2,171,0.96,0.04,0.7,194,-0.11,15.3,,unavailable (no satellite pass / dataset error),
82.3,Excellent,Doable,2026-09-01T12:10:13Z,Mallacoota,2026-09-01T10:00:00Z,2026-09-01T20:00,11.2,316,23.4,0.0,0.86,9.25,171,0.94,0.04,0.7,194,0.12,15.2,,unavailable (no satellite pass / dataset error),
83.2,Excellent,Doable,2026-09-01T12:10:13Z,Mallacoota,2026-09-01T11:00:00Z,2026-09-01T21:00,10.2,336,20.9,0.0,0.86,9.25,170,0.94,0.04,0.6,198,0.32,15.2,,unavailable (no satellite pass / dataset error),
83.1,Excellent,Doable,2026-09-01T12:10:13Z,Mallacoota,2026-09-01T12:00:00Z,2026-09-01T22:00,10.6,350,19.4,0.0,0.84,9.25,170,0.92,0.04,0.6,214,0.45,15.2,,unavailable (no satellite pass / dataset error),
96.4,Excellent,,2026-09-01T12:10:13Z,Eden,2026-09-01T07:00:00Z,2026-09-01T17:00,2.5,180,13.7,0.0,,,,,,0.5,135,-0.36,17.3,,unavailable (no satellite pass / dataset error),
93.9,Excellent,,2026-09-01T12:10:13Z,Eden,2026-09-01T08:00:00Z,2026-09-01T18:00,5.4,278,7.6,0.0,,,,,,0.4,117,-0.25,17.3,,unavailable (no satellite pass / dataset error),
87.2,Excellent,,2026-09-01T12:10:13Z,Eden,2026-09-01T09:00:00Z,2026-09-01T19:00,12.4,327,23.0,0.0,,,,,,0.4,117,-0.06,17.2,,unavailable (no satellite pass / dataset error),
93.8,Excellent,,2026-09-01T12:10:13Z,Eden,2026-09-01T10:00:00Z,2026-09-01T20:00,5.2,333,22.0,0.0,,,,,,0.5,135,0.17,17.2,,unavailable (no satellite pass / dataset error),
96.5,Excellent,,2026-09-01T12:10:13Z,Eden,2026-09-01T11:00:00Z,2026-09-01T21:00,2.4,234,9.4,0.0,,,,,,0.5,135,0.38,17.1,,unavailable (no satellite pass / dataset error),
96.8,Excellent,,2026-09-01T12:10:13Z,Eden,2026-09-01T12:00:00Z,2026-09-01T22:00,2.0,297,6.5,0.0,,,,,,0.5,135,0.5,17.1,,unavailable (no satellite pass / dataset error),
87.4,Excellent,Doable,2026-09-01T12:10:13Z,Green Cape,2026-09-01T07:00:00Z,2026-09-01T17:00,1.9,248,19.4,0.0,0.82,7.5,170,1.12,0.14,0.9,143,-0.37,17.5,,unavailable (no satellite pass / dataset error),
85.6,Excellent,Doable,2026-09-01T12:10:13Z,Green Cape,2026-09-01T08:00:00Z,2026-09-01T18:00,3.8,239,8.3,0.0,0.84,7.6,169,1.14,0.12,1.0,135,-0.26,17.4,,unavailable (no satellite pass / dataset error),
78.8,Good,Doable,2026-09-01T12:10:13Z,Green Cape,2026-09-01T09:00:00Z,2026-09-01T19:00,13.0,301,21.6,0.0,0.84,7.65,168,1.14,0.12,0.9,127,-0.07,17.4,,unavailable (no satellite pass / dataset error),
82.1,Excellent,Doable,2026-09-01T12:10:13Z,Green Cape,2026-09-01T10:00:00Z,2026-09-01T20:00,8.9,310,24.1,0.0,0.84,7.65,166,1.14,0.08,0.8,135,0.16,17.3,,unavailable (no satellite pass / dataset error),
84.3,Excellent,Doable,2026-09-01T12:10:13Z,Green Cape,2026-09-01T11:00:00Z,2026-09-01T21:00,6.3,265,15.5,0.0,0.84,7.6,164,1.12,0.04,0.8,135,0.36,17.3,,unavailable (no satellite pass / dataset error),
85.1,Excellent,Doable,2026-09-01T12:10:13Z,Green Cape,2026-09-01T12:00:00Z,2026-09-01T22:00,5.2,301,12.6,0.0,0.84,7.55,162,1.12,0.0,0.8,135,0.49,17.2,,unavailable (no satellite pass / dataset error),
79.0,Good,Great,2026-09-01T12:10:13Z,Tathra,2026-09-01T07:00:00Z,2026-09-01T17:00,16.1,303,34.9,0.0,0.48,4.1,54,0.7,0.04,1.5,187,-0.36,17.7,,unavailable (no satellite pass / dataset error),
85.5,Excellent,Great,2026-09-01T12:10:13Z,Tathra,2026-09-01T08:00:00Z,2026-09-01T18:00,8.3,318,26.3,0.0,0.48,5.1,55,0.68,0.02,1.3,188,-0.25,17.6,,unavailable (no satellite pass / dataset error),
85.6,Excellent,Great,2026-09-01T12:10:13Z,Tathra,2026-09-01T09:00:00Z,2026-09-01T19:00,8.1,347,14.8,0.0,0.48,5.9,55,0.68,0.02,1.3,188,-0.06,17.6,,unavailable (no satellite pass / dataset error),
87.0,Excellent,Great,2026-09-01T12:10:13Z,Tathra,2026-09-01T10:00:00Z,2026-09-01T20:00,6.3,3,14.8,0.0,0.48,6.1,54,0.68,0.02,1.3,188,0.18,17.5,,unavailable (no satellite pass / dataset error),
88.4,Excellent,Great,2026-09-01T12:10:13Z,Tathra,2026-09-01T11:00:00Z,2026-09-01T21:00,4.6,11,11.9,0.0,0.48,6.15,54,0.66,0.02,1.3,188,0.39,17.5,,unavailable (no satellite pass / dataset error),
88.6,Excellent,Great,2026-09-01T12:10:13Z,Tathra,2026-09-01T12:00:00Z,2026-09-01T22:00,4.4,348,10.1,0.0,0.48,6.15,53,0.66,0.02,1.3,188,0.51,17.4,,unavailable (no satellite pass / dataset error),
74.3,Good,Doable,2026-09-01T12:10:13Z,Bermagui,2026-09-01T07:00:00Z,2026-09-01T17:00,18.4,312,37.1,0.0,0.94,8.15,143,1.24,0.26,0.7,180,-0.34,17.7,,unavailable (no satellite pass / dataset error),
75.5,Good,Doable,2026-09-01T12:10:13Z,Bermagui,2026-09-01T08:00:00Z,2026-09-01T18:00,16.9,329,31.3,0.0,0.92,8.5,141,1.24,0.3,0.7,180,-0.23,17.6,,unavailable (no satellite pass / dataset error),
76.7,Good,Doable,2026-09-01T12:10:13Z,Bermagui,2026-09-01T09:00:00Z,2026-09-01T19:00,15.3,339,29.9,0.0,0.92,8.75,140,1.24,0.32,0.7,180,-0.03,17.6,,unavailable (no satellite pass / dataset error),
77.7,Good,Doable,2026-09-01T12:10:13Z,Bermagui,2026-09-01T10:00:00Z,2026-09-01T20:00,14.2,352,27.7,0.0,0.92,8.85,140,1.22,0.28,0.7,194,0.21,17.5,,unavailable (no satellite pass / dataset error),
82.0,Excellent,Doable,2026-09-01T12:10:13Z,Bermagui,2026-09-01T11:00:00Z,2026-09-01T21:00,8.5,356,25.9,0.0,0.9,8.9,140,1.22,0.24,0.7,194,0.42,17.5,,unavailable (no satellite pass / dataset error),
83.7,Excellent,Doable,2026-09-01T12:10:13Z,Bermagui,2026-09-01T12:00:00Z,2026-09-01T22:00,5.9,333,14.0,0.0,0.9,8.9,140,1.2,0.2,0.9,191,0.55,17.5,,unavailable (no satellite pass / dataset error),
83.4,Excellent,Great,2026-09-01T12:10:13Z,Narooma,2026-09-01T07:00:00Z,2026-09-01T17:00,7.1,306,18.0,0.0,0.74,8.15,147,0.98,0.26,1.5,166,-0.34,17.4,,unavailable (no satellite pass / dataset error),
77.4,Good,Great,2026-09-01T12:10:13Z,Narooma,2026-09-01T08:00:00Z,2026-09-01T18:00,14.9,333,22.3,0.0,0.74,8.25,148,1.0,0.3,1.5,166,-0.22,17.4,,unavailable (no satellite pass / dataset error),
77.8,Good,Great,2026-09-01T12:10:13Z,Narooma,2026-09-01T09:00:00Z,2026-09-01T19:00,14.9,335,28.8,0.0,0.72,8.35,148,1.0,0.36,1.3,164,-0.02,17.3,,unavailable (no satellite pass / dataset error),
81.4,Excellent,Great,2026-09-01T12:10:13Z,Narooma,2026-09-01T10:00:00Z,2026-09-01T20:00,10.4,349,26.3,0.0,0.72,8.6,149,0.98,0.26,1.3,164,0.22,17.3,,unavailable (no satellite pass / dataset error),
84.5,Excellent,Great,2026-09-01T12:10:13Z,Narooma,2026-09-01T11:00:00Z,2026-09-01T21:00,6.4,50,18.7,0.0,0.72,8.9,150,0.96,0.18,1.3,172,0.44,17.3,,unavailable (no satellite pass / dataset error),
86.1,Excellent,Great,2026-09-01T12:10:13Z,Narooma,2026-09-01T12:00:00Z,2026-09-01T22:00,4.1,337,10.1,0.0,0.72,9.15,151,0.94,0.08,1.3,172,0.56,17.2,,unavailable (no satellite pass / dataset error),
79.9,Good,Doable,2026-09-01T12:10:13Z,Batemans Bay (Inside),2026-09-01T07:00:00Z,2026-09-01T17:00,13.0,322,35.6,0.0,0.82,9.0,152,1.02,0.32,0.9,191,-0.34,17.4,,unavailable (no satellite pass / dataset error),
81.7,Excellent,Doable,2026-09-01T12:10:13Z,Batemans Bay (Inside),2026-09-01T08:00:00Z,2026-09-01T18:00,10.5,348,26.3,0.0,0.82,9.0,152,1.0,0.28,1.0,202,-0.23,17.4,,unavailable (no satellite pass / dataset error),
81.7,Excellent,Doable,2026-09-01T12:10:13Z,Batemans Bay (Inside),2026-09-01T09:00:00Z,2026-09-01T19:00,10.7,354,20.9,0.0,0.82,9.0,152,0.98,0.26,1.0,202,-0.02,17.4,,unavailable (no satellite pass / dataset error),
84.3,Excellent,Great,2026-09-01T12:10:13Z,Batemans Bay (Inside),2026-09-01T10:00:00Z,2026-09-01T20:00,7.3,349,19.1,0.0,0.8,9.15,155,0.98,0.24,1.0,202,0.23,17.3,,unavailable (no satellite pass / dataset error),
82.0,Excellent,Great,2026-09-01T12:10:13Z,Batemans Bay (Inside),2026-09-01T11:00:00Z,2026-09-01T21:00,10.6,4,25.6,0.0,0.78,9.4,159,0.96,0.22,1.0,202,0.45,17.3,,unavailable (no satellite pass / dataset error),
78.7,Good,Great,2026-09-01T12:10:13Z,Batemans Bay (Inside),2026-09-01T12:00:00Z,2026-09-01T22:00,14.9,301,30.2,0.0,0.76,9.5,162,0.96,0.2,1.0,202,0.57,17.3,,unavailable (no satellite pass / dataset error),
79.4,Good,Doable,2026-09-01T12:10:13Z,Batemans Bay (Outside),2026-09-01T07:00:00Z,2026-09-01T17:00,13.0,322,35.6,0.0,0.88,8.55,146,1.08,0.38,0.9,191,-0.34,17.4,,unavailable (no satellite pass / dataset error),
81.2,Excellent,Doable,2026-09-01T12:10:13Z,Batemans Bay (Outside),2026-09-01T08:00:00Z,2026-09-01T18:00,10.5,348,26.3,0.0,0.88,8.8,146,1.06,0.36,1.0,202,-0.23,17.4,,unavailable (no satellite pass / dataset error),
81.2,Excellent,Doable,2026-09-01T12:10:13Z,Batemans Bay (Outside),2026-09-01T09:00:00Z,2026-09-01T19:00,10.7,354,20.9,0.0,0.86,8.95,146,1.04,0.32,1.0,202,-0.02,17.4,,unavailable (no satellite pass / dataset error),
83.8,Excellent,Doable,2026-09-01T12:10:13Z,Batemans Bay (Outside),2026-09-01T10:00:00Z,2026-09-01T20:00,7.3,349,19.1,0.0,0.86,9.0,146,1.04,0.28,1.0,202,0.23,17.3,,unavailable (no satellite pass / dataset error),
81.5,Excellent,Doable,2026-09-01T12:10:13Z,Batemans Bay (Outside),2026-09-01T11:00:00Z,2026-09-01T21:00,10.6,4,25.6,0.0,0.88,9.0,147,1.02,0.26,1.0,202,0.45,17.3,,unavailable (no satellite pass / dataset error),
78.2,Good,Doable,2026-09-01T12:10:13Z,Batemans Bay (Outside),2026-09-01T12:00:00Z,2026-09-01T22:00,14.9,301,30.2,0.0,0.88,9.0,147,1.02,0.22,1.0,202,0.57,17.3,,unavailable (no satellite pass / dataset error),
87.2,Excellent,Great,2026-09-01T12:10:13Z,Ulladulla,2026-09-01T07:00:00Z,2026-09-01T17:00,6.7,329,21.6,0.0,0.68,8.7,148,0.8,0.12,0.5,180,-0.34,17.6,,unavailable (no satellite pass / dataset error),
89.0,Excellent,Great,2026-09-01T12:10:13Z,Ulladulla,2026-09-01T08:00:00Z,2026-09-01T18:00,4.3,15,13.3,0.0,0.68,8.8,148,0.8,0.08,0.5,180,-0.22,17.6,,unavailable (no satellite pass / dataset error),
89.3,Excellent,Great,2026-09-01T12:10:13Z,Ulladulla,2026-09-01T09:00:00Z,2026-09-01T19:00,3.9,56,8.3,0.0,0.66,8.9,148,0.78,0.02,0.6,198,-0.01,17.5,,unavailable (no satellite pass / dataset error),
88.3,Excellent,Great,2026-09-01T12:10:13Z,Ulladulla,2026-09-01T10:00:00Z,2026-09-01T20:00,5.2,41,12.2,0.0,0.66,9.0,148,0.78,0.04,0.6,214,0.24,17.5,,unavailable (no satellite pass / dataset error),
88.4,Excellent,Great,2026-09-01T12:10:13Z,Ulladulla,2026-09-01T11:00:00Z,2026-09-01T21:00,5.4,40,11.9,0.0,0.66,9.1,149,0.76,0.04,0.6,214,0.45,17.4,,unavailable (no satellite pass / dataset error),
83.8,Excellent,Great,2026-09-01T12:10:13Z,Ulladulla,2026-09-01T12:00:00Z,2026-09-01T22:00,10.9,303,17.3,0.0,0.66,9.15,149,0.76,0.06,0.8,207,0.58,17.4,,unavailable (no satellite pass / dataset error),
83.4,Excellent,Great,2026-09-01T12:10:13Z,Jervis Bay (Inside),2026-09-01T07:00:00Z,2026-09-01T17:00,11.0,325,32.4,0.0,0.58,7.9,158,0.82,0.16,0.7,194,-0.34,17.8,,unavailable (no satellite pass / dataset error),
84.0,Excellent,Great,2026-09-01T12:10:13Z,Jervis Bay (Inside),2026-09-01T08:00:00Z,2026-09-01T18:00,10.2,309,23.8,0.0,0.6,8.05,158,0.82,0.1,0.7,194,-0.21,17.7,,unavailable (no satellite pass / dataset error),
85.2,Excellent,Great,2026-09-01T12:10:13Z,Jervis Bay (Inside),2026-09-01T09:00:00Z,2026-09-01T19:00,9.1,324,15.1,0.0,0.62,8.25,158,0.8,0.06,0.6,198,0.01,17.7,,unavailable (no satellite pass / dataset error),
84.9,Excellent,Great,2026-09-01T12:10:13Z,Jervis Bay (Inside),2026-09-01T10:00:00Z,2026-09-01T20:00,9.6,340,14.0,0.0,0.62,8.45,158,0.8,0.1,0.6,198,0.25,17.7,,unavailable (no satellite pass / dataset error),
82.7,Excellent,Great,2026-09-01T12:10:13Z,Jervis Bay (Inside),2026-09-01T11:00:00Z,2026-09-01T21:00,12.5,353,21.6,0.0,0.64,8.65,159,0.8,0.14,0.6,198,0.47,17.6,,unavailable (no satellite pass / dataset error),
82.0,Excellent,Great,2026-09-01T12:10:13Z,Jervis Bay (Inside),2026-09-01T12:00:00Z,2026-09-01T22:00,12.9,348,23.0,0.0,0.64,8.8,159,0.8,0.18,0.8,207,0.59,17.6,,unavailable (no satellite pass / dataset error),
76.5,Good,Doable,2026-09-01T12:10:13Z,Jervis Bay (Outside - Point Perpendicular),2026-09-01T07:00:00Z,2026-09-01T17:00,17.6,334,24.8,0.0,0.86,8.7,159,1.06,0.22,0.7,180,-0.33,17.8,,unavailable (no satellite pass / dataset error),
78.4,Good,Doable,2026-09-01T12:10:13Z,Jervis Bay (Outside - Point Perpendicular),2026-09-01T08:00:00Z,2026-09-01T18:00,15.5,317,24.1,0.0,0.86,8.75,159,1.04,0.18,0.6,198,-0.21,17.7,,unavailable (no satellite pass / dataset error),
78.3,Good,Doable,2026-09-01T12:10:13Z,Jervis Bay (Outside - Point Perpendicular),2026-09-01T09:00:00Z,2026-09-01T19:00,15.7,330,21.6,0.0,0.84,8.85,158,1.04,0.12,0.6,198,0.01,17.7,,unavailable (no satellite pass / dataset error),
73.2,Good,Doable,2026-09-01T12:10:13Z,Jervis Bay (Outside - Point Perpendicular),2026-09-01T10:00:00Z,2026-09-01T20:00,21.9,342,25.9,0.0,0.86,9.05,159,1.04,0.16,0.8,207,0.25,17.7,,unavailable (no satellite pass / dataset error),
72.2,Good,Doable,2026-09-01T12:10:13Z,Jervis Bay (Outside - Point Perpendicular),2026-09-01T11:00:00Z,2026-09-01T21:00,22.9,352,28.8,0.0,0.88,9.35,160,1.02,0.2,1.0,202,0.47,17.6,,unavailable (no satellite pass / dataset error),
73.9,Good,Doable,2026-09-01T12:10:13Z,Jervis Bay (Outside - Point Perpendicular),2026-09-01T12:00:00Z,2026-09-01T22:00,20.7,3,28.8,0.0,0.9,9.55,161,1.02,0.24,1.0,211,0.59,17.6,,unavailable (no satellite pass / dataset error),
90.0,Excellent,Great,2026-09-01T12:10:13Z,Shellharbour,2026-09-01T07:00:00Z,2026-09-01T17:00,2.8,320,8.3,0.0,0.62,8.1,148,0.82,0.12,0.5,180,-0.34,18.1,,unavailable (no satellite pass / dataset error),
86.7,Excellent,Great,2026-09-01T12:10:13Z,Shellharbour,2026-09-01T08:00:00Z,2026-09-01T18:00,7.2,283,14.4,0.0,0.62,8.15,147,0.82,0.08,0.5,180,-0.2,18.0,,unavailable (no satellite pass / dataset error),
85.5,Excellent,Great,2026-09-01T12:10:13Z,Shellharbour,2026-09-01T09:00:00Z,2026-09-01T19:00,9.0,293,15.5,0.0,0.6,8.2,147,0.82,0.02,0.4,153,0.02,18.0,,unavailable (no satellite pass / dataset error),
87.3,Excellent,Great,2026-09-01T12:10:13Z,Shellharbour,2026-09-01T10:00:00Z,2026-09-01T20:00,6.9,323,15.5,0.0,0.58,8.15,146,0.8,0.04,0.4,153,0.27,18.0,,unavailable (no satellite pass / dataset error),
88.6,Excellent,Great,2026-09-01T12:10:13Z,Shellharbour,2026-09-01T11:00:00Z,2026-09-01T21:00,5.6,358,13.0,0.0,0.54,8.1,144,0.78,0.06,0.3,135,0.49,17.9,,unavailable (no satellite pass / dataset error),
88.7,Excellent,Great,2026-09-01T12:10:13Z,Shellharbour,2026-09-01T12:00:00Z,2026-09-01T22:00,5.7,24,12.6,0.0,0.52,8.05,143,0.76,0.08,0.3,135,0.62,17.9,,unavailable (no satellite pass / dataset error),
80.3,Excellent,Great,2026-09-01T12:10:13Z,Terrigal,2026-09-01T07:00:00Z,2026-09-01T17:00,14.8,301,37.1,0.0,0.8,8.8,159,0.92,0.18,0.4,153,-0.35,18.5,,unavailable (no satellite pass / dataset error),
80.3,Excellent,Great,2026-09-01T12:10:13Z,Terrigal,2026-09-01T08:00:00Z,2026-09-01T18:00,14.8,304,31.3,0.0,0.78,8.8,159,0.92,0.2,0.4,153,-0.21,18.5,,unavailable (no satellite pass / dataset error),
81.8,Excellent,Great,2026-09-01T12:10:13Z,Terrigal,2026-09-01T09:00:00Z,2026-09-01T19:00,12.9,311,26.3,0.0,0.78,8.8,159,0.92,0.24,0.4,153,0.02,18.4,,unavailable (no satellite pass / dataset error),
81.9,Excellent,Great,2026-09-01T12:10:13Z,Terrigal,2026-09-01T10:00:00Z,2026-09-01T20:00,13.2,310,27.7,0.0,0.76,8.8,159,0.9,0.22,0.3,135,0.28,18.3,,unavailable (no satellite pass / dataset error),
82.1,Excellent,Great,2026-09-01T12:10:13Z,Terrigal,2026-09-01T11:00:00Z,2026-09-01T21:00,13.0,316,26.3,0.0,0.74,8.85,159,0.9,0.2,0.3,135,0.5,18.2,,unavailable (no satellite pass / dataset error),
81.8,Excellent,Great,2026-09-01T12:10:13Z,Terrigal,2026-09-01T12:00:00Z,2026-09-01T22:00,13.6,330,24.1,0.0,0.72,8.9,159,0.88,0.18,0.3,135,0.62,18.2,,unavailable (no satellite pass / dataset error),
80.5,Excellent,Bit dodgy,2026-09-01T12:10:13Z,Fingal Bay,2026-09-01T07:00:00Z,2026-09-01T17:00,9.0,285,28.4,0.0,1.22,9.0,165,1.3,0.16,0.9,233,-0.36,19.4,,unavailable (no satellite pass / dataset error),
79.6,Good,Doable,2026-09-01T12:10:13Z,Fingal Bay,2026-09-01T08:00:00Z,2026-09-01T18:00,9.9,316,18.0,0.0,1.18,9.0,165,1.3,0.18,1.0,225,-0.21,19.4,,unavailable (no satellite pass / dataset error),
78.2,Good,Doable,2026-09-01T12:10:13Z,Fingal Bay,2026-09-01T09:00:00Z,2026-09-01T19:00,12.1,339,23.0,0.0,1.16,9.05,165,1.3,0.22,0.9,217,0.03,19.4,,unavailable (no satellite pass / dataset error),
79.9,Good,Doable,2026-09-01T12:10:13Z,Fingal Bay,2026-09-01T10:00:00Z,2026-09-01T20:00,10.1,344,22.0,0.0,1.14,9.1,165,1.28,0.2,0.9,217,0.3,19.3,,unavailable (no satellite pass / dataset error),
79.7,Good,Doable,2026-09-01T12:10:13Z,Fingal Bay,2026-09-01T11:00:00Z,2026-09-01T21:00,10.5,341,18.4,0.0,1.14,9.1,164,1.28,0.2,0.8,207,0.52,19.3,,unavailable (no satellite pass / dataset error),
78.6,Good,Doable,2026-09-01T12:10:13Z,Fingal Bay,2026-09-01T12:00:00Z,2026-09-01T22:00,11.7,322,18.4,0.0,1.12,9.15,164,1.26,0.18,0.8,207,0.63,19.2,,unavailable (no satellite pass / dataset error),
86.4,Excellent,Doable,2026-09-01T12:10:13Z,Broughton Island,2026-09-01T07:00:00Z,2026-09-01T17:00,4.6,11,13.3,0.0,0.9,9.35,164,1.02,0.12,0.8,207,-0.37,19.0,,unavailable (no satellite pass / dataset error),
84.0,Excellent,Doable,2026-09-01T12:10:13Z,Broughton Island,2026-09-01T08:00:00Z,2026-09-01T18:00,7.0,1,10.1,0.0,0.9,9.35,164,1.04,0.14,1.0,202,-0.21,19.0,,unavailable (no satellite pass / dataset error),
80.2,Excellent,Doable,2026-09-01T12:10:13Z,Broughton Island,2026-09-01T09:00:00Z,2026-09-01T19:00,12.1,3,20.5,0.0,0.88,9.4,164,1.04,0.14,1.0,202,0.03,18.9,,unavailable (no satellite pass / dataset error),
79.5,Good,Doable,2026-09-01T12:10:13Z,Broughton Island,2026-09-01T10:00:00Z,2026-09-01T20:00,13.2,2,22.3,0.0,0.86,9.45,164,1.02,0.12,1.0,202,0.29,18.9,,unavailable (no satellite pass / dataset error),
80.3,Excellent,Doable,2026-09-01T12:10:13Z,Broughton Island,2026-09-01T11:00:00Z,2026-09-01T21:00,12.6,356,22.3,0.0,0.86,9.45,163,1.0,0.1,0.9,191,0.51,18.9,,unavailable (no satellite pass / dataset error),
80.6,Excellent,Doable,2026-09-01T12:10:13Z,Broughton Island,2026-09-01T12:00:00Z,2026-09-01T22:00,13.0,336,22.3,0.0,0.84,9.5,163,0.98,0.08,0.7,194,0.63,18.8,,unavailable (no satellite pass / dataset error),
70.9,Good,Bit dodgy,2026-09-01T12:10:13Z,Seal Rocks,2026-09-01T07:00:00Z,2026-09-01T17:00,19.9,30,41.4,0.0,1.28,9.05,169,1.52,0.66,0.7,194,-0.36,19.2,,unavailable (no satellite pass / dataset error),
73.1,Good,Bit dodgy,2026-09-01T12:10:13Z,Seal Rocks,2026-09-01T08:00:00Z,2026-09-01T18:00,17.2,27,36.0,0.0,1.26,9.05,169,1.5,0.64,0.7,194,-0.21,19.2,,unavailable (no satellite pass / dataset error),
72.6,Good,Bit dodgy,2026-09-01T12:10:13Z,Seal Rocks,2026-09-01T09:00:00Z,2026-09-01T19:00,17.8,18,32.8,0.0,1.24,9.1,169,1.5,0.6,0.7,194,0.03,19.2,,unavailable (no satellite pass / dataset error),
73.3,Good,Bit dodgy,2026-09-01T12:10:13Z,Seal Rocks,2026-09-01T10:00:00Z,2026-09-01T20:00,16.6,6,33.8,0.0,1.22,9.15,169,1.48,0.54,0.9,191,0.29,19.2,,unavailable (no satellite pass / dataset error),
74.3,Good,Doable,2026-09-01T12:10:13Z,Seal Rocks,2026-09-01T11:00:00Z,2026-09-01T21:00,15.4,353,32.8,0.0,1.2,9.15,168,1.46,0.48,0.9,191,0.51,19.1,,unavailable (no satellite pass / dataset error),
74.4,Good,Doable,2026-09-01T12:10:13Z,Seal Rocks,2026-09-01T12:00:00Z,2026-09-01T22:00,15.5,340,28.8,0.0,1.18,9.2,168,1.44,0.42,0.9,191,0.63,19.1,,unavailable (no satellite pass / dataset error),
84.4,Excellent,Great,2026-09-01T12:10:13Z,Forster,2026-09-01T07:00:00Z,2026-09-01T17:00,8.7,43,21.6,0.0,0.72,7.5,124,0.98,0.46,0.4,180,-0.36,19.5,,unavailable (no satellite pass / dataset error),
82.9,Excellent,Great,2026-09-01T12:10:13Z,Forster,2026-09-01T08:00:00Z,2026-09-01T18:00,10.7,36,19.1,0.0,0.7,6.55,94,0.98,0.38,0.4,180,-0.2,19.5,,unavailable (no satellite pass / dataset error),
82.9,Excellent,Great,2026-09-01T12:10:13Z,Forster,2026-09-01T09:00:00Z,2026-09-01T19:00,10.5,13,18.7,0.0,0.7,5.8,65,0.98,0.3,0.5,180,0.04,19.5,,unavailable (no satellite pass / dataset error),
82.7,Excellent,Great,2026-09-01T12:10:13Z,Forster,2026-09-01T10:00:00Z,2026-09-01T20:00,11.0,350,18.0,0.0,0.7,5.5,64,0.96,0.24,0.5,180,0.31,19.5,,unavailable (no satellite pass / dataset error),
82.5,Excellent,Great,2026-09-01T12:10:13Z,Forster,2026-09-01T11:00:00Z,2026-09-01T21:00,11.2,350,18.4,0.0,0.68,5.4,64,0.96,0.2,0.5,180,0.52,19.4,,unavailable (no satellite pass / dataset error),
82.6,Excellent,Great,2026-09-01T12:10:13Z,Forster,2026-09-01T12:00:00Z,2026-09-01T22:00,11.3,342,19.4,0.0,0.68,5.4,63,0.94,0.14,0.5,180,0.63,19.4,,unavailable (no satellite pass / dataset error),
68.1,Good,Bit dodgy,2026-09-01T12:10:13Z,South West Rocks,2026-09-01T07:00:00Z,2026-09-01T17:00,21.4,28,45.7,0.0,1.22,8.9,159,1.5,0.78,1.6,180,-0.33,20.5,,unavailable (no satellite pass / dataset error),
67.8,Good,Doable,2026-09-01T12:10:13Z,South West Rocks,2026-09-01T08:00:00Z,2026-09-01T18:00,21.6,20,45.0,0.0,1.18,8.95,159,1.52,0.86,1.6,174,-0.16,20.4,,unavailable (no satellite pass / dataset error),
67.2,Good,Doable,2026-09-01T12:10:13Z,South West Rocks,2026-09-01T09:00:00Z,2026-09-01T19:00,22.2,15,46.8,0.0,1.16,8.95,159,1.56,0.92,1.5,173,0.09,20.4,,unavailable (no satellite pass / dataset error),
68.4,Good,Doable,2026-09-01T12:10:13Z,South West Rocks,2026-09-01T10:00:00Z,2026-09-01T20:00,20.8,12,45.7,0.0,1.14,9.0,159,1.54,0.88,1.5,173,0.36,20.4,,unavailable (no satellite pass / dataset error),
70.6,Good,Doable,2026-09-01T12:10:13Z,South West Rocks,2026-09-01T11:00:00Z,2026-09-01T21:00,17.9,10,42.5,0.0,1.12,9.0,159,1.54,0.86,1.5,173,0.57,20.4,,unavailable (no satellite pass / dataset error),
74.8,Good,Doable,2026-09-01T12:10:13Z,South West Rocks,2026-09-01T12:00:00Z,2026-09-01T22:00,12.6,360,36.0,0.0,1.1,9.05,159,1.52,0.82,1.5,173,0.67,20.4,,unavailable (no satellite pass / dataset error),
87.7,Excellent,Amazing,2026-09-01T18:09:13Z,Williamstown,2026-09-01T13:00:00Z,2026-09-01T23:00,12.3,329,24.1,0.0,0.12,8.6,211,0.26,0.18,0.0,90,-0.01,13.5,,unavailable (no satellite pass / dataset error),
86.8,Excellent,Amazing,2026-09-01T18:09:13Z,Williamstown,2026-09-01T14:00:00Z,2026-09-02T00:00,13.2,320,16.6,0.0,0.1,8.3,212,0.24,0.14,0.2,0,0.2,13.5,,unavailable (no satellite pass / dataset error),
87.5,Excellent,Amazing,2026-09-01T18:09:13Z,Williamstown,2026-09-01T15:00:00Z,2026-09-02T01:00,12.7,306,16.2,0.0,0.1,8.15,212,0.2,0.08,0.2,0,0.37,13.5,,unavailable (no satellite pass / dataset error),
88.4,Excellent,Amazing,2026-09-01T18:09:13Z,Williamstown,2026-09-01T16:00:00Z,2026-09-02T02:00,12.1,302,15.5,0.0,0.1,8.25,212,0.2,0.08,0.0,90,0.44,13.5,,unavailable (no satellite pass / dataset error),
90.0,Excellent,Amazing,2026-09-01T18:09:13Z,Williamstown,2026-09-01T17:00:00Z,2026-09-02T03:00,9.6,286,14.8,0.0,0.1,8.5,213,0.18,0.08,0.2,90,0.45,13.5,,unavailable (no satellite pass / dataset error),
87.3,Excellent,Amazing,2026-09-01T18:09:13Z,Williamstown,2026-09-01T18:00:00Z,2026-09-02T04:00,12.7,245,15.5,0.4,0.1,8.7,213,0.18,0.08,0.2,90,0.38,13.5,,unavailable (no satellite pass / dataset error),
52.8,Fair,Getting rough,2026-09-01T18:09:13Z,Robe,2026-09-01T13:00:00Z,2026-09-01T23:00,17.5,229,28.4,0.0,2.02,11.3,229,2.54,0.68,0.2,90,0.09,14.5,,unavailable (no satellite pass / dataset error),
54.1,Fair,Getting rough,2026-09-01T18:09:13Z,Robe,2026-09-01T14:00:00Z,2026-09-02T00:00,16.2,229,28.4,0.0,2.04,11.2,229,2.54,0.64,0.0,90,0.25,14.4,,unavailable (no satellite pass / dataset error),
54.3,Fair,Getting rough,2026-09-01T18:09:13Z,Robe,2026-09-01T15:00:00Z,2026-09-02T01:00,16.0,229,25.9,0.0,2.04,11.1,230,2.52,0.62,0.0,90,0.38,14.4,,unavailable (no satellite pass / dataset error),
56.0,Fair,Getting rough,2026-09-01T18:09:13Z,Robe,2026-09-01T16:00:00Z,2026-09-02T02:00,13.2,236,25.9,0.0,2.08,11.05,231,2.52,0.64,0.2,180,0.46,14.4,,unavailable (no satellite pass / dataset error),
55.1,Fair,Getting rough,2026-09-01T18:09:13Z,Robe,2026-09-01T17:00:00Z,2026-09-02T03:00,13.9,250,22.3,0.0,2.1,10.95,231,2.54,0.66,0.4,180,0.46,14.4,,unavailable (no satellite pass / dataset error),
52.9,Fair,Getting rough,2026-09-01T18:09:13Z,Robe,2026-09-01T18:00:00Z,2026-09-02T04:00,16.5,254,27.0,0.0,2.14,10.8,232,2.54,0.68,0.5,180,0.39,14.4,,unavailable (no satellite pass / dataset error),
58.8,Fair,Getting rough,2026-09-01T18:09:13Z,Port MacDonnell,2026-09-01T13:00:00Z,2026-09-01T23:00,16.9,242,28.4,0.0,2.18,11.15,231,2.68,0.7,0.4,90,0.1,15.0,,unavailable (no satellite pass / dataset error),
59.6,Fair,Getting rough,2026-09-01T18:09:13Z,Port MacDonnell,2026-09-01T14:00:00Z,2026-09-02T00:00,15.8,238,28.4,0.0,2.26,10.65,231,2.68,0.62,0.4,90,0.26,15.0,,unavailable (no satellite pass / dataset error),
61.5,Good,Getting rough,2026-09-01T18:09:13Z,Port MacDonnell,2026-09-01T15:00:00Z,2026-09-02T01:00,13.3,247,26.6,0.0,2.34,10.2,231,2.66,0.56,0.4,117,0.39,15.0,,unavailable (no satellite pass / dataset error),
63.9,Good,Getting rough,2026-09-01T18:09:13Z,Port MacDonnell,2026-09-01T16:00:00Z,2026-09-02T02:00,10.1,274,22.0,0.0,2.42,9.9,233,2.68,0.64,0.4,117,0.45,15.0,,unavailable (no satellite pass / dataset error),
63.9,Good,Getting rough,2026-09-01T18:09:13Z,Port MacDonnell,2026-09-01T17:00:00Z,2026-09-02T03:00,9.5,302,16.2,0.0,2.5,9.7,234,2.68,0.72,0.4,117,0.45,14.9,,unavailable (no satellite pass / dataset error),
61.5,Good,Getting rough,2026-09-01T18:09:13Z,Port MacDonnell,2026-09-01T18:00:00Z,2026-09-02T04:00,12.2,287,19.4,0.0,2.58,9.6,236,2.7,0.8,0.6,108,0.38,14.9,,unavailable (no satellite pass / dataset error),
54.1,Fair,Getting rough,2026-09-01T18:09:13Z,Cape Bridgewater,2026-09-01T13:00:00Z,2026-09-01T23:00,20.4,248,35.3,0.0,1.9,10.65,228,2.34,0.78,0.9,90,0.1,15.0,,unavailable (no satellite pass / dataset error),
53.9,Fair,Getting rough,2026-09-01T18:09:13Z,Cape Bridgewater,2026-09-01T14:00:00Z,2026-09-02T00:00,20.4,243,35.6,0.0,2.0,10.05,229,2.36,0.8,0.9,90,0.26,15.0,,unavailable (no satellite pass / dataset error),
55.8,Fair,Getting rough,2026-09-01T18:09:13Z,Cape Bridgewater,2026-09-01T15:00:00Z,2026-09-02T01:00,17.8,247,35.3,0.0,2.1,9.6,231,2.36,0.8,0.9,90,0.38,15.0,,unavailable (no satellite pass / dataset error),
56.6,Fair,Getting rough,2026-09-01T18:09:13Z,Cape Bridgewater,2026-09-01T16:00:00Z,2026-09-02T02:00,16.5,257,31.0,0.0,2.14,9.4,231,2.38,0.82,0.9,90,0.44,15.0,,unavailable (no satellite pass / dataset error),
57.2,Fair,Getting rough,2026-09-01T18:09:13Z,Cape Bridgewater,2026-09-01T17:00:00Z,2026-09-02T03:00,15.8,271,28.4,0.0,2.2,9.25,232,2.38,0.84,0.9,101,0.44,15.0,,unavailable (no satellite pass / dataset error),
54.7,Fair,Getting rough,2026-09-01T18:09:13Z,Cape Bridgewater,2026-09-01T18:00:00Z,2026-09-02T04:00,18.4,274,31.3,0.0,2.24,9.25,232,2.4,0.86,1.1,99,0.37,15.0,,unavailable (no satellite pass / dataset error),
57.6,Fair,Getting rough,2026-09-01T18:09:13Z,Portland Bay,2026-09-01T13:00:00Z,2026-09-01T23:00,14.6,251,25.6,0.0,1.66,10.7,226,2.04,0.68,1.0,59,0.11,14.9,,unavailable (no satellite pass / dataset error),
56.3,Fair,Getting rough,2026-09-01T18:09:13Z,Portland Bay,2026-09-01T14:00:00Z,2026-09-02T00:00,16.0,245,27.7,0.0,1.7,10.55,226,2.06,0.76,1.0,59,0.27,14.9,,unavailable (no satellite pass / dataset error),
57.3,Fair,Getting rough,2026-09-01T18:09:13Z,Portland Bay,2026-09-01T15:00:00Z,2026-09-02T01:00,14.7,247,28.4,0.0,1.72,10.4,226,2.06,0.82,1.0,68,0.39,14.9,,unavailable (no satellite pass / dataset error),
59.0,Fair,Getting rough,2026-09-01T18:09:13Z,Portland Bay,2026-09-01T16:00:00Z,2026-09-02T02:00,12.4,257,25.6,0.0,1.74,10.3,226,2.06,0.78,1.0,68,0.45,14.9,,unavailable (no satellite pass / dataset error),
60.8,Good,Getting rough,2026-09-01T18:09:13Z,Portland Bay,2026-09-01T17:00:00Z,2026-09-02T03:00,10.1,281,20.9,0.0,1.78,10.25,227,2.08,0.72,0.9,79,0.44,14.9,,unavailable (no satellite pass / dataset error),
61.1,Good,Getting rough,2026-09-01T18:09:13Z,Portland Bay,2026-09-01T18:00:00Z,2026-09-02T04:00,9.7,310,16.9,0.0,1.8,10.2,227,2.08,0.68,0.9,79,0.37,14.9,,unavailable (no satellite pass / dataset error),
55.6,Fair,Getting rough,2026-09-01T18:09:13Z,Bay of Islands,2026-09-01T13:00:00Z,2026-09-01T23:00,19.2,251,37.8,0.1,1.62,10.3,230,2.5,0.66,1.3,98,0.13,14.3,,unavailable (no satellite pass / dataset error),
55.5,Fair,Getting rough,2026-09-01T18:09:13Z,Bay of Islands,2026-09-01T14:00:00Z,2026-09-02T00:00,20.0,249,32.4,0.1,1.72,9.95,231,2.48,0.86,1.1,90,0.3,14.3,,unavailable (no satellite pass / dataset error),
53.6,Fair,Getting rough,2026-09-01T18:09:13Z,Bay of Islands,2026-09-01T15:00:00Z,2026-09-02T01:00,22.9,250,37.8,0.1,1.8,9.6,232,2.48,1.04,0.9,90,0.42,14.3,,unavailable (no satellite pass / dataset error),
54.0,Fair,Getting rough,2026-09-01T18:09:13Z,Bay of Islands,2026-09-01T16:00:00Z,2026-09-02T02:00,22.1,251,37.4,0.0,1.86,9.1,233,2.5,1.08,0.9,90,0.48,14.3,,unavailable (no satellite pass / dataset error),
55.8,Fair,Getting rough,2026-09-01T18:09:13Z,Bay of Islands,2026-09-01T17:00:00Z,2026-09-02T03:00,20.3,257,36.0,0.0,1.9,8.6,233,2.54,1.12,0.7,90,0.46,14.3,,unavailable (no satellite pass / dataset error),
56.2,Fair,Getting rough,2026-09-01T18:09:13Z,Bay of Islands,2026-09-01T18:00:00Z,2026-09-02T04:00,19.7,265,33.5,0.0,1.96,8.25,234,2.56,1.16,0.7,90,0.36,14.3,,unavailable (no satellite pass / dataset error),
54.0,Fair,Getting rough,2026-09-01T18:09:13Z,Cape Otway Lightstation,2026-09-01T13:00:00Z,2026-09-01T23:00,17.4,254,51.8,0.6,2.14,11.45,232,2.84,1.06,2.9,90,0.17,14.2,,unavailable (no satellite pass / dataset error),
54.5,Fair,Getting rough,2026-09-01T18:09:13Z,Cape Otway Lightstation,2026-09-01T14:00:00Z,2026-09-02T00:00,16.9,262,36.7,0.3,2.24,11.0,233,2.82,1.1,2.7,86,0.42,14.2,,unavailable (no satellite pass / dataset error),
54.2,Fair,Getting rough,2026-09-01T18:09:13Z,Cape Otway Lightstation,2026-09-01T15:00:00Z,2026-09-02T01:00,18.2,261,36.7,0.3,2.34,10.65,234,2.82,1.14,2.2,81,0.61,14.2,,unavailable (no satellite pass / dataset error),
55.2,Fair,Getting rough,2026-09-01T18:09:13Z,Cape Otway Lightstation,2026-09-01T16:00:00Z,2026-09-02T02:00,18.8,266,38.2,0.1,2.38,10.5,234,2.84,1.28,1.4,67,0.69,14.2,,unavailable (no satellite pass / dataset error),
57.1,Fair,Getting rough,2026-09-01T18:09:13Z,Cape Otway Lightstation,2026-09-01T17:00:00Z,2026-09-02T03:00,18.4,269,37.8,0.0,2.4,10.4,233,2.88,1.42,0.6,18,0.63,14.2,,unavailable (no satellite pass / dataset error),
57.1,Fair,Getting rough,2026-09-01T18:09:13Z,Cape Otway Lightstation,2026-09-01T18:00:00Z,2026-09-02T04:00,17.8,273,37.1,0.0,2.44,10.3,233,2.9,1.56,0.8,315,0.44,14.2,,unavailable (no satellite pass / dataset error),
55.8,Fair,Getting rough,2026-09-01T18:09:13Z,Apollo Bay,2026-09-01T13:00:00Z,2026-09-01T23:00,19.3,254,49.3,0.5,2.12,11.5,234,2.8,1.28,1.8,53,0.16,14.2,,unavailable (no satellite pass / dataset error),
56.7,Fair,Getting rough,2026-09-01T18:09:13Z,Apollo Bay,2026-09-01T14:00:00Z,2026-09-02T00:00,18.5,257,38.2,0.3,2.24,11.05,234,2.8,1.2,1.5,54,0.45,14.2,,unavailable (no satellite pass / dataset error),
56.7,Fair,Getting rough,2026-09-01T18:09:13Z,Apollo Bay,2026-09-01T15:00:00Z,2026-09-02T01:00,19.0,257,36.4,0.2,2.34,10.7,235,2.8,1.1,1.2,51,0.7,14.2,,unavailable (no satellite pass / dataset error),
57.5,Fair,Getting rough,2026-09-01T18:09:13Z,Apollo Bay,2026-09-01T16:00:00Z,2026-09-02T02:00,19.4,260,37.4,0.1,2.36,10.6,234,2.82,1.26,0.5,45,0.82,14.1,,unavailable (no satellite pass / dataset error),
58.0,Fair,Getting rough,2026-09-01T18:09:13Z,Apollo Bay,2026-09-01T17:00:00Z,2026-09-02T03:00,19.3,265,37.8,0.0,2.36,10.55,234,2.86,1.42,0.3,225,0.75,14.1,,unavailable (no satellite pass / dataset error),
57.6,Fair,Getting rough,2026-09-01T18:09:13Z,Apollo Bay,2026-09-01T18:00:00Z,2026-09-02T04:00,18.2,269,37.1,0.0,2.38,10.5,233,2.88,1.58,0.9,233,0.52,14.1,,unavailable (no satellite pass / dataset error),
64.8,Good,Bit dodgy,2026-09-01T18:09:13Z,Kennett River,2026-09-01T13:00:00Z,2026-09-01T23:00,19.5,287,51.8,0.1,1.42,10.7,228,1.58,0.48,1.5,54,0.14,13.9,,unavailable (no satellite pass / dataset error),
68.1,Good,Bit dodgy,2026-09-01T18:09:13Z,Kennett River,2026-09-01T14:00:00Z,2026-09-02T00:00,14.7,242,42.8,0.1,1.48,10.35,229,1.6,0.46,1.5,45,0.47,13.9,,unavailable (no satellite pass / dataset error),
69.3,Good,Getting rough,2026-09-01T18:09:13Z,Kennett River,2026-09-01T15:00:00Z,2026-09-02T01:00,13.2,253,31.7,0.1,1.54,10.05,230,1.62,0.46,1.3,45,0.76,13.9,,unavailable (no satellite pass / dataset error),
70.0,Good,Getting rough,2026-09-01T18:09:13Z,Kennett River,2026-09-01T16:00:00Z,2026-09-02T02:00,13.1,252,28.4,0.0,1.54,9.95,229,1.64,0.48,0.8,45,0.9,13.8,,unavailable (no satellite pass / dataset error),
70.4,Good,Getting rough,2026-09-01T18:09:13Z,Kennett River,2026-09-01T17:00:00Z,2026-09-02T03:00,13.9,260,30.2,0.0,1.56,9.95,229,1.66,0.5,0.2,0,0.83,13.8,,unavailable (no satellite pass / dataset error),
70.2,Good,Getting rough,2026-09-01T18:09:13Z,Kennett River,2026-09-01T18:00:00Z,2026-09-02T04:00,13.4,266,30.2,0.0,1.56,9.9,228,1.68,0.52,0.4,270,0.59,13.8,,unavailable (no satellite pass / dataset error),
75.9,Good,Doable,2026-09-01T18:09:13Z,Torquay,2026-09-01T13:00:00Z,2026-09-01T23:00,17.7,303,33.1,0.0,0.86,10.45,218,0.96,0.32,0.8,63,0.08,13.7,,unavailable (no satellite pass / dataset error),
76.3,Good,Doable,2026-09-01T18:09:13Z,Torquay,2026-09-01T14:00:00Z,2026-09-02T00:00,17.3,292,30.6,0.0,0.88,10.35,218,0.94,0.24,0.8,63,0.48,13.7,,unavailable (no satellite pass / dataset error),
77.4,Good,Doable,2026-09-01T18:09:13Z,Torquay,2026-09-01T15:00:00Z,2026-09-02T01:00,15.9,273,29.9,0.0,0.9,10.25,219,0.94,0.16,0.8,63,0.86,13.6,,unavailable (no satellite pass / dataset error),
80.5,Excellent,Doable,2026-09-01T18:09:13Z,Torquay,2026-09-01T16:00:00Z,2026-09-02T02:00,12.1,264,27.4,0.0,0.9,10.2,219,0.96,0.14,0.6,56,1.07,13.6,,unavailable (no satellite pass / dataset error),
81.2,Excellent,Doable,2026-09-01T18:09:13Z,Torquay,2026-09-01T17:00:00Z,2026-09-02T03:00,11.7,274,20.9,0.2,0.92,10.15,219,0.96,0.12,0.3,45,1.01,13.6,,unavailable (no satellite pass / dataset error),
80.5,Excellent,Doable,2026-09-01T18:09:13Z,Torquay,2026-09-01T18:00:00Z,2026-09-02T04:00,13.0,276,23.0,0.1,0.92,10.15,219,0.98,0.1,0.0,90,0.72,13.6,,unavailable (no satellite pass / dataset error),
71.9,Good,Doable,2026-09-01T18:09:13Z,Port Phillip Heads (J5 Submarine),2026-09-01T13:00:00Z,2026-09-01T23:00,20.8,307,38.9,0.0,0.98,10.8,220,1.06,0.36,0.7,76,0.06,13.7,,unavailable (no satellite pass / dataset error),
73.4,Good,Doable,2026-09-01T18:09:13Z,Port Phillip Heads (J5 Submarine),2026-09-01T14:00:00Z,2026-09-02T00:00,18.9,295,36.4,0.0,1.0,10.7,221,1.06,0.34,0.7,76,0.48,13.7,,unavailable (no satellite pass / dataset error),
74.8,Good,Doable,2026-09-01T18:09:13Z,Port Phillip Heads (J5 Submarine),2026-09-01T15:00:00Z,2026-09-02T01:00,17.3,279,33.5,0.0,1.02,10.6,221,1.06,0.3,0.6,72,0.88,13.7,,unavailable (no satellite pass / dataset error),
77.7,Good,Doable,2026-09-01T18:09:13Z,Port Phillip Heads (J5 Submarine),2026-09-01T16:00:00Z,2026-09-02T02:00,13.7,267,31.0,0.0,1.04,10.35,221,1.08,0.26,0.4,63,1.1,13.6,,unavailable (no satellite pass / dataset error),
79.3,Good,Doable,2026-09-01T18:09:13Z,Port Phillip Heads (J5 Submarine),2026-09-01T17:00:00Z,2026-09-02T03:00,11.3,270,24.1,0.2,1.08,10.05,222,1.1,0.22,0.3,45,1.05,13.6,,unavailable (no satellite pass / dataset error),
77.7,Good,Doable,2026-09-01T18:09:13Z,Port Phillip Heads (J5 Submarine),2026-09-01T18:00:00Z,2026-09-02T04:00,13.4,284,23.8,0.1,1.1,9.9,222,1.12,0.18,0.2,0,0.76,13.6,,unavailable (no satellite pass / dataset error),
67.0,Good,Doable,2026-09-01T18:09:13Z,Queenscliff,2026-09-01T13:00:00Z,2026-09-01T23:00,23.9,305,41.4,0.0,1.12,10.85,223,1.2,0.42,1.0,68,0.04,13.6,,unavailable (no satellite pass / dataset error),
69.3,Good,Doable,2026-09-01T18:09:13Z,Queenscliff,2026-09-01T14:00:00Z,2026-09-02T00:00,20.9,293,40.0,0.0,1.12,10.8,223,1.2,0.4,1.0,68,0.48,13.6,,unavailable (no satellite pass / dataset error),
69.6,Good,Doable,2026-09-01T18:09:13Z,Queenscliff,2026-09-01T15:00:00Z,2026-09-02T01:00,20.5,280,35.6,0.0,1.14,10.75,223,1.2,0.38,1.0,68,0.88,13.6,,unavailable (no satellite pass / dataset error),
71.1,Good,Doable,2026-09-01T18:09:13Z,Queenscliff,2026-09-01T16:00:00Z,2026-09-02T02:00,19.3,270,34.6,0.0,1.16,10.55,223,1.22,0.32,0.6,72,1.11,13.6,,unavailable (no satellite pass / dataset error),
73.8,Good,Doable,2026-09-01T18:09:13Z,Queenscliff,2026-09-01T17:00:00Z,2026-09-02T03:00,16.0,262,32.8,0.0,1.2,10.25,224,1.24,0.28,0.4,63,1.06,13.6,,unavailable (no satellite pass / dataset error),
74.8,Good,Bit dodgy,2026-09-01T18:09:13Z,Queenscliff,2026-09-01T18:00:00Z,2026-09-02T04:00,15.3,274,27.4,0.1,1.22,10.1,224,1.26,0.22,0.0,90,0.77,13.6,,unavailable (no satellite pass / dataset error),
61.0,Good,Bit dodgy,2026-09-01T18:09:13Z,Blairgowrie Back Beach,2026-09-01T13:00:00Z,2026-09-01T23:00,27.8,310,51.5,0.0,1.4,10.9,227,1.56,0.62,0.6,124,0.03,13.6,,unavailable (no satellite pass / dataset error),
61.4,Good,Bit dodgy,2026-09-01T18:09:13Z,Blairgowrie Back Beach,2026-09-01T14:00:00Z,2026-09-02T00:00,27.2,298,50.0,0.0,1.42,10.8,228,1.56,0.62,0.6,108,0.46,13.6,,unavailable (no satellite pass / dataset error),
62.4,Good,Bit dodgy,2026-09-01T18:09:13Z,Blairgowrie Back Beach,2026-09-01T15:00:00Z,2026-09-02T01:00,25.7,288,49.0,0.0,1.44,10.65,228,1.58,0.6,0.6,108,0.87,13.6,,unavailable (no satellite pass / dataset error),
65.6,Good,Bit dodgy,2026-09-01T18:09:13Z,Blairgowrie Back Beach,2026-09-01T16:00:00Z,2026-09-02T02:00,21.1,255,46.4,0.1,1.46,10.5,228,1.6,0.54,0.6,108,1.12,13.6,,unavailable (no satellite pass / dataset error),
67.7,Good,Bit dodgy,2026-09-01T18:09:13Z,Blairgowrie Back Beach,2026-09-01T17:00:00Z,2026-09-02T03:00,18.1,243,38.5,0.3,1.5,10.3,228,1.62,0.48,0.4,117,1.08,13.6,,unavailable (no satellite pass / dataset error),
67.1,Good,Getting rough,2026-09-01T18:09:13Z,Blairgowrie Back Beach,2026-09-01T18:00:00Z,2026-09-02T04:00,18.3,247,33.5,0.3,1.52,10.2,228,1.64,0.42,0.4,153,0.79,13.6,,unavailable (no satellite pass / dataset error),
57.8,Fair,Getting rough,2026-09-01T18:09:13Z,Cape Schanck,2026-09-01T13:00:00Z,2026-09-01T23:00,27.3,308,51.1,0.0,1.52,10.85,234,1.8,0.8,0.9,90,0.02,13.7,,unavailable (no satellite pass / dataset error),
57.2,Fair,Getting rough,2026-09-01T18:09:13Z,Cape Schanck,2026-09-01T14:00:00Z,2026-09-02T00:00,27.3,298,47.9,0.0,1.52,11.05,233,1.82,0.78,1.1,90,0.45,13.7,,unavailable (no satellite pass / dataset error),
57.4,Fair,Bit dodgy,2026-09-01T18:09:13Z,Cape Schanck,2026-09-01T15:00:00Z,2026-09-02T01:00,27.1,288,48.6,0.0,1.5,11.1,233,1.86,0.78,0.9,90,0.86,13.7,,unavailable (no satellite pass / dataset error),
62.0,Good,Getting rough,2026-09-01T18:09:13Z,Cape Schanck,2026-09-01T16:00:00Z,2026-09-02T02:00,20.9,247,47.2,0.2,1.56,10.85,234,1.9,0.82,0.7,76,1.11,13.7,,unavailable (no satellite pass / dataset error),
63.1,Good,Getting rough,2026-09-01T18:09:13Z,Cape Schanck,2026-09-01T17:00:00Z,2026-09-02T03:00,19.0,258,36.4,0.3,1.62,10.5,234,1.92,0.84,0.6,72,1.09,13.7,,unavailable (no satellite pass / dataset error),
62.0,Good,Getting rough,2026-09-01T18:09:13Z,Cape Schanck,2026-09-01T18:00:00Z,2026-09-02T04:00,20.2,257,34.9,0.2,1.68,10.25,235,1.96,0.88,0.4,63,0.82,13.7,,unavailable (no satellite pass / dataset error),
54.8,Fair,Bit dodgy,2026-09-01T18:09:13Z,Cape Paterson,2026-09-01T13:00:00Z,2026-09-01T23:00,29.9,310,55.8,0.7,1.28,11.0,241,1.8,1.16,1.2,117,-0.06,13.7,,unavailable (no satellite pass / dataset error),
55.1,Fair,Bit dodgy,2026-09-01T18:09:13Z,Cape Paterson,2026-09-01T14:00:00Z,2026-09-02T00:00,27.3,303,50.0,0.7,1.24,11.45,241,1.84,1.16,1.5,104,0.42,13.7,,unavailable (no satellite pass / dataset error),
53.6,Fair,Doable,2026-09-01T18:09:13Z,Cape Paterson,2026-09-01T15:00:00Z,2026-09-02T01:00,28.3,293,47.2,0.6,1.2,11.65,241,1.86,1.16,1.5,104,0.86,13.7,,unavailable (no satellite pass / dataset error),
50.9,Fair,Doable,2026-09-01T18:09:13Z,Cape Paterson,2026-09-01T16:00:00Z,2026-09-02T02:00,31.3,272,54.4,0.1,1.2,11.45,241,1.9,1.14,1.5,104,1.16,13.7,,unavailable (no satellite pass / dataset error),
59.4,Fair,Doable,2026-09-01T18:09:13Z,Cape Paterson,2026-09-01T17:00:00Z,2026-09-02T03:00,19.8,254,53.3,0.0,1.2,11.0,241,1.92,1.1,1.5,97,1.18,13.7,,unavailable (no satellite pass / dataset error),
58.9,Fair,Doable,2026-09-01T18:09:13Z,Cape Paterson,2026-09-01T18:00:00Z,2026-09-02T04:00,19.8,262,33.8,0.1,1.2,10.55,241,1.96,1.08,1.5,97,0.94,13.7,,unavailable (no satellite pass / dataset error),
52.2,Fair,Doable,2026-09-01T18:09:13Z,Wilsons Prom (West - Norman Bay),2026-09-01T13:00:00Z,2026-09-01T23:00,46.8,306,61.9,0.0,0.94,10.55,230,2.06,1.66,0.7,104,-0.1,13.6,,unavailable (no satellite pass / dataset error),
51.4,Fair,Doable,2026-09-01T18:09:13Z,Wilsons Prom (West - Norman Bay),2026-09-01T14:00:00Z,2026-09-02T00:00,43.9,292,59.8,0.2,0.96,10.55,230,2.08,1.7,0.9,90,0.37,13.6,,unavailable (no satellite pass / dataset error),
50.8,Fair,Doable,2026-09-01T18:09:13Z,Wilsons Prom (West - Norman Bay),2026-09-01T15:00:00Z,2026-09-02T01:00,44.6,284,56.5,0.3,0.98,10.3,230,2.12,1.74,0.9,90,0.81,13.6,,unavailable (no satellite pass / dataset error),
50.1,Fair,Doable,2026-09-01T18:09:13Z,Wilsons Prom (West - Norman Bay),2026-09-01T16:00:00Z,2026-09-02T02:00,37.2,251,59.8,0.3,1.0,9.35,239,2.12,1.6,1.1,90,1.1,13.6,,unavailable (no satellite pass / dataset error),
50.1,Fair,Doable,2026-09-01T18:09:13Z,Wilsons Prom (West - Norman Bay),2026-09-01T17:00:00Z,2026-09-02T03:00,36.1,253,46.4,0.0,1.02,8.15,247,2.12,1.48,1.1,90,1.16,13.6,,unavailable (no satellite pass / dataset error),
50.1,Fair,Doable,2026-09-01T18:09:13Z,Wilsons Prom (West - Norman Bay),2026-09-01T18:00:00Z,2026-09-02T04:00,38.4,255,47.9,0.0,1.04,7.55,256,2.12,1.34,1.1,90,0.95,13.6,,unavailable (no satellite pass / dataset error),
65.5,Good,Great,2026-09-01T18:09:13Z,Wilsons Prom (East - Sealers Cove),2026-09-01T13:00:00Z,2026-09-01T23:00,25.8,290,55.1,0.0,0.56,9.85,234,1.4,1.12,0.4,27,-0.14,13.4,,unavailable (no satellite pass / dataset error),
64.9,Good,Great,2026-09-01T18:09:13Z,Wilsons Prom (East - Sealers Cove),2026-09-01T14:00:00Z,2026-09-02T00:00,25.1,290,56.2,0.6,0.56,9.65,233,1.46,1.22,0.4,27,0.27,13.4,,unavailable (no satellite pass / dataset error),
64.3,Good,Great,2026-09-01T18:09:13Z,Wilsons Prom (East - Sealers Cove),2026-09-01T15:00:00Z,2026-09-02T01:00,24.2,288,53.6,0.6,0.56,9.3,233,1.54,1.3,0.4,27,0.65,13.4,,unavailable (no satellite pass / dataset error),
62.9,Good,Great,2026-09-01T18:09:13Z,Wilsons Prom (East - Sealers Cove),2026-09-01T16:00:00Z,2026-09-02T02:00,25.3,285,53.6,0.5,0.64,8.65,239,1.54,1.2,0.4,27,0.92,13.4,,unavailable (no satellite pass / dataset error),
66.7,Good,Great,2026-09-01T18:09:13Z,Wilsons Prom (East - Sealers Cove),2026-09-01T17:00:00Z,2026-09-02T03:00,19.7,254,56.2,0.4,0.72,7.85,246,1.54,1.08,0.4,27,1.02,13.4,,unavailable (no satellite pass / dataset error),
67.5,Good,Great,2026-09-01T18:09:13Z,Wilsons Prom (East - Sealers Cove),2026-09-01T18:00:00Z,2026-09-02T04:00,18.6,254,41.8,0.0,0.8,7.5,252,1.54,0.98,0.4,27,0.88,13.4,,unavailable (no satellite pass / dataset error),
84.9,Excellent,Doable,2026-09-01T18:09:13Z,Mallacoota,2026-09-01T13:00:00Z,2026-09-01T23:00,8.4,351,17.3,0.0,0.82,9.2,170,0.9,0.04,0.6,214,0.47,15.2,,unavailable (no satellite pass / dataset error),
83.0,Excellent,Great,2026-09-01T18:09:13Z,Mallacoota,2026-09-01T14:00:00Z,2026-09-02T00:00,11.4,332,20.2,0.0,0.78,9.1,169,0.86,0.04,0.6,214,0.38,15.2,,unavailable (no satellite pass / dataset error),
83.1,Excellent,Great,2026-09-01T18:09:13Z,Mallacoota,2026-09-01T15:00:00Z,2026-09-02T01:00,11.5,328,23.8,0.0,0.76,9.05,169,0.84,0.04,0.6,198,0.2,15.2,,unavailable (no satellite pass / dataset error),
82.7,Excellent,Great,2026-09-01T18:09:13Z,Mallacoota,2026-09-01T16:00:00Z,2026-09-02T02:00,12.2,343,22.7,0.0,0.74,9.0,168,0.82,0.04,0.6,198,0.0,15.2,,unavailable (no satellite pass / dataset error),
81.9,Excellent,Great,2026-09-01T18:09:13Z,Mallacoota,2026-09-01T17:00:00Z,2026-09-02T03:00,13.5,350,26.3,0.0,0.72,8.95,168,0.8,0.04,0.6,198,-0.18,15.2,,unavailable (no satellite pass / dataset error),
82.0,Excellent,Great,2026-09-01T18:09:13Z,Mallacoota,2026-09-01T18:00:00Z,2026-09-02T04:00,14.1,355,28.1,0.0,0.7,8.9,167,0.78,0.04,0.4,207,-0.29,15.2,,unavailable (no satellite pass / dataset error),
95.4,Excellent,,2026-09-01T18:09:13Z,Eden,2026-09-01T13:00:00Z,2026-09-01T23:00,3.5,9,7.2,0.0,,,,,,0.5,135,0.52,17.1,,unavailable (no satellite pass / dataset error),
93.7,Excellent,,2026-09-01T18:09:13Z,Eden,2026-09-01T14:00:00Z,2026-09-02T00:00,5.3,332,10.8,0.0,,,,,,0.5,135,0.4,17.1,,unavailable (no satellite pass / dataset error),
91.0,Excellent,,2026-09-01T18:09:13Z,Eden,2026-09-01T15:00:00Z,2026-09-02T01:00,8.4,305,14.4,0.0,,,,,,0.4,153,0.2,17.1,,unavailable (no satellite pass / dataset error),
93.1,Excellent,,2026-09-01T18:09:13Z,Eden,2026-09-01T16:00:00Z,2026-09-02T02:00,4.7,344,19.8,1.1,,,,,,0.4,153,-0.03,17.1,,unavailable (no satellite pass / dataset error),
91.0,Excellent,,2026-09-01T18:09:13Z,Eden,2026-09-01T17:00:00Z,2026-09-02T03:00,6.9,319,15.5,0.0,,,,,,0.4,153,-0.22,17.1,,unavailable (no satellite pass / dataset error),
92.8,Excellent,,2026-09-01T18:09:13Z,Eden,2026-09-01T18:00:00Z,2026-09-02T04:00,5.2,297,11.2,0.0,,,,,,0.3,135,-0.34,17.1,,unavailable (no satellite pass / dataset error),
83.9,Excellent,Doable,2026-09-01T18:09:13Z,Green Cape,2026-09-01T13:00:00Z,2026-09-01T23:00,7.5,8,11.5,0.0,0.82,7.55,161,1.1,0.04,0.6,146,0.5,17.2,,unavailable (no satellite pass / dataset error),
82.8,Excellent,Great,2026-09-01T18:09:13Z,Green Cape,2026-09-01T14:00:00Z,2026-09-02T00:00,9.2,337,17.6,0.0,0.8,7.55,161,1.08,0.1,0.6,146,0.39,17.2,,unavailable (no satellite pass / dataset error),
82.5,Excellent,Great,2026-09-01T18:09:13Z,Green Cape,2026-09-01T15:00:00Z,2026-09-02T01:00,9.8,313,16.9,0.0,0.78,7.55,160,1.06,0.14,0.6,146,0.2,17.2,,unavailable (no satellite pass / dataset error),
81.3,Excellent,Great,2026-09-01T18:09:13Z,Green Cape,2026-09-01T16:00:00Z,2026-09-02T02:00,10.8,349,23.0,0.8,0.76,7.55,159,1.04,0.14,0.5,135,-0.02,17.2,,unavailable (no satellite pass / dataset error),
81.6,Excellent,Great,2026-09-01T18:09:13Z,Green Cape,2026-09-01T17:00:00Z,2026-09-02T03:00,10.8,328,20.9,0.0,0.74,7.5,158,1.0,0.12,0.5,135,-0.21,17.2,,unavailable (no satellite pass / dataset error),
83.0,Excellent,Great,2026-09-01T18:09:13Z,Green Cape,2026-09-01T18:00:00Z,2026-09-02T04:00,9.2,320,19.1,0.0,0.72,7.5,157,0.98,0.12,0.5,135,-0.32,17.2,,unavailable (no satellite pass / dataset error),
83.4,Excellent,Great,2026-09-01T18:09:13Z,Tathra,2026-09-01T13:00:00Z,2026-09-01T23:00,10.7,330,19.4,0.0,0.48,6.15,53,0.66,0.02,1.5,187,0.52,17.4,,unavailable (no satellite pass / dataset error),
84.1,Excellent,Great,2026-09-01T18:09:13Z,Tathra,2026-09-01T14:00:00Z,2026-09-02T00:00,10.0,308,19.4,0.0,0.46,6.1,53,0.64,0.02,1.5,187,0.41,17.4,,unavailable (no satellite pass / dataset error),
84.5,Excellent,Great,2026-09-01T18:09:13Z,Tathra,2026-09-01T15:00:00Z,2026-09-02T01:00,9.5,309,20.2,0.0,0.46,6.25,53,0.64,0.02,1.5,194,0.2,17.4,,unavailable (no satellite pass / dataset error),
85.1,Excellent,Great,2026-09-01T18:09:13Z,Tathra,2026-09-01T16:00:00Z,2026-09-02T02:00,8.9,29,16.2,0.0,0.46,6.8,76,0.62,0.02,1.5,194,-0.02,17.4,,unavailable (no satellite pass / dataset error),
87.4,Excellent,Great,2026-09-01T18:09:13Z,Tathra,2026-09-01T17:00:00Z,2026-09-02T03:00,6.1,326,15.5,0.0,0.46,7.5,100,0.6,0.02,1.5,194,-0.22,17.4,,unavailable (no satellite pass / dataset error),
86.9,Excellent,Great,2026-09-01T18:09:13Z,Tathra,2026-09-01T18:00:00Z,2026-09-02T04:00,7.0,339,14.0,0.0,0.46,8.05,123,0.58,0.02,1.5,187,-0.34,17.4,,unavailable (no satellite pass / dataset error),
80.2,Excellent,Doable,2026-09-01T18:09:13Z,Bermagui,2026-09-01T13:00:00Z,2026-09-01T23:00,10.5,311,14.8,0.0,0.92,8.9,143,1.18,0.16,1.0,202,0.55,17.5,,unavailable (no satellite pass / dataset error),
77.8,Good,Doable,2026-09-01T18:09:13Z,Bermagui,2026-09-01T14:00:00Z,2026-09-02T00:00,13.8,299,23.8,0.0,0.94,8.9,145,1.14,0.12,1.0,202,0.43,17.4,,unavailable (no satellite pass / dataset error),
81.5,Excellent,Doable,2026-09-01T18:09:13Z,Bermagui,2026-09-01T15:00:00Z,2026-09-02T01:00,9.0,322,23.8,0.0,0.96,8.95,148,1.12,0.08,1.0,202,0.23,17.4,,unavailable (no satellite pass / dataset error),
84.2,Excellent,Doable,2026-09-01T18:09:13Z,Bermagui,2026-09-01T16:00:00Z,2026-09-02T02:00,5.5,17,14.8,0.0,0.92,9.05,150,1.12,0.14,1.0,202,-0.01,17.4,,unavailable (no satellite pass / dataset error),
79.0,Good,Doable,2026-09-01T18:09:13Z,Bermagui,2026-09-01T17:00:00Z,2026-09-02T03:00,12.5,30,23.0,0.1,0.88,9.15,151,1.1,0.2,1.0,202,-0.21,17.4,,unavailable (no satellite pass / dataset error),
81.2,Excellent,Doable,2026-09-01T18:09:13Z,Bermagui,2026-09-01T18:00:00Z,2026-09-02T04:00,9.5,335,23.4,0.0,0.84,9.25,153,1.1,0.26,1.0,202,-0.33,17.4,,unavailable (no satellite pass / dataset error),
80.8,Excellent,Great,2026-09-01T18:09:13Z,Narooma,2026-09-01T13:00:00Z,2026-09-01T23:00,11.4,296,15.1,0.0,0.72,9.2,151,0.92,0.1,1.3,172,0.57,17.2,,unavailable (no satellite pass / dataset error),
81.6,Excellent,Great,2026-09-01T18:09:13Z,Narooma,2026-09-01T14:00:00Z,2026-09-02T00:00,10.3,303,22.7,0.0,0.72,9.2,150,0.92,0.1,1.3,172,0.45,17.2,,unavailable (no satellite pass / dataset error),
83.5,Excellent,Great,2026-09-01T18:09:13Z,Narooma,2026-09-01T15:00:00Z,2026-09-02T01:00,8.0,352,16.9,0.0,0.72,9.15,150,0.9,0.12,1.3,172,0.24,17.2,,unavailable (no satellite pass / dataset error),
82.1,Excellent,Great,2026-09-01T18:09:13Z,Narooma,2026-09-01T16:00:00Z,2026-09-02T02:00,9.3,18,15.1,0.0,0.72,9.15,150,0.9,0.16,1.5,173,0.0,17.2,,unavailable (no satellite pass / dataset error),
79.0,Good,Great,2026-09-01T18:09:13Z,Narooma,2026-09-01T17:00:00Z,2026-09-02T03:00,12.3,23,23.4,0.8,0.72,9.1,150,0.9,0.18,1.5,173,-0.2,17.2,,unavailable (no satellite pass / dataset error),
79.3,Good,Great,2026-09-01T18:09:13Z,Narooma,2026-09-01T18:00:00Z,2026-09-02T04:00,12.0,351,22.0,0.0,0.72,9.05,150,0.9,0.22,1.5,173,-0.32,17.2,,unavailable (no satellite pass / dataset error),
75.3,Good,Great,2026-09-01T18:09:13Z,Batemans Bay (Inside),2026-09-01T13:00:00Z,2026-09-01T23:00,19.5,295,38.5,0.0,0.78,9.4,157,0.96,0.22,1.0,202,0.58,17.3,,unavailable (no satellite pass / dataset error),
77.8,Good,Great,2026-09-01T18:09:13Z,Batemans Bay (Inside),2026-09-01T14:00:00Z,2026-09-02T00:00,15.4,304,38.5,0.0,0.8,9.2,152,0.98,0.26,1.0,202,0.46,17.2,,unavailable (no satellite pass / dataset error),
79.9,Good,Doable,2026-09-01T18:09:13Z,Batemans Bay (Inside),2026-09-01T15:00:00Z,2026-09-02T01:00,12.9,314,29.5,0.0,0.82,9.05,147,0.98,0.28,0.9,191,0.24,17.2,,unavailable (no satellite pass / dataset error),
77.8,Good,Doable,2026-09-01T18:09:13Z,Batemans Bay (Inside),2026-09-01T16:00:00Z,2026-09-02T02:00,16.1,336,31.0,0.0,0.82,9.05,148,0.98,0.28,0.7,194,0.0,17.2,,unavailable (no satellite pass / dataset error),
80.4,Excellent,Doable,2026-09-01T18:09:13Z,Batemans Bay (Inside),2026-09-01T17:00:00Z,2026-09-02T03:00,12.4,347,31.0,0.0,0.84,9.1,149,0.98,0.26,0.8,207,-0.2,17.2,,unavailable (no satellite pass / dataset error),
81.3,Excellent,Doable,2026-09-01T18:09:13Z,Batemans Bay (Inside),2026-09-01T18:00:00Z,2026-09-02T04:00,11.3,14,23.4,0.0,0.84,9.1,150,0.98,0.26,0.8,207,-0.32,17.2,,unavailable (no satellite pass / dataset error),
74.8,Good,Doable,2026-09-01T18:09:13Z,Batemans Bay (Outside),2026-09-01T13:00:00Z,2026-09-01T23:00,19.5,295,38.5,0.0,0.88,9.0,147,1.02,0.24,1.0,202,0.58,17.3,,unavailable (no satellite pass / dataset error),
77.4,Good,Doable,2026-09-01T18:09:13Z,Batemans Bay (Outside),2026-09-01T14:00:00Z,2026-09-02T00:00,15.4,304,38.5,0.0,0.86,9.05,147,1.02,0.24,1.0,202,0.46,17.2,,unavailable (no satellite pass / dataset error),
79.5,Good,Doable,2026-09-01T18:09:13Z,Batemans Bay (Outside),2026-09-01T15:00:00Z,2026-09-02T01:00,12.9,314,29.5,0.0,0.86,9.05,147,1.02,0.26,0.9,191,0.24,17.2,,unavailable (no satellite pass / dataset error),
77.5,Good,Doable,2026-09-01T18:09:13Z,Batemans Bay (Outside),2026-09-01T16:00:00Z,2026-09-02T02:00,16.1,336,31.0,0.0,0.86,9.05,147,1.02,0.28,0.7,194,0.0,17.2,,unavailable (no satellite pass / dataset error),
80.1,Excellent,Doable,2026-09-01T18:09:13Z,Batemans Bay (Outside),2026-09-01T17:00:00Z,2026-09-02T03:00,12.4,347,31.0,0.0,0.86,9.0,146,1.02,0.3,0.8,207,-0.2,17.2,,unavailable (no satellite pass / dataset error),
80.9,Excellent,Doable,2026-09-01T18:09:13Z,Batemans Bay (Outside),2026-09-01T18:00:00Z,2026-09-02T04:00,11.3,14,23.4,0.0,0.86,8.95,146,1.02,0.32,0.8,207,-0.32,17.2,,unavailable (no satellite pass / dataset error),
81.4,Excellent,Great,2026-09-01T18:09:13Z,Ulladulla,2026-09-01T13:00:00Z,2026-09-01T23:00,14.1,287,32.0,0.0,0.66,9.2,149,0.76,0.06,0.8,207,0.58,17.4,,unavailable (no satellite pass / dataset error),
84.7,Excellent,Great,2026-09-01T18:09:13Z,Ulladulla,2026-09-01T14:00:00Z,2026-09-02T00:00,9.8,311,28.1,0.0,0.66,9.25,149,0.76,0.04,0.8,207,0.46,17.4,,unavailable (no satellite pass / dataset error),
86.8,Excellent,Great,2026-09-01T18:09:13Z,Ulladulla,2026-09-01T15:00:00Z,2026-09-02T01:00,7.0,312,20.2,0.0,0.66,9.25,149,0.76,0.04,0.8,207,0.24,17.4,,unavailable (no satellite pass / dataset error),
85.5,Excellent,Great,2026-09-01T18:09:13Z,Ulladulla,2026-09-01T16:00:00Z,2026-09-02T02:00,8.7,315,15.8,0.0,0.66,9.25,149,0.76,0.04,0.8,207,0.0,17.4,,unavailable (no satellite pass / dataset error),
85.3,Excellent,Great,2026-09-01T18:09:13Z,Ulladulla,2026-09-01T17:00:00Z,2026-09-02T03:00,9.2,334,18.4,0.0,0.66,9.25,150,0.76,0.02,0.7,194,-0.21,17.4,,unavailable (no satellite pass / dataset error),
86.9,Excellent,Great,2026-09-01T18:09:13Z,Ulladulla,2026-09-01T18:00:00Z,2026-09-02T04:00,7.3,351,18.7,0.0,0.66,9.2,150,0.76,0.02,0.6,214,-0.33,17.4,,unavailable (no satellite pass / dataset error),
82.7,Excellent,Great,2026-09-01T18:09:13Z,Jervis Bay (Inside),2026-09-01T13:00:00Z,2026-09-01T23:00,12.0,324,24.8,0.0,0.64,8.8,159,0.8,0.16,0.8,207,0.58,17.6,,unavailable (no satellite pass / dataset error),
85.2,Excellent,Great,2026-09-01T18:09:13Z,Jervis Bay (Inside),2026-09-01T14:00:00Z,2026-09-02T00:00,8.6,349,22.3,0.0,0.64,8.7,160,0.8,0.14,0.8,207,0.46,17.6,,unavailable (no satellite pass / dataset error),
85.1,Excellent,Great,2026-09-01T18:09:13Z,Jervis Bay (Inside),2026-09-01T15:00:00Z,2026-09-02T01:00,8.8,2,15.8,0.0,0.64,8.6,160,0.8,0.12,0.8,207,0.24,17.6,,unavailable (no satellite pass / dataset error),
86.1,Excellent,Great,2026-09-01T18:09:13Z,Jervis Bay (Inside),2026-09-01T16:00:00Z,2026-09-02T02:00,7.4,328,14.0,0.0,0.64,8.6,160,0.8,0.1,0.8,207,-0.01,17.6,,unavailable (no satellite pass / dataset error),
81.9,Excellent,Great,2026-09-01T18:09:13Z,Jervis Bay (Inside),2026-09-01T17:00:00Z,2026-09-02T03:00,13.0,307,24.1,0.0,0.64,8.6,159,0.8,0.08,0.8,207,-0.22,17.6,,unavailable (no satellite pass / dataset error),
81.6,Excellent,Great,2026-09-01T18:09:13Z,Jervis Bay (Inside),2026-09-01T18:00:00Z,2026-09-02T04:00,13.4,314,27.0,0.0,0.64,8.6,159,0.8,0.06,0.8,207,-0.34,17.6,,unavailable (no satellite pass / dataset error),
78.2,Good,Doable,2026-09-01T18:09:13Z,Jervis Bay (Outside - Point Perpendicular),2026-09-01T13:00:00Z,2026-09-01T23:00,15.0,354,25.9,0.0,0.9,9.65,161,1.02,0.22,1.0,211,0.59,17.6,,unavailable (no satellite pass / dataset error),
77.3,Good,Doable,2026-09-01T18:09:13Z,Jervis Bay (Outside - Point Perpendicular),2026-09-01T14:00:00Z,2026-09-02T00:00,15.6,11,19.1,0.0,0.88,9.65,162,1.02,0.22,1.2,207,0.46,17.6,,unavailable (no satellite pass / dataset error),
75.8,Good,Doable,2026-09-01T18:09:13Z,Jervis Bay (Outside - Point Perpendicular),2026-09-01T15:00:00Z,2026-09-02T01:00,17.9,6,23.0,0.0,0.88,9.7,162,1.02,0.2,1.1,198,0.24,17.6,,unavailable (no satellite pass / dataset error),
77.7,Good,Doable,2026-09-01T18:09:13Z,Jervis Bay (Outside - Point Perpendicular),2026-09-01T16:00:00Z,2026-09-02T02:00,15.6,333,22.7,0.0,0.86,9.85,164,1.02,0.18,1.0,202,0.0,17.6,,unavailable (no satellite pass / dataset error),
77.3,Good,Doable,2026-09-01T18:09:13Z,Jervis Bay (Outside - Point Perpendicular),2026-09-01T17:00:00Z,2026-09-02T03:00,16.4,316,20.5,0.0,0.82,10.05,165,1.02,0.16,0.9,191,-0.21,17.6,,unavailable (no satellite pass / dataset error),
76.0,Good,Great,2026-09-01T18:09:13Z,Jervis Bay (Outside - Point Perpendicular),2026-09-01T18:00:00Z,2026-09-02T04:00,18.7,320,23.4,0.0,0.8,10.1,167,1.02,0.14,0.7,194,-0.33,17.6,,unavailable (no satellite pass / dataset error),
88.4,Excellent,Great,2026-09-01T18:09:13Z,Shellharbour,2026-09-01T13:00:00Z,2026-09-01T23:00,5.8,22,13.3,0.0,0.52,8.1,143,0.76,0.1,0.4,153,0.61,17.9,,unavailable (no satellite pass / dataset error),
89.1,Excellent,Great,2026-09-01T18:09:13Z,Shellharbour,2026-09-01T14:00:00Z,2026-09-02T00:00,5.1,10,13.0,0.0,0.52,8.2,143,0.74,0.12,0.4,153,0.47,17.9,,unavailable (no satellite pass / dataset error),
88.1,Excellent,Great,2026-09-01T18:09:13Z,Shellharbour,2026-09-01T15:00:00Z,2026-09-02T01:00,6.4,8,14.4,0.0,0.52,8.25,143,0.74,0.14,0.4,180,0.25,17.9,,unavailable (no satellite pass / dataset error),
89.1,Excellent,Great,2026-09-01T18:09:13Z,Shellharbour,2026-09-01T16:00:00Z,2026-09-02T02:00,5.1,18,14.8,0.0,0.52,8.3,144,0.74,0.12,0.4,180,-0.01,17.9,,unavailable (no satellite pass / dataset error),
87.8,Excellent,Great,2026-09-01T18:09:13Z,Shellharbour,2026-09-01T17:00:00Z,2026-09-02T03:00,6.6,347,14.8,0.0,0.52,8.35,145,0.76,0.1,0.4,180,-0.22,17.9,,unavailable (no satellite pass / dataset error),
85.3,Excellent,Great,2026-09-01T18:09:13Z,Shellharbour,2026-09-01T18:00:00Z,2026-09-02T04:00,10.0,298,21.2,0.0,0.52,8.2,146,0.76,0.08,0.4,180,-0.34,17.9,,unavailable (no satellite pass / dataset error),
81.2,Excellent,Great,2026-09-01T18:09:13Z,Terrigal,2026-09-01T13:00:00Z,2026-09-01T23:00,13.9,335,26.3,0.0,0.72,9.0,159,0.88,0.18,0.3,135,0.6,18.1,,unavailable (no satellite pass / dataset error),
81.4,Excellent,Great,2026-09-01T18:09:13Z,Terrigal,2026-09-01T14:00:00Z,2026-09-02T00:00,14.2,334,27.0,0.0,0.7,9.1,159,0.86,0.16,0.2,90,0.45,18.1,,unavailable (no satellite pass / dataset error),
81.2,Excellent,Great,2026-09-01T18:09:13Z,Terrigal,2026-09-01T15:00:00Z,2026-09-02T01:00,14.5,332,28.1,0.0,0.7,9.2,159,0.86,0.16,0.2,90,0.21,18.1,,unavailable (no satellite pass / dataset error),
82.6,Excellent,Great,2026-09-01T18:09:13Z,Terrigal,2026-09-01T16:00:00Z,2026-09-02T02:00,13.1,330,27.4,0.0,0.68,9.25,159,0.86,0.18,0.0,90,-0.05,18.1,,unavailable (no satellite pass / dataset error),
81.8,Excellent,Great,2026-09-01T18:09:13Z,Terrigal,2026-09-01T17:00:00Z,2026-09-02T03:00,13.9,335,26.6,0.0,0.68,9.25,159,0.88,0.22,0.0,90,-0.26,18.1,,unavailable (no satellite pass / dataset error),
81.0,Excellent,Great,2026-09-01T18:09:13Z,Terrigal,2026-09-01T18:00:00Z,2026-09-02T04:00,15.0,327,29.2,0.0,0.66,9.25,159,0.88,0.24,0.0,90,-0.38,18.1,,unavailable (no satellite pass / dataset error),
79.3,Good,Doable,2026-09-01T18:09:13Z,Fingal Bay,2026-09-01T13:00:00Z,2026-09-01T23:00,11.0,319,19.8,0.0,1.1,9.2,164,1.24,0.16,0.8,207,0.62,19.2,,unavailable (no satellite pass / dataset error),
79.9,Good,Doable,2026-09-01T18:09:13Z,Fingal Bay,2026-09-01T14:00:00Z,2026-09-02T00:00,10.9,331,18.4,0.0,1.08,9.25,164,1.22,0.16,0.6,198,0.46,19.2,,unavailable (no satellite pass / dataset error),
81.5,Excellent,Doable,2026-09-01T18:09:13Z,Fingal Bay,2026-09-01T15:00:00Z,2026-09-02T01:00,8.4,341,18.0,0.0,1.06,9.3,164,1.2,0.14,0.6,198,0.21,19.1,,unavailable (no satellite pass / dataset error),
84.0,Excellent,Doable,2026-09-01T18:09:13Z,Fingal Bay,2026-09-01T16:00:00Z,2026-09-02T02:00,5.3,315,12.6,0.0,1.06,9.35,164,1.18,0.14,0.6,198,-0.06,19.1,,unavailable (no satellite pass / dataset error),
84.4,Excellent,Doable,2026-09-01T18:09:13Z,Fingal Bay,2026-09-01T17:00:00Z,2026-09-02T03:00,5.3,308,7.2,0.0,1.04,9.45,164,1.18,0.14,0.4,180,-0.28,19.1,,unavailable (no satellite pass / dataset error),
82.3,Excellent,Doable,2026-09-01T18:09:13Z,Fingal Bay,2026-09-01T18:00:00Z,2026-09-02T04:00,8.2,308,11.9,0.0,1.04,9.5,164,1.16,0.14,0.4,180,-0.4,19.1,,unavailable (no satellite pass / dataset error),
80.3,Excellent,Doable,2026-09-01T18:09:13Z,Broughton Island,2026-09-01T13:00:00Z,2026-09-01T23:00,13.4,328,25.2,0.0,0.82,9.55,163,0.98,0.08,0.7,180,0.61,18.8,,unavailable (no satellite pass / dataset error),
81.2,Excellent,Doable,2026-09-01T18:09:13Z,Broughton Island,2026-09-01T14:00:00Z,2026-09-02T00:00,12.9,337,22.7,0.0,0.82,9.6,164,0.96,0.08,0.5,180,0.45,18.8,,unavailable (no satellite pass / dataset error),
80.9,Excellent,Great,2026-09-01T18:09:13Z,Broughton Island,2026-09-01T15:00:00Z,2026-09-02T01:00,13.4,346,23.4,0.0,0.8,9.7,164,0.96,0.08,0.5,180,0.2,18.8,,unavailable (no satellite pass / dataset error),
81.2,Excellent,Great,2026-09-01T18:09:13Z,Broughton Island,2026-09-01T16:00:00Z,2026-09-02T02:00,12.9,348,23.8,0.0,0.76,9.85,163,0.94,0.08,0.4,180,-0.07,18.7,,unavailable (no satellite pass / dataset error),
83.3,Excellent,Great,2026-09-01T18:09:13Z,Broughton Island,2026-09-01T17:00:00Z,2026-09-02T03:00,10.2,328,23.0,0.0,0.72,10.05,162,0.94,0.06,0.4,180,-0.29,18.7,,unavailable (no satellite pass / dataset error),
84.1,Excellent,Great,2026-09-01T18:09:13Z,Broughton Island,2026-09-01T18:00:00Z,2026-09-02T04:00,9.8,320,17.3,0.0,0.68,10.15,161,0.92,0.06,0.2,180,-0.4,18.7,,unavailable (no satellite pass / dataset error),
75.1,Good,Doable,2026-09-01T18:09:13Z,Seal Rocks,2026-09-01T13:00:00Z,2026-09-01T23:00,14.9,329,28.4,0.0,1.16,9.25,168,1.42,0.4,0.9,191,0.6,19.1,,unavailable (no satellite pass / dataset error),
74.0,Good,Doable,2026-09-01T18:09:13Z,Seal Rocks,2026-09-01T14:00:00Z,2026-09-02T00:00,16.6,324,30.2,0.0,1.16,9.25,168,1.4,0.36,0.9,180,0.44,19.1,,unavailable (no satellite pass / dataset error),
74.2,Good,Doable,2026-09-01T18:09:13Z,Seal Rocks,2026-09-01T15:00:00Z,2026-09-02T01:00,17.0,324,31.3,0.0,1.14,9.35,168,1.38,0.34,0.7,180,0.19,19.1,,unavailable (no satellite pass / dataset error),
73.8,Good,Doable,2026-09-01T18:09:13Z,Seal Rocks,2026-09-01T16:00:00Z,2026-09-02T02:00,17.5,330,32.0,0.0,1.1,9.5,168,1.36,0.34,0.7,180,-0.08,19.0,,unavailable (no satellite pass / dataset error),
74.6,Good,Doable,2026-09-01T18:09:13Z,Seal Rocks,2026-09-01T17:00:00Z,2026-09-02T03:00,16.9,333,32.4,0.0,1.08,9.7,169,1.34,0.34,0.6,162,-0.3,19.0,,unavailable (no satellite pass / dataset error),
75.2,Good,Doable,2026-09-01T18:09:13Z,Seal Rocks,2026-09-01T18:00:00Z,2026-09-02T04:00,16.4,331,30.6,0.0,1.04,9.85,169,1.32,0.34,0.6,162,-0.41,19.0,,unavailable (no satellite pass / dataset error),
82.2,Excellent,Great,2026-09-01T18:09:13Z,Forster,2026-09-01T13:00:00Z,2026-09-01T23:00,12.0,324,20.5,0.0,0.66,5.3,63,0.92,0.12,0.5,180,0.6,19.4,,unavailable (no satellite pass / dataset error),
81.8,Excellent,Great,2026-09-01T18:09:13Z,Forster,2026-09-01T14:00:00Z,2026-09-02T00:00,12.6,319,22.7,0.0,0.66,5.2,64,0.9,0.1,0.6,162,0.44,19.4,,unavailable (no satellite pass / dataset error),
82.5,Excellent,Great,2026-09-01T18:09:13Z,Forster,2026-09-01T15:00:00Z,2026-09-02T01:00,11.8,320,23.0,0.0,0.64,5.5,64,0.88,0.08,0.6,162,0.18,19.4,,unavailable (no satellite pass / dataset error),
83.8,Excellent,Great,2026-09-01T18:09:13Z,Forster,2026-09-01T16:00:00Z,2026-09-02T02:00,10.9,324,20.9,0.0,0.62,6.45,93,0.86,0.08,0.4,153,-0.1,19.4,,unavailable (no satellite pass / dataset error),
83.9,Excellent,Great,2026-09-01T18:09:13Z,Forster,2026-09-01T17:00:00Z,2026-09-02T03:00,10.7,337,19.1,0.0,0.62,7.75,123,0.86,0.1,0.4,153,-0.31,19.4,,unavailable (no satellite pass / dataset error),
83.6,Excellent,Great,2026-09-01T18:09:13Z,Forster,2026-09-01T18:00:00Z,2026-09-02T04:00,11.6,334,18.0,0.0,0.6,8.65,152,0.84,0.1,0.3,135,-0.43,19.4,,unavailable (no satellite pass / dataset error),
77.3,Good,Doable,2026-09-01T18:09:13Z,South West Rocks,2026-09-01T13:00:00Z,2026-09-01T23:00,10.0,339,27.0,0.0,1.08,9.1,159,1.48,0.66,1.4,180,0.63,20.4,,unavailable (no satellite pass / dataset error),
78.1,Good,Doable,2026-09-01T18:09:13Z,South West Rocks,2026-09-01T14:00:00Z,2026-09-02T00:00,9.0,331,19.4,0.0,1.08,9.15,159,1.42,0.52,1.6,186,0.44,20.4,,unavailable (no satellite pass / dataset error),
79.7,Good,Doable,2026-09-01T18:09:13Z,South West Rocks,2026-09-01T15:00:00Z,2026-09-02T01:00,7.4,326,16.9,0.0,1.06,9.2,159,1.38,0.36,1.6,186,0.17,20.4,,unavailable (no satellite pass / dataset error),
81.7,Excellent,Doable,2026-09-01T18:09:13Z,South West Rocks,2026-09-01T16:00:00Z,2026-09-02T02:00,5.4,346,14.0,0.0,1.06,9.2,159,1.34,0.3,1.5,194,-0.11,20.4,,unavailable (no satellite pass / dataset error),
80.9,Excellent,Doable,2026-09-01T18:09:13Z,South West Rocks,2026-09-01T17:00:00Z,2026-09-02T03:00,6.7,346,11.9,0.0,1.04,9.25,160,1.32,0.26,1.5,187,-0.33,20.4,,unavailable (no satellite pass / dataset error),
82.0,Excellent,Doable,2026-09-01T18:09:13Z,South West Rocks,2026-09-01T18:00:00Z,2026-09-02T04:00,5.6,327,11.2,0.0,1.04,9.25,160,1.28,0.2,1.5,187,-0.44,20.4,,unavailable (no satellite pass / dataset error),
83.9,Excellent,Amazing,2026-09-02T00:11:59Z,Williamstown,2026-09-01T19:00:00Z,2026-09-02T05:00,13.2,250,20.2,0.1,0.14,7.1,216,0.3,0.2,0.2,90,0.24,13.5,,unavailable (no satellite pass / dataset error),
84.5,Excellent,Amazing,2026-09-02T00:11:59Z,Williamstown,2026-09-01T20:00:00Z,2026-09-02T06:00,12.1,243,18.0,0.0,0.16,5.05,220,0.32,0.2,0.2,90,0.05,13.4,,unavailable (no satellite pass / dataset error),
85.5,Excellent,Amazing,2026-09-02T00:11:59Z,Williamstown,2026-09-01T21:00:00Z,2026-09-02T07:00,10.9,254,16.9,0.0,0.18,3.55,224,0.36,0.22,0.0,90,-0.08,13.4,,unavailable (no satellite pass / dataset error),
82.5,Excellent,Amazing,2026-09-02T00:11:59Z,Williamstown,2026-09-01T22:00:00Z,2026-09-02T08:00,14.1,251,18.7,0.0,0.2,3.1,218,0.38,0.22,0.2,90,-0.1,13.4,,unavailable (no satellite pass / dataset error),
81.6,Excellent,Amazing,2026-09-02T00:11:59Z,Williamstown,2026-09-01T23:00:00Z,2026-09-02T09:00,15.1,245,20.9,0.0,0.24,3.2,212,0.4,0.24,0.2,0,-0.04,13.4,,unavailable (no satellite pass / dataset error),
82.4,Excellent,Amazing,2026-09-02T00:11:59Z,Williamstown,2026-09-02T00:00:00Z,2026-09-02T10:00,13.9,245,20.9,0.0,0.26,3.45,206,0.42,0.24,0.2,0,0.06,13.4,,unavailable (no satellite pass / dataset error),
51.7,Fair,Getting rough,2026-09-02T00:11:59Z,Robe,2026-09-01T19:00:00Z,2026-09-02T05:00,17.9,260,29.5,0.0,2.32,9.35,236,2.52,0.74,0.6,162,0.27,14.4,,unavailable (no satellite pass / dataset error),
50.8,Fair,Getting rough,2026-09-02T00:11:59Z,Robe,2026-09-01T20:00:00Z,2026-09-02T06:00,18.6,264,31.7,0.0,2.42,9.5,234,2.58,0.78,0.8,153,0.13,14.4,,unavailable (no satellite pass / dataset error),
51.4,Fair,Getting rough,2026-09-02T00:11:59Z,Robe,2026-09-01T21:00:00Z,2026-09-02T07:00,17.5,268,31.3,0.0,2.5,9.65,233,2.64,0.82,0.9,143,0.01,14.4,,unavailable (no satellite pass / dataset error),
50.0,Fair,Getting rough,2026-09-02T00:11:59Z,Robe,2026-09-01T22:00:00Z,2026-09-02T08:00,19.4,268,31.7,0.0,2.62,9.7,232,2.74,0.8,0.9,143,-0.06,14.4,,unavailable (no satellite pass / dataset error),
48.5,Fair,Getting rough,2026-09-02T00:11:59Z,Robe,2026-09-01T23:00:00Z,2026-09-02T09:00,21.1,274,35.3,0.0,2.72,9.8,232,2.84,0.76,1.0,135,-0.07,14.4,,unavailable (no satellite pass / dataset error),
49.2,Fair,Getting rough,2026-09-02T00:11:59Z,Robe,2026-09-02T00:00:00Z,2026-09-02T10:00,20.1,282,35.3,0.0,2.84,9.85,231,2.94,0.74,1.0,121,-0.01,14.4,,unavailable (no satellite pass / dataset error),
59.7,Fair,Getting rough,2026-09-02T00:11:59Z,Port MacDonnell,2026-09-01T19:00:00Z,2026-09-02T05:00,14.5,284,23.8,0.0,2.54,9.55,234,2.74,0.94,0.6,108,0.26,14.9,,unavailable (no satellite pass / dataset error),
57.8,Fair,Getting rough,2026-09-02T00:11:59Z,Port MacDonnell,2026-09-01T20:00:00Z,2026-09-02T06:00,17.1,274,28.8,0.0,2.58,9.8,232,2.8,1.04,0.6,108,0.13,14.9,,unavailable (no satellite pass / dataset error),
57.4,Fair,Getting rough,2026-09-02T00:11:59Z,Port MacDonnell,2026-09-01T21:00:00Z,2026-09-02T07:00,17.6,278,29.5,0.0,2.62,9.95,231,2.88,1.14,0.6,108,0.02,14.9,,unavailable (no satellite pass / dataset error),
57.6,Fair,Getting rough,2026-09-02T00:11:59Z,Port MacDonnell,2026-09-01T22:00:00Z,2026-09-02T08:00,17.3,280,29.5,0.0,2.76,10.0,231,2.98,1.1,0.6,108,-0.03,14.9,,unavailable (no satellite pass / dataset error),
56.2,Fair,Getting rough,2026-09-02T00:11:59Z,Port MacDonnell,2026-09-01T23:00:00Z,2026-09-02T09:00,19.2,280,32.8,0.0,2.88,9.95,232,3.1,1.08,0.6,108,-0.02,14.9,,unavailable (no satellite pass / dataset error),
55.1,Fair,Getting rough,2026-09-02T00:11:59Z,Port MacDonnell,2026-09-02T00:00:00Z,2026-09-02T10:00,20.7,285,37.8,0.0,3.02,9.95,232,3.2,1.04,0.6,108,0.04,14.9,,unavailable (no satellite pass / dataset error),
51.1,Fair,Getting rough,2026-09-02T00:11:59Z,Cape Bridgewater,2026-09-01T19:00:00Z,2026-09-02T05:00,22.3,273,39.2,0.0,2.24,9.05,231,2.48,0.96,1.1,99,0.25,15.0,,unavailable (no satellite pass / dataset error),
51.8,Fair,Getting rough,2026-09-02T00:11:59Z,Cape Bridgewater,2026-09-01T20:00:00Z,2026-09-02T06:00,21.1,274,39.6,0.0,2.3,9.25,229,2.54,1.0,1.1,108,0.12,15.0,,unavailable (no satellite pass / dataset error),
51.2,Fair,Getting rough,2026-09-02T00:11:59Z,Cape Bridgewater,2026-09-01T21:00:00Z,2026-09-02T07:00,21.9,277,39.2,0.0,2.34,9.4,228,2.58,1.06,1.1,108,0.02,15.0,,unavailable (no satellite pass / dataset error),
51.8,Fair,Getting rough,2026-09-02T00:11:59Z,Cape Bridgewater,2026-09-01T22:00:00Z,2026-09-02T08:00,20.5,280,39.2,0.0,2.42,9.5,228,2.66,1.1,1.3,106,-0.03,15.0,,unavailable (no satellite pass / dataset error),
49.7,Fair,Getting rough,2026-09-02T00:11:59Z,Cape Bridgewater,2026-09-01T23:00:00Z,2026-09-02T09:00,23.3,281,42.1,0.0,2.5,9.6,228,2.76,1.14,1.3,106,-0.02,15.0,,unavailable (no satellite pass / dataset error),
48.1,Fair,Getting rough,2026-09-02T00:11:59Z,Cape Bridgewater,2026-09-02T00:00:00Z,2026-09-02T10:00,25.5,284,48.6,0.0,2.58,9.7,228,2.84,1.18,1.3,106,0.05,15.0,,unavailable (no satellite pass / dataset error),
58.4,Fair,Getting rough,2026-09-02T00:11:59Z,Portland Bay,2026-09-01T19:00:00Z,2026-09-02T05:00,11.9,305,20.9,0.0,1.82,9.6,225,2.16,0.74,1.1,81,0.25,14.9,,unavailable (no satellite pass / dataset error),
58.4,Fair,Getting rough,2026-09-02T00:11:59Z,Portland Bay,2026-09-01T20:00:00Z,2026-09-02T06:00,11.2,314,21.2,0.0,1.88,9.9,224,2.22,0.8,1.1,81,0.12,14.9,,unavailable (no satellite pass / dataset error),
57.5,Fair,Getting rough,2026-09-02T00:11:59Z,Portland Bay,2026-09-01T21:00:00Z,2026-09-02T07:00,12.0,305,22.0,0.0,1.94,10.1,223,2.26,0.84,1.1,81,0.02,14.9,,unavailable (no satellite pass / dataset error),
56.6,Fair,Getting rough,2026-09-02T00:11:59Z,Portland Bay,2026-09-01T22:00:00Z,2026-09-02T08:00,11.7,314,22.0,0.0,2.0,10.2,223,2.34,0.88,1.3,82,-0.03,14.9,,unavailable (no satellite pass / dataset error),
54.4,Fair,Getting rough,2026-09-02T00:11:59Z,Portland Bay,2026-09-01T23:00:00Z,2026-09-02T09:00,14.0,303,26.3,0.0,2.08,10.25,224,2.4,0.9,1.3,82,-0.01,14.9,,unavailable (no satellite pass / dataset error),
53.3,Fair,Getting rough,2026-09-02T00:11:59Z,Portland Bay,2026-09-02T00:00:00Z,2026-09-02T10:00,14.5,304,28.4,0.0,2.14,10.3,224,2.48,0.94,1.3,74,0.06,14.9,,unavailable (no satellite pass / dataset error),
55.7,Fair,Getting rough,2026-09-02T00:11:59Z,Bay of Islands,2026-09-01T19:00:00Z,2026-09-02T05:00,20.6,274,35.3,0.0,2.3,8.9,231,2.66,1.14,0.7,104,0.22,14.3,,unavailable (no satellite pass / dataset error),
55.3,Fair,Getting rough,2026-09-02T00:11:59Z,Bay of Islands,2026-09-01T20:00:00Z,2026-09-02T06:00,20.5,281,34.6,0.0,2.22,8.5,230,2.7,1.16,0.9,101,0.08,14.3,,unavailable (no satellite pass / dataset error),
56.5,Fair,Getting rough,2026-09-02T00:11:59Z,Bay of Islands,2026-09-01T21:00:00Z,2026-09-02T07:00,18.4,302,33.8,0.0,2.16,8.15,230,2.72,1.16,1.1,108,-0.02,14.3,,unavailable (no satellite pass / dataset error),
55.9,Fair,Getting rough,2026-09-02T00:11:59Z,Bay of Islands,2026-09-01T22:00:00Z,2026-09-02T08:00,19.1,316,31.7,0.1,2.24,8.0,232,2.74,1.04,1.1,108,-0.06,14.3,,unavailable (no satellite pass / dataset error),
55.1,Fair,Getting rough,2026-09-02T00:11:59Z,Bay of Islands,2026-09-01T23:00:00Z,2026-09-02T09:00,19.4,322,35.3,0.0,2.32,7.95,233,2.78,0.9,1.4,113,-0.03,14.3,,unavailable (no satellite pass / dataset error),
53.3,Fair,Getting rough,2026-09-02T00:11:59Z,Bay of Islands,2026-09-02T00:00:00Z,2026-09-02T10:00,21.8,317,38.5,0.0,2.4,7.95,235,2.8,0.78,1.4,113,0.06,14.3,,unavailable (no satellite pass / dataset error),
57.4,Fair,Getting rough,2026-09-02T00:11:59Z,Cape Otway Lightstation,2026-09-01T19:00:00Z,2026-09-02T05:00,18.4,278,38.9,0.0,2.56,9.85,230,3.0,1.54,0.8,297,0.2,14.2,,unavailable (no satellite pass / dataset error),
59.2,Fair,Getting rough,2026-09-02T00:11:59Z,Cape Otway Lightstation,2026-09-01T20:00:00Z,2026-09-02T06:00,17.0,283,37.8,0.0,2.6,9.85,230,3.02,1.54,0.4,297,-0.02,14.2,,unavailable (no satellite pass / dataset error),
59.5,Fair,Getting rough,2026-09-02T00:11:59Z,Cape Otway Lightstation,2026-09-01T21:00:00Z,2026-09-02T07:00,16.6,286,35.3,0.0,2.62,9.8,230,3.06,1.56,0.4,90,-0.19,14.2,,unavailable (no satellite pass / dataset error),
57.9,Fair,Getting rough,2026-09-02T00:11:59Z,Cape Otway Lightstation,2026-09-01T22:00:00Z,2026-09-02T08:00,16.2,287,34.6,0.0,2.74,9.65,231,3.08,1.38,1.4,90,-0.25,14.2,,unavailable (no satellite pass / dataset error),
56.8,Fair,Getting rough,2026-09-02T00:11:59Z,Cape Otway Lightstation,2026-09-01T23:00:00Z,2026-09-02T09:00,15.2,307,36.4,0.0,2.84,9.45,233,3.12,1.2,2.3,90,-0.17,14.2,,unavailable (no satellite pass / dataset error),
53.1,Fair,Getting rough,2026-09-02T00:11:59Z,Cape Otway Lightstation,2026-09-02T00:00:00Z,2026-09-02T10:00,18.6,308,43.6,0.0,2.96,9.4,234,3.14,1.02,2.9,90,0.0,14.2,,unavailable (no satellite pass / dataset error),
57.7,Fair,Getting rough,2026-09-02T00:11:59Z,Apollo Bay,2026-09-01T19:00:00Z,2026-09-02T05:00,18.8,274,38.5,0.0,2.46,10.05,230,2.94,1.58,1.0,225,0.23,14.1,,unavailable (no satellite pass / dataset error),
59.0,Fair,Getting rough,2026-09-02T00:11:59Z,Apollo Bay,2026-09-01T20:00:00Z,2026-09-02T06:00,17.4,280,36.4,0.0,2.54,9.9,231,2.98,1.52,0.9,217,-0.06,14.1,,unavailable (no satellite pass / dataset error),
61.0,Good,Getting rough,2026-09-02T00:11:59Z,Apollo Bay,2026-09-01T21:00:00Z,2026-09-02T07:00,15.4,286,33.8,0.0,2.6,9.75,231,3.0,1.48,0.6,198,-0.28,14.1,,unavailable (no satellite pass / dataset error),
60.7,Good,Getting rough,2026-09-02T00:11:59Z,Apollo Bay,2026-09-01T22:00:00Z,2026-09-02T08:00,16.7,290,34.9,0.0,2.7,9.55,232,3.04,1.3,0.3,135,-0.36,14.1,,unavailable (no satellite pass / dataset error),
61.0,Good,Getting rough,2026-09-02T00:11:59Z,Apollo Bay,2026-09-01T23:00:00Z,2026-09-02T09:00,14.9,304,34.2,0.0,2.82,9.35,234,3.06,1.12,0.8,63,-0.26,14.1,,unavailable (no satellite pass / dataset error),
57.5,Fair,Getting rough,2026-09-02T00:11:59Z,Apollo Bay,2026-09-02T00:00:00Z,2026-09-02T10:00,18.5,303,41.0,0.0,2.92,9.3,235,3.1,0.94,1.2,63,-0.05,14.1,,unavailable (no satellite pass / dataset error),
68.0,Good,Getting rough,2026-09-02T00:11:59Z,Kennett River,2026-09-01T19:00:00Z,2026-09-02T05:00,14.6,272,32.8,0.0,1.7,9.5,225,1.8,0.46,0.6,252,0.26,13.8,,unavailable (no satellite pass / dataset error),
69.3,Good,Getting rough,2026-09-02T00:11:59Z,Kennett River,2026-09-01T20:00:00Z,2026-09-02T06:00,12.4,280,32.0,0.0,1.74,9.3,225,1.8,0.36,0.8,243,-0.07,13.8,,unavailable (no satellite pass / dataset error),
71.9,Good,Getting rough,2026-09-02T00:11:59Z,Kennett River,2026-09-01T21:00:00Z,2026-09-02T07:00,9.2,303,27.7,0.0,1.78,9.2,226,1.82,0.24,0.6,252,-0.33,13.8,,unavailable (no satellite pass / dataset error),
71.9,Good,Getting rough,2026-09-02T00:11:59Z,Kennett River,2026-09-01T22:00:00Z,2026-09-02T08:00,10.6,313,25.6,0.0,1.8,9.15,226,1.84,0.22,0.0,90,-0.43,13.8,,unavailable (no satellite pass / dataset error),
68.9,Good,Getting rough,2026-09-02T00:11:59Z,Kennett River,2026-09-01T23:00:00Z,2026-09-02T09:00,13.2,304,31.7,0.0,1.84,9.1,227,1.86,0.22,0.4,63,-0.33,13.8,,unavailable (no satellite pass / dataset error),
65.5,Good,Getting rough,2026-09-02T00:11:59Z,Kennett River,2026-09-02T00:00:00Z,2026-09-02T10:00,16.5,292,40.0,0.0,1.86,9.15,227,1.88,0.2,0.8,63,-0.1,13.8,,unavailable (no satellite pass / dataset error),
78.6,Good,Doable,2026-09-02T00:11:59Z,Torquay,2026-09-01T19:00:00Z,2026-09-02T05:00,13.6,265,23.0,0.0,1.0,10.1,216,1.1,0.16,0.3,225,0.32,13.6,,unavailable (no satellite pass / dataset error),
77.3,Good,Doable,2026-09-02T00:11:59Z,Torquay,2026-09-01T20:00:00Z,2026-09-02T06:00,15.1,261,25.9,0.0,1.02,10.0,216,1.12,0.18,0.3,225,-0.1,13.6,,unavailable (no satellite pass / dataset error),
76.7,Good,Doable,2026-09-02T00:11:59Z,Torquay,2026-09-01T21:00:00Z,2026-09-02T07:00,15.4,254,27.4,0.0,1.04,9.9,216,1.16,0.2,0.3,225,-0.45,13.6,,unavailable (no satellite pass / dataset error),
79.1,Good,Doable,2026-09-02T00:11:59Z,Torquay,2026-09-01T22:00:00Z,2026-09-02T08:00,13.0,280,26.6,0.0,1.08,9.65,216,1.16,0.18,0.0,90,-0.6,13.6,,unavailable (no satellite pass / dataset error),
77.5,Good,Doable,2026-09-02T00:11:59Z,Torquay,2026-09-01T23:00:00Z,2026-09-02T09:00,13.8,305,25.9,0.0,1.12,9.4,217,1.18,0.16,0.4,90,-0.5,13.6,,unavailable (no satellite pass / dataset error),
76.5,Good,Doable,2026-09-02T00:11:59Z,Torquay,2026-09-02T00:00:00Z,2026-09-02T10:00,14.6,315,28.8,0.0,1.16,9.2,217,1.18,0.14,0.6,72,-0.22,13.6,,unavailable (no satellite pass / dataset error),
75.8,Good,Doable,2026-09-02T00:11:59Z,Port Phillip Heads (J5 Submarine),2026-09-01T19:00:00Z,2026-09-02T05:00,14.6,272,27.0,0.0,1.14,10.0,219,1.24,0.28,0.3,315,0.35,13.6,,unavailable (no satellite pass / dataset error),
74.5,Good,Doable,2026-09-02T00:11:59Z,Port Phillip Heads (J5 Submarine),2026-09-01T20:00:00Z,2026-09-02T06:00,15.9,265,28.4,0.0,1.16,10.15,219,1.28,0.36,0.3,315,-0.1,13.6,,unavailable (no satellite pass / dataset error),
73.6,Good,Doable,2026-09-02T00:11:59Z,Port Phillip Heads (J5 Submarine),2026-09-01T21:00:00Z,2026-09-02T07:00,16.9,258,30.2,0.0,1.16,10.15,219,1.32,0.42,0.2,0,-0.47,13.6,,unavailable (no satellite pass / dataset error),
74.5,Good,Bit dodgy,2026-09-02T00:11:59Z,Port Phillip Heads (J5 Submarine),2026-09-01T22:00:00Z,2026-09-02T08:00,14.9,269,30.6,0.0,1.22,9.75,219,1.34,0.34,0.4,27,-0.64,13.6,,unavailable (no satellite pass / dataset error),
74.7,Good,Bit dodgy,2026-09-02T00:11:59Z,Port Phillip Heads (J5 Submarine),2026-09-01T23:00:00Z,2026-09-02T09:00,14.6,297,29.5,0.0,1.28,9.2,219,1.34,0.26,0.4,27,-0.53,13.6,,unavailable (no satellite pass / dataset error),
74.3,Good,Bit dodgy,2026-09-02T00:11:59Z,Port Phillip Heads (J5 Submarine),2026-09-02T00:00:00Z,2026-09-02T10:00,14.7,310,31.3,0.0,1.34,8.85,219,1.36,0.18,0.5,45,-0.25,13.6,,unavailable (no satellite pass / dataset error),
71.7,Good,Bit dodgy,2026-09-02T00:11:59Z,Queenscliff,2026-09-01T19:00:00Z,2026-09-02T05:00,17.4,263,34.6,0.0,1.26,9.9,222,1.36,0.36,0.3,225,0.35,13.6,,unavailable (no satellite pass / dataset error),
70.7,Good,Bit dodgy,2026-09-02T00:11:59Z,Queenscliff,2026-09-01T20:00:00Z,2026-09-02T06:00,17.8,262,29.9,0.0,1.24,10.15,221,1.42,0.44,0.4,207,-0.1,13.6,,unavailable (no satellite pass / dataset error),
69.9,Good,Bit dodgy,2026-09-02T00:11:59Z,Queenscliff,2026-09-01T21:00:00Z,2026-09-02T07:00,18.9,259,32.0,0.0,1.24,10.2,221,1.46,0.52,0.2,180,-0.48,13.6,,unavailable (no satellite pass / dataset error),
69.4,Good,Bit dodgy,2026-09-02T00:11:59Z,Queenscliff,2026-09-01T22:00:00Z,2026-09-02T08:00,19.2,259,33.1,0.0,1.32,9.85,221,1.48,0.42,0.3,45,-0.65,13.6,,unavailable (no satellite pass / dataset error),
70.1,Good,Bit dodgy,2026-09-02T00:11:59Z,Queenscliff,2026-09-01T23:00:00Z,2026-09-02T09:00,17.7,272,34.2,0.0,1.38,9.3,221,1.48,0.32,0.5,45,-0.54,13.6,,unavailable (no satellite pass / dataset error),
70.5,Good,Bit dodgy,2026-09-02T00:11:59Z,Queenscliff,2026-09-02T00:00:00Z,2026-09-02T10:00,16.1,292,32.8,0.0,1.46,8.95,221,1.5,0.22,0.8,45,-0.26,13.6,,unavailable (no satellite pass / dataset error),
66.4,Good,Getting rough,2026-09-02T00:11:59Z,Blairgowrie Back Beach,2026-09-01T19:00:00Z,2026-09-02T05:00,17.7,282,31.0,0.1,1.56,9.5,228,1.74,0.56,0.4,153,0.38,13.6,,unavailable (no satellite pass / dataset error),
62.1,Good,Getting rough,2026-09-02T00:11:59Z,Blairgowrie Back Beach,2026-09-01T20:00:00Z,2026-09-02T06:00,23.0,270,40.7,0.0,1.58,9.65,228,1.78,0.7,0.4,117,-0.07,13.6,,unavailable (no satellite pass / dataset error),
60.8,Good,Getting rough,2026-09-02T00:11:59Z,Blairgowrie Back Beach,2026-09-01T21:00:00Z,2026-09-02T07:00,24.1,261,44.3,0.0,1.58,9.65,227,1.84,0.84,0.4,90,-0.46,13.6,,unavailable (no satellite pass / dataset error),
62.6,Good,Getting rough,2026-09-02T00:11:59Z,Blairgowrie Back Beach,2026-09-01T22:00:00Z,2026-09-02T08:00,21.4,268,43.9,0.0,1.66,9.4,227,1.86,0.68,0.4,63,-0.65,13.6,,unavailable (no satellite pass / dataset error),
63.5,Good,Getting rough,2026-09-02T00:11:59Z,Blairgowrie Back Beach,2026-09-01T23:00:00Z,2026-09-02T09:00,19.7,279,41.8,0.0,1.72,9.0,228,1.86,0.52,0.6,56,-0.57,13.6,,unavailable (no satellite pass / dataset error),
64.6,Good,Getting rough,2026-09-02T00:11:59Z,Blairgowrie Back Beach,2026-09-02T00:00:00Z,2026-09-02T10:00,18.0,299,39.6,0.0,1.8,8.8,228,1.88,0.36,0.6,56,-0.28,13.6,,unavailable (no satellite pass / dataset error),
63.2,Good,Getting rough,2026-09-02T00:11:59Z,Cape Schanck,2026-09-01T19:00:00Z,2026-09-02T05:00,17.3,266,32.8,0.1,1.74,9.55,231,2.04,1.0,0.3,45,0.4,13.7,,unavailable (no satellite pass / dataset error),
58.5,Fair,Getting rough,2026-09-02T00:11:59Z,Cape Schanck,2026-09-01T20:00:00Z,2026-09-02T06:00,23.0,269,38.9,0.1,1.78,9.4,231,2.06,1.04,0.4,27,-0.05,13.7,,unavailable (no satellite pass / dataset error),
57.0,Fair,Getting rough,2026-09-02T00:11:59Z,Cape Schanck,2026-09-01T21:00:00Z,2026-09-02T07:00,24.5,267,44.3,0.0,1.82,9.2,230,2.1,1.06,0.4,27,-0.44,13.7,,unavailable (no satellite pass / dataset error),
60.0,Good,Getting rough,2026-09-02T00:11:59Z,Cape Schanck,2026-09-01T22:00:00Z,2026-09-02T08:00,20.5,271,42.5,0.0,1.9,8.95,231,2.1,0.86,0.4,27,-0.64,13.7,,unavailable (no satellite pass / dataset error),
60.3,Good,Getting rough,2026-09-02T00:11:59Z,Cape Schanck,2026-09-01T23:00:00Z,2026-09-02T09:00,20.1,277,38.9,0.0,1.98,8.65,232,2.1,0.68,0.4,63,-0.58,13.7,,unavailable (no satellite pass / dataset error),
61.2,Good,Getting rough,2026-09-02T00:11:59Z,Cape Schanck,2026-09-02T00:00:00Z,2026-09-02T10:00,18.4,297,38.9,0.0,2.06,8.55,233,2.1,0.48,0.6,72,-0.31,13.7,,unavailable (no satellite pass / dataset error),
57.8,Fair,Doable,2026-09-02T00:11:59Z,Cape Paterson,2026-09-01T19:00:00Z,2026-09-02T05:00,20.7,270,35.3,0.1,1.12,7.85,245,2.02,1.24,1.3,90,0.5,13.7,,unavailable (no satellite pass / dataset error),
54.1,Fair,Doable,2026-09-02T00:11:59Z,Cape Paterson,2026-09-01T20:00:00Z,2026-09-02T06:00,25.0,268,41.0,0.0,1.1,9.75,246,2.08,1.38,1.3,82,0.02,13.7,,unavailable (no satellite pass / dataset error),
52.4,Fair,Doable,2026-09-02T00:11:59Z,Cape Paterson,2026-09-01T21:00:00Z,2026-09-02T07:00,27.1,265,46.1,0.0,1.1,10.85,247,2.14,1.52,1.1,81,-0.4,13.7,,unavailable (no satellite pass / dataset error),
52.5,Fair,Bit dodgy,2026-09-02T00:11:59Z,Cape Paterson,2026-09-01T22:00:00Z,2026-09-02T08:00,27.2,268,47.9,0.0,1.32,10.1,245,2.12,1.32,1.1,72,-0.66,13.7,,unavailable (no satellite pass / dataset error),
54.9,Fair,Getting rough,2026-09-02T00:11:59Z,Cape Paterson,2026-09-01T23:00:00Z,2026-09-02T09:00,24.0,267,46.1,0.0,1.56,8.6,243,2.12,1.12,1.1,81,-0.67,13.7,,unavailable (no satellite pass / dataset error),
55.3,Fair,Getting rough,2026-09-02T00:11:59Z,Cape Paterson,2026-09-02T00:00:00Z,2026-09-02T10:00,23.1,272,44.3,0.0,1.78,7.45,241,2.1,0.92,1.3,82,-0.42,13.7,,unavailable (no satellite pass / dataset error),
48.5,Fair,Doable,2026-09-02T00:11:59Z,Wilsons Prom (West - Norman Bay),2026-09-01T19:00:00Z,2026-09-02T05:00,41.5,264,51.8,0.0,1.08,10.25,228,2.26,1.78,1.3,90,0.54,13.6,,unavailable (no satellite pass / dataset error),
48.4,Fair,Doable,2026-09-02T00:11:59Z,Wilsons Prom (West - Norman Bay),2026-09-01T20:00:00Z,2026-09-02T06:00,42.3,263,53.6,0.0,1.12,9.9,228,2.32,1.86,1.1,90,0.07,13.6,,unavailable (no satellite pass / dataset error),
47.9,Fair,Doable,2026-09-02T00:11:59Z,Wilsons Prom (West - Norman Bay),2026-09-01T21:00:00Z,2026-09-02T07:00,45.3,267,57.2,0.0,1.18,9.7,227,2.38,1.96,1.1,90,-0.36,13.6,,unavailable (no satellite pass / dataset error),
48.5,Fair,Doable,2026-09-02T00:11:59Z,Wilsons Prom (West - Norman Bay),2026-09-01T22:00:00Z,2026-09-02T08:00,42.6,267,56.9,0.0,1.16,9.95,228,2.36,1.8,0.9,79,-0.63,13.6,,unavailable (no satellite pass / dataset error),
49.0,Fair,Doable,2026-09-02T00:11:59Z,Wilsons Prom (West - Norman Bay),2026-09-01T23:00:00Z,2026-09-02T09:00,39.0,274,54.4,0.0,1.12,10.35,228,2.34,1.62,0.7,76,-0.67,13.6,,unavailable (no satellite pass / dataset error),
49.2,Fair,Doable,2026-09-02T00:11:59Z,Wilsons Prom (West - Norman Bay),2026-09-02T00:00:00Z,2026-09-02T10:00,37.5,276,49.7,0.0,1.1,10.35,229,2.32,1.46,0.7,76,-0.46,13.6,,unavailable (no satellite pass / dataset error),
64.9,Good,Great,2026-09-02T00:11:59Z,Wilsons Prom (East - Sealers Cove),2026-09-01T19:00:00Z,2026-09-02T05:00,18.5,264,43.2,0.1,0.8,7.7,243,1.62,1.18,0.4,27,0.57,13.4,,unavailable (no satellite pass / dataset error),
65.4,Good,Great,2026-09-02T00:11:59Z,Wilsons Prom (East - Sealers Cove),2026-09-01T20:00:00Z,2026-09-02T06:00,17.5,268,38.9,0.1,0.8,8.05,238,1.66,1.28,0.3,45,0.2,13.3,,unavailable (no satellite pass / dataset error),
63.0,Good,Doable,2026-09-02T00:11:59Z,Wilsons Prom (East - Sealers Cove),2026-09-01T21:00:00Z,2026-09-02T07:00,20.1,263,41.8,0.0,0.82,8.5,232,1.72,1.38,0.3,45,-0.17,13.3,,unavailable (no satellite pass / dataset error),
61.9,Good,Great,2026-09-02T00:11:59Z,Wilsons Prom (East - Sealers Cove),2026-09-01T22:00:00Z,2026-09-02T08:00,21.5,265,47.2,0.0,0.78,9.05,232,1.72,1.34,0.3,45,-0.43,13.3,,unavailable (no satellite pass / dataset error),
59.7,Fair,Great,2026-09-02T00:11:59Z,Wilsons Prom (East - Sealers Cove),2026-09-01T23:00:00Z,2026-09-02T09:00,24.2,262,56.5,0.0,0.76,9.65,232,1.74,1.3,0.3,45,-0.5,13.3,,unavailable (no satellite pass / dataset error),
61.0,Good,Great,2026-09-02T00:11:59Z,Wilsons Prom (East - Sealers Cove),2026-09-02T00:00:00Z,2026-09-02T10:00,22.5,268,55.8,0.0,0.72,9.85,232,1.74,1.26,0.3,45,-0.36,13.3,,unavailable (no satellite pass / dataset error),
84.0,Excellent,Great,2026-09-02T00:11:59Z,Mallacoota,2026-09-01T19:00:00Z,2026-09-02T05:00,11.9,1,22.0,0.0,0.66,8.85,168,0.74,0.04,0.4,180,-0.3,15.2,,unavailable (no satellite pass / dataset error),
85.5,Excellent,Great,2026-09-02T00:11:59Z,Mallacoota,2026-09-01T20:00:00Z,2026-09-02T06:00,10.5,353,22.0,0.0,0.64,8.85,167,0.74,0.04,0.2,180,-0.2,15.2,,unavailable (no satellite pass / dataset error),
86.3,Excellent,Great,2026-09-02T00:11:59Z,Mallacoota,2026-09-01T21:00:00Z,2026-09-02T07:00,10.2,330,19.4,0.0,0.64,8.85,167,0.72,0.04,0.0,90,-0.01,15.2,,unavailable (no satellite pass / dataset error),
87.5,Excellent,Great,2026-09-02T00:11:59Z,Mallacoota,2026-09-01T22:00:00Z,2026-09-02T08:00,8.1,315,18.7,0.0,0.62,8.85,167,0.72,0.04,0.2,90,0.22,15.3,,unavailable (no satellite pass / dataset error),
89.4,Excellent,Great,2026-09-02T00:11:59Z,Mallacoota,2026-09-01T23:00:00Z,2026-09-02T09:00,5.7,261,18.0,0.0,0.6,8.9,167,0.7,0.04,0.2,90,0.45,15.3,,unavailable (no satellite pass / dataset error),
85.5,Excellent,Great,2026-09-02T00:11:59Z,Mallacoota,2026-09-02T00:00:00Z,2026-09-02T10:00,10.7,210,28.1,0.0,0.58,8.85,167,0.7,0.04,0.3,45,0.63,15.3,,unavailable (no satellite pass / dataset error),
94.6,Excellent,,2026-09-02T00:11:59Z,Eden,2026-09-01T19:00:00Z,2026-09-02T05:00,4.9,303,14.4,0.0,,,,,,0.3,135,-0.35,17.1,,unavailable (no satellite pass / dataset error),
94.9,Excellent,,2026-09-02T00:11:59Z,Eden,2026-09-01T20:00:00Z,2026-09-02T06:00,4.6,281,8.3,0.0,,,,,,0.3,135,-0.24,17.1,,unavailable (no satellite pass / dataset error),
90.7,Excellent,,2026-09-02T00:11:59Z,Eden,2026-09-01T21:00:00Z,2026-09-02T07:00,9.0,280,13.7,0.0,,,,,,0.3,135,-0.04,17.1,,unavailable (no satellite pass / dataset error),
91.2,Excellent,,2026-09-02T00:11:59Z,Eden,2026-09-01T22:00:00Z,2026-09-02T08:00,8.5,283,18.4,0.0,,,,,,0.3,135,0.22,17.1,,unavailable (no satellite pass / dataset error),
91.7,Excellent,,2026-09-02T00:11:59Z,Eden,2026-09-01T23:00:00Z,2026-09-02T09:00,7.9,287,20.2,0.0,,,,,,0.3,135,0.47,17.2,,unavailable (no satellite pass / dataset error),
97.1,Excellent,,2026-09-02T00:11:59Z,Eden,2026-09-02T00:00:00Z,2026-09-02T10:00,3.0,218,20.2,0.0,,,,,,0.0,90,0.66,17.2,,unavailable (no satellite pass / dataset error),
83.6,Excellent,Great,2026-09-02T00:11:59Z,Green Cape,2026-09-01T19:00:00Z,2026-09-02T05:00,9.5,327,23.8,0.0,0.64,7.45,168,1.0,0.3,0.4,117,-0.33,17.2,,unavailable (no satellite pass / dataset error),
83.4,Excellent,Great,2026-09-02T00:11:59Z,Green Cape,2026-09-01T20:00:00Z,2026-09-02T06:00,9.8,313,16.6,0.0,0.64,7.45,169,1.0,0.24,0.4,117,-0.23,17.2,,unavailable (no satellite pass / dataset error),
82.4,Excellent,Great,2026-09-02T00:11:59Z,Green Cape,2026-09-01T21:00:00Z,2026-09-02T07:00,11.4,298,20.5,0.0,0.62,7.5,170,0.98,0.16,0.4,90,-0.03,17.2,,unavailable (no satellite pass / dataset error),
83.8,Excellent,Great,2026-09-02T00:11:59Z,Green Cape,2026-09-01T22:00:00Z,2026-09-02T08:00,9.8,290,20.9,0.0,0.6,7.5,169,0.96,0.1,0.4,90,0.22,17.2,,unavailable (no satellite pass / dataset error),
85.7,Excellent,Great,2026-09-02T00:11:59Z,Green Cape,2026-09-01T23:00:00Z,2026-09-02T09:00,7.7,288,20.9,0.0,0.6,7.5,168,0.92,0.06,0.4,90,0.47,17.3,,unavailable (no satellite pass / dataset error),
88.8,Excellent,Great,2026-09-02T00:11:59Z,Green Cape,2026-09-02T00:00:00Z,2026-09-02T10:00,3.8,191,19.4,0.0,0.58,7.6,167,0.9,0.0,0.4,63,0.66,17.3,,unavailable (no satellite pass / dataset error),
85.5,Excellent,Great,2026-09-02T00:11:59Z,Tathra,2026-09-01T19:00:00Z,2026-09-02T05:00,9.2,357,24.8,0.0,0.46,8.15,122,0.6,0.06,1.3,188,-0.35,17.4,,unavailable (no satellite pass / dataset error),
88.1,Excellent,Great,2026-09-02T00:11:59Z,Tathra,2026-09-01T20:00:00Z,2026-09-02T06:00,5.7,323,15.8,0.0,0.46,8.1,121,0.6,0.02,1.3,188,-0.25,17.4,,unavailable (no satellite pass / dataset error),
88.3,Excellent,Great,2026-09-02T00:11:59Z,Tathra,2026-09-01T21:00:00Z,2026-09-02T07:00,5.6,272,9.7,0.0,0.46,8.05,121,0.58,0.0,1.3,188,-0.04,17.4,,unavailable (no satellite pass / dataset error),
87.2,Excellent,Great,2026-09-02T00:11:59Z,Tathra,2026-09-01T22:00:00Z,2026-09-02T08:00,7.6,277,16.2,0.0,0.44,8.05,121,0.58,0.0,1.1,189,0.21,17.4,,unavailable (no satellite pass / dataset error),
88.4,Excellent,Great,2026-09-02T00:11:59Z,Tathra,2026-09-01T23:00:00Z,2026-09-02T09:00,6.2,285,16.9,0.0,0.44,8.05,121,0.56,0.0,1.1,189,0.47,17.4,,unavailable (no satellite pass / dataset error),
90.7,Excellent,Great,2026-09-02T00:11:59Z,Tathra,2026-09-02T00:00:00Z,2026-09-02T10:00,3.2,333,16.6,0.0,0.42,8.05,121,0.56,0.0,1.1,189,0.66,17.4,,unavailable (no satellite pass / dataset error),
80.8,Excellent,Doable,2026-09-02T00:11:59Z,Bermagui,2026-09-01T19:00:00Z,2026-09-02T05:00,10.6,339,18.4,0.0,0.84,9.05,150,1.08,0.22,0.9,191,-0.34,17.4,,unavailable (no satellite pass / dataset error),
79.2,Good,Doable,2026-09-02T00:11:59Z,Bermagui,2026-09-01T20:00:00Z,2026-09-02T06:00,12.7,330,22.3,0.0,0.86,8.85,147,1.08,0.24,0.9,191,-0.23,17.4,,unavailable (no satellite pass / dataset error),
80.5,Excellent,Doable,2026-09-02T00:11:59Z,Bermagui,2026-09-01T21:00:00Z,2026-09-02T07:00,11.5,335,22.3,0.0,0.88,8.75,145,1.06,0.24,0.9,191,-0.03,17.5,,unavailable (no satellite pass / dataset error),
82.3,Excellent,Doable,2026-09-02T00:11:59Z,Bermagui,2026-09-01T22:00:00Z,2026-09-02T08:00,9.9,318,20.9,0.0,0.86,8.7,145,1.04,0.16,0.7,194,0.23,17.5,,unavailable (no satellite pass / dataset error),
85.3,Excellent,Doable,2026-09-02T00:11:59Z,Bermagui,2026-09-01T23:00:00Z,2026-09-02T09:00,5.9,310,19.4,0.0,0.86,8.75,145,1.04,0.08,0.7,194,0.48,17.5,,unavailable (no satellite pass / dataset error),
88.7,Excellent,Doable,2026-09-02T00:11:59Z,Bermagui,2026-09-02T00:00:00Z,2026-09-02T10:00,1.6,27,16.2,0.0,0.84,8.75,145,1.02,0.0,0.7,194,0.68,17.5,,unavailable (no satellite pass / dataset error),
79.4,Good,Great,2026-09-02T00:11:59Z,Narooma,2026-09-01T19:00:00Z,2026-09-02T05:00,12.9,345,29.5,0.0,0.68,8.45,146,0.9,0.18,1.5,173,-0.34,17.2,,unavailable (no satellite pass / dataset error),
81.3,Excellent,Great,2026-09-02T00:11:59Z,Narooma,2026-09-01T20:00:00Z,2026-09-02T06:00,10.6,339,24.5,0.0,0.68,8.5,145,0.88,0.2,1.5,173,-0.23,17.2,,unavailable (no satellite pass / dataset error),
82.3,Excellent,Great,2026-09-02T00:11:59Z,Narooma,2026-09-01T21:00:00Z,2026-09-02T07:00,9.3,347,18.4,0.0,0.68,8.6,145,0.88,0.2,1.5,173,-0.02,17.2,,unavailable (no satellite pass / dataset error),
85.0,Excellent,Great,2026-09-02T00:11:59Z,Narooma,2026-09-01T22:00:00Z,2026-09-02T08:00,5.9,12,14.8,0.0,0.68,8.65,145,0.86,0.14,1.5,173,0.24,17.2,,unavailable (no satellite pass / dataset error),
85.4,Excellent,Great,2026-09-02T00:11:59Z,Narooma,2026-09-01T23:00:00Z,2026-09-02T09:00,6.1,358,17.6,0.0,0.66,8.7,146,0.84,0.1,1.3,172,0.49,17.2,,unavailable (no satellite pass / dataset error),
86.8,Excellent,Great,2026-09-02T00:11:59Z,Narooma,2026-09-02T00:00:00Z,2026-09-02T10:00,4.5,14,18.0,0.0,0.66,8.75,146,0.82,0.04,1.3,172,0.68,17.2,,unavailable (no satellite pass / dataset error),
76.6,Good,Great,2026-09-02T00:11:59Z,Batemans Bay (Inside),2026-09-01T19:00:00Z,2026-09-02T05:00,18.0,326,37.8,0.0,0.8,8.95,148,0.94,0.2,0.8,207,-0.33,17.2,,unavailable (no satellite pass / dataset error),
77.8,Good,Great,2026-09-02T00:11:59Z,Batemans Bay (Inside),2026-09-01T20:00:00Z,2026-09-02T06:00,15.8,326,36.0,0.0,0.8,8.95,149,0.94,0.2,1.0,202,-0.22,17.2,,unavailable (no satellite pass / dataset error),
84.3,Excellent,Great,2026-09-02T00:11:59Z,Batemans Bay (Inside),2026-09-01T21:00:00Z,2026-09-02T07:00,7.9,11,29.9,0.0,0.78,8.95,149,0.92,0.18,1.0,211,-0.01,17.3,,unavailable (no satellite pass / dataset error),
85.0,Excellent,Great,2026-09-02T00:11:59Z,Batemans Bay (Inside),2026-09-01T22:00:00Z,2026-09-02T08:00,7.2,53,17.3,0.0,0.76,9.0,149,0.9,0.12,1.0,211,0.25,17.3,,unavailable (no satellite pass / dataset error),
88.3,Excellent,Great,2026-09-02T00:11:59Z,Batemans Bay (Inside),2026-09-01T23:00:00Z,2026-09-02T09:00,2.6,56,17.6,0.0,0.72,9.05,149,0.88,0.08,1.2,207,0.51,17.3,,unavailable (no satellite pass / dataset error),
86.1,Excellent,Great,2026-09-02T00:11:59Z,Batemans Bay (Inside),2026-09-02T00:00:00Z,2026-09-02T10:00,5.7,9,19.1,0.0,0.7,9.1,149,0.86,0.02,1.2,207,0.7,17.3,,unavailable (no satellite pass / dataset error),
76.1,Good,Doable,2026-09-02T00:11:59Z,Batemans Bay (Outside),2026-09-01T19:00:00Z,2026-09-02T05:00,18.0,326,37.8,0.0,0.84,8.8,146,1.0,0.24,0.8,207,-0.33,17.2,,unavailable (no satellite pass / dataset error),
77.3,Good,Doable,2026-09-02T00:11:59Z,Batemans Bay (Outside),2026-09-01T20:00:00Z,2026-09-02T06:00,15.8,326,36.0,0.0,0.82,8.75,145,1.0,0.24,1.0,202,-0.22,17.2,,unavailable (no satellite pass / dataset error),
83.8,Excellent,Doable,2026-09-02T00:11:59Z,Batemans Bay (Outside),2026-09-01T21:00:00Z,2026-09-02T07:00,7.9,11,29.9,0.0,0.82,8.75,145,0.98,0.22,1.0,211,-0.01,17.3,,unavailable (no satellite pass / dataset error),
84.5,Excellent,Great,2026-09-02T00:11:59Z,Batemans Bay (Outside),2026-09-01T22:00:00Z,2026-09-02T08:00,7.2,53,17.3,0.0,0.8,8.75,145,0.96,0.16,1.0,211,0.25,17.3,,unavailable (no satellite pass / dataset error),
87.8,Excellent,Great,2026-09-02T00:11:59Z,Batemans Bay (Outside),2026-09-01T23:00:00Z,2026-09-02T09:00,2.6,56,17.6,0.0,0.78,8.75,145,0.94,0.08,1.2,207,0.51,17.3,,unavailable (no satellite pass / dataset error),
85.6,Excellent,Great,2026-09-02T00:11:59Z,Batemans Bay (Outside),2026-09-02T00:00:00Z,2026-09-02T10:00,5.7,9,19.1,0.0,0.76,8.75,145,0.92,0.02,1.2,207,0.7,17.3,,unavailable (no satellite pass / dataset error),
80.4,Excellent,Great,2026-09-02T00:11:59Z,Ulladulla,2026-09-01T19:00:00Z,2026-09-02T05:00,15.8,312,36.7,0.1,0.64,9.1,150,0.76,0.06,0.6,214,-0.33,17.4,,unavailable (no satellite pass / dataset error),
81.6,Excellent,Great,2026-09-02T00:11:59Z,Ulladulla,2026-09-01T20:00:00Z,2026-09-02T06:00,14.3,304,31.3,0.0,0.64,9.1,150,0.76,0.06,0.6,214,-0.22,17.4,,unavailable (no satellite pass / dataset error),
83.1,Excellent,Great,2026-09-02T00:11:59Z,Ulladulla,2026-09-01T21:00:00Z,2026-09-02T07:00,11.9,302,28.1,0.0,0.62,9.05,150,0.74,0.08,0.8,207,0.0,17.4,,unavailable (no satellite pass / dataset error),
87.7,Excellent,Great,2026-09-02T00:11:59Z,Ulladulla,2026-09-01T22:00:00Z,2026-09-02T08:00,5.8,64,22.7,0.0,0.6,9.05,150,0.74,0.06,0.8,207,0.26,17.4,,unavailable (no satellite pass / dataset error),
81.0,Excellent,Great,2026-09-02T00:11:59Z,Ulladulla,2026-09-01T23:00:00Z,2026-09-02T09:00,15.5,87,33.8,0.0,0.6,9.05,150,0.72,0.04,0.6,214,0.53,17.4,,unavailable (no satellite pass / dataset error),
86.6,Excellent,Great,2026-09-02T00:11:59Z,Ulladulla,2026-09-02T00:00:00Z,2026-09-02T10:00,7.5,53,33.1,0.0,0.58,9.05,150,0.72,0.02,0.8,207,0.72,17.5,,unavailable (no satellite pass / dataset error),
81.3,Excellent,Great,2026-09-02T00:11:59Z,Jervis Bay (Inside),2026-09-01T19:00:00Z,2026-09-02T05:00,14.1,297,26.3,0.0,0.6,8.65,158,0.78,0.08,0.8,207,-0.34,17.6,,unavailable (no satellite pass / dataset error),
81.1,Excellent,Great,2026-09-02T00:11:59Z,Jervis Bay (Inside),2026-09-01T20:00:00Z,2026-09-02T06:00,15.1,310,32.0,0.0,0.6,8.6,157,0.76,0.08,0.6,214,-0.22,17.6,,unavailable (no satellite pass / dataset error),
82.0,Excellent,Great,2026-09-02T00:11:59Z,Jervis Bay (Inside),2026-09-01T21:00:00Z,2026-09-02T07:00,13.9,308,29.5,0.0,0.58,8.6,157,0.76,0.08,0.6,214,0.0,17.6,,unavailable (no satellite pass / dataset error),
83.6,Excellent,Great,2026-09-02T00:11:59Z,Jervis Bay (Inside),2026-09-01T22:00:00Z,2026-09-02T08:00,11.9,309,26.6,0.0,0.58,8.6,157,0.74,0.06,0.6,198,0.27,17.6,,unavailable (no satellite pass / dataset error),
87.4,Excellent,Great,2026-09-02T00:11:59Z,Jervis Bay (Inside),2026-09-01T23:00:00Z,2026-09-02T09:00,6.9,355,23.0,0.0,0.56,8.55,157,0.74,0.02,0.6,198,0.54,17.6,,unavailable (no satellite pass / dataset error),
85.2,Excellent,Great,2026-09-02T00:11:59Z,Jervis Bay (Inside),2026-09-02T00:00:00Z,2026-09-02T10:00,10.1,344,26.6,0.0,0.56,8.55,157,0.72,0.0,0.6,198,0.73,17.7,,unavailable (no satellite pass / dataset error),
74.8,Good,Doable,2026-09-02T00:11:59Z,Jervis Bay (Outside - Point Perpendicular),2026-09-01T19:00:00Z,2026-09-02T05:00,20.5,309,27.0,0.0,0.84,9.6,160,1.0,0.14,0.7,194,-0.34,17.6,,unavailable (no satellite pass / dataset error),
77.9,Good,Doable,2026-09-02T00:11:59Z,Jervis Bay (Outside - Point Perpendicular),2026-09-01T20:00:00Z,2026-09-02T06:00,16.9,315,25.6,0.0,0.84,9.6,159,0.98,0.14,0.6,198,-0.22,17.6,,unavailable (no satellite pass / dataset error),
79.0,Good,Doable,2026-09-02T00:11:59Z,Jervis Bay (Outside - Point Perpendicular),2026-09-01T21:00:00Z,2026-09-02T07:00,15.4,315,22.0,0.0,0.82,9.55,159,0.98,0.14,0.6,214,0.01,17.6,,unavailable (no satellite pass / dataset error),
79.1,Good,Great,2026-09-02T00:11:59Z,Jervis Bay (Outside - Point Perpendicular),2026-09-01T22:00:00Z,2026-09-02T08:00,15.5,314,20.9,0.0,0.8,9.5,159,0.96,0.12,0.6,214,0.28,17.6,,unavailable (no satellite pass / dataset error),
78.9,Good,Great,2026-09-02T00:11:59Z,Jervis Bay (Outside - Point Perpendicular),2026-09-01T23:00:00Z,2026-09-02T09:00,15.2,337,20.9,0.0,0.78,9.5,159,0.96,0.08,0.8,207,0.54,17.6,,unavailable (no satellite pass / dataset error),
78.8,Good,Great,2026-09-02T00:11:59Z,Jervis Bay (Outside - Point Perpendicular),2026-09-02T00:00:00Z,2026-09-02T10:00,15.6,8,19.8,0.0,0.76,9.45,159,0.94,0.06,0.8,207,0.74,17.7,,unavailable (no satellite pass / dataset error),
86.8,Excellent,Great,2026-09-02T00:11:59Z,Shellharbour,2026-09-01T19:00:00Z,2026-09-02T05:00,8.6,327,40.0,0.1,0.52,7.95,116,0.74,0.04,0.2,180,-0.35,17.9,,unavailable (no satellite pass / dataset error),
86.8,Excellent,Great,2026-09-02T00:11:59Z,Shellharbour,2026-09-01T20:00:00Z,2026-09-02T06:00,7.2,354,19.1,1.0,0.54,7.3,87,0.74,0.04,0.2,180,-0.22,17.9,,unavailable (no satellite pass / dataset error),
88.4,Excellent,Great,2026-09-02T00:11:59Z,Shellharbour,2026-09-01T21:00:00Z,2026-09-02T07:00,5.0,358,14.4,0.0,0.54,6.85,57,0.74,0.04,0.2,180,0.01,17.9,,unavailable (no satellite pass / dataset error),
87.7,Excellent,Great,2026-09-02T00:11:59Z,Shellharbour,2026-09-01T22:00:00Z,2026-09-02T08:00,6.0,351,13.3,0.0,0.54,6.8,57,0.74,0.04,0.2,180,0.28,17.9,,unavailable (no satellite pass / dataset error),
89.6,Excellent,Great,2026-09-02T00:11:59Z,Shellharbour,2026-09-01T23:00:00Z,2026-09-02T09:00,3.4,32,13.3,0.0,0.54,6.95,58,0.74,0.04,0.2,180,0.55,17.9,,unavailable (no satellite pass / dataset error),
85.8,Excellent,Great,2026-09-02T00:11:59Z,Shellharbour,2026-09-02T00:00:00Z,2026-09-02T10:00,8.5,333,22.7,0.0,0.54,6.9,58,0.74,0.04,0.2,180,0.75,18.0,,unavailable (no satellite pass / dataset error),
79.4,Good,Great,2026-09-02T00:11:59Z,Terrigal,2026-09-01T19:00:00Z,2026-09-02T05:00,16.9,315,34.2,0.0,0.68,9.6,162,0.9,0.2,0.0,90,-0.37,18.1,,unavailable (no satellite pass / dataset error),
79.1,Good,Great,2026-09-02T00:11:59Z,Terrigal,2026-09-01T20:00:00Z,2026-09-02T06:00,17.3,312,36.0,0.0,0.68,9.6,161,0.9,0.16,0.0,90,-0.23,18.1,,unavailable (no satellite pass / dataset error),
79.4,Good,Great,2026-09-02T00:11:59Z,Terrigal,2026-09-01T21:00:00Z,2026-09-02T07:00,17.1,316,34.9,0.0,0.68,9.65,160,0.88,0.1,0.0,90,0.0,18.1,,unavailable (no satellite pass / dataset error),
79.8,Good,Great,2026-09-02T00:11:59Z,Terrigal,2026-09-01T22:00:00Z,2026-09-02T08:00,16.3,332,34.2,0.2,0.68,9.7,160,0.88,0.16,0.0,90,0.29,18.1,,unavailable (no satellite pass / dataset error),
78.8,Good,Great,2026-09-02T00:11:59Z,Terrigal,2026-09-01T23:00:00Z,2026-09-02T09:00,17.0,329,35.6,0.1,0.66,9.7,159,0.88,0.2,0.2,180,0.56,18.1,,unavailable (no satellite pass / dataset error),
78.5,Good,Great,2026-09-02T00:11:59Z,Terrigal,2026-09-02T00:00:00Z,2026-09-02T10:00,17.1,325,37.1,0.0,0.66,9.7,159,0.88,0.26,0.3,135,0.75,18.1,,unavailable (no satellite pass / dataset error),
80.5,Excellent,Doable,2026-09-02T00:11:59Z,Fingal Bay,2026-09-01T19:00:00Z,2026-09-02T05:00,10.1,327,16.6,0.0,1.02,10.1,168,1.24,0.1,0.3,225,-0.39,19.1,,unavailable (no satellite pass / dataset error),
81.3,Excellent,Doable,2026-09-02T00:11:59Z,Fingal Bay,2026-09-01T20:00:00Z,2026-09-02T06:00,9.4,317,16.6,0.0,1.04,9.95,165,1.2,0.08,0.3,225,-0.25,19.1,,unavailable (no satellite pass / dataset error),
82.3,Excellent,Doable,2026-09-02T00:11:59Z,Fingal Bay,2026-09-01T21:00:00Z,2026-09-02T07:00,8.3,321,15.5,0.0,1.08,9.8,162,1.18,0.04,0.3,225,-0.01,19.1,,unavailable (no satellite pass / dataset error),
82.9,Excellent,Doable,2026-09-02T00:11:59Z,Fingal Bay,2026-09-01T22:00:00Z,2026-09-02T08:00,7.8,328,15.5,0.0,1.06,9.8,162,1.16,0.06,0.3,225,0.29,19.1,,unavailable (no satellite pass / dataset error),
83.7,Excellent,Doable,2026-09-02T00:11:59Z,Fingal Bay,2026-09-01T23:00:00Z,2026-09-02T09:00,6.5,332,16.9,0.0,1.06,9.85,162,1.16,0.06,0.4,243,0.57,19.1,,unavailable (no satellite pass / dataset error),
83.0,Excellent,Doable,2026-09-02T00:11:59Z,Fingal Bay,2026-09-02T00:00:00Z,2026-09-02T10:00,8.3,333,16.9,0.0,1.04,9.85,162,1.14,0.08,0.4,243,0.77,19.2,,unavailable (no satellite pass / dataset error),
83.0,Excellent,Great,2026-09-02T00:11:59Z,Broughton Island,2026-09-01T19:00:00Z,2026-09-02T05:00,10.6,328,20.2,0.0,0.76,9.6,161,0.98,0.04,0.2,180,-0.39,18.7,,unavailable (no satellite pass / dataset error),
83.2,Excellent,Great,2026-09-02T00:11:59Z,Broughton Island,2026-09-01T20:00:00Z,2026-09-02T06:00,10.6,332,17.6,0.0,0.8,9.9,162,0.96,0.04,0.2,180,-0.25,18.7,,unavailable (no satellite pass / dataset error),
85.0,Excellent,Doable,2026-09-02T00:11:59Z,Broughton Island,2026-09-01T21:00:00Z,2026-09-02T07:00,8.9,312,17.3,0.0,0.82,10.1,162,0.94,0.02,0.2,180,-0.01,18.8,,unavailable (no satellite pass / dataset error),
85.3,Excellent,Doable,2026-09-02T00:11:59Z,Broughton Island,2026-09-01T22:00:00Z,2026-09-02T08:00,8.4,313,16.6,0.0,0.82,10.15,162,0.92,0.02,0.3,225,0.29,18.8,,unavailable (no satellite pass / dataset error),
87.0,Excellent,Great,2026-09-02T00:11:59Z,Broughton Island,2026-09-01T23:00:00Z,2026-09-02T09:00,6.2,311,18.4,0.0,0.8,10.15,162,0.92,0.0,0.3,225,0.57,18.8,,unavailable (no satellite pass / dataset error),
86.9,Excellent,Great,2026-09-02T00:11:59Z,Broughton Island,2026-09-02T00:00:00Z,2026-09-02T10:00,6.5,358,16.2,0.0,0.8,10.15,162,0.9,0.0,0.3,225,0.76,18.8,,unavailable (no satellite pass / dataset error),
75.8,Good,Doable,2026-09-02T00:11:59Z,Seal Rocks,2026-09-01T19:00:00Z,2026-09-02T05:00,15.2,336,32.0,0.0,1.18,9.7,166,1.4,0.28,0.4,153,-0.39,19.0,,unavailable (no satellite pass / dataset error),
76.7,Good,Doable,2026-09-02T00:11:59Z,Seal Rocks,2026-09-01T20:00:00Z,2026-09-02T06:00,14.4,340,31.0,0.0,1.18,9.75,167,1.36,0.28,0.4,153,-0.25,19.0,,unavailable (no satellite pass / dataset error),
76.8,Good,Doable,2026-09-02T00:11:59Z,Seal Rocks,2026-09-01T21:00:00Z,2026-09-02T07:00,14.5,335,29.2,0.0,1.16,9.8,167,1.34,0.26,0.4,180,0.0,19.0,,unavailable (no satellite pass / dataset error),
77.0,Good,Doable,2026-09-02T00:11:59Z,Seal Rocks,2026-09-01T22:00:00Z,2026-09-02T08:00,14.5,333,29.5,0.0,1.14,9.85,167,1.32,0.2,0.4,180,0.3,19.0,,unavailable (no satellite pass / dataset error),
79.4,Good,Doable,2026-09-02T00:11:59Z,Seal Rocks,2026-09-01T23:00:00Z,2026-09-02T09:00,12.0,336,27.0,0.0,1.14,9.9,167,1.28,0.16,0.4,180,0.57,19.1,,unavailable (no satellite pass / dataset error),
80.1,Excellent,Doable,2026-09-02T00:11:59Z,Seal Rocks,2026-09-02T00:00:00Z,2026-09-02T10:00,11.1,335,24.1,0.0,1.12,9.9,167,1.26,0.1,0.5,180,0.77,19.1,,unavailable (no satellite pass / dataset error),
83.0,Excellent,Great,2026-09-02T00:11:59Z,Forster,2026-09-01T19:00:00Z,2026-09-02T05:00,11.7,350,19.8,0.0,0.66,9.0,151,0.9,0.14,0.3,135,-0.41,19.4,,unavailable (no satellite pass / dataset error),
83.5,Excellent,Great,2026-09-02T00:11:59Z,Forster,2026-09-01T20:00:00Z,2026-09-02T06:00,11.3,353,21.2,0.0,0.66,8.95,150,0.88,0.14,0.3,135,-0.25,19.4,,unavailable (no satellite pass / dataset error),
84.1,Excellent,Great,2026-09-02T00:11:59Z,Forster,2026-09-01T21:00:00Z,2026-09-02T07:00,11.0,350,20.5,0.0,0.64,8.95,150,0.86,0.16,0.2,90,0.0,19.4,,unavailable (no satellite pass / dataset error),
85.4,Excellent,Great,2026-09-02T00:11:59Z,Forster,2026-09-01T22:00:00Z,2026-09-02T08:00,10.0,345,21.2,0.0,0.64,8.95,150,0.84,0.14,0.0,90,0.3,19.4,,unavailable (no satellite pass / dataset error),
87.1,Excellent,Great,2026-09-02T00:11:59Z,Forster,2026-09-01T23:00:00Z,2026-09-02T09:00,8.0,346,21.6,0.0,0.62,9.0,150,0.82,0.1,0.0,90,0.58,19.4,,unavailable (no satellite pass / dataset error),
84.4,Excellent,Great,2026-09-02T00:11:59Z,Forster,2026-09-02T00:00:00Z,2026-09-02T10:00,11.2,325,27.4,0.0,0.62,9.05,150,0.8,0.08,0.2,180,0.78,19.4,,unavailable (no satellite pass / dataset error),
81.7,Excellent,Doable,2026-09-02T00:11:59Z,South West Rocks,2026-09-01T19:00:00Z,2026-09-02T05:00,5.7,298,10.8,0.0,1.1,9.25,159,1.36,0.12,1.3,180,-0.42,20.4,,unavailable (no satellite pass / dataset error),
82.7,Excellent,Doable,2026-09-02T00:11:59Z,South West Rocks,2026-09-01T20:00:00Z,2026-09-02T06:00,5.3,288,10.4,0.0,1.08,9.25,159,1.32,0.08,1.1,180,-0.26,20.4,,unavailable (no satellite pass / dataset error),
81.6,Excellent,Doable,2026-09-02T00:11:59Z,South West Rocks,2026-09-01T21:00:00Z,2026-09-02T07:00,7.0,299,11.9,0.0,1.06,9.25,159,1.3,0.06,1.1,171,0.01,20.4,,unavailable (no satellite pass / dataset error),
84.0,Excellent,Doable,2026-09-02T00:11:59Z,South West Rocks,2026-09-01T22:00:00Z,2026-09-02T08:00,4.1,299,13.0,0.0,1.04,9.25,159,1.28,0.04,1.1,171,0.32,20.4,,unavailable (no satellite pass / dataset error),
84.9,Excellent,Doable,2026-09-02T00:11:59Z,South West Rocks,2026-09-01T23:00:00Z,2026-09-02T09:00,3.3,306,13.3,0.0,1.04,9.25,159,1.24,0.02,1.1,171,0.6,20.4,,unavailable (no satellite pass / dataset error),
83.3,Excellent,Doable,2026-09-02T00:11:59Z,South West Rocks,2026-09-02T00:00:00Z,2026-09-02T10:00,5.1,337,18.0,0.0,1.02,9.25,159,1.22,0.0,1.3,180,0.79,20.4,,unavailable (no satellite pass / dataset error),
85.6,Excellent,Amazing,2026-09-02T06:10:47Z,Williamstown,2026-09-02T01:00:00Z,2026-09-02T11:00,9.9,266,17.6,0.0,0.24,3.75,208,0.4,0.18,0.2,0,0.21,13.5,,unavailable (no satellite pass / dataset error),
86.9,Excellent,Amazing,2026-09-02T06:10:47Z,Williamstown,2026-09-02T02:00:00Z,2026-09-02T12:00,8.0,284,14.4,0.0,0.24,4.2,211,0.4,0.12,0.3,45,0.4,13.5,,unavailable (no satellite pass / dataset error),
90.9,Excellent,Amazing,2026-09-02T06:10:47Z,Williamstown,2026-09-02T03:00:00Z,2026-09-02T13:00,3.1,273,11.2,0.0,0.22,4.45,213,0.38,0.06,0.2,0,0.56,13.6,,unavailable (no satellite pass / dataset error),
92.2,Excellent,Amazing,2026-09-02T06:10:47Z,Williamstown,2026-09-02T04:00:00Z,2026-09-02T14:00,1.6,270,4.3,0.0,0.24,4.3,212,0.36,0.04,0.2,0,0.61,13.6,,unavailable (no satellite pass / dataset error),
92.6,Excellent,Amazing,2026-09-02T06:10:47Z,Williamstown,2026-09-02T05:00:00Z,2026-09-02T15:00,1.3,286,2.2,0.0,0.24,4.0,210,0.34,0.04,0.2,0,0.54,13.7,,unavailable (no satellite pass / dataset error),
91.4,Excellent,Amazing,2026-09-02T06:10:47Z,Williamstown,2026-09-02T06:00:00Z,2026-09-02T16:00,3.1,121,2.9,0.0,0.26,3.8,209,0.32,0.02,0.2,0,0.42,13.7,,unavailable (no satellite pass / dataset error),
47.9,Fair,Getting rough,2026-09-02T06:10:47Z,Robe,2026-09-02T01:00:00Z,2026-09-02T11:00,22.4,285,38.5,0.0,2.94,9.95,231,3.06,0.78,1.0,112,0.09,14.4,,unavailable (no satellite pass / dataset error),
47.5,Fair,Getting rough,2026-09-02T06:10:47Z,Robe,2026-09-02T02:00:00Z,2026-09-02T12:00,22.9,292,40.7,0.0,3.06,10.0,230,3.18,0.82,1.0,112,0.19,14.4,,unavailable (no satellite pass / dataset error),
47.2,Fair,Getting rough,2026-09-02T06:10:47Z,Robe,2026-09-02T03:00:00Z,2026-09-02T13:00,23.4,295,41.0,0.2,3.16,10.1,230,3.3,0.86,0.9,101,0.27,14.4,,unavailable (no satellite pass / dataset error),
45.8,Fair,Getting rough,2026-09-02T06:10:47Z,Robe,2026-09-02T04:00:00Z,2026-09-02T14:00,25.3,297,44.3,0.2,3.22,10.2,230,3.38,0.94,0.9,101,0.31,14.4,,unavailable (no satellite pass / dataset error),
46.9,Fair,Getting rough,2026-09-02T06:10:47Z,Robe,2026-09-02T05:00:00Z,2026-09-02T15:00,25.9,294,45.0,0.1,3.3,10.25,230,3.46,1.04,1.0,112,0.27,14.5,,unavailable (no satellite pass / dataset error),
52.3,Fair,Getting rough,2026-09-02T06:10:47Z,Robe,2026-09-02T06:00:00Z,2026-09-02T16:00,27.2,295,46.8,0.2,3.36,10.3,230,3.54,1.12,1.0,112,0.17,14.5,,unavailable (no satellite pass / dataset error),
53.7,Fair,Getting rough,2026-09-02T06:10:47Z,Port MacDonnell,2026-09-02T01:00:00Z,2026-09-02T11:00,22.6,289,42.1,0.0,3.12,10.0,232,3.3,1.08,0.6,108,0.14,14.9,,unavailable (no satellite pass / dataset error),
52.6,Fair,Getting rough,2026-09-02T06:10:47Z,Port MacDonnell,2026-09-02T02:00:00Z,2026-09-02T12:00,23.9,293,44.6,0.1,3.2,10.1,231,3.4,1.14,0.6,108,0.24,14.9,,unavailable (no satellite pass / dataset error),
50.6,Fair,Getting rough,2026-09-02T06:10:47Z,Port MacDonnell,2026-09-02T03:00:00Z,2026-09-02T13:00,26.2,297,48.6,0.2,3.3,10.2,231,3.5,1.18,0.6,108,0.3,14.9,,unavailable (no satellite pass / dataset error),
50.1,Fair,Getting rough,2026-09-02T06:10:47Z,Port MacDonnell,2026-09-02T04:00:00Z,2026-09-02T14:00,26.7,300,51.1,0.1,3.36,10.25,231,3.58,1.24,0.7,104,0.32,14.9,,unavailable (no satellite pass / dataset error),
53.2,Fair,Getting rough,2026-09-02T06:10:47Z,Port MacDonnell,2026-09-02T05:00:00Z,2026-09-02T15:00,26.4,300,50.0,0.1,3.4,10.3,232,3.64,1.3,0.7,104,0.27,14.9,,unavailable (no satellite pass / dataset error),
55.4,Fair,Getting rough,2026-09-02T06:10:47Z,Port MacDonnell,2026-09-02T06:00:00Z,2026-09-02T16:00,24.8,301,48.2,0.0,3.46,10.35,232,3.72,1.36,0.8,117,0.16,14.9,,unavailable (no satellite pass / dataset error),
47.1,Fair,Getting rough,2026-09-02T06:10:47Z,Cape Bridgewater,2026-09-02T01:00:00Z,2026-09-02T11:00,26.5,287,50.4,0.1,2.68,9.75,228,2.94,1.2,1.3,106,0.15,15.0,,unavailable (no satellite pass / dataset error),
46.3,Fair,Getting rough,2026-09-02T06:10:47Z,Cape Bridgewater,2026-09-02T02:00:00Z,2026-09-02T12:00,27.4,290,52.2,0.0,2.76,9.85,228,3.02,1.24,1.4,113,0.25,15.0,,unavailable (no satellite pass / dataset error),
45.6,Fair,Getting rough,2026-09-02T06:10:47Z,Cape Bridgewater,2026-09-02T03:00:00Z,2026-09-02T13:00,28.1,292,54.7,0.1,2.86,9.9,228,3.12,1.26,1.4,113,0.31,15.0,,unavailable (no satellite pass / dataset error),
45.3,Fair,Getting rough,2026-09-02T06:10:47Z,Cape Bridgewater,2026-09-02T04:00:00Z,2026-09-02T14:00,28.3,292,55.8,0.1,2.9,10.0,228,3.18,1.32,1.5,111,0.32,15.0,,unavailable (no satellite pass / dataset error),
45.1,Fair,Getting rough,2026-09-02T06:10:47Z,Cape Bridgewater,2026-09-02T05:00:00Z,2026-09-02T15:00,28.4,292,54.7,0.1,2.92,10.05,228,3.24,1.38,1.6,117,0.27,15.0,,unavailable (no satellite pass / dataset error),
47.8,Fair,Getting rough,2026-09-02T06:10:47Z,Cape Bridgewater,2026-09-02T06:00:00Z,2026-09-02T16:00,28.1,294,54.0,0.0,2.96,10.1,228,3.3,1.44,1.8,114,0.15,15.0,,unavailable (no satellite pass / dataset error),
50.1,Fair,Getting rough,2026-09-02T06:10:47Z,Portland Bay,2026-09-02T01:00:00Z,2026-09-02T11:00,18.5,299,36.0,0.1,2.22,10.3,224,2.56,1.0,1.3,74,0.16,14.9,,unavailable (no satellite pass / dataset error),
47.8,Fair,Getting rough,2026-09-02T06:10:47Z,Portland Bay,2026-09-02T02:00:00Z,2026-09-02T12:00,21.4,291,42.1,0.1,2.32,10.35,225,2.66,1.06,1.3,82,0.25,14.9,,unavailable (no satellite pass / dataset error),
47.7,Fair,Getting rough,2026-09-02T06:10:47Z,Portland Bay,2026-09-02T03:00:00Z,2026-09-02T13:00,21.3,295,44.6,0.1,2.4,10.35,225,2.74,1.12,1.3,82,0.32,14.9,,unavailable (no satellite pass / dataset error),
47.7,Fair,Getting rough,2026-09-02T06:10:47Z,Portland Bay,2026-09-02T04:00:00Z,2026-09-02T14:00,21.3,295,44.3,0.1,2.44,10.4,225,2.8,1.16,1.3,90,0.33,14.9,,unavailable (no satellite pass / dataset error),
48.5,Fair,Getting rough,2026-09-02T06:10:47Z,Portland Bay,2026-09-02T05:00:00Z,2026-09-02T15:00,20.7,293,42.8,0.1,2.5,10.45,226,2.84,1.2,1.3,90,0.27,14.9,,unavailable (no satellite pass / dataset error),
51.9,Fair,Getting rough,2026-09-02T06:10:47Z,Portland Bay,2026-09-02T06:00:00Z,2026-09-02T16:00,20.7,293,41.4,0.0,2.54,10.5,226,2.9,1.24,1.3,90,0.16,14.9,,unavailable (no satellite pass / dataset error),
51.6,Fair,Getting rough,2026-09-02T06:10:47Z,Bay of Islands,2026-09-02T01:00:00Z,2026-09-02T11:00,24.4,309,43.6,0.0,2.44,8.1,234,2.9,0.9,1.3,106,0.18,14.3,,unavailable (no satellite pass / dataset error),
50.6,Fair,Getting rough,2026-09-02T06:10:47Z,Bay of Islands,2026-09-02T02:00:00Z,2026-09-02T12:00,25.8,307,45.7,0.0,2.48,8.35,233,2.98,1.04,1.3,106,0.29,14.3,,unavailable (no satellite pass / dataset error),
50.9,Fair,Getting rough,2026-09-02T06:10:47Z,Bay of Islands,2026-09-02T03:00:00Z,2026-09-02T13:00,25.7,300,46.8,0.1,2.52,8.55,232,3.08,1.16,1.1,108,0.35,14.3,,unavailable (no satellite pass / dataset error),
51.4,Fair,Getting rough,2026-09-02T06:10:47Z,Bay of Islands,2026-09-02T04:00:00Z,2026-09-02T14:00,25.3,300,46.4,0.0,2.58,8.6,233,3.16,1.14,1.0,112,0.36,14.3,,unavailable (no satellite pass / dataset error),
53.5,Fair,Getting rough,2026-09-02T06:10:47Z,Bay of Islands,2026-09-02T05:00:00Z,2026-09-02T15:00,22.5,296,43.9,0.0,2.66,8.55,233,3.24,1.12,1.0,112,0.29,14.3,,unavailable (no satellite pass / dataset error),
53.3,Fair,Getting rough,2026-09-02T06:10:47Z,Bay of Islands,2026-09-02T06:00:00Z,2026-09-02T16:00,22.8,301,40.7,0.0,2.72,8.6,234,3.32,1.1,1.0,112,0.15,14.3,,unavailable (no satellite pass / dataset error),
51.3,Fair,Getting rough,2026-09-02T06:10:47Z,Cape Otway Lightstation,2026-09-02T01:00:00Z,2026-09-02T11:00,20.5,293,47.5,0.0,3.02,9.55,233,3.24,1.16,3.1,93,0.19,14.2,,unavailable (no satellite pass / dataset error),
50.9,Fair,Getting rough,2026-09-02T06:10:47Z,Cape Otway Lightstation,2026-09-02T02:00:00Z,2026-09-02T12:00,21.5,292,50.4,0.0,3.08,9.85,232,3.34,1.28,2.9,90,0.39,14.2,,unavailable (no satellite pass / dataset error),
52.0,Fair,Getting rough,2026-09-02T06:10:47Z,Cape Otway Lightstation,2026-09-02T03:00:00Z,2026-09-02T13:00,21.7,292,50.4,0.0,3.14,10.05,231,3.44,1.42,2.3,86,0.54,14.2,,unavailable (no satellite pass / dataset error),
53.0,Fair,Getting rough,2026-09-02T06:10:47Z,Cape Otway Lightstation,2026-09-02T04:00:00Z,2026-09-02T14:00,22.4,292,51.5,0.0,3.22,10.15,231,3.52,1.44,1.5,76,0.59,14.2,,unavailable (no satellite pass / dataset error),
55.3,Fair,Getting rough,2026-09-02T06:10:47Z,Cape Otway Lightstation,2026-09-02T05:00:00Z,2026-09-02T15:00,22.0,294,51.5,0.0,3.32,10.2,232,3.62,1.44,0.5,45,0.5,14.2,,unavailable (no satellite pass / dataset error),
55.8,Fair,Getting rough,2026-09-02T06:10:47Z,Cape Otway Lightstation,2026-09-02T06:00:00Z,2026-09-02T16:00,21.4,297,50.4,0.0,3.4,10.2,232,3.7,1.46,0.6,304,0.28,14.2,,unavailable (no satellite pass / dataset error),
56.6,Fair,Getting rough,2026-09-02T06:10:47Z,Apollo Bay,2026-09-02T01:00:00Z,2026-09-02T11:00,19.0,290,43.2,0.0,2.98,9.45,234,3.18,1.04,1.5,60,0.19,14.1,,unavailable (no satellite pass / dataset error),
54.9,Fair,Getting rough,2026-09-02T06:10:47Z,Apollo Bay,2026-09-02T02:00:00Z,2026-09-02T12:00,21.2,287,47.9,0.0,3.06,9.75,233,3.28,1.16,1.5,60,0.43,14.1,,unavailable (no satellite pass / dataset error),
56.2,Fair,Getting rough,2026-09-02T06:10:47Z,Apollo Bay,2026-09-02T03:00:00Z,2026-09-02T13:00,21.1,288,47.5,0.0,3.12,10.0,232,3.36,1.26,1.0,59,0.63,14.2,,unavailable (no satellite pass / dataset error),
57.2,Fair,Getting rough,2026-09-02T06:10:47Z,Apollo Bay,2026-09-02T04:00:00Z,2026-09-02T14:00,21.3,289,47.5,0.0,3.22,10.1,232,3.46,1.28,0.4,90,0.72,14.2,,unavailable (no satellite pass / dataset error),
57.3,Fair,Getting rough,2026-09-02T06:10:47Z,Apollo Bay,2026-09-02T05:00:00Z,2026-09-02T15:00,21.2,288,47.9,0.0,3.3,10.15,233,3.56,1.32,0.4,207,0.64,14.2,,unavailable (no satellite pass / dataset error),
56.5,Fair,Getting rough,2026-09-02T06:10:47Z,Apollo Bay,2026-09-02T06:00:00Z,2026-09-02T16:00,20.3,292,46.1,0.0,3.4,10.15,233,3.66,1.34,1.2,219,0.39,14.2,,unavailable (no satellite pass / dataset error),
62.8,Good,Getting rough,2026-09-02T06:10:47Z,Kennett River,2026-09-02T01:00:00Z,2026-09-02T11:00,18.4,288,44.6,0.0,1.9,9.3,227,1.94,0.26,1.2,63,0.17,13.8,,unavailable (no satellite pass / dataset error),
62.2,Good,Getting rough,2026-09-02T06:10:47Z,Kennett River,2026-09-02T02:00:00Z,2026-09-02T12:00,18.7,293,45.7,0.0,1.96,9.5,227,1.98,0.3,1.2,63,0.45,13.8,,unavailable (no satellite pass / dataset error),
62.4,Good,Getting rough,2026-09-02T06:10:47Z,Kennett River,2026-09-02T03:00:00Z,2026-09-02T13:00,18.1,295,45.7,0.0,2.0,9.7,227,2.04,0.36,1.2,63,0.69,13.9,,unavailable (no satellite pass / dataset error),
62.3,Good,Getting rough,2026-09-02T06:10:47Z,Kennett River,2026-09-02T04:00:00Z,2026-09-02T14:00,19.2,295,46.1,0.0,2.06,9.8,227,2.1,0.36,0.6,56,0.82,13.9,,unavailable (no satellite pass / dataset error),
63.0,Good,Getting rough,2026-09-02T06:10:47Z,Kennett River,2026-09-02T05:00:00Z,2026-09-02T15:00,19.1,298,46.4,0.0,2.12,9.85,227,2.16,0.34,0.0,90,0.75,13.9,,unavailable (no satellite pass / dataset error),
62.8,Good,Getting rough,2026-09-02T06:10:47Z,Kennett River,2026-09-02T06:00:00Z,2026-09-02T16:00,17.4,301,45.0,0.0,2.18,9.9,227,2.22,0.34,0.5,225,0.48,13.9,,unavailable (no satellite pass / dataset error),
73.7,Good,Doable,2026-09-02T06:10:47Z,Torquay,2026-09-02T01:00:00Z,2026-09-02T11:00,17.7,295,33.5,0.0,1.18,9.2,217,1.22,0.2,0.7,76,0.11,13.6,,unavailable (no satellite pass / dataset error),
71.8,Good,Bit dodgy,2026-09-02T06:10:47Z,Torquay,2026-09-02T02:00:00Z,2026-09-02T12:00,19.5,298,37.4,0.0,1.22,9.25,217,1.24,0.24,0.9,79,0.46,13.7,,unavailable (no satellite pass / dataset error),
71.5,Good,Bit dodgy,2026-09-02T06:10:47Z,Torquay,2026-09-02T03:00:00Z,2026-09-02T13:00,19.4,300,37.4,0.0,1.24,9.35,217,1.28,0.3,0.9,79,0.78,13.7,,unavailable (no satellite pass / dataset error),
70.5,Good,Bit dodgy,2026-09-02T06:10:47Z,Torquay,2026-09-02T04:00:00Z,2026-09-02T14:00,20.8,299,39.2,0.0,1.28,9.45,217,1.32,0.3,0.7,90,0.99,13.7,,unavailable (no satellite pass / dataset error),
70.5,Good,Bit dodgy,2026-09-02T06:10:47Z,Torquay,2026-09-02T05:00:00Z,2026-09-02T15:00,21.3,298,39.6,0.0,1.3,9.6,217,1.34,0.28,0.4,90,0.95,13.7,,unavailable (no satellite pass / dataset error),
70.8,Good,Bit dodgy,2026-09-02T06:10:47Z,Torquay,2026-09-02T06:00:00Z,2026-09-02T16:00,20.8,298,42.1,0.0,1.34,9.7,217,1.38,0.28,0.3,135,0.65,13.7,,unavailable (no satellite pass / dataset error),
72.6,Good,Bit dodgy,2026-09-02T06:10:47Z,Port Phillip Heads (J5 Submarine),2026-09-02T01:00:00Z,2026-09-02T11:00,16.5,299,34.6,0.0,1.36,8.95,219,1.38,0.24,0.6,72,0.1,13.6,,unavailable (no satellite pass / dataset error),
70.2,Good,Bit dodgy,2026-09-02T06:10:47Z,Port Phillip Heads (J5 Submarine),2026-09-02T02:00:00Z,2026-09-02T12:00,19.2,296,39.2,0.0,1.36,9.25,220,1.4,0.28,0.7,76,0.46,13.7,,unavailable (no satellite pass / dataset error),
70.0,Good,Bit dodgy,2026-09-02T06:10:47Z,Port Phillip Heads (J5 Submarine),2026-09-02T03:00:00Z,2026-09-02T13:00,19.2,297,39.6,0.0,1.38,9.55,220,1.42,0.34,0.7,76,0.8,13.7,,unavailable (no satellite pass / dataset error),
69.4,Good,Bit dodgy,2026-09-02T06:10:47Z,Port Phillip Heads (J5 Submarine),2026-09-02T04:00:00Z,2026-09-02T14:00,20.1,294,40.7,0.0,1.42,9.7,220,1.46,0.34,0.5,90,1.02,13.7,,unavailable (no satellite pass / dataset error),
68.7,Good,Bit dodgy,2026-09-02T06:10:47Z,Port Phillip Heads (J5 Submarine),2026-09-02T05:00:00Z,2026-09-02T15:00,20.9,294,41.4,0.0,1.46,9.85,220,1.5,0.32,0.4,90,0.99,13.7,,unavailable (no satellite pass / dataset error),
68.8,Good,Bit dodgy,2026-09-02T06:10:47Z,Port Phillip Heads (J5 Submarine),2026-09-02T06:00:00Z,2026-09-02T16:00,20.8,292,42.5,0.0,1.5,9.95,220,1.54,0.32,0.2,90,0.7,13.7,,unavailable (no satellite pass / dataset error),
69.2,Good,Bit dodgy,2026-09-02T06:10:47Z,Queenscliff,2026-09-02T01:00:00Z,2026-09-02T11:00,17.4,315,34.6,0.0,1.48,9.05,221,1.52,0.26,0.9,53,0.08,13.6,,unavailable (no satellite pass / dataset error),
68.5,Good,Bit dodgy,2026-09-02T06:10:47Z,Queenscliff,2026-09-02T02:00:00Z,2026-09-02T12:00,18.3,307,36.0,0.0,1.5,9.4,222,1.54,0.3,0.8,63,0.45,13.6,,unavailable (no satellite pass / dataset error),
68.3,Good,Getting rough,2026-09-02T06:10:47Z,Queenscliff,2026-09-02T03:00:00Z,2026-09-02T13:00,18.7,299,36.7,0.0,1.52,9.7,222,1.56,0.34,0.7,76,0.81,13.6,,unavailable (no satellite pass / dataset error),
68.0,Good,Getting rough,2026-09-02T06:10:47Z,Queenscliff,2026-09-02T04:00:00Z,2026-09-02T14:00,19.1,288,37.1,0.0,1.56,9.85,222,1.6,0.34,0.5,90,1.04,13.6,,unavailable (no satellite pass / dataset error),
66.2,Good,Getting rough,2026-09-02T06:10:47Z,Queenscliff,2026-09-02T05:00:00Z,2026-09-02T15:00,21.1,281,39.2,0.0,1.62,10.0,222,1.66,0.36,0.4,117,1.01,13.7,,unavailable (no satellite pass / dataset error),
65.5,Good,Getting rough,2026-09-02T06:10:47Z,Queenscliff,2026-09-02T06:00:00Z,2026-09-02T16:00,21.8,272,40.0,0.0,1.66,10.1,222,1.7,0.36,0.3,135,0.71,13.7,,unavailable (no satellite pass / dataset error),
65.0,Good,Getting rough,2026-09-02T06:10:47Z,Blairgowrie Back Beach,2026-09-02T01:00:00Z,2026-09-02T11:00,17.4,315,38.2,0.0,1.84,8.95,227,1.9,0.38,0.6,56,0.07,13.6,,unavailable (no satellite pass / dataset error),
63.6,Good,Getting rough,2026-09-02T06:10:47Z,Blairgowrie Back Beach,2026-09-02T02:00:00Z,2026-09-02T12:00,19.0,312,40.3,0.0,1.86,9.25,227,1.92,0.4,0.6,72,0.44,13.6,,unavailable (no satellite pass / dataset error),
63.4,Good,Getting rough,2026-09-02T06:10:47Z,Blairgowrie Back Beach,2026-09-02T03:00:00Z,2026-09-02T13:00,19.4,304,41.0,0.0,1.9,9.55,226,1.94,0.42,0.5,90,0.8,13.6,,unavailable (no satellite pass / dataset error),
62.7,Good,Getting rough,2026-09-02T06:10:47Z,Blairgowrie Back Beach,2026-09-02T04:00:00Z,2026-09-02T14:00,19.3,294,41.4,0.0,1.96,9.75,226,2.0,0.44,0.6,108,1.04,13.6,,unavailable (no satellite pass / dataset error),
60.9,Good,Getting rough,2026-09-02T06:10:47Z,Blairgowrie Back Beach,2026-09-02T05:00:00Z,2026-09-02T15:00,21.5,288,43.9,0.0,2.0,9.9,226,2.04,0.46,0.5,135,1.03,13.7,,unavailable (no satellite pass / dataset error),
60.4,Good,Getting rough,2026-09-02T06:10:47Z,Blairgowrie Back Beach,2026-09-02T06:00:00Z,2026-09-02T16:00,21.6,277,44.6,0.0,2.06,10.05,226,2.1,0.48,0.5,135,0.74,13.7,,unavailable (no satellite pass / dataset error),
60.7,Good,Getting rough,2026-09-02T06:10:47Z,Cape Schanck,2026-09-02T01:00:00Z,2026-09-02T11:00,18.8,316,37.8,0.0,2.08,8.7,233,2.12,0.5,0.7,90,0.05,13.7,,unavailable (no satellite pass / dataset error),
59.5,Fair,Getting rough,2026-09-02T06:10:47Z,Cape Schanck,2026-09-02T02:00:00Z,2026-09-02T12:00,19.7,315,38.9,0.0,2.08,9.0,232,2.14,0.5,0.9,90,0.43,13.7,,unavailable (no satellite pass / dataset error),
59.0,Fair,Getting rough,2026-09-02T06:10:47Z,Cape Schanck,2026-09-02T03:00:00Z,2026-09-02T13:00,20.1,306,39.6,0.0,2.1,9.25,232,2.16,0.52,0.9,90,0.79,13.7,,unavailable (no satellite pass / dataset error),
58.3,Fair,Getting rough,2026-09-02T06:10:47Z,Cape Schanck,2026-09-02T04:00:00Z,2026-09-02T14:00,20.9,299,39.6,0.0,2.16,9.45,232,2.22,0.56,0.7,90,1.04,13.7,,unavailable (no satellite pass / dataset error),
56.7,Fair,Getting rough,2026-09-02T06:10:47Z,Cape Schanck,2026-09-02T05:00:00Z,2026-09-02T15:00,22.7,293,42.8,0.0,2.22,9.6,232,2.3,0.58,0.5,90,1.05,13.8,,unavailable (no satellite pass / dataset error),
55.6,Fair,Getting rough,2026-09-02T06:10:47Z,Cape Schanck,2026-09-02T06:00:00Z,2026-09-02T16:00,23.7,287,44.6,0.0,2.28,9.7,232,2.36,0.62,0.4,90,0.78,13.8,,unavailable (no satellite pass / dataset error),
57.0,Fair,Getting rough,2026-09-02T06:10:47Z,Cape Paterson,2026-09-02T01:00:00Z,2026-09-02T11:00,20.6,295,42.1,0.0,1.78,7.3,241,2.08,0.88,1.5,83,-0.02,13.7,,unavailable (no satellite pass / dataset error),
56.8,Fair,Getting rough,2026-09-02T06:10:47Z,Cape Paterson,2026-09-02T02:00:00Z,2026-09-02T12:00,21.1,301,41.4,0.0,1.76,7.5,242,2.08,0.82,1.4,90,0.41,13.7,,unavailable (no satellite pass / dataset error),
55.6,Fair,Getting rough,2026-09-02T06:10:47Z,Cape Paterson,2026-09-02T03:00:00Z,2026-09-02T13:00,22.4,297,42.8,0.0,1.76,7.8,242,2.06,0.78,1.6,90,0.82,13.7,,unavailable (no satellite pass / dataset error),
56.8,Fair,Getting rough,2026-09-02T06:10:47Z,Cape Paterson,2026-09-02T04:00:00Z,2026-09-02T14:00,21.1,290,43.9,0.0,1.8,8.0,241,2.08,0.76,1.4,90,1.12,13.7,,unavailable (no satellite pass / dataset error),
57.9,Fair,Getting rough,2026-09-02T06:10:47Z,Cape Paterson,2026-09-02T05:00:00Z,2026-09-02T15:00,19.6,283,40.7,0.0,1.84,8.2,239,2.08,0.74,1.4,90,1.18,13.7,,unavailable (no satellite pass / dataset error),
56.2,Fair,Getting rough,2026-09-02T06:10:47Z,Cape Paterson,2026-09-02T06:00:00Z,2026-09-02T16:00,22.0,278,40.7,0.0,1.88,8.45,238,2.1,0.72,1.3,82,0.94,13.7,,unavailable (no satellite pass / dataset error),
49.0,Fair,Doable,2026-09-02T06:10:47Z,Wilsons Prom (West - Norman Bay),2026-09-02T01:00:00Z,2026-09-02T11:00,35.8,281,49.0,0.0,1.2,9.3,234,2.3,1.38,0.9,90,-0.08,13.6,,unavailable (no satellite pass / dataset error),
50.6,Fair,Bit dodgy,2026-09-02T06:10:47Z,Wilsons Prom (West - Norman Bay),2026-09-02T02:00:00Z,2026-09-02T12:00,33.3,296,45.4,0.0,1.3,7.8,240,2.26,1.32,0.9,90,0.37,13.6,,unavailable (no satellite pass / dataset error),
49.5,Fair,Bit dodgy,2026-09-02T06:10:47Z,Wilsons Prom (West - Norman Bay),2026-09-02T03:00:00Z,2026-09-02T13:00,38.6,293,49.3,0.0,1.4,7.05,245,2.24,1.24,0.9,90,0.8,13.6,,unavailable (no satellite pass / dataset error),
48.9,Fair,Bit dodgy,2026-09-02T06:10:47Z,Wilsons Prom (West - Norman Bay),2026-09-02T04:00:00Z,2026-09-02T14:00,40.5,295,51.8,0.0,1.4,7.75,240,2.26,1.26,1.1,90,1.11,13.6,,unavailable (no satellite pass / dataset error),
48.6,Fair,Bit dodgy,2026-09-02T06:10:47Z,Wilsons Prom (West - Norman Bay),2026-09-02T05:00:00Z,2026-09-02T15:00,38.9,292,52.2,0.0,1.42,9.2,234,2.3,1.3,1.1,99,1.18,13.6,,unavailable (no satellite pass / dataset error),
48.4,Fair,Bit dodgy,2026-09-02T06:10:47Z,Wilsons Prom (West - Norman Bay),2026-09-02T06:00:00Z,2026-09-02T16:00,37.1,288,50.0,0.0,1.42,10.25,229,2.32,1.32,1.1,99,0.98,13.6,,unavailable (no satellite pass / dataset error),
62.2,Good,Great,2026-09-02T06:10:47Z,Wilsons Prom (East - Sealers Cove),2026-09-02T01:00:00Z,2026-09-02T11:00,21.6,270,56.5,0.0,0.72,9.25,232,1.7,1.16,0.3,45,-0.05,13.4,,unavailable (no satellite pass / dataset error),
63.6,Good,Great,2026-09-02T06:10:47Z,Wilsons Prom (East - Sealers Cove),2026-09-02T02:00:00Z,2026-09-02T12:00,20.2,279,51.5,0.0,0.74,8.25,232,1.66,1.08,0.3,45,0.34,13.4,,unavailable (no satellite pass / dataset error),
64.5,Good,Great,2026-09-02T06:10:47Z,Wilsons Prom (East - Sealers Cove),2026-09-02T03:00:00Z,2026-09-02T13:00,19.5,280,49.3,0.0,0.74,7.6,232,1.62,0.98,0.3,45,0.72,13.5,,unavailable (no satellite pass / dataset error),
63.6,Good,Great,2026-09-02T06:10:47Z,Wilsons Prom (East - Sealers Cove),2026-09-02T04:00:00Z,2026-09-02T14:00,20.7,277,49.7,0.0,0.78,7.7,232,1.62,1.0,0.3,45,0.99,13.5,,unavailable (no satellite pass / dataset error),
63.8,Good,Doable,2026-09-02T06:10:47Z,Wilsons Prom (East - Sealers Cove),2026-09-02T05:00:00Z,2026-09-02T15:00,20.2,272,49.7,0.0,0.84,8.1,231,1.64,1.04,0.3,45,1.08,13.6,,unavailable (no satellite pass / dataset error),
64.8,Good,Doable,2026-09-02T06:10:47Z,Wilsons Prom (East - Sealers Cove),2026-09-02T06:00:00Z,2026-09-02T16:00,18.8,263,48.2,0.0,0.88,8.45,231,1.64,1.06,0.3,45,0.94,13.6,,unavailable (no satellite pass / dataset error),
81.2,Excellent,Great,2026-09-02T06:10:47Z,Mallacoota,2026-09-02T01:00:00Z,2026-09-02T11:00,15.9,195,38.9,0.0,0.56,8.75,167,0.72,0.12,0.4,27,0.71,15.4,,unavailable (no satellite pass / dataset error),
79.1,Good,Great,2026-09-02T06:10:47Z,Mallacoota,2026-09-02T02:00:00Z,2026-09-02T12:00,18.3,186,44.3,0.0,0.54,8.6,166,0.76,0.18,0.4,0,0.67,15.4,,unavailable (no satellite pass / dataset error),
79.6,Good,Great,2026-09-02T06:10:47Z,Mallacoota,2026-09-02T03:00:00Z,2026-09-02T13:00,17.3,192,45.0,0.0,0.52,8.35,166,0.78,0.26,0.4,0,0.51,15.4,,unavailable (no satellite pass / dataset error),
81.6,Excellent,Great,2026-09-02T06:10:47Z,Mallacoota,2026-09-02T04:00:00Z,2026-09-02T14:00,14.4,189,41.0,0.0,0.52,7.9,166,0.8,0.22,0.4,0,0.29,15.4,,unavailable (no satellite pass / dataset error),
83.1,Excellent,Great,2026-09-02T06:10:47Z,Mallacoota,2026-09-02T05:00:00Z,2026-09-02T15:00,12.3,175,34.9,0.0,0.5,7.35,165,0.82,0.18,0.4,0,0.06,15.5,,unavailable (no satellite pass / dataset error),
84.5,Excellent,Great,2026-09-02T06:10:47Z,Mallacoota,2026-09-02T06:00:00Z,2026-09-02T16:00,10.1,181,29.9,0.0,0.5,7.15,165,0.84,0.14,0.4,0,-0.13,15.5,,unavailable (no satellite pass / dataset error),
92.5,Excellent,,2026-09-02T06:10:47Z,Eden,2026-09-02T01:00:00Z,2026-09-02T11:00,7.9,156,21.6,0.0,,,,,,0.0,90,0.74,17.2,,unavailable (no satellite pass / dataset error),
87.7,Excellent,,2026-09-02T06:10:47Z,Eden,2026-09-02T02:00:00Z,2026-09-02T12:00,12.4,124,31.3,0.0,,,,,,0.2,270,0.69,17.2,,unavailable (no satellite pass / dataset error),
84.0,Excellent,,2026-09-02T06:10:47Z,Eden,2026-09-02T03:00:00Z,2026-09-02T13:00,16.3,118,39.6,0.0,,,,,,0.2,270,0.52,17.3,,unavailable (no satellite pass / dataset error),
83.2,Excellent,,2026-09-02T06:10:47Z,Eden,2026-09-02T04:00:00Z,2026-09-02T14:00,16.8,139,40.3,0.0,,,,,,0.3,315,0.29,17.3,,unavailable (no satellite pass / dataset error),
87.0,Excellent,,2026-09-02T06:10:47Z,Eden,2026-09-02T05:00:00Z,2026-09-02T15:00,12.6,156,39.6,0.0,,,,,,0.4,297,0.05,17.3,,unavailable (no satellite pass / dataset error),
90.0,Excellent,,2026-09-02T06:10:47Z,Eden,2026-09-02T06:00:00Z,2026-09-02T16:00,9.5,134,30.2,0.0,,,,,,0.4,297,-0.15,17.3,,unavailable (no satellite pass / dataset error),
80.4,Excellent,Great,2026-09-02T06:10:47Z,Green Cape,2026-09-02T01:00:00Z,2026-09-02T11:00,14.9,161,34.6,0.0,0.56,7.85,166,0.9,0.08,0.4,27,0.74,17.3,,unavailable (no satellite pass / dataset error),
78.8,Good,Great,2026-09-02T06:10:47Z,Green Cape,2026-09-02T02:00:00Z,2026-09-02T12:00,17.1,155,39.2,0.0,0.54,8.25,166,0.9,0.18,0.4,27,0.69,17.3,,unavailable (no satellite pass / dataset error),
77.3,Good,Great,2026-09-02T06:10:47Z,Green Cape,2026-09-02T03:00:00Z,2026-09-02T13:00,19.1,162,44.6,0.0,0.52,8.5,165,0.9,0.26,0.4,0,0.53,17.4,,unavailable (no satellite pass / dataset error),
77.6,Good,Great,2026-09-02T06:10:47Z,Green Cape,2026-09-02T04:00:00Z,2026-09-02T14:00,17.9,175,43.2,0.0,0.52,8.65,164,0.94,0.32,0.5,0,0.29,17.4,,unavailable (no satellite pass / dataset error),
78.8,Good,Great,2026-09-02T06:10:47Z,Green Cape,2026-09-02T05:00:00Z,2026-09-02T15:00,15.7,167,41.4,0.0,0.52,8.7,163,0.98,0.36,0.6,342,0.06,17.4,,unavailable (no satellite pass / dataset error),
79.9,Good,Great,2026-09-02T06:10:47Z,Green Cape,2026-09-02T06:00:00Z,2026-09-02T16:00,13.8,160,36.7,0.0,0.52,8.55,162,1.02,0.42,0.6,342,-0.14,17.4,,unavailable (no satellite pass / dataset error),
89.2,Excellent,Great,2026-09-02T06:10:47Z,Tathra,2026-09-02T01:00:00Z,2026-09-02T11:00,5.2,166,16.9,0.0,0.42,8.15,121,0.56,0.0,1.1,189,0.74,17.5,,unavailable (no satellite pass / dataset error),
86.7,Excellent,Great,2026-09-02T06:10:47Z,Tathra,2026-09-02T02:00:00Z,2026-09-02T12:00,8.5,73,24.5,0.0,0.42,8.2,121,0.56,0.0,1.1,189,0.69,17.5,,unavailable (no satellite pass / dataset error),
80.0,Excellent,Great,2026-09-02T06:10:47Z,Tathra,2026-09-02T03:00:00Z,2026-09-02T13:00,17.9,124,37.8,0.0,0.42,8.1,121,0.56,0.0,0.9,191,0.52,17.5,,unavailable (no satellite pass / dataset error),
80.3,Excellent,Great,2026-09-02T06:10:47Z,Tathra,2026-09-02T04:00:00Z,2026-09-02T14:00,17.6,124,47.9,0.0,0.42,7.6,99,0.58,0.06,0.8,207,0.29,17.6,,unavailable (no satellite pass / dataset error),
82.3,Excellent,Great,2026-09-02T06:10:47Z,Tathra,2026-09-02T05:00:00Z,2026-09-02T15:00,15.0,130,40.0,0.0,0.4,6.95,78,0.58,0.14,0.8,207,0.04,17.6,,unavailable (no satellite pass / dataset error),
83.8,Excellent,Great,2026-09-02T06:10:47Z,Tathra,2026-09-02T06:00:00Z,2026-09-02T16:00,13.0,129,34.9,0.0,0.4,6.45,56,0.6,0.2,0.7,194,-0.15,17.6,,unavailable (no satellite pass / dataset error),
87.5,Excellent,Doable,2026-09-02T06:10:47Z,Bermagui,2026-09-02T01:00:00Z,2026-09-02T11:00,3.5,309,22.7,0.0,0.82,8.75,145,1.0,0.0,0.7,194,0.76,17.6,,unavailable (no satellite pass / dataset error),
85.9,Excellent,Doable,2026-09-02T06:10:47Z,Bermagui,2026-09-02T02:00:00Z,2026-09-02T12:00,5.9,137,18.7,0.0,0.82,8.75,145,1.0,0.02,0.6,198,0.7,17.6,,unavailable (no satellite pass / dataset error),
79.0,Good,Great,2026-09-02T06:10:47Z,Bermagui,2026-09-02T03:00:00Z,2026-09-02T13:00,15.2,124,37.1,0.0,0.8,8.75,145,0.98,0.02,0.6,198,0.53,17.7,,unavailable (no satellite pass / dataset error),
76.9,Good,Great,2026-09-02T06:10:47Z,Bermagui,2026-09-02T04:00:00Z,2026-09-02T14:00,17.9,146,41.8,0.1,0.8,8.75,146,0.98,0.06,0.6,198,0.29,17.7,,unavailable (no satellite pass / dataset error),
80.0,Excellent,Great,2026-09-02T06:10:47Z,Bermagui,2026-09-02T05:00:00Z,2026-09-02T15:00,14.0,151,42.1,0.0,0.78,8.75,146,0.98,0.08,0.5,225,0.05,17.8,,unavailable (no satellite pass / dataset error),
79.3,Good,Great,2026-09-02T06:10:47Z,Bermagui,2026-09-02T06:00:00Z,2026-09-02T16:00,15.0,153,34.9,0.0,0.78,8.75,147,0.98,0.12,0.5,225,-0.15,17.8,,unavailable (no satellite pass / dataset error),
84.6,Excellent,Great,2026-09-02T06:10:47Z,Narooma,2026-09-02T01:00:00Z,2026-09-02T11:00,7.3,25,23.8,0.0,0.64,8.75,146,0.82,0.06,1.5,166,0.77,17.3,,unavailable (no satellite pass / dataset error),
89.0,Excellent,Great,2026-09-02T06:10:47Z,Narooma,2026-09-02T02:00:00Z,2026-09-02T12:00,1.7,13,21.6,0.0,0.64,8.75,146,0.8,0.08,1.5,166,0.71,17.3,,unavailable (no satellite pass / dataset error),
84.4,Excellent,Great,2026-09-02T06:10:47Z,Narooma,2026-09-02T03:00:00Z,2026-09-02T13:00,7.8,50,22.7,0.0,0.62,8.75,146,0.8,0.1,1.5,166,0.54,17.3,,unavailable (no satellite pass / dataset error),
81.7,Excellent,Great,2026-09-02T06:10:47Z,Narooma,2026-09-02T04:00:00Z,2026-09-02T14:00,11.4,74,31.0,0.0,0.62,8.8,146,0.8,0.08,1.5,166,0.3,17.4,,unavailable (no satellite pass / dataset error),
82.4,Excellent,Great,2026-09-02T06:10:47Z,Narooma,2026-09-02T05:00:00Z,2026-09-02T15:00,10.8,101,31.7,0.0,0.62,8.9,147,0.82,0.04,1.3,164,0.05,17.4,,unavailable (no satellite pass / dataset error),
79.1,Good,Great,2026-09-02T06:10:47Z,Narooma,2026-09-02T06:00:00Z,2026-09-02T16:00,15.0,137,34.9,0.1,0.62,8.75,147,0.82,0.02,1.3,164,-0.15,17.4,,unavailable (no satellite pass / dataset error),
83.7,Excellent,Great,2026-09-02T06:10:47Z,Batemans Bay (Inside),2026-09-02T01:00:00Z,2026-09-02T11:00,8.4,332,28.1,0.0,0.7,9.05,149,0.86,0.1,1.4,203,0.78,17.4,,unavailable (no satellite pass / dataset error),
82.1,Excellent,Great,2026-09-02T06:10:47Z,Batemans Bay (Inside),2026-09-02T02:00:00Z,2026-09-02T12:00,10.5,282,29.2,0.0,0.7,9.0,148,0.86,0.16,1.4,203,0.72,17.4,,unavailable (no satellite pass / dataset error),
83.3,Excellent,Great,2026-09-02T06:10:47Z,Batemans Bay (Inside),2026-09-02T03:00:00Z,2026-09-02T13:00,8.9,230,33.8,0.0,0.7,8.95,148,0.86,0.24,1.4,203,0.55,17.5,,unavailable (no satellite pass / dataset error),
83.0,Excellent,Great,2026-09-02T06:10:47Z,Batemans Bay (Inside),2026-09-02T04:00:00Z,2026-09-02T14:00,9.9,132,28.1,0.0,0.7,8.95,148,0.88,0.24,1.1,198,0.31,17.6,,unavailable (no satellite pass / dataset error),
77.9,Good,Great,2026-09-02T06:10:47Z,Batemans Bay (Inside),2026-09-02T05:00:00Z,2026-09-02T15:00,16.7,101,39.2,0.0,0.68,9.0,149,0.88,0.22,1.1,198,0.06,17.6,,unavailable (no satellite pass / dataset error),
81.0,Excellent,Great,2026-09-02T06:10:47Z,Batemans Bay (Inside),2026-09-02T06:00:00Z,2026-09-02T16:00,12.5,108,38.2,0.0,0.68,9.0,149,0.9,0.22,1.0,202,-0.14,17.6,,unavailable (no satellite pass / dataset error),
83.2,Excellent,Great,2026-09-02T06:10:47Z,Batemans Bay (Outside),2026-09-02T01:00:00Z,2026-09-02T11:00,8.4,332,28.1,0.0,0.74,8.75,145,0.92,0.1,1.4,203,0.78,17.4,,unavailable (no satellite pass / dataset error),
81.6,Excellent,Great,2026-09-02T06:10:47Z,Batemans Bay (Outside),2026-09-02T02:00:00Z,2026-09-02T12:00,10.5,282,29.2,0.0,0.74,8.75,146,0.92,0.2,1.4,203,0.72,17.4,,unavailable (no satellite pass / dataset error),
82.8,Excellent,Great,2026-09-02T06:10:47Z,Batemans Bay (Outside),2026-09-02T03:00:00Z,2026-09-02T13:00,8.9,230,33.8,0.0,0.72,8.75,146,0.92,0.28,1.4,203,0.55,17.5,,unavailable (no satellite pass / dataset error),
82.5,Excellent,Great,2026-09-02T06:10:47Z,Batemans Bay (Outside),2026-09-02T04:00:00Z,2026-09-02T14:00,9.9,132,28.1,0.0,0.72,8.75,146,0.94,0.36,1.1,198,0.31,17.6,,unavailable (no satellite pass / dataset error),
77.2,Good,Great,2026-09-02T06:10:47Z,Batemans Bay (Outside),2026-09-02T05:00:00Z,2026-09-02T15:00,16.7,101,39.2,0.0,0.7,8.8,146,0.96,0.42,1.1,198,0.06,17.6,,unavailable (no satellite pass / dataset error),
80.4,Excellent,Great,2026-09-02T06:10:47Z,Batemans Bay (Outside),2026-09-02T06:00:00Z,2026-09-02T16:00,12.5,108,38.2,0.0,0.7,8.8,146,0.98,0.5,1.0,202,-0.14,17.6,,unavailable (no satellite pass / dataset error),
84.6,Excellent,Great,2026-09-02T06:10:47Z,Ulladulla,2026-09-02T01:00:00Z,2026-09-02T11:00,10.2,315,24.5,0.0,0.56,9.05,150,0.72,0.02,0.8,207,0.79,17.5,,unavailable (no satellite pass / dataset error),
78.8,Good,Great,2026-09-02T06:10:47Z,Ulladulla,2026-09-02T02:00:00Z,2026-09-02T12:00,17.9,280,38.2,0.0,0.56,9.05,150,0.72,0.04,0.8,207,0.73,17.6,,unavailable (no satellite pass / dataset error),
74.9,Good,Great,2026-09-02T06:10:47Z,Ulladulla,2026-09-02T03:00:00Z,2026-09-02T13:00,23.3,262,49.0,0.0,0.54,9.05,150,0.72,0.04,0.7,194,0.55,17.7,,unavailable (no satellite pass / dataset error),
76.2,Good,Great,2026-09-02T06:10:47Z,Ulladulla,2026-09-02T04:00:00Z,2026-09-02T14:00,21.6,263,55.1,0.0,0.54,9.05,150,0.72,0.04,0.7,180,0.3,17.7,,unavailable (no satellite pass / dataset error),
78.8,Good,Great,2026-09-02T06:10:47Z,Ulladulla,2026-09-02T05:00:00Z,2026-09-02T15:00,18.2,272,45.0,0.0,0.52,9.05,149,0.72,0.06,0.7,166,0.05,17.8,,unavailable (no satellite pass / dataset error),
81.0,Excellent,Great,2026-09-02T06:10:47Z,Ulladulla,2026-09-02T06:00:00Z,2026-09-02T16:00,15.2,281,37.8,0.0,0.52,9.05,149,0.72,0.06,0.7,166,-0.15,17.8,,unavailable (no satellite pass / dataset error),
83.0,Excellent,Great,2026-09-02T06:10:47Z,Jervis Bay (Inside),2026-09-02T01:00:00Z,2026-09-02T11:00,12.5,316,33.8,0.0,0.56,8.65,157,0.72,0.04,0.8,207,0.81,17.7,,unavailable (no satellite pass / dataset error),
80.8,Excellent,Great,2026-09-02T06:10:47Z,Jervis Bay (Inside),2026-09-02T02:00:00Z,2026-09-02T12:00,14.8,302,36.0,0.0,0.54,8.75,156,0.72,0.08,1.0,202,0.74,17.8,,unavailable (no satellite pass / dataset error),
76.1,Good,Great,2026-09-02T06:10:47Z,Jervis Bay (Inside),2026-09-02T03:00:00Z,2026-09-02T13:00,21.3,274,49.0,0.0,0.54,8.55,156,0.72,0.12,0.9,191,0.56,17.8,,unavailable (no satellite pass / dataset error),
74.4,Good,Great,2026-09-02T06:10:47Z,Jervis Bay (Inside),2026-09-02T04:00:00Z,2026-09-02T14:00,23.6,267,55.4,0.0,0.54,7.7,150,0.72,0.1,0.9,191,0.31,17.9,,unavailable (no satellite pass / dataset error),
77.1,Good,Great,2026-09-02T06:10:47Z,Jervis Bay (Inside),2026-09-02T05:00:00Z,2026-09-02T15:00,20.0,272,52.9,0.0,0.52,6.5,144,0.72,0.06,0.9,180,0.05,18.0,,unavailable (no satellite pass / dataset error),
79.5,Good,Great,2026-09-02T06:10:47Z,Jervis Bay (Inside),2026-09-02T06:00:00Z,2026-09-02T16:00,17.3,287,44.6,0.0,0.52,6.05,138,0.72,0.04,0.7,180,-0.15,18.0,,unavailable (no satellite pass / dataset error),
78.4,Good,Great,2026-09-02T06:10:47Z,Jervis Bay (Outside - Point Perpendicular),2026-09-02T01:00:00Z,2026-09-02T11:00,15.6,326,25.2,0.0,0.74,9.5,159,0.94,0.1,1.0,211,0.81,17.7,,unavailable (no satellite pass / dataset error),
78.2,Good,Great,2026-09-02T06:10:47Z,Jervis Bay (Outside - Point Perpendicular),2026-09-02T02:00:00Z,2026-09-02T12:00,16.0,329,19.1,0.0,0.74,9.5,158,0.92,0.14,1.0,211,0.75,17.8,,unavailable (no satellite pass / dataset error),
76.2,Good,Great,2026-09-02T06:10:47Z,Jervis Bay (Outside - Point Perpendicular),2026-09-02T03:00:00Z,2026-09-02T13:00,18.4,290,19.8,0.0,0.72,9.45,158,0.92,0.18,1.1,198,0.57,17.8,,unavailable (no satellite pass / dataset error),
67.7,Good,Great,2026-09-02T06:10:47Z,Jervis Bay (Outside - Point Perpendicular),2026-09-02T04:00:00Z,2026-09-02T14:00,30.3,263,36.0,0.0,0.72,9.1,158,0.92,0.14,0.9,191,0.32,17.9,,unavailable (no satellite pass / dataset error),
74.3,Good,Great,2026-09-02T06:10:47Z,Jervis Bay (Outside - Point Perpendicular),2026-09-02T05:00:00Z,2026-09-02T15:00,21.7,275,36.7,0.0,0.7,8.65,158,0.9,0.1,0.9,180,0.06,18.0,,unavailable (no satellite pass / dataset error),
73.2,Good,Great,2026-09-02T06:10:47Z,Jervis Bay (Outside - Point Perpendicular),2026-09-02T06:00:00Z,2026-09-02T16:00,23.7,283,27.4,0.0,0.7,8.45,158,0.9,0.06,0.7,166,-0.14,18.0,,unavailable (no satellite pass / dataset error),
82.0,Excellent,Great,2026-09-02T06:10:47Z,Shellharbour,2026-09-02T01:00:00Z,2026-09-02T11:00,13.1,295,40.0,0.0,0.54,6.5,58,0.74,0.02,0.4,180,0.82,18.0,,unavailable (no satellite pass / dataset error),
79.1,Good,Great,2026-09-02T06:10:47Z,Shellharbour,2026-09-02T02:00:00Z,2026-09-02T12:00,17.7,274,40.0,0.0,0.52,6.0,58,0.72,0.02,0.2,180,0.75,18.1,,unavailable (no satellite pass / dataset error),
78.2,Good,Great,2026-09-02T06:10:47Z,Shellharbour,2026-09-02T03:00:00Z,2026-09-02T13:00,18.9,272,42.5,0.0,0.52,5.6,58,0.72,0.0,0.2,180,0.57,18.2,,unavailable (no satellite pass / dataset error),
77.3,Good,Great,2026-09-02T06:10:47Z,Shellharbour,2026-09-02T04:00:00Z,2026-09-02T14:00,20.0,269,44.3,0.0,0.52,5.45,58,0.72,0.02,0.2,180,0.32,18.3,,unavailable (no satellite pass / dataset error),
78.2,Good,Great,2026-09-02T06:10:47Z,Shellharbour,2026-09-02T05:00:00Z,2026-09-02T15:00,18.8,279,44.3,0.0,0.52,5.45,59,0.7,0.02,0.3,135,0.06,18.3,,unavailable (no satellite pass / dataset error),
83.3,Excellent,Great,2026-09-02T06:10:47Z,Shellharbour,2026-09-02T06:00:00Z,2026-09-02T16:00,12.0,294,42.1,0.0,0.52,5.6,59,0.7,0.04,0.3,135,-0.14,18.4,,unavailable (no satellite pass / dataset error),
76.6,Good,Great,2026-09-02T06:10:47Z,Terrigal,2026-09-02T01:00:00Z,2026-09-02T11:00,20.3,320,45.4,0.0,0.64,9.7,159,0.86,0.24,0.3,135,0.83,18.2,,unavailable (no satellite pass / dataset error),
76.2,Good,Great,2026-09-02T06:10:47Z,Terrigal,2026-09-02T02:00:00Z,2026-09-02T12:00,21.0,306,52.2,0.0,0.64,9.65,159,0.84,0.24,0.3,135,0.75,18.2,,unavailable (no satellite pass / dataset error),
75.0,Good,Great,2026-09-02T06:10:47Z,Terrigal,2026-09-02T03:00:00Z,2026-09-02T13:00,23.1,284,52.6,0.0,0.62,9.6,159,0.82,0.22,0.2,90,0.56,18.3,,unavailable (no satellite pass / dataset error),
78.3,Good,Great,2026-09-02T06:10:47Z,Terrigal,2026-09-02T04:00:00Z,2026-09-02T14:00,18.9,283,50.8,0.0,0.6,9.55,159,0.8,0.18,0.2,90,0.3,18.3,,unavailable (no satellite pass / dataset error),
79.9,Good,Great,2026-09-02T06:10:47Z,Terrigal,2026-09-02T05:00:00Z,2026-09-02T15:00,17.0,283,42.5,0.0,0.6,9.55,158,0.78,0.12,0.2,90,0.04,18.4,,unavailable (no satellite pass / dataset error),
82.7,Excellent,Great,2026-09-02T06:10:47Z,Terrigal,2026-09-02T06:00:00Z,2026-09-02T16:00,13.6,278,38.9,0.0,0.58,9.5,158,0.76,0.08,0.2,90,-0.16,18.4,,unavailable (no satellite pass / dataset error),
82.1,Excellent,Doable,2026-09-02T06:10:47Z,Fingal Bay,2026-09-02T01:00:00Z,2026-09-02T11:00,9.8,319,22.3,0.0,1.02,9.85,162,1.12,0.1,0.4,243,0.83,19.2,,unavailable (no satellite pass / dataset error),
81.4,Excellent,Doable,2026-09-02T06:10:47Z,Fingal Bay,2026-09-02T02:00:00Z,2026-09-02T12:00,11.1,338,25.6,0.0,1.02,9.8,162,1.12,0.14,0.4,243,0.76,19.3,,unavailable (no satellite pass / dataset error),
78.3,Good,Doable,2026-09-02T06:10:47Z,Fingal Bay,2026-09-02T03:00:00Z,2026-09-02T13:00,14.9,323,44.3,0.0,1.0,9.75,162,1.1,0.16,0.6,252,0.56,19.3,,unavailable (no satellite pass / dataset error),
73.7,Good,Doable,2026-09-02T06:10:47Z,Fingal Bay,2026-09-02T04:00:00Z,2026-09-02T14:00,21.3,288,46.4,0.0,0.98,9.7,162,1.08,0.22,0.6,236,0.29,19.4,,unavailable (no satellite pass / dataset error),
74.7,Good,Doable,2026-09-02T06:10:47Z,Fingal Bay,2026-09-02T05:00:00Z,2026-09-02T15:00,20.2,294,53.3,0.0,0.96,9.7,162,1.08,0.26,0.5,225,0.03,19.5,,unavailable (no satellite pass / dataset error),
79.7,Good,Doable,2026-09-02T06:10:47Z,Fingal Bay,2026-09-02T06:00:00Z,2026-09-02T16:00,13.8,305,44.3,0.0,0.94,9.65,162,1.06,0.32,0.5,225,-0.16,19.5,,unavailable (no satellite pass / dataset error),
88.4,Excellent,Great,2026-09-02T06:10:47Z,Broughton Island,2026-09-02T01:00:00Z,2026-09-02T11:00,4.2,36,14.0,0.0,0.78,10.1,162,0.88,0.02,0.5,225,0.83,18.9,,unavailable (no satellite pass / dataset error),
84.5,Excellent,Great,2026-09-02T06:10:47Z,Broughton Island,2026-09-02T02:00:00Z,2026-09-02T12:00,9.4,54,20.5,0.0,0.78,10.05,161,0.88,0.02,0.5,225,0.75,18.9,,unavailable (no satellite pass / dataset error),
82.3,Excellent,Great,2026-09-02T06:10:47Z,Broughton Island,2026-09-02T03:00:00Z,2026-09-02T13:00,12.3,34,30.6,0.0,0.76,10.0,161,0.86,0.04,0.6,214,0.55,19.0,,unavailable (no satellite pass / dataset error),
82.4,Excellent,Great,2026-09-02T06:10:47Z,Broughton Island,2026-09-02T04:00:00Z,2026-09-02T14:00,12.4,326,31.3,0.0,0.74,9.95,161,0.84,0.08,0.6,214,0.29,19.1,,unavailable (no satellite pass / dataset error),
74.2,Good,Great,2026-09-02T06:10:47Z,Broughton Island,2026-09-02T05:00:00Z,2026-09-02T15:00,23.3,285,50.8,0.0,0.74,9.95,161,0.84,0.14,0.6,214,0.03,19.1,,unavailable (no satellite pass / dataset error),
78.2,Good,Great,2026-09-02T06:10:47Z,Broughton Island,2026-09-02T06:00:00Z,2026-09-02T16:00,18.2,296,50.4,0.0,0.72,9.95,161,0.82,0.18,0.6,198,-0.17,19.1,,unavailable (no satellite pass / dataset error),
86.3,Excellent,Doable,2026-09-02T06:10:47Z,Seal Rocks,2026-09-02T01:00:00Z,2026-09-02T11:00,2.7,8,18.7,0.0,1.1,9.9,167,1.24,0.16,0.6,198,0.83,19.1,,unavailable (no satellite pass / dataset error),
83.3,Excellent,Doable,2026-09-02T06:10:47Z,Seal Rocks,2026-09-02T02:00:00Z,2026-09-02T12:00,6.5,358,14.4,0.0,1.08,9.85,167,1.24,0.2,0.7,194,0.75,19.2,,unavailable (no satellite pass / dataset error),
79.5,Good,Doable,2026-09-02T06:10:47Z,Seal Rocks,2026-09-02T03:00:00Z,2026-09-02T13:00,11.3,353,29.9,0.0,1.06,9.8,167,1.22,0.26,0.9,191,0.55,19.2,,unavailable (no satellite pass / dataset error),
78.1,Good,Doable,2026-09-02T06:10:47Z,Seal Rocks,2026-09-02T04:00:00Z,2026-09-02T14:00,13.3,359,31.0,0.0,1.06,9.75,167,1.2,0.22,0.9,191,0.28,19.3,,unavailable (no satellite pass / dataset error),
79.4,Good,Doable,2026-09-02T06:10:47Z,Seal Rocks,2026-09-02T05:00:00Z,2026-09-02T15:00,11.6,18,28.4,0.0,1.04,9.75,167,1.2,0.18,0.9,180,0.02,19.3,,unavailable (no satellite pass / dataset error),
80.2,Excellent,Doable,2026-09-02T06:10:47Z,Seal Rocks,2026-09-02T06:00:00Z,2026-09-02T16:00,10.7,22,24.5,0.0,1.04,9.7,167,1.18,0.14,0.9,180,-0.17,19.3,,unavailable (no satellite pass / dataset error),
80.4,Excellent,Great,2026-09-02T06:10:47Z,Forster,2026-09-02T01:00:00Z,2026-09-02T11:00,16.1,286,38.2,0.0,0.6,9.2,150,0.8,0.12,0.4,207,0.85,19.5,,unavailable (no satellite pass / dataset error),
82.5,Excellent,Great,2026-09-02T06:10:47Z,Forster,2026-09-02T02:00:00Z,2026-09-02T12:00,13.5,279,38.5,0.0,0.6,9.35,151,0.78,0.14,0.4,207,0.77,19.5,,unavailable (no satellite pass / dataset error),
86.2,Excellent,Great,2026-09-02T06:10:47Z,Forster,2026-09-02T03:00:00Z,2026-09-02T13:00,8.0,312,31.3,0.0,0.58,9.5,151,0.78,0.18,0.6,198,0.56,19.5,,unavailable (no satellite pass / dataset error),
83.5,Excellent,Great,2026-09-02T06:10:47Z,Forster,2026-09-02T04:00:00Z,2026-09-02T14:00,11.9,331,29.2,0.0,0.58,9.6,151,0.78,0.16,0.5,180,0.29,19.6,,unavailable (no satellite pass / dataset error),
87.2,Excellent,Great,2026-09-02T06:10:47Z,Forster,2026-09-02T05:00:00Z,2026-09-02T15:00,7.0,1,29.5,0.0,0.56,9.65,151,0.78,0.14,0.5,180,0.02,19.6,,unavailable (no satellite pass / dataset error),
87.6,Excellent,Great,2026-09-02T06:10:47Z,Forster,2026-09-02T06:00:00Z,2026-09-02T16:00,6.5,23,16.2,0.0,0.56,9.6,151,0.78,0.12,0.5,180,-0.17,19.6,,unavailable (no satellite pass / dataset error),
82.1,Excellent,Doable,2026-09-02T06:10:47Z,South West Rocks,2026-09-02T01:00:00Z,2026-09-02T11:00,7.0,21,20.5,0.0,1.0,9.2,159,1.2,0.04,1.3,188,0.86,20.5,,unavailable (no satellite pass / dataset error),
81.1,Excellent,Doable,2026-09-02T06:10:47Z,South West Rocks,2026-09-02T02:00:00Z,2026-09-02T12:00,8.0,34,23.0,0.0,0.98,9.15,159,1.18,0.1,1.5,187,0.78,20.5,,unavailable (no satellite pass / dataset error),
80.7,Excellent,Doable,2026-09-02T06:10:47Z,South West Rocks,2026-09-02T03:00:00Z,2026-09-02T13:00,8.2,40,23.8,0.0,0.96,9.1,159,1.16,0.14,1.7,193,0.57,20.5,,unavailable (no satellite pass / dataset error),
78.8,Good,Doable,2026-09-02T06:10:47Z,South West Rocks,2026-09-02T04:00:00Z,2026-09-02T14:00,10.6,42,25.2,0.1,0.96,9.1,159,1.16,0.22,1.7,193,0.3,20.6,,unavailable (no satellite pass / dataset error),
77.5,Good,Doable,2026-09-02T06:10:47Z,South West Rocks,2026-09-02T05:00:00Z,2026-09-02T15:00,12.3,30,29.2,0.2,0.94,9.15,158,1.16,0.28,1.6,186,0.04,20.6,,unavailable (no satellite pass / dataset error),
78.1,Good,Doable,2026-09-02T06:10:47Z,South West Rocks,2026-09-02T06:00:00Z,2026-09-02T16:00,11.5,40,28.8,0.0,0.94,9.2,158,1.16,0.36,1.6,186,-0.14,20.6,,unavailable (no satellite pass / dataset error),
